days_since_cycle_low,index_value,Cycle
0,1,Market Cycle 1
1,1.166666667,Market Cycle 1
2,1.166666667,Market Cycle 1
3,1.166666667,Market Cycle 1
4,1.166666667,Market Cycle 1
5,1.166666667,Market Cycle 1
6,1,Market Cycle 1
7,1.166666667,Market Cycle 1
8,1.166666667,Market Cycle 1
9,1.166666667,Market Cycle 1
10,1.166666667,Market Cycle 1
11,1,Market Cycle 1
12,1,Market Cycle 1
13,1,Market Cycle 1
14,1,Market Cycle 1
15,1,Market Cycle 1
16,1,Market Cycle 1
17,1,Market Cycle 1
18,1,Market Cycle 1
19,1,Market Cycle 1
20,1,Market Cycle 1
21,1,Market Cycle 1
22,1,Market Cycle 1
23,1,Market Cycle 1
24,1,Market Cycle 1
25,1,Market Cycle 1
26,1,Market Cycle 1
27,1,Market Cycle 1
28,1,Market Cycle 1
29,1,Market Cycle 1
30,1,Market Cycle 1
31,1,Market Cycle 1
32,1,Market Cycle 1
33,1,Market Cycle 1
34,1,Market Cycle 1
35,1,Market Cycle 1
36,1,Market Cycle 1
37,1,Market Cycle 1
38,1,Market Cycle 1
39,1,Market Cycle 1
40,1,Market Cycle 1
41,1,Market Cycle 1
42,1,Market Cycle 1
43,1,Market Cycle 1
44,1,Market Cycle 1
45,1,Market Cycle 1
46,1,Market Cycle 1
47,1,Market Cycle 1
48,1,Market Cycle 1
49,1,Market Cycle 1
50,1,Market Cycle 1
51,1,Market Cycle 1
52,1,Market Cycle 1
53,1.333333333,Market Cycle 1
54,1.5,Market Cycle 1
55,1.666666667,Market Cycle 1
56,1.666666667,Market Cycle 1
57,1.5,Market Cycle 1
58,1.666666667,Market Cycle 1
59,1.666666667,Market Cycle 1
60,1.666666667,Market Cycle 1
61,1.666666667,Market Cycle 1
62,1.666666667,Market Cycle 1
63,1.666666667,Market Cycle 1
64,1.666666667,Market Cycle 1
65,1.666666667,Market Cycle 1
66,1.666666667,Market Cycle 1
67,1.833333333,Market Cycle 1
68,1.833333333,Market Cycle 1
69,1.833333333,Market Cycle 1
70,2.5,Market Cycle 1
71,2.666666667,Market Cycle 1
72,3,Market Cycle 1
73,3.166666667,Market Cycle 1
74,3.166666667,Market Cycle 1
75,3.166666667,Market Cycle 1
76,3.166666667,Market Cycle 1
77,3.166666667,Market Cycle 1
78,3.166666667,Market Cycle 1
79,3.166666667,Market Cycle 1
80,3.5,Market Cycle 1
81,4,Market Cycle 1
82,4.833333333,Market Cycle 1
83,6,Market Cycle 1
84,5.333333333,Market Cycle 1
85,4.5,Market Cycle 1
86,3.333333333,Market Cycle 1
87,3.666666667,Market Cycle 1
88,4.333333333,Market Cycle 1
89,4.833333333,Market Cycle 1
90,4.666666667,Market Cycle 1
91,4.5,Market Cycle 1
92,4.166666667,Market Cycle 1
93,4.333333333,Market Cycle 1
94,4.5,Market Cycle 1
95,4.5,Market Cycle 1
96,4.666666667,Market Cycle 1
97,4.666666667,Market Cycle 1
98,4.666666667,Market Cycle 1
99,4.666666667,Market Cycle 1
100,4.666666667,Market Cycle 1
101,4.666666667,Market Cycle 1
102,4.666666667,Market Cycle 1
103,4.666666667,Market Cycle 1
104,4.666666667,Market Cycle 1
105,4.166666667,Market Cycle 1
106,3.5,Market Cycle 1
107,3.5,Market Cycle 1
108,4,Market Cycle 1
109,4.166666667,Market Cycle 1
110,3.833333333,Market Cycle 1
111,3.5,Market Cycle 1
112,3.333333333,Market Cycle 1
113,3.666666667,Market Cycle 1
114,3.833333333,Market Cycle 1
115,3.5,Market Cycle 1
116,3.166666667,Market Cycle 1
117,3.666666667,Market Cycle 1
118,3.5,Market Cycle 1
119,3.666666667,Market Cycle 1
120,3.833333333,Market Cycle 1
121,4,Market Cycle 1
122,4.166666667,Market Cycle 1
123,4.166666667,Market Cycle 1
124,4.166666667,Market Cycle 1
125,4,Market Cycle 1
126,4.333333333,Market Cycle 1
127,4.166666667,Market Cycle 1
128,4.166666667,Market Cycle 1
129,4.166666667,Market Cycle 1
130,4.166666667,Market Cycle 1
131,4.166666667,Market Cycle 1
132,4.166666667,Market Cycle 1
133,4.333333333,Market Cycle 1
134,4.5,Market Cycle 1
135,4.833333333,Market Cycle 1
136,5,Market Cycle 1
137,4.833333333,Market Cycle 1
138,5,Market Cycle 1
139,5,Market Cycle 1
140,5,Market Cycle 1
141,4.833333333,Market Cycle 1
142,5,Market Cycle 1
143,5,Market Cycle 1
144,5.166666667,Market Cycle 1
145,5.166666667,Market Cycle 1
146,5.333333333,Market Cycle 1
147,5.333333333,Market Cycle 1
148,5.333333333,Market Cycle 1
149,5.666666667,Market Cycle 1
150,6,Market Cycle 1
151,6.5,Market Cycle 1
152,6.5,Market Cycle 1
153,6.5,Market Cycle 1
154,5.833333333,Market Cycle 1
155,5.333333333,Market Cycle 1
156,5.166666667,Market Cycle 1
157,5.833333333,Market Cycle 1
158,6.666666667,Market Cycle 1
159,7.166666667,Market Cycle 1
160,7.333333333,Market Cycle 1
161,6.833333333,Market Cycle 1
162,7,Market Cycle 1
163,6.833333333,Market Cycle 1
164,7.333333333,Market Cycle 1
165,7.166666667,Market Cycle 1
166,7.333333333,Market Cycle 1
167,7.666666667,Market Cycle 1
168,8.5,Market Cycle 1
169,12.33333333,Market Cycle 1
170,12.16666667,Market Cycle 1
171,11.83333333,Market Cycle 1
172,13.33333333,Market Cycle 1
173,14.33333333,Market Cycle 1
174,14.5,Market Cycle 1
175,14.33333333,Market Cycle 1
176,15,Market Cycle 1
177,16,Market Cycle 1
178,16,Market Cycle 1
179,16.5,Market Cycle 1
180,17.66666667,Market Cycle 1
181,17.5,Market Cycle 1
182,17.66666667,Market Cycle 1
183,17.5,Market Cycle 1
184,17.33333333,Market Cycle 1
185,17.33333333,Market Cycle 1
186,14.83333333,Market Cycle 1
187,15.16666667,Market Cycle 1
188,14.16666667,Market Cycle 1
189,14,Market Cycle 1
190,14.66666667,Market Cycle 1
191,15,Market Cycle 1
192,15.83333333,Market Cycle 1
193,16,Market Cycle 1
194,15.66666667,Market Cycle 1
195,15.5,Market Cycle 1
196,14.66666667,Market Cycle 1
197,15.83333333,Market Cycle 1
198,15.33333333,Market Cycle 1
199,15.33333333,Market Cycle 1
200,15.16666667,Market Cycle 1
201,14.66666667,Market Cycle 1
202,14.16666667,Market Cycle 1
203,14.83333333,Market Cycle 1
204,14.5,Market Cycle 1
205,14.16666667,Market Cycle 1
206,14.83333333,Market Cycle 1
207,14.83333333,Market Cycle 1
208,15,Market Cycle 1
209,15,Market Cycle 1
210,14.83333333,Market Cycle 1
211,14.66666667,Market Cycle 1
212,14.16666667,Market Cycle 1
213,14,Market Cycle 1
214,12.83333333,Market Cycle 1
215,12.66666667,Market Cycle 1
216,12.83333333,Market Cycle 1
217,12.5,Market Cycle 1
218,13,Market Cycle 1
219,13.83333333,Market Cycle 1
220,14.66666667,Market Cycle 1
221,14.66666667,Market Cycle 1
222,14.5,Market Cycle 1
223,13.83333333,Market Cycle 1
224,13.5,Market Cycle 1
225,13.16666667,Market Cycle 1
226,13.16666667,Market Cycle 1
227,13.16666667,Market Cycle 1
228,13,Market Cycle 1
229,13.16666667,Market Cycle 1
230,13,Market Cycle 1
231,11.5,Market Cycle 1
232,11.16666667,Market Cycle 1
233,12,Market Cycle 1
234,12.5,Market Cycle 1
235,12.66666667,Market Cycle 1
236,12.33333333,Market Cycle 1
237,12.33333333,Market Cycle 1
238,12.83333333,Market Cycle 1
239,14.16666667,Market Cycle 1
240,15.5,Market Cycle 1
241,15.83333333,Market Cycle 1
242,16.66666667,Market Cycle 1
243,17.33333333,Market Cycle 1
244,18,Market Cycle 1
245,19.16666667,Market Cycle 1
246,19.66666667,Market Cycle 1
247,19.33333333,Market Cycle 1
248,19.66666667,Market Cycle 1
249,21.5,Market Cycle 1
250,25.83333333,Market Cycle 1
251,27.83333333,Market Cycle 1
252,26.33333333,Market Cycle 1
253,27.83333333,Market Cycle 1
254,31.5,Market Cycle 1
255,33.83333333,Market Cycle 1
256,43.16666667,Market Cycle 1
257,54.83333333,Market Cycle 1
258,52.33333333,Market Cycle 1
259,54,Market Cycle 1
260,55.33333333,Market Cycle 1
261,57.33333333,Market Cycle 1
262,56.83333333,Market Cycle 1
263,58,Market Cycle 1
264,60.16666667,Market Cycle 1
265,62.83333333,Market Cycle 1
266,63.33333333,Market Cycle 1
267,79,Market Cycle 1
268,89.16666667,Market Cycle 1
269,97.16666667,Market Cycle 1
270,124.6666667,Market Cycle 1
271,131,Market Cycle 1
272,112.3333333,Market Cycle 1
273,129.5,Market Cycle 1
274,125.3333333,Market Cycle 1
275,119,Market Cycle 1
276,116,Market Cycle 1
277,104.6666667,Market Cycle 1
278,99.5,Market Cycle 1
279,107.8333333,Market Cycle 1
280,118.3333333,Market Cycle 1
281,120.5,Market Cycle 1
282,133,Market Cycle 1
283,142.5,Market Cycle 1
284,144.5,Market Cycle 1
285,140.8333333,Market Cycle 1
286,138.3333333,Market Cycle 1
287,145.3333333,Market Cycle 1
288,148,Market Cycle 1
289,153.5,Market Cycle 1
290,168.5,Market Cycle 1
291,218,Market Cycle 1
292,273.5,Market Cycle 1
293,288.6666667,Market Cycle 1
294,307.6666667,Market Cycle 1
295,331.6666667,Market Cycle 1
296,454.1666667,Market Cycle 1
297,493,Market Cycle 1
298,411.1666667,Market Cycle 1
299,293.5,Market Cycle 1
300,270.1666667,Market Cycle 1
301,335.1666667,Market Cycle 1
302,320.8333333,Market Cycle 1
303,328,Market Cycle 1
304,314.3333333,Market Cycle 1
305,258.5,Market Cycle 1
306,267.3333333,Market Cycle 1
307,296.1666667,Market Cycle 1
308,291.8333333,Market Cycle 1
309,291.8333333,Market Cycle 1
310,291.8333333,Market Cycle 1
311,291.8333333,Market Cycle 1
312,291.8333333,Market Cycle 1
313,291.8333333,Market Cycle 1
314,259.8333333,Market Cycle 1
315,283.5,Market Cycle 1
316,282.1666667,Market Cycle 1
317,281.3333333,Market Cycle 1
318,275.1666667,Market Cycle 1
319,265,Market Cycle 1
320,258.8333333,Market Cycle 1
321,258,Market Cycle 1
322,241.3333333,Market Cycle 1
323,213.3333333,Market Cycle 1
324,246.6666667,Market Cycle 1
325,252.6666667,Market Cycle 1
326,239.1666667,Market Cycle 1
327,239.8333333,Market Cycle 1
328,251.3333333,Market Cycle 1
329,239.5,Market Cycle 1
330,235.8333333,Market Cycle 1
331,233.8333333,Market Cycle 1
332,232.1666667,Market Cycle 1
333,231.6666667,Market Cycle 1
334,227,Market Cycle 1
335,222.3333333,Market Cycle 1
336,217.1666667,Market Cycle 1
337,234,Market Cycle 1
338,228.1666667,Market Cycle 1
339,227.6666667,Market Cycle 1
340,227.5,Market Cycle 1
341,227.3333333,Market Cycle 1
342,231,Market Cycle 1
343,236.6666667,Market Cycle 1
344,231.8333333,Market Cycle 1
345,232.6666667,Market Cycle 1
346,226.8333333,Market Cycle 1
347,225.1666667,Market Cycle 1
348,225.5,Market Cycle 1
349,225.3333333,Market Cycle 1
350,219.5,Market Cycle 1
351,206.5,Market Cycle 1
352,174.1666667,Market Cycle 1
353,176.3333333,Market Cycle 1
354,171.1666667,Market Cycle 1
355,130.3333333,Market Cycle 1
356,128.6666667,Market Cycle 1
357,129,Market Cycle 1
358,162,Market Cycle 1
359,166.6666667,Market Cycle 1
360,157.8333333,Market Cycle 1
361,155.3333333,Market Cycle 1
362,163.3333333,Market Cycle 1
363,176.8333333,Market Cycle 1
364,188.3333333,Market Cycle 1
365,184.1666667,Market Cycle 1
366,181.3333333,Market Cycle 1
367,181.6666667,Market Cycle 1
368,190,Market Cycle 1
369,191.5,Market Cycle 1
370,189.6666667,Market Cycle 1
371,183.8333333,Market Cycle 1
372,183.8333333,Market Cycle 1
373,182.3333333,Market Cycle 1
374,166.8333333,Market Cycle 1
375,144.1666667,Market Cycle 1
376,143.8333333,Market Cycle 1
377,149.5,Market Cycle 1
378,148.8333333,Market Cycle 1
379,146.3333333,Market Cycle 1
380,139.1666667,Market Cycle 1
381,137,Market Cycle 1
382,140.6666667,Market Cycle 1
383,142.1666667,Market Cycle 1
384,136.1666667,Market Cycle 1
385,127,Market Cycle 1
386,112.1666667,Market Cycle 1
387,117.1666667,Market Cycle 1
388,113.3333333,Market Cycle 1
389,88.5,Market Cycle 1
390,83.83333333,Market Cycle 1
391,101,Market Cycle 1
392,100.6666667,Market Cycle 1
393,96.5,Market Cycle 1
394,92.5,Market Cycle 1
395,82.83333333,Market Cycle 1
396,80.16666667,Market Cycle 1
397,79.5,Market Cycle 1
398,85.16666667,Market Cycle 1
399,87.66666667,Market Cycle 1
400,101.6666667,Market Cycle 1
401,93.66666667,Market Cycle 1
402,91.5,Market Cycle 1
403,93.16666667,Market Cycle 1
404,90.16666667,Market Cycle 1
405,88.66666667,Market Cycle 1
406,82.5,Market Cycle 1
407,80.66666667,Market Cycle 1
408,79,Market Cycle 1
409,78.33333333,Market Cycle 1
410,83.5,Market Cycle 1
411,84.16666667,Market Cycle 1
412,83,Market Cycle 1
413,82.33333333,Market Cycle 1
414,81.66666667,Market Cycle 1
415,81,Market Cycle 1
416,78,Market Cycle 1
417,71.5,Market Cycle 1
418,67.16666667,Market Cycle 1
419,69.83333333,Market Cycle 1
420,68.33333333,Market Cycle 1
421,65.83333333,Market Cycle 1
422,67.83333333,Market Cycle 1
423,68,Market Cycle 1
424,66.66666667,Market Cycle 1
425,64.83333333,Market Cycle 1
426,60.66666667,Market Cycle 1
427,47.5,Market Cycle 1
428,43.66666667,Market Cycle 1
429,38,Market Cycle 1
430,38.5,Market Cycle 1
431,42.33333333,Market Cycle 1
432,50.16666667,Market Cycle 1
433,51.33333333,Market Cycle 1
434,46.83333333,Market Cycle 1
435,45.66666667,Market Cycle 1
436,45.83333333,Market Cycle 1
437,48.66666667,Market Cycle 1
438,51.83333333,Market Cycle 1
439,59,Market Cycle 1
440,56.33333333,Market Cycle 1
441,53.16666667,Market Cycle 1
442,53.16666667,Market Cycle 1
443,53.83333333,Market Cycle 1
444,53.5,Market Cycle 1
445,52.16666667,Market Cycle 1
446,50.16666667,Market Cycle 1
447,49.33333333,Market Cycle 1
448,50,Market Cycle 1
449,51.5,Market Cycle 1
450,50,Market Cycle 1
451,47.83333333,Market Cycle 1
452,49.5,Market Cycle 1
453,51,Market Cycle 1
454,50,Market Cycle 1
455,41.83333333,Market Cycle 1
456,38.33333333,Market Cycle 1
457,41,Market Cycle 1
458,37.16666667,Market Cycle 1
0,1,Market Cycle 2
1,1.014018692,Market Cycle 2
2,1.065420561,Market Cycle 2
3,1.042056075,Market Cycle 2
4,1.079439252,Market Cycle 2
5,1.08411215,Market Cycle 2
6,1.130841121,Market Cycle 2
7,1.154205607,Market Cycle 2
8,1.158878505,Market Cycle 2
9,1.14953271,Market Cycle 2
10,1.172897196,Market Cycle 2
11,1.303738318,Market Cycle 2
12,1.359813084,Market Cycle 2
13,1.425233645,Market Cycle 2
14,1.448598131,Market Cycle 2
15,1.369158879,Market Cycle 2
16,1.285046729,Market Cycle 2
17,1.341121495,Market Cycle 2
18,1.392523364,Market Cycle 2
19,1.401869159,Market Cycle 2
20,1.378504673,Market Cycle 2
21,1.397196262,Market Cycle 2
22,1.420560748,Market Cycle 2
23,1.495327103,Market Cycle 2
24,1.485981308,Market Cycle 2
25,1.5,Market Cycle 2
26,1.457943925,Market Cycle 2
27,1.481308411,Market Cycle 2
28,1.485981308,Market Cycle 2
29,1.490654206,Market Cycle 2
30,1.495327103,Market Cycle 2
31,1.593457944,Market Cycle 2
32,1.855140187,Market Cycle 2
33,1.836448598,Market Cycle 2
34,1.771028037,Market Cycle 2
35,1.822429907,Market Cycle 2
36,1.831775701,Market Cycle 2
37,1.934579439,Market Cycle 2
38,1.887850467,Market Cycle 2
39,1.878504673,Market Cycle 2
40,1.934579439,Market Cycle 2
41,1.971962617,Market Cycle 2
42,1.957943925,Market Cycle 2
43,2.140186916,Market Cycle 2
44,2.336448598,Market Cycle 2
45,2.336448598,Market Cycle 2
46,2.471962617,Market Cycle 2
47,2.602803738,Market Cycle 2
48,3.107476636,Market Cycle 2
49,2.803738318,Market Cycle 2
50,3.177570093,Market Cycle 2
51,3.271028037,Market Cycle 2
52,2.943925234,Market Cycle 2
53,3.336448598,Market Cycle 2
54,3.271028037,Market Cycle 2
55,3.042056075,Market Cycle 2
56,3.140186916,Market Cycle 2
57,2.943925234,Market Cycle 2
58,3.341121495,Market Cycle 2
59,3.317757009,Market Cycle 2
60,2.803738318,Market Cycle 2
61,3.317757009,Market Cycle 2
62,2.906542056,Market Cycle 2
63,3.247663551,Market Cycle 2
64,3.163551402,Market Cycle 2
65,3.172897196,Market Cycle 2
66,3.046728972,Market Cycle 2
67,3.060747664,Market Cycle 2
68,2.948598131,Market Cycle 2
69,2.570093458,Market Cycle 2
70,2.747663551,Market Cycle 2
71,2.294392523,Market Cycle 2
72,2.570093458,Market Cycle 2
73,2.607476636,Market Cycle 2
74,2.476635514,Market Cycle 2
75,2.747663551,Market Cycle 2
76,2.934579439,Market Cycle 2
77,2.943925234,Market Cycle 2
78,2.775700935,Market Cycle 2
79,2.61682243,Market Cycle 2
80,2.61682243,Market Cycle 2
81,2.658878505,Market Cycle 2
82,2.742990654,Market Cycle 2
83,2.752336449,Market Cycle 2
84,2.747663551,Market Cycle 2
85,2.570093458,Market Cycle 2
86,2.64953271,Market Cycle 2
87,2.705607477,Market Cycle 2
88,2.285046729,Market Cycle 2
89,2.191588785,Market Cycle 2
90,2.107476636,Market Cycle 2
91,2.182242991,Market Cycle 2
92,1.976635514,Market Cycle 2
93,2.046728972,Market Cycle 2
94,2.074766355,Market Cycle 2
95,2.140186916,Market Cycle 2
96,2.107476636,Market Cycle 2
97,2.429906542,Market Cycle 2
98,2.313084112,Market Cycle 2
99,2.336448598,Market Cycle 2
100,2.327102804,Market Cycle 2
101,2.355140187,Market Cycle 2
102,2.280373832,Market Cycle 2
103,2.331775701,Market Cycle 2
104,2.336448598,Market Cycle 2
105,2.238317757,Market Cycle 2
106,2.172897196,Market Cycle 2
107,2.247663551,Market Cycle 2
108,2.355140187,Market Cycle 2
109,2.327102804,Market Cycle 2
110,2.303738318,Market Cycle 2
111,2.341121495,Market Cycle 2
112,2.303738318,Market Cycle 2
113,2.308411215,Market Cycle 2
114,2.336448598,Market Cycle 2
115,2.331775701,Market Cycle 2
116,2.476635514,Market Cycle 2
117,2.462616822,Market Cycle 2
118,2.518691589,Market Cycle 2
119,2.457943925,Market Cycle 2
120,2.53271028,Market Cycle 2
121,2.453271028,Market Cycle 2
122,2.271028037,Market Cycle 2
123,2.238317757,Market Cycle 2
124,2.317757009,Market Cycle 2
125,2.294392523,Market Cycle 2
126,2.23364486,Market Cycle 2
127,2.257009346,Market Cycle 2
128,2.121495327,Market Cycle 2
129,2.210280374,Market Cycle 2
130,2.252336449,Market Cycle 2
131,2.252336449,Market Cycle 2
132,2.261682243,Market Cycle 2
133,2.280373832,Market Cycle 2
134,2.289719626,Market Cycle 2
135,2.285046729,Market Cycle 2
136,2.355140187,Market Cycle 2
137,2.331775701,Market Cycle 2
138,2.341121495,Market Cycle 2
139,2.336448598,Market Cycle 2
140,2.331775701,Market Cycle 2
141,2.200934579,Market Cycle 2
142,2.224299065,Market Cycle 2
143,2.219626168,Market Cycle 2
144,2.242990654,Market Cycle 2
145,2.299065421,Market Cycle 2
146,2.303738318,Market Cycle 2
147,2.303738318,Market Cycle 2
148,2.317757009,Market Cycle 2
149,2.327102804,Market Cycle 2
150,2.327102804,Market Cycle 2
151,2.327102804,Market Cycle 2
152,2.411214953,Market Cycle 2
153,2.397196262,Market Cycle 2
154,2.514018692,Market Cycle 2
155,2.448598131,Market Cycle 2
156,2.41588785,Market Cycle 2
157,2.406542056,Market Cycle 2
158,2.38317757,Market Cycle 2
159,2.401869159,Market Cycle 2
160,2.327102804,Market Cycle 2
161,2.355140187,Market Cycle 2
162,2.280373832,Market Cycle 2
163,2.294392523,Market Cycle 2
164,2.336448598,Market Cycle 2
165,2.322429907,Market Cycle 2
166,2.364485981,Market Cycle 2
167,2.38317757,Market Cycle 2
168,2.369158879,Market Cycle 2
169,2.355140187,Market Cycle 2
170,2.373831776,Market Cycle 2
171,2.359813084,Market Cycle 2
172,2.345794393,Market Cycle 2
173,2.345794393,Market Cycle 2
174,2.336448598,Market Cycle 2
175,2.313084112,Market Cycle 2
176,2.294392523,Market Cycle 2
177,2.308411215,Market Cycle 2
178,2.303738318,Market Cycle 2
179,2.313084112,Market Cycle 2
180,2.355140187,Market Cycle 2
181,2.345794393,Market Cycle 2
182,2.369158879,Market Cycle 2
183,2.369158879,Market Cycle 2
184,2.35046729,Market Cycle 2
185,2.373831776,Market Cycle 2
186,2.35046729,Market Cycle 2
187,2.38317757,Market Cycle 2
188,2.392523364,Market Cycle 2
189,2.373831776,Market Cycle 2
190,2.369158879,Market Cycle 2
191,2.369158879,Market Cycle 2
192,2.369158879,Market Cycle 2
193,2.387850467,Market Cycle 2
194,2.387850467,Market Cycle 2
195,2.411214953,Market Cycle 2
196,2.439252336,Market Cycle 2
197,2.425233645,Market Cycle 2
198,2.425233645,Market Cycle 2
199,2.439252336,Market Cycle 2
200,2.504672897,Market Cycle 2
201,2.528037383,Market Cycle 2
202,2.58411215,Market Cycle 2
203,2.621495327,Market Cycle 2
204,2.560747664,Market Cycle 2
205,2.53271028,Market Cycle 2
206,2.579439252,Market Cycle 2
207,2.668224299,Market Cycle 2
208,2.738317757,Market Cycle 2
209,2.761682243,Market Cycle 2
210,2.957943925,Market Cycle 2
211,2.995327103,Market Cycle 2
212,2.892523364,Market Cycle 2
213,2.831775701,Market Cycle 2
214,3.018691589,Market Cycle 2
215,3.102803738,Market Cycle 2
216,3.102803738,Market Cycle 2
217,3.079439252,Market Cycle 2
218,3.014018692,Market Cycle 2
219,2.990654206,Market Cycle 2
220,2.925233645,Market Cycle 2
221,2.981308411,Market Cycle 2
222,3.03271028,Market Cycle 2
223,3.037383178,Market Cycle 2
224,3.046728972,Market Cycle 2
225,3.074766355,Market Cycle 2
226,3.046728972,Market Cycle 2
227,3.088785047,Market Cycle 2
228,3.009345794,Market Cycle 2
229,3.009345794,Market Cycle 2
230,3.08411215,Market Cycle 2
231,3.056074766,Market Cycle 2
232,3.158878505,Market Cycle 2
233,3.144859813,Market Cycle 2
234,3.242990654,Market Cycle 2
235,3.308411215,Market Cycle 2
236,3.341121495,Market Cycle 2
237,3.546728972,Market Cycle 2
238,3.546728972,Market Cycle 2
239,3.528037383,Market Cycle 2
240,3.537383178,Market Cycle 2
241,3.878504673,Market Cycle 2
242,3.995327103,Market Cycle 2
243,4.205607477,Market Cycle 2
244,4.158878505,Market Cycle 2
245,3.943925234,Market Cycle 2
246,4.112149533,Market Cycle 2
247,3.934579439,Market Cycle 2
248,4.014018692,Market Cycle 2
249,4.004672897,Market Cycle 2
250,4.028037383,Market Cycle 2
251,4.088785047,Market Cycle 2
252,4.126168224,Market Cycle 2
253,4.14953271,Market Cycle 2
254,4.070093458,Market Cycle 2
255,4.205607477,Market Cycle 2
256,4.336448598,Market Cycle 2
257,4.41588785,Market Cycle 2
258,4.855140187,Market Cycle 2
259,5.042056075,Market Cycle 2
260,4.911214953,Market Cycle 2
261,5,Market Cycle 2
262,5.056074766,Market Cycle 2
263,5.018691589,Market Cycle 2
264,5.135514019,Market Cycle 2
265,5.140186916,Market Cycle 2
266,5.289719626,Market Cycle 2
267,5.317757009,Market Cycle 2
268,5.369158879,Market Cycle 2
269,5.556074766,Market Cycle 2
270,5.724299065,Market Cycle 2
271,6.079439252,Market Cycle 2
272,6.238317757,Market Cycle 2
273,5.957943925,Market Cycle 2
274,5.392523364,Market Cycle 2
275,3.668224299,Market Cycle 2
276,4.621495327,Market Cycle 2
277,4.757009346,Market Cycle 2
278,4.654205607,Market Cycle 2
279,4.682242991,Market Cycle 2
280,4.845794393,Market Cycle 2
281,4.939252336,Market Cycle 2
282,4.817757009,Market Cycle 2
283,5.037383178,Market Cycle 2
284,5.140186916,Market Cycle 2
285,5.056074766,Market Cycle 2
286,4.943925234,Market Cycle 2
287,4.747663551,Market Cycle 2
288,4.630841121,Market Cycle 2
289,4.757009346,Market Cycle 2
290,4.929906542,Market Cycle 2
291,4.845794393,Market Cycle 2
292,5.135514019,Market Cycle 2
293,5.14953271,Market Cycle 2
294,5.144859813,Market Cycle 2
295,5.126168224,Market Cycle 2
296,5.130841121,Market Cycle 2
297,5.11682243,Market Cycle 2
298,5.158878505,Market Cycle 2
299,5.205607477,Market Cycle 2
300,5.280373832,Market Cycle 2
301,5.373831776,Market Cycle 2
302,5.429906542,Market Cycle 2
303,5.490654206,Market Cycle 2
304,5.509345794,Market Cycle 2
305,5.640186916,Market Cycle 2
306,5.757009346,Market Cycle 2
307,5.738317757,Market Cycle 2
308,5.696261682,Market Cycle 2
309,5.593457944,Market Cycle 2
310,5.602803738,Market Cycle 2
311,5.560747664,Market Cycle 2
312,5.514018692,Market Cycle 2
313,5.700934579,Market Cycle 2
314,5.710280374,Market Cycle 2
315,5.677570093,Market Cycle 2
316,5.738317757,Market Cycle 2
317,5.710280374,Market Cycle 2
318,5.677570093,Market Cycle 2
319,5.831775701,Market Cycle 2
320,6.028037383,Market Cycle 2
321,5.873831776,Market Cycle 2
322,5.841121495,Market Cycle 2
323,5.789719626,Market Cycle 2
324,5.471962617,Market Cycle 2
325,5.425233645,Market Cycle 2
326,5.602803738,Market Cycle 2
327,5.719626168,Market Cycle 2
328,5.64953271,Market Cycle 2
329,5.560747664,Market Cycle 2
330,5.537383178,Market Cycle 2
331,5.523364486,Market Cycle 2
332,5.420560748,Market Cycle 2
333,5.570093458,Market Cycle 2
334,5.5,Market Cycle 2
335,5.462616822,Market Cycle 2
336,5.453271028,Market Cycle 2
337,5.420560748,Market Cycle 2
338,5.289719626,Market Cycle 2
339,5.364485981,Market Cycle 2
340,5.420560748,Market Cycle 2
341,5.327102804,Market Cycle 2
342,4.929906542,Market Cycle 2
343,4.61682243,Market Cycle 2
344,4.845794393,Market Cycle 2
345,4.925233645,Market Cycle 2
346,5.046728972,Market Cycle 2
347,5.018691589,Market Cycle 2
348,5.130841121,Market Cycle 2
349,5.065420561,Market Cycle 2
350,4.91588785,Market Cycle 2
351,4.981308411,Market Cycle 2
352,4.971962617,Market Cycle 2
353,5.037383178,Market Cycle 2
354,5.018691589,Market Cycle 2
355,5.046728972,Market Cycle 2
356,5.037383178,Market Cycle 2
357,5.046728972,Market Cycle 2
358,5.051401869,Market Cycle 2
359,5.056074766,Market Cycle 2
360,5.079439252,Market Cycle 2
361,5.079439252,Market Cycle 2
362,5.121495327,Market Cycle 2
363,5.163551402,Market Cycle 2
364,5.355140187,Market Cycle 2
365,5.406542056,Market Cycle 2
366,5.41588785,Market Cycle 2
367,5.443925234,Market Cycle 2
368,5.443925234,Market Cycle 2
369,5.434579439,Market Cycle 2
370,5.588785047,Market Cycle 2
371,5.654205607,Market Cycle 2
372,5.724299065,Market Cycle 2
373,5.728971963,Market Cycle 2
374,5.700934579,Market Cycle 2
375,5.640186916,Market Cycle 2
376,5.710280374,Market Cycle 2
377,5.780373832,Market Cycle 2
378,5.808411215,Market Cycle 2
379,5.789719626,Market Cycle 2
380,5.803738318,Market Cycle 2
381,5.873831776,Market Cycle 2
382,5.88317757,Market Cycle 2
383,6.168224299,Market Cycle 2
384,6.238317757,Market Cycle 2
385,6.247663551,Market Cycle 2
386,6.242990654,Market Cycle 2
387,6.168224299,Market Cycle 2
388,6.210280374,Market Cycle 2
389,6.238317757,Market Cycle 2
390,6.303738318,Market Cycle 2
391,6.317757009,Market Cycle 2
392,6.313084112,Market Cycle 2
393,6.252336449,Market Cycle 2
394,6.200934579,Market Cycle 2
395,6.182242991,Market Cycle 2
396,6.11682243,Market Cycle 2
397,6.261682243,Market Cycle 2
398,6.252336449,Market Cycle 2
399,6.196261682,Market Cycle 2
400,6.168224299,Market Cycle 2
401,6.140186916,Market Cycle 2
402,6.182242991,Market Cycle 2
403,6.186915888,Market Cycle 2
404,6.158878505,Market Cycle 2
405,6.163551402,Market Cycle 2
406,6.172897196,Market Cycle 2
407,6.126168224,Market Cycle 2
408,6.168224299,Market Cycle 2
409,6.186915888,Market Cycle 2
410,6.177570093,Market Cycle 2
411,6.08411215,Market Cycle 2
412,6.163551402,Market Cycle 2
413,6.144859813,Market Cycle 2
414,6.144859813,Market Cycle 2
415,6.144859813,Market Cycle 2
416,6.168224299,Market Cycle 2
417,6.308411215,Market Cycle 2
418,6.345794393,Market Cycle 2
419,6.542056075,Market Cycle 2
420,6.542056075,Market Cycle 2
421,6.490654206,Market Cycle 2
422,6.369158879,Market Cycle 2
423,6.528037383,Market Cycle 2
424,6.668224299,Market Cycle 2
425,6.738317757,Market Cycle 2
426,7.210280374,Market Cycle 2
427,7.271028037,Market Cycle 2
428,7.242990654,Market Cycle 2
429,7.242990654,Market Cycle 2
430,7.719626168,Market Cycle 2
431,8.135514019,Market Cycle 2
432,8.177570093,Market Cycle 2
433,8.060747664,Market Cycle 2
434,8.172897196,Market Cycle 2
435,8.074766355,Market Cycle 2
436,8.168224299,Market Cycle 2
437,8.724299065,Market Cycle 2
438,9.070093458,Market Cycle 2
439,9.088785047,Market Cycle 2
440,9.560747664,Market Cycle 2
441,9.574766355,Market Cycle 2
442,9.261682243,Market Cycle 2
443,9.481308411,Market Cycle 2
444,9.481308411,Market Cycle 2
445,9.607476636,Market Cycle 2
446,9.771028037,Market Cycle 2
447,10.14485981,Market Cycle 2
448,10.51401869,Market Cycle 2
449,10.81308411,Market Cycle 2
450,11.05140187,Market Cycle 2
451,11.18691589,Market Cycle 2
452,11.73364486,Market Cycle 2
453,11.87850467,Market Cycle 2
454,12.80373832,Market Cycle 2
455,12.68224299,Market Cycle 2
456,12.86915888,Market Cycle 2
457,12.60747664,Market Cycle 2
458,12.57009346,Market Cycle 2
459,13.73364486,Market Cycle 2
460,14.01869159,Market Cycle 2
461,14.01869159,Market Cycle 2
462,14.23364486,Market Cycle 2
463,13.86448598,Market Cycle 2
464,13.8364486,Market Cycle 2
465,14.21495327,Market Cycle 2
466,14.53271028,Market Cycle 2
467,14.67757009,Market Cycle 2
468,15.6588785,Market Cycle 2
469,16.19158879,Market Cycle 2
470,15.97196262,Market Cycle 2
471,16.03738318,Market Cycle 2
472,17.07009346,Market Cycle 2
473,19.12149533,Market Cycle 2
474,19.87850467,Market Cycle 2
475,19.48598131,Market Cycle 2
476,20.44392523,Market Cycle 2
477,21.4953271,Market Cycle 2
478,21.1635514,Market Cycle 2
479,22.52336449,Market Cycle 2
480,20.84579439,Market Cycle 2
481,21.95794393,Market Cycle 2
482,21.92990654,Market Cycle 2
483,22.0046729,Market Cycle 2
484,21.8364486,Market Cycle 2
485,22.00934579,Market Cycle 2
486,23.52803738,Market Cycle 2
487,27.6635514,Market Cycle 2
488,30.29906542,Market Cycle 2
489,34.02336449,Market Cycle 2
490,32.56074766,Market Cycle 2
491,29.85981308,Market Cycle 2
492,32.96728972,Market Cycle 2
493,35.08411215,Market Cycle 2
494,37.29439252,Market Cycle 2
495,41.72897196,Market Cycle 2
496,41.52803738,Market Cycle 2
497,42.10747664,Market Cycle 2
498,43.19158879,Market Cycle 2
499,44.92523364,Market Cycle 2
500,48.77570093,Market Cycle 2
501,54.03738318,Market Cycle 2
502,61.14018692,Market Cycle 2
503,63.14485981,Market Cycle 2
504,66.07476636,Market Cycle 2
505,66.4953271,Market Cycle 2
506,77.08411215,Market Cycle 2
507,87.43925234,Market Cycle 2
508,107.2196262,Market Cycle 2
509,73.36448598,Market Cycle 2
510,38.78037383,Market Cycle 2
511,49.10747664,Market Cycle 2
512,45.09813084,Market Cycle 2
513,42.55140187,Market Cycle 2
514,35.42523364,Market Cycle 2
515,31.89719626,Market Cycle 2
516,42.05140187,Market Cycle 2
517,48.55140187,Market Cycle 2
518,55.0046729,Market Cycle 2
519,58.95794393,Market Cycle 2
520,55.14953271,Market Cycle 2
521,57.76168224,Market Cycle 2
522,63.88785047,Market Cycle 2
523,70.09345794,Market Cycle 2
524,65.90186916,Market Cycle 2
525,64.1682243,Market Cycle 2
526,60.1728972,Market Cycle 2
527,63.09813084,Market Cycle 2
528,66.80373832,Market Cycle 2
529,65.06542056,Market Cycle 2
530,54.55607477,Market Cycle 2
531,49.37383178,Market Cycle 2
532,44.03271028,Market Cycle 2
533,52.25700935,Market Cycle 2
534,54.63551402,Market Cycle 2
535,52.56542056,Market Cycle 2
536,52.13084112,Market Cycle 2
537,53.05607477,Market Cycle 2
538,52.32242991,Market Cycle 2
539,55.08878505,Market Cycle 2
540,53.98130841,Market Cycle 2
541,53.41121495,Market Cycle 2
542,54.20093458,Market Cycle 2
543,50.04205607,Market Cycle 2
544,50.91121495,Market Cycle 2
545,52.91121495,Market Cycle 2
546,54.87383178,Market Cycle 2
547,55.31308411,Market Cycle 2
548,54.51869159,Market Cycle 2
549,55.14953271,Market Cycle 2
550,54.78504673,Market Cycle 2
551,55.5,Market Cycle 2
552,57.82242991,Market Cycle 2
553,60.12616822,Market Cycle 2
554,60.24299065,Market Cycle 2
555,60.71028037,Market Cycle 2
556,58.98130841,Market Cycle 2
557,58.87383178,Market Cycle 2
558,60.91121495,Market Cycle 2
559,59.07009346,Market Cycle 2
560,59.78504673,Market Cycle 2
561,60.1728972,Market Cycle 2
562,57.24299065,Market Cycle 2
563,57.5046729,Market Cycle 2
564,56.1728972,Market Cycle 2
565,56.42523364,Market Cycle 2
566,55.64018692,Market Cycle 2
567,51.45794393,Market Cycle 2
568,51,Market Cycle 2
569,46.95327103,Market Cycle 2
570,48.71962617,Market Cycle 2
571,50.1682243,Market Cycle 2
572,50.04205607,Market Cycle 2
573,47.64953271,Market Cycle 2
574,46.30841121,Market Cycle 2
575,46.53271028,Market Cycle 2
576,46.28971963,Market Cycle 2
577,46.72897196,Market Cycle 2
578,48.74766355,Market Cycle 2
579,49.1588785,Market Cycle 2
580,48.27102804,Market Cycle 2
581,47.45794393,Market Cycle 2
582,46.78037383,Market Cycle 2
583,46.89252336,Market Cycle 2
584,46.3271028,Market Cycle 2
585,45.73364486,Market Cycle 2
586,46.20093458,Market Cycle 2
587,45.28971963,Market Cycle 2
588,41.79439252,Market Cycle 2
589,41.53271028,Market Cycle 2
590,41.8411215,Market Cycle 2
591,39.09345794,Market Cycle 2
592,40.99065421,Market Cycle 2
593,36.22429907,Market Cycle 2
594,36.91588785,Market Cycle 2
595,31.5,Market Cycle 2
596,30.69158879,Market Cycle 2
597,33.52336449,Market Cycle 2
598,34.76635514,Market Cycle 2
599,35.04672897,Market Cycle 2
600,40.14485981,Market Cycle 2
601,40.93925234,Market Cycle 2
602,41.40654206,Market Cycle 2
603,42.80841121,Market Cycle 2
604,42.05140187,Market Cycle 2
605,43.80841121,Market Cycle 2
606,42.8271028,Market Cycle 2
607,42.53271028,Market Cycle 2
608,39.71495327,Market Cycle 2
609,40.24766355,Market Cycle 2
610,39.60747664,Market Cycle 2
611,40.09345794,Market Cycle 2
612,39.99065421,Market Cycle 2
613,40.64953271,Market Cycle 2
614,41.23831776,Market Cycle 2
615,42.14018692,Market Cycle 2
616,42.10280374,Market Cycle 2
617,41.19626168,Market Cycle 2
618,43.35046729,Market Cycle 2
619,43.63551402,Market Cycle 2
620,45.19626168,Market Cycle 2
621,45.71495327,Market Cycle 2
622,45.10747664,Market Cycle 2
623,44.8317757,Market Cycle 2
624,44.64485981,Market Cycle 2
625,45.02803738,Market Cycle 2
626,45.70560748,Market Cycle 2
627,45.64485981,Market Cycle 2
628,45.3364486,Market Cycle 2
629,44.05140187,Market Cycle 2
630,43.3271028,Market Cycle 2
631,43.57009346,Market Cycle 2
632,44.0046729,Market Cycle 2
633,44.59813084,Market Cycle 2
634,45.79906542,Market Cycle 2
635,46.3411215,Market Cycle 2
636,45.81775701,Market Cycle 2
637,45.91121495,Market Cycle 2
638,46.57476636,Market Cycle 2
639,46.40186916,Market Cycle 2
640,48.03738318,Market Cycle 2
641,48.86448598,Market Cycle 2
642,51.86915888,Market Cycle 2
643,51.28971963,Market Cycle 2
644,50.36448598,Market Cycle 2
645,50.95327103,Market Cycle 2
646,52.90186916,Market Cycle 2
647,52.44392523,Market Cycle 2
648,55.0046729,Market Cycle 2
649,55.28037383,Market Cycle 2
650,55.60747664,Market Cycle 2
651,58.3317757,Market Cycle 2
652,59.55607477,Market Cycle 2
653,61.05607477,Market Cycle 2
654,60.56542056,Market Cycle 2
655,60.34579439,Market Cycle 2
656,57.28504673,Market Cycle 2
657,57.29906542,Market Cycle 2
658,54.99065421,Market Cycle 2
659,55.87383178,Market Cycle 2
660,55.26168224,Market Cycle 2
661,56.54205607,Market Cycle 2
662,57.10280374,Market Cycle 2
663,59.42056075,Market Cycle 2
664,59.35981308,Market Cycle 2
665,59.53738318,Market Cycle 2
666,57.96728972,Market Cycle 2
667,58.45327103,Market Cycle 2
668,59.0046729,Market Cycle 2
669,59.3271028,Market Cycle 2
670,59.41588785,Market Cycle 2
671,58,Market Cycle 2
672,57.43925234,Market Cycle 2
673,57.70093458,Market Cycle 2
674,57.55140187,Market Cycle 2
675,57.38785047,Market Cycle 2
676,57.8271028,Market Cycle 2
677,57.92523364,Market Cycle 2
678,58.24766355,Market Cycle 2
679,59.21962617,Market Cycle 2
680,59.26635514,Market Cycle 2
681,59.35046729,Market Cycle 2
682,58.98130841,Market Cycle 2
683,59.59813084,Market Cycle 2
684,48.34579439,Market Cycle 2
685,54.98130841,Market Cycle 2
686,57.05140187,Market Cycle 2
687,56.6682243,Market Cycle 2
688,57.23831776,Market Cycle 2
689,57.71028037,Market Cycle 2
690,58.34579439,Market Cycle 2
691,58.8317757,Market Cycle 2
692,59.04205607,Market Cycle 2
693,59.50934579,Market Cycle 2
694,59.70560748,Market Cycle 2
695,61.89252336,Market Cycle 2
696,63.27570093,Market Cycle 2
697,66.08411215,Market Cycle 2
698,64.58411215,Market Cycle 2
699,67.1635514,Market Cycle 2
700,71.44392523,Market Cycle 2
701,77.21495327,Market Cycle 2
702,77.81775701,Market Cycle 2
703,84.07476636,Market Cycle 2
704,88.57009346,Market Cycle 2
705,95.17757009,Market Cycle 2
706,91.1728972,Market Cycle 2
707,87.62616822,Market Cycle 2
708,84.09345794,Market Cycle 2
709,90.88317757,Market Cycle 2
710,91.58878505,Market Cycle 2
711,95.45327103,Market Cycle 2
712,92.29906542,Market Cycle 2
713,94.86915888,Market Cycle 2
714,94.85514019,Market Cycle 2
715,95.65420561,Market Cycle 2
716,98.13084112,Market Cycle 2
717,107.1214953,Market Cycle 2
718,113.7803738,Market Cycle 2
719,122.3971963,Market Cycle 2
720,135.5186916,Market Cycle 2
721,155.9813084,Market Cycle 2
722,153.8130841,Market Cycle 2
723,152.5654206,Market Cycle 2
724,160.3691589,Market Cycle 2
725,165.8411215,Market Cycle 2
726,183.2242991,Market Cycle 2
727,194.3831776,Market Cycle 2
728,191.8037383,Market Cycle 2
729,203.6542056,Market Cycle 2
730,224.0654206,Market Cycle 2
731,303.7383178,Market Cycle 2
732,255.3551402,Market Cycle 2
733,279.6682243,Market Cycle 2
734,335.9766355,Market Cycle 2
735,372.1962617,Market Cycle 2
736,386.4485981,Market Cycle 2
737,377.2149533,Market Cycle 2
738,381.4345794,Market Cycle 2
739,426.1635514,Market Cycle 2
740,450.3971963,Market Cycle 2
741,473.5981308,Market Cycle 2
742,526.864486,Market Cycle 2
743,525.635514,Market Cycle 2
744,443.9252336,Market Cycle 2
745,486.9158879,Market Cycle 2
746,491.5140187,Market Cycle 2
747,532.046729,Market Cycle 2
748,481.771028,Market Cycle 2
749,378.5046729,Market Cycle 2
750,328.8831776,Market Cycle 2
751,367.3831776,Market Cycle 2
752,418.2242991,Market Cycle 2
753,456.1962617,Market Cycle 2
754,409.7570093,Market Cycle 2
755,407.9439252,Market Cycle 2
756,410.864486,Market Cycle 2
757,398.5420561,Market Cycle 2
758,403.0327103,Market Cycle 2
759,317.1915888,Market Cycle 2
760,318.4859813,Market Cycle 2
761,243.046729,Market Cycle 2
762,319.4906542,Market Cycle 2
763,284.9252336,Market Cycle 2
764,279.2056075,Market Cycle 2
765,287.1728972,Market Cycle 2
766,308.364486,Market Cycle 2
767,303.5233645,Market Cycle 2
768,317.0607477,Market Cycle 2
769,349.5186916,Market Cycle 2
770,335.8878505,Market Cycle 2
771,335.4299065,Market Cycle 2
772,340.228972,Market Cycle 2
773,344.1588785,Market Cycle 2
774,342.0373832,Market Cycle 2
775,352.5747664,Market Cycle 2
776,366.2803738,Market Cycle 2
777,377.7523364,Market Cycle 2
778,387.2616822,Market Cycle 2
779,421.6588785,Market Cycle 2
780,424.3037383,Market Cycle 2
781,378.9392523,Market Cycle 2
782,383.6401869,Market Cycle 2
783,386.4813084,Market Cycle 2
784,396.0186916,Market Cycle 2
785,414.2383178,Market Cycle 2
786,394.4158879,Market Cycle 2
787,386.4485981,Market Cycle 2
788,381.0981308,Market Cycle 2
789,392.8738318,Market Cycle 2
790,381.5654206,Market Cycle 2
791,371.0186916,Market Cycle 2
792,378.1214953,Market Cycle 2
793,393.2429907,Market Cycle 2
794,387.6635514,Market Cycle 2
795,385.2757009,Market Cycle 2
796,382.9439252,Market Cycle 2
797,378.3598131,Market Cycle 2
798,364.8411215,Market Cycle 2
799,375.0233645,Market Cycle 2
800,380.0794393,Market Cycle 2
801,347.4299065,Market Cycle 2
802,367.7149533,Market Cycle 2
803,370.911215,Market Cycle 2
804,373.088785,Market Cycle 2
805,375.2336449,Market Cycle 2
806,379.5233645,Market Cycle 2
807,380.8411215,Market Cycle 2
808,376.9953271,Market Cycle 2
809,373.9299065,Market Cycle 2
810,364.6682243,Market Cycle 2
811,356.8271028,Market Cycle 2
812,331.8224299,Market Cycle 2
813,317.9859813,Market Cycle 2
814,320.9205607,Market Cycle 2
815,321.8224299,Market Cycle 2
816,316.3551402,Market Cycle 2
817,304.4859813,Market Cycle 2
818,287.5,Market Cycle 2
819,313.2102804,Market Cycle 2
820,306.4626168,Market Cycle 2
821,291.7336449,Market Cycle 2
822,294.7242991,Market Cycle 2
823,292.9392523,Market Cycle 2
824,291.7850467,Market Cycle 2
825,263.3224299,Market Cycle 2
826,268.6121495,Market Cycle 2
827,282.8738318,Market Cycle 2
828,282.9439252,Market Cycle 2
829,254.9345794,Market Cycle 2
830,252.2663551,Market Cycle 2
831,273.5233645,Market Cycle 2
832,274.0934579,Market Cycle 2
833,255.8411215,Market Cycle 2
834,265.0046729,Market Cycle 2
835,258.9672897,Market Cycle 2
836,316.0654206,Market Cycle 2
837,315.0514019,Market Cycle 2
838,313.411215,Market Cycle 2
839,312.6168224,Market Cycle 2
840,294.7616822,Market Cycle 2
841,289.9626168,Market Cycle 2
842,299.0654206,Market Cycle 2
843,293.5046729,Market Cycle 2
844,297.0560748,Market Cycle 2
845,296.7056075,Market Cycle 2
846,300.2336449,Market Cycle 2
847,294.1495327,Market Cycle 2
848,296.6869159,Market Cycle 2
849,296.7196262,Market Cycle 2
850,290.8364486,Market Cycle 2
851,285.5373832,Market Cycle 2
852,285.6261682,Market Cycle 2
853,273.6448598,Market Cycle 2
854,266.7897196,Market Cycle 2
855,263.4252336,Market Cycle 2
856,262.3691589,Market Cycle 2
857,273.0841121,Market Cycle 2
858,272.6542056,Market Cycle 2
859,271.9252336,Market Cycle 2
860,222.1635514,Market Cycle 2
861,233.817757,Market Cycle 2
862,229.9018692,Market Cycle 2
863,215.3831776,Market Cycle 2
864,212.728972,Market Cycle 2
865,223.9252336,Market Cycle 2
866,205.2383178,Market Cycle 2
867,210.728972,Market Cycle 2
868,211.088785,Market Cycle 2
869,216.4719626,Market Cycle 2
870,213.771028,Market Cycle 2
871,209.8364486,Market Cycle 2
872,211.8130841,Market Cycle 2
873,206.5093458,Market Cycle 2
874,173.0186916,Market Cycle 2
875,197.8551402,Market Cycle 2
876,197.7196262,Market Cycle 2
877,194.5700935,Market Cycle 2
878,214.8691589,Market Cycle 2
879,244.4392523,Market Cycle 2
880,246.7897196,Market Cycle 2
881,232.9906542,Market Cycle 2
882,225.4626168,Market Cycle 2
883,235.4205607,Market Cycle 2
884,234.364486,Market Cycle 2
885,232.0794393,Market Cycle 2
886,228.6261682,Market Cycle 2
887,228.7616822,Market Cycle 2
888,234.728972,Market Cycle 2
889,218.0841121,Market Cycle 2
890,215.6448598,Market Cycle 2
891,205.5607477,Market Cycle 2
892,205.6121495,Market Cycle 2
893,209.3738318,Market Cycle 2
894,209.7429907,Market Cycle 2
895,215.0233645,Market Cycle 2
896,210.6962617,Market Cycle 2
897,205.5420561,Market Cycle 2
898,204.4392523,Market Cycle 2
899,201.5280374,Market Cycle 2
900,200.7009346,Market Cycle 2
901,207.364486,Market Cycle 2
902,205.1401869,Market Cycle 2
903,211.5,Market Cycle 2
904,212.7056075,Market Cycle 2
905,204.8130841,Market Cycle 2
906,206.7616822,Market Cycle 2
907,205.0700935,Market Cycle 2
908,208.4719626,Market Cycle 2
909,208.6588785,Market Cycle 2
910,208.8785047,Market Cycle 2
911,210.6214953,Market Cycle 2
912,208.8271028,Market Cycle 2
913,209.2336449,Market Cycle 2
914,228.4158879,Market Cycle 2
915,230.5233645,Market Cycle 2
916,246.8037383,Market Cycle 2
917,244.4205607,Market Cycle 2
918,246.2616822,Market Cycle 2
919,267.3317757,Market Cycle 2
920,273.3084112,Market Cycle 2
921,267.6168224,Market Cycle 2
922,271.3457944,Market Cycle 2
923,267.5794393,Market Cycle 2
924,290.0233645,Market Cycle 2
925,292.7196262,Market Cycle 2
926,293.2149533,Market Cycle 2
927,310.0373832,Market Cycle 2
928,313.2336449,Market Cycle 2
929,300.5747664,Market Cycle 2
930,309.5186916,Market Cycle 2
931,303.3785047,Market Cycle 2
932,306.5186916,Market Cycle 2
933,306.8691589,Market Cycle 2
934,303.1869159,Market Cycle 2
935,303.0514019,Market Cycle 2
936,290.9485981,Market Cycle 2
937,267.2149533,Market Cycle 2
938,276.1682243,Market Cycle 2
939,264.6214953,Market Cycle 2
940,273.0327103,Market Cycle 2
941,275.2616822,Market Cycle 2
942,283.5233645,Market Cycle 2
943,284.0981308,Market Cycle 2
944,276.9719626,Market Cycle 2
945,277.088785,Market Cycle 2
946,276.4906542,Market Cycle 2
947,280.3411215,Market Cycle 2
948,275.0747664,Market Cycle 2
949,268.1308411,Market Cycle 2
950,261.8364486,Market Cycle 2
951,269.7850467,Market Cycle 2
952,280.3037383,Market Cycle 2
953,276.0700935,Market Cycle 2
954,280.3738318,Market Cycle 2
955,297.2383178,Market Cycle 2
956,301.2009346,Market Cycle 2
957,303.7616822,Market Cycle 2
958,302.5420561,Market Cycle 2
959,293.9252336,Market Cycle 2
960,294.7102804,Market Cycle 2
961,295.2523364,Market Cycle 2
962,291.5327103,Market Cycle 2
963,291.8084112,Market Cycle 2
964,290.1121495,Market Cycle 2
965,288.2196262,Market Cycle 2
966,296.1214953,Market Cycle 2
967,297.2803738,Market Cycle 2
968,294.0794393,Market Cycle 2
969,289.6728972,Market Cycle 2
970,291.5046729,Market Cycle 2
971,288.2850467,Market Cycle 2
972,292.5607477,Market Cycle 2
973,295.2570093,Market Cycle 2
974,294.0700935,Market Cycle 2
975,292.9859813,Market Cycle 2
976,290.7663551,Market Cycle 2
977,289.7196262,Market Cycle 2
978,289.7757009,Market Cycle 2
979,282.228972,Market Cycle 2
980,281.5794393,Market Cycle 2
981,278.0700935,Market Cycle 2
982,276.5186916,Market Cycle 2
983,275.6869159,Market Cycle 2
984,273.0747664,Market Cycle 2
985,262.6682243,Market Cycle 2
986,271.9766355,Market Cycle 2
987,279.8317757,Market Cycle 2
988,276.0420561,Market Cycle 2
989,273.2429907,Market Cycle 2
990,274.8785047,Market Cycle 2
991,271.1635514,Market Cycle 2
992,271.9672897,Market Cycle 2
993,273.5280374,Market Cycle 2
994,275,Market Cycle 2
995,275.0700935,Market Cycle 2
996,275.6028037,Market Cycle 2
997,267.7757009,Market Cycle 2
998,265.6168224,Market Cycle 2
999,257,Market Cycle 2
1000,236.2803738,Market Cycle 2
1001,234.3785047,Market Cycle 2
1002,244.9672897,Market Cycle 2
1003,233.2056075,Market Cycle 2
1004,221.4953271,Market Cycle 2
1005,228.9719626,Market Cycle 2
1006,241.682243,Market Cycle 2
1007,243.0233645,Market Cycle 2
1008,241.182243,Market Cycle 2
1009,232.228972,Market Cycle 2
1010,237.4906542,Market Cycle 2
1011,235.1074766,Market Cycle 2
1012,239.4766355,Market Cycle 2
1013,238.7803738,Market Cycle 2
1014,236.635514,Market Cycle 2
1015,237.7850467,Market Cycle 2
1016,234.1121495,Market Cycle 2
1017,223.5794393,Market Cycle 2
1018,222.0514019,Market Cycle 2
1019,221.5700935,Market Cycle 2
1020,222.182243,Market Cycle 2
1021,228.1495327,Market Cycle 2
1022,223.1448598,Market Cycle 2
1023,224.0981308,Market Cycle 2
1024,222.8831776,Market Cycle 2
1025,218.6168224,Market Cycle 2
1026,221.4672897,Market Cycle 2
1027,222.9766355,Market Cycle 2
1028,223.2523364,Market Cycle 2
1029,221.3925234,Market Cycle 2
1030,223.1915888,Market Cycle 2
1031,222.1869159,Market Cycle 2
1032,219.8224299,Market Cycle 2
1033,216.5514019,Market Cycle 2
1034,211.5093458,Market Cycle 2
1035,199.1542056,Market Cycle 2
1036,184.5373832,Market Cycle 2
1037,192.6074766,Market Cycle 2
1038,187.0186916,Market Cycle 2
1039,186.8971963,Market Cycle 2
1040,205.3971963,Market Cycle 2
1041,197.9485981,Market Cycle 2
1042,191.1728972,Market Cycle 2
1043,189.228972,Market Cycle 2
1044,187.3084112,Market Cycle 2
1045,175.3411215,Market Cycle 2
1046,174.1121495,Market Cycle 2
1047,182.3411215,Market Cycle 2
1048,179.088785,Market Cycle 2
1049,175.5420561,Market Cycle 2
1050,167.2803738,Market Cycle 2
1051,153.6448598,Market Cycle 2
1052,151.3037383,Market Cycle 2
1053,153.4439252,Market Cycle 2
1054,155.6028037,Market Cycle 2
1055,166.1448598,Market Cycle 2
1056,168.4018692,Market Cycle 2
1057,168.4626168,Market Cycle 2
1058,169.4439252,Market Cycle 2
1059,176.8411215,Market Cycle 2
1060,182.6869159,Market Cycle 2
1061,188.4906542,Market Cycle 2
1062,184.7102804,Market Cycle 2
1063,179.4065421,Market Cycle 2
1064,179.1168224,Market Cycle 2
1065,183.0046729,Market Cycle 2
1066,181.5981308,Market Cycle 2
1067,178.3925234,Market Cycle 2
1068,180.1588785,Market Cycle 2
1069,178.8364486,Market Cycle 2
1070,166.8925234,Market Cycle 2
1071,167.5093458,Market Cycle 2
1072,162.1495327,Market Cycle 2
1073,165.3317757,Market Cycle 2
1074,164.228972,Market Cycle 2
1075,166.3224299,Market Cycle 2
1076,156.3925234,Market Cycle 2
1077,161.7196262,Market Cycle 2
1078,157.8411215,Market Cycle 2
1079,151.3271028,Market Cycle 2
1080,151.7850467,Market Cycle 2
1081,152.1028037,Market Cycle 2
1082,153.2850467,Market Cycle 2
1083,158.2429907,Market Cycle 2
1084,163.5373832,Market Cycle 2
1085,159.9485981,Market Cycle 2
1086,161.5747664,Market Cycle 2
1087,170.9766355,Market Cycle 2
1088,171.3271028,Market Cycle 2
1089,172.088785,Market Cycle 2
1090,197.1915888,Market Cycle 2
1091,195.0140187,Market Cycle 2
1092,185.9766355,Market Cycle 2
1093,176.1682243,Market Cycle 2
1094,182.1261682,Market Cycle 2
1095,181.3084112,Market Cycle 2
1096,175.1028037,Market Cycle 2
1097,176.8084112,Market Cycle 2
1098,166.5233645,Market Cycle 2
1099,163.9345794,Market Cycle 2
1100,165.2009346,Market Cycle 2
1101,171.5514019,Market Cycle 2
1102,176.6074766,Market Cycle 2
1103,175.6074766,Market Cycle 2
1104,171.0747664,Market Cycle 2
1105,172.7242991,Market Cycle 2
1106,176.1168224,Market Cycle 2
1107,175.9579439,Market Cycle 2
1108,176.2056075,Market Cycle 2
1109,176.4579439,Market Cycle 2
1110,177.1915888,Market Cycle 2
1111,175.2803738,Market Cycle 2
1112,171.6495327,Market Cycle 2
1113,175.2056075,Market Cycle 2
1114,175.2663551,Market Cycle 2
1115,175.8785047,Market Cycle 2
1116,169.5981308,Market Cycle 2
1117,164.3317757,Market Cycle 2
1118,162.2196262,Market Cycle 2
1119,163.088785,Market Cycle 2
1120,164.5841121,Market Cycle 2
1121,164.0233645,Market Cycle 2
1122,167.2803738,Market Cycle 2
1123,162.2383178,Market Cycle 2
1124,154.4626168,Market Cycle 2
1125,150.0700935,Market Cycle 2
1126,145.6542056,Market Cycle 2
1127,148.864486,Market Cycle 2
1128,154.8785047,Market Cycle 2
1129,150.2476636,Market Cycle 2
1130,155.0327103,Market Cycle 2
1131,157.2757009,Market Cycle 2
1132,150.9205607,Market Cycle 2
1133,149.2616822,Market Cycle 2
1134,154.1775701,Market Cycle 2
1135,147.8084112,Market Cycle 2
1136,148.2102804,Market Cycle 2
1137,146.3037383,Market Cycle 2
1138,145.7336449,Market Cycle 2
1139,149.9906542,Market Cycle 2
1140,146.911215,Market Cycle 2
1141,147.6588785,Market Cycle 2
1142,134.8271028,Market Cycle 2
1143,123.3691589,Market Cycle 2
1144,129.3457944,Market Cycle 2
1145,131.3084112,Market Cycle 2
1146,140.1869159,Market Cycle 2
1147,135.0420561,Market Cycle 2
1148,135.0420561,Market Cycle 2
1149,135.0420561,Market Cycle 2
1150,135.0420561,Market Cycle 2
1151,135.0420561,Market Cycle 2
1152,121.4953271,Market Cycle 2
1153,56.07476636,Market Cycle 2
0,1,Market Cycle 3
1,1,Market Cycle 3
2,1.225597826,Market Cycle 3
3,1.130434783,Market Cycle 3
4,1.225597826,Market Cycle 3
5,1.259184783,Market Cycle 3
6,1.273152174,Market Cycle 3
7,1.345434783,Market Cycle 3
8,1.374021739,Market Cycle 3
9,1.479673913,Market Cycle 3
10,1.428858696,Market Cycle 3
11,1.277934783,Market Cycle 3
12,1.280217391,Market Cycle 3
13,1.254402174,Market Cycle 3
14,1.240326087,Market Cycle 3
15,1.237445652,Market Cycle 3
16,1.233043478,Market Cycle 3
17,1.243967391,Market Cycle 3
18,1.23076087,Market Cycle 3
19,1.184184783,Market Cycle 3
20,1.214021739,Market Cycle 3
21,1.244184783,Market Cycle 3
22,1.215815217,Market Cycle 3
23,1.202173913,Market Cycle 3
24,1.202282609,Market Cycle 3
25,1.193913043,Market Cycle 3
26,1.205108696,Market Cycle 3
27,1.288913043,Market Cycle 3
28,1.397717391,Market Cycle 3
29,1.269130435,Market Cycle 3
30,1.289619565,Market Cycle 3
31,1.318532609,Market Cycle 3
32,1.276684783,Market Cycle 3
33,1.316847826,Market Cycle 3
34,1.333695652,Market Cycle 3
35,1.335271739,Market Cycle 3
36,1.283206522,Market Cycle 3
37,1.302065217,Market Cycle 3
38,1.304184783,Market Cycle 3
39,1.297119565,Market Cycle 3
40,1.290108696,Market Cycle 3
41,1.380815217,Market Cycle 3
42,1.371141304,Market Cycle 3
43,1.399619565,Market Cycle 3
44,1.483423913,Market Cycle 3
45,1.520869565,Market Cycle 3
46,1.468804348,Market Cycle 3
47,1.510217391,Market Cycle 3
48,1.481684783,Market Cycle 3
49,1.502065217,Market Cycle 3
50,1.499076087,Market Cycle 3
51,1.558532609,Market Cycle 3
52,1.587228261,Market Cycle 3
53,1.604728261,Market Cycle 3
54,1.605597826,Market Cycle 3
55,1.564293478,Market Cycle 3
56,1.545597826,Market Cycle 3
57,1.557608696,Market Cycle 3
58,1.573586957,Market Cycle 3
59,1.553532609,Market Cycle 3
60,1.395271739,Market Cycle 3
61,1.427771739,Market Cycle 3
62,1.430380435,Market Cycle 3
63,1.418043478,Market Cycle 3
64,1.458532609,Market Cycle 3
65,1.446793478,Market Cycle 3
66,1.351358696,Market Cycle 3
67,1.334945652,Market Cycle 3
68,1.364673913,Market Cycle 3
69,1.351195652,Market Cycle 3
70,1.365923913,Market Cycle 3
71,1.319728261,Market Cycle 3
72,1.349891304,Market Cycle 3
73,1.326793478,Market Cycle 3
74,1.336086957,Market Cycle 3
75,1.366032609,Market Cycle 3
76,1.378532609,Market Cycle 3
77,1.378097826,Market Cycle 3
78,1.406684783,Market Cycle 3
79,1.395815217,Market Cycle 3
80,1.381086957,Market Cycle 3
81,1.336413043,Market Cycle 3
82,1.320271739,Market Cycle 3
83,1.277826087,Market Cycle 3
84,1.289021739,Market Cycle 3
85,1.28875,Market Cycle 3
86,1.218152174,Market Cycle 3
87,1.17548913,Market Cycle 3
88,1.20201087,Market Cycle 3
89,1.242880435,Market Cycle 3
90,1.214673913,Market Cycle 3
91,1.21625,Market Cycle 3
92,1.215652174,Market Cycle 3
93,1.21701087,Market Cycle 3
94,1.27201087,Market Cycle 3
95,1.269402174,Market Cycle 3
96,1.275597826,Market Cycle 3
97,1.25826087,Market Cycle 3
98,1.233152174,Market Cycle 3
99,1.192228261,Market Cycle 3
100,1.233641304,Market Cycle 3
101,1.219728261,Market Cycle 3
102,1.231847826,Market Cycle 3
103,1.288641304,Market Cycle 3
104,1.271304348,Market Cycle 3
105,1.276032609,Market Cycle 3
106,1.303423913,Market Cycle 3
107,1.291630435,Market Cycle 3
108,1.276032609,Market Cycle 3
109,1.246467391,Market Cycle 3
110,1.289347826,Market Cycle 3
111,1.328369565,Market Cycle 3
112,1.319293478,Market Cycle 3
113,1.304945652,Market Cycle 3
114,1.313152174,Market Cycle 3
115,1.315163043,Market Cycle 3
116,1.28923913,Market Cycle 3
117,1.289728261,Market Cycle 3
118,1.29076087,Market Cycle 3
119,1.288206522,Market Cycle 3
120,1.28826087,Market Cycle 3
121,1.271902174,Market Cycle 3
122,1.261847826,Market Cycle 3
123,1.273315217,Market Cycle 3
124,1.277608696,Market Cycle 3
125,1.301793478,Market Cycle 3
126,1.296576087,Market Cycle 3
127,1.30576087,Market Cycle 3
128,1.28375,Market Cycle 3
129,1.287717391,Market Cycle 3
130,1.276684783,Market Cycle 3
131,1.29,Market Cycle 3
132,1.28701087,Market Cycle 3
133,1.261141304,Market Cycle 3
134,1.247228261,Market Cycle 3
135,1.210163043,Market Cycle 3
136,1.22701087,Market Cycle 3
137,1.231086957,Market Cycle 3
138,1.217282609,Market Cycle 3
139,1.218423913,Market Cycle 3
140,1.21875,Market Cycle 3
141,1.21576087,Market Cycle 3
142,1.24375,Market Cycle 3
143,1.245706522,Market Cycle 3
144,1.244076087,Market Cycle 3
145,1.245597826,Market Cycle 3
146,1.24625,Market Cycle 3
147,1.25951087,Market Cycle 3
148,1.261141304,Market Cycle 3
149,1.286847826,Market Cycle 3
150,1.34173913,Market Cycle 3
151,1.344782609,Market Cycle 3
152,1.353152174,Market Cycle 3
153,1.338206522,Market Cycle 3
154,1.33173913,Market Cycle 3
155,1.319945652,Market Cycle 3
156,1.349728261,Market Cycle 3
157,1.330652174,Market Cycle 3
158,1.305,Market Cycle 3
159,1.316358696,Market Cycle 3
160,1.318152174,Market Cycle 3
161,1.36375,Market Cycle 3
162,1.352119565,Market Cycle 3
163,1.389293478,Market Cycle 3
164,1.42951087,Market Cycle 3
165,1.401576087,Market Cycle 3
166,1.382934783,Market Cycle 3
167,1.394619565,Market Cycle 3
168,1.412554348,Market Cycle 3
169,1.467445652,Market Cycle 3
170,1.479673913,Market Cycle 3
171,1.445054348,Market Cycle 3
172,1.461847826,Market Cycle 3
173,1.464728261,Market Cycle 3
174,1.55125,Market Cycle 3
175,1.59173913,Market Cycle 3
176,1.681793478,Market Cycle 3
177,1.585978261,Market Cycle 3
178,1.571576087,Market Cycle 3
179,1.579836957,Market Cycle 3
180,1.506630435,Market Cycle 3
181,1.515326087,Market Cycle 3
182,1.510326087,Market Cycle 3
183,1.49875,Market Cycle 3
184,1.514184783,Market Cycle 3
185,1.514347826,Market Cycle 3
186,1.503097826,Market Cycle 3
187,1.50125,Market Cycle 3
188,1.567445652,Market Cycle 3
189,1.567554348,Market Cycle 3
190,1.587065217,Market Cycle 3
191,1.604347826,Market Cycle 3
192,1.604782609,Market Cycle 3
193,1.584184783,Market Cycle 3
194,1.565054348,Market Cycle 3
195,1.550652174,Market Cycle 3
196,1.533206522,Market Cycle 3
197,1.533369565,Market Cycle 3
198,1.544891304,Market Cycle 3
199,1.550380435,Market Cycle 3
200,1.534402174,Market Cycle 3
201,1.514021739,Market Cycle 3
202,1.515815217,Market Cycle 3
203,1.460706522,Market Cycle 3
204,1.441032609,Market Cycle 3
205,1.433423913,Market Cycle 3
206,1.456467391,Market Cycle 3
207,1.463423913,Market Cycle 3
208,1.443532609,Market Cycle 3
209,1.446195652,Market Cycle 3
210,1.43076087,Market Cycle 3
211,1.39826087,Market Cycle 3
212,1.397663043,Market Cycle 3
213,1.365380435,Market Cycle 3
214,1.228913043,Market Cycle 3
215,1.277391304,Market Cycle 3
216,1.272663043,Market Cycle 3
217,1.257934783,Market Cycle 3
218,1.243043478,Market Cycle 3
219,1.364565217,Market Cycle 3
220,1.207228261,Market Cycle 3
221,1.231684783,Market Cycle 3
222,1.231467391,Market Cycle 3
223,1.268369565,Market Cycle 3
224,1.245652174,Market Cycle 3
225,1.241630435,Market Cycle 3
226,1.248532609,Market Cycle 3
227,1.239021739,Market Cycle 3
228,1.245163043,Market Cycle 3
229,1.232336957,Market Cycle 3
230,1.2575,Market Cycle 3
231,1.365543478,Market Cycle 3
232,1.307173913,Market Cycle 3
233,1.305217391,Market Cycle 3
234,1.322065217,Market Cycle 3
235,1.296141304,Market Cycle 3
236,1.302771739,Market Cycle 3
237,1.305163043,Market Cycle 3
238,1.280597826,Market Cycle 3
239,1.245054348,Market Cycle 3
240,1.253695652,Market Cycle 3
241,1.245978261,Market Cycle 3
242,1.239836957,Market Cycle 3
243,1.261576087,Market Cycle 3
244,1.269782609,Market Cycle 3
245,1.257717391,Market Cycle 3
246,1.248532609,Market Cycle 3
247,1.233478261,Market Cycle 3
248,1.246684783,Market Cycle 3
249,1.245597826,Market Cycle 3
250,1.272554348,Market Cycle 3
251,1.274891304,Market Cycle 3
252,1.274293478,Market Cycle 3
253,1.262391304,Market Cycle 3
254,1.298858696,Market Cycle 3
255,1.289565217,Market Cycle 3
256,1.289184783,Market Cycle 3
257,1.291195652,Market Cycle 3
258,1.290271739,Market Cycle 3
259,1.302771739,Market Cycle 3
260,1.299565217,Market Cycle 3
261,1.303913043,Market Cycle 3
262,1.339891304,Market Cycle 3
263,1.325217391,Market Cycle 3
264,1.321576087,Market Cycle 3
265,1.332391304,Market Cycle 3
266,1.33548913,Market Cycle 3
267,1.350815217,Market Cycle 3
268,1.336358696,Market Cycle 3
269,1.353206522,Market Cycle 3
270,1.377336957,Market Cycle 3
271,1.381358696,Market Cycle 3
272,1.426032609,Market Cycle 3
273,1.465217391,Market Cycle 3
274,1.427880435,Market Cycle 3
275,1.431195652,Market Cycle 3
276,1.464130435,Market Cycle 3
277,1.461576087,Market Cycle 3
278,1.496141304,Market Cycle 3
279,1.513913043,Market Cycle 3
280,1.518043478,Market Cycle 3
281,1.564945652,Market Cycle 3
282,1.5525,Market Cycle 3
283,1.604945652,Market Cycle 3
284,1.642119565,Market Cycle 3
285,1.702934783,Market Cycle 3
286,1.774293478,Market Cycle 3
287,1.691358696,Market Cycle 3
288,1.777445652,Market Cycle 3
289,1.973043478,Market Cycle 3
290,2.16798913,Market Cycle 3
291,2.265978261,Market Cycle 3
292,2.20951087,Market Cycle 3
293,2.023478261,Market Cycle 3
294,2.092173913,Market Cycle 3
295,2.083967391,Market Cycle 3
296,2.066793478,Market Cycle 3
297,1.822119565,Market Cycle 3
298,1.695923913,Market Cycle 3
299,1.780978261,Market Cycle 3
300,1.81875,Market Cycle 3
301,1.808423913,Market Cycle 3
302,1.753315217,Market Cycle 3
303,1.799673913,Market Cycle 3
304,1.822119565,Market Cycle 3
305,1.822119565,Market Cycle 3
306,1.780978261,Market Cycle 3
307,1.743804348,Market Cycle 3
308,1.763206522,Market Cycle 3
309,1.759891304,Market Cycle 3
310,1.759945652,Market Cycle 3
311,1.741793478,Market Cycle 3
312,1.779673913,Market Cycle 3
313,1.908478261,Market Cycle 3
314,1.949619565,Market Cycle 3
315,1.93326087,Market Cycle 3
316,1.975869565,Market Cycle 3
317,2.043967391,Market Cycle 3
318,1.970434783,Market Cycle 3
319,1.951684783,Market Cycle 3
320,1.967771739,Market Cycle 3
321,1.972119565,Market Cycle 3
322,2.088967391,Market Cycle 3
323,2.136413043,Market Cycle 3
324,2.141902174,Market Cycle 3
325,2.158478261,Market Cycle 3
326,2.264782609,Market Cycle 3
327,2.26451087,Market Cycle 3
328,2.448478261,Market Cycle 3
329,2.324184783,Market Cycle 3
330,2.374347826,Market Cycle 3
331,2.401793478,Market Cycle 3
332,2.51076087,Market Cycle 3
333,2.479782609,Market Cycle 3
334,2.481358696,Market Cycle 3
335,2.510326087,Market Cycle 3
336,2.512880435,Market Cycle 3
337,2.399130435,Market Cycle 3
338,2.372934783,Market Cycle 3
339,2.374347826,Market Cycle 3
340,2.400923913,Market Cycle 3
341,2.475543478,Market Cycle 3
342,2.480815217,Market Cycle 3
343,2.268967391,Market Cycle 3
344,2.294782609,Market Cycle 3
345,2.2875,Market Cycle 3
346,2.337228261,Market Cycle 3
347,2.321195652,Market Cycle 3
348,2.344293478,Market Cycle 3
349,2.356358696,Market Cycle 3
350,2.352663043,Market Cycle 3
351,2.33076087,Market Cycle 3
352,2.356032609,Market Cycle 3
353,2.34826087,Market Cycle 3
354,2.346195652,Market Cycle 3
355,2.480543478,Market Cycle 3
356,2.45798913,Market Cycle 3
357,2.455923913,Market Cycle 3
358,2.430108696,Market Cycle 3
359,2.432391304,Market Cycle 3
360,2.429184783,Market Cycle 3
361,2.342445652,Market Cycle 3
362,2.345543478,Market Cycle 3
363,2.108315217,Market Cycle 3
364,2.08826087,Market Cycle 3
365,2.090163043,Market Cycle 3
366,2.091576087,Market Cycle 3
367,2.070163043,Market Cycle 3
368,2.215978261,Market Cycle 3
369,2.216630435,Market Cycle 3
370,2.067391304,Market Cycle 3
371,2.11548913,Market Cycle 3
372,2.188423913,Market Cycle 3
373,2.136521739,Market Cycle 3
374,2.13625,Market Cycle 3
375,2.144836957,Market Cycle 3
376,2.08,Market Cycle 3
377,2.052336957,Market Cycle 3
378,2.051793478,Market Cycle 3
379,2.058532609,Market Cycle 3
380,2.024184783,Market Cycle 3
381,2.03451087,Market Cycle 3
382,2.010815217,Market Cycle 3
383,2.107826087,Market Cycle 3
384,2.098695652,Market Cycle 3
385,2.043967391,Market Cycle 3
386,2.04451087,Market Cycle 3
387,2.026032609,Market Cycle 3
388,2.031467391,Market Cycle 3
389,2.066304348,Market Cycle 3
390,2.051793478,Market Cycle 3
391,2.081630435,Market Cycle 3
392,2.113478261,Market Cycle 3
393,2.183152174,Market Cycle 3
394,2.176684783,Market Cycle 3
395,2.208967391,Market Cycle 3
396,2.267445652,Market Cycle 3
397,2.285,Market Cycle 3
398,2.277065217,Market Cycle 3
399,2.389945652,Market Cycle 3
400,2.37375,Market Cycle 3
401,2.374782609,Market Cycle 3
402,2.284347826,Market Cycle 3
403,2.296032609,Market Cycle 3
404,2.293423913,Market Cycle 3
405,2.310434783,Market Cycle 3
406,2.346413043,Market Cycle 3
407,2.338913043,Market Cycle 3
408,2.368695652,Market Cycle 3
409,2.354402174,Market Cycle 3
410,2.323369565,Market Cycle 3
411,2.290217391,Market Cycle 3
412,2.239130435,Market Cycle 3
413,2.180978261,Market Cycle 3
414,2.212173913,Market Cycle 3
415,2.240923913,Market Cycle 3
416,2.242173913,Market Cycle 3
417,2.242880435,Market Cycle 3
418,2.264456522,Market Cycle 3
419,2.27451087,Market Cycle 3
420,2.239402174,Market Cycle 3
421,2.243913043,Market Cycle 3
422,2.249347826,Market Cycle 3
423,2.265543478,Market Cycle 3
424,2.265978261,Market Cycle 3
425,2.275217391,Market Cycle 3
426,2.215,Market Cycle 3
427,2.215543478,Market Cycle 3
428,2.241847826,Market Cycle 3
429,2.240326087,Market Cycle 3
430,2.266630435,Market Cycle 3
431,2.269402174,Market Cycle 3
432,2.265597826,Market Cycle 3
433,2.266902174,Market Cycle 3
434,2.267228261,Market Cycle 3
435,2.315652174,Market Cycle 3
436,2.294402174,Market Cycle 3
437,2.261793478,Market Cycle 3
438,2.244565217,Market Cycle 3
439,2.265326087,Market Cycle 3
440,2.265978261,Market Cycle 3
441,2.273152174,Market Cycle 3
442,2.268858696,Market Cycle 3
443,2.270706522,Market Cycle 3
444,2.291793478,Market Cycle 3
445,2.292445652,Market Cycle 3
446,2.290326087,Market Cycle 3
447,2.274184783,Market Cycle 3
448,2.268369565,Market Cycle 3
449,2.291467391,Market Cycle 3
450,2.29298913,Market Cycle 3
451,2.318152174,Market Cycle 3
452,2.310543478,Market Cycle 3
453,2.315271739,Market Cycle 3
454,2.331630435,Market Cycle 3
455,2.346304348,Market Cycle 3
456,2.320869565,Market Cycle 3
457,2.320108696,Market Cycle 3
458,2.347173913,Market Cycle 3
459,2.40048913,Market Cycle 3
460,2.454021739,Market Cycle 3
461,2.428641304,Market Cycle 3
462,2.449945652,Market Cycle 3
463,2.494184783,Market Cycle 3
464,2.535380435,Market Cycle 3
465,2.542663043,Market Cycle 3
466,2.456684783,Market Cycle 3
467,2.433804348,Market Cycle 3
468,2.47576087,Market Cycle 3
469,2.443369565,Market Cycle 3
470,2.459293478,Market Cycle 3
471,2.416793478,Market Cycle 3
472,2.45576087,Market Cycle 3
473,2.428913043,Market Cycle 3
474,2.43326087,Market Cycle 3
475,2.5,Market Cycle 3
476,2.487717391,Market Cycle 3
477,2.486141304,Market Cycle 3
478,2.510597826,Market Cycle 3
479,2.458967391,Market Cycle 3
480,2.459347826,Market Cycle 3
481,2.459891304,Market Cycle 3
482,2.484076087,Market Cycle 3
483,2.484891304,Market Cycle 3
484,2.486847826,Market Cycle 3
485,2.48125,Market Cycle 3
486,2.461521739,Market Cycle 3
487,2.463586957,Market Cycle 3
488,2.405978261,Market Cycle 3
489,2.401576087,Market Cycle 3
490,2.403913043,Market Cycle 3
491,2.380597826,Market Cycle 3
492,2.401793478,Market Cycle 3
493,2.426902174,Market Cycle 3
494,2.430326087,Market Cycle 3
495,2.460815217,Market Cycle 3
496,2.564728261,Market Cycle 3
497,2.84298913,Market Cycle 3
498,2.848913043,Market Cycle 3
499,2.86125,Market Cycle 3
500,2.869130435,Market Cycle 3
501,2.918858696,Market Cycle 3
502,2.917717391,Market Cycle 3
503,3.096467391,Market Cycle 3
504,3.115978261,Market Cycle 3
505,3.120978261,Market Cycle 3
506,3.167771739,Market Cycle 3
507,3.128423913,Market Cycle 3
508,3.160217391,Market Cycle 3
509,3.127336957,Market Cycle 3
510,3.134184783,Market Cycle 3
511,3.178206522,Market Cycle 3
512,3.642445652,Market Cycle 3
513,3.799021739,Market Cycle 3
514,3.72701087,Market Cycle 3
515,3.757608696,Market Cycle 3
516,4.168423913,Market Cycle 3
517,4.057065217,Market Cycle 3
518,4.086521739,Market Cycle 3
519,4.140434783,Market Cycle 3
520,3.996902174,Market Cycle 3
521,3.621086957,Market Cycle 3
522,3.38625,Market Cycle 3
523,3.384130435,Market Cycle 3
524,3.573152174,Market Cycle 3
525,3.59423913,Market Cycle 3
526,3.395652174,Market Cycle 3
527,3.512554348,Market Cycle 3
528,3.511032609,Market Cycle 3
529,3.442608696,Market Cycle 3
530,3.632771739,Market Cycle 3
531,3.674836957,Market Cycle 3
532,3.803369565,Market Cycle 3
533,3.600380435,Market Cycle 3
534,3.670434783,Market Cycle 3
535,3.636304348,Market Cycle 3
536,3.672445652,Market Cycle 3
537,3.469456522,Market Cycle 3
538,3.594347826,Market Cycle 3
539,3.547119565,Market Cycle 3
540,3.514021739,Market Cycle 3
541,3.517554348,Market Cycle 3
542,3.635706522,Market Cycle 3
543,3.597880435,Market Cycle 3
544,3.596195652,Market Cycle 3
545,3.62923913,Market Cycle 3
546,3.603641304,Market Cycle 3
547,3.673478261,Market Cycle 3
548,3.666304348,Market Cycle 3
549,3.645108696,Market Cycle 3
550,3.631521739,Market Cycle 3
551,3.622717391,Market Cycle 3
552,3.551684783,Market Cycle 3
553,3.554456522,Market Cycle 3
554,3.599619565,Market Cycle 3
555,3.555706522,Market Cycle 3
556,3.55298913,Market Cycle 3
557,3.555434783,Market Cycle 3
558,3.554130435,Market Cycle 3
559,3.566304348,Market Cycle 3
560,3.55326087,Market Cycle 3
561,3.427228261,Market Cycle 3
562,3.337880435,Market Cycle 3
563,3.026847826,Market Cycle 3
564,3.086847826,Market Cycle 3
565,3.125652174,Market Cycle 3
566,3.128315217,Market Cycle 3
567,3.197065217,Market Cycle 3
568,3.226195652,Market Cycle 3
569,3.205869565,Market Cycle 3
570,3.189836957,Market Cycle 3
571,3.236521739,Market Cycle 3
572,3.202717391,Market Cycle 3
573,3.195869565,Market Cycle 3
574,3.17548913,Market Cycle 3
575,3.09173913,Market Cycle 3
576,3.081467391,Market Cycle 3
577,3.135054348,Market Cycle 3
578,3.095923913,Market Cycle 3
579,3.116141304,Market Cycle 3
580,3.120652174,Market Cycle 3
581,3.139836957,Market Cycle 3
582,3.136956522,Market Cycle 3
583,3.168532609,Market Cycle 3
584,3.166413043,Market Cycle 3
585,3.132173913,Market Cycle 3
586,3.128804348,Market Cycle 3
587,3.13451087,Market Cycle 3
588,3.095163043,Market Cycle 3
589,3.1,Market Cycle 3
590,3.123804348,Market Cycle 3
591,3.129184783,Market Cycle 3
592,3.100108696,Market Cycle 3
593,3.096304348,Market Cycle 3
594,3.099891304,Market Cycle 3
595,3.24048913,Market Cycle 3
596,3.276195652,Market Cycle 3
597,3.282282609,Market Cycle 3
598,3.310380435,Market Cycle 3
599,3.34548913,Market Cycle 3
600,3.390543478,Market Cycle 3
601,3.38951087,Market Cycle 3
602,3.392173913,Market Cycle 3
603,3.276195652,Market Cycle 3
604,3.300434783,Market Cycle 3
605,3.310923913,Market Cycle 3
606,3.313913043,Market Cycle 3
607,3.299945652,Market Cycle 3
608,3.306467391,Market Cycle 3
609,3.280434783,Market Cycle 3
610,3.31173913,Market Cycle 3
611,3.311576087,Market Cycle 3
612,3.31326087,Market Cycle 3
613,3.238043478,Market Cycle 3
614,3.238532609,Market Cycle 3
615,3.274402174,Market Cycle 3
616,3.275217391,Market Cycle 3
617,3.249891304,Market Cycle 3
618,3.279673913,Market Cycle 3
619,3.275815217,Market Cycle 3
620,3.277336957,Market Cycle 3
621,3.279891304,Market Cycle 3
622,3.287119565,Market Cycle 3
623,3.321358696,Market Cycle 3
624,3.308967391,Market Cycle 3
625,3.315815217,Market Cycle 3
626,3.309619565,Market Cycle 3
627,3.315163043,Market Cycle 3
628,3.315326087,Market Cycle 3
629,3.350163043,Market Cycle 3
630,3.356956522,Market Cycle 3
631,3.336032609,Market Cycle 3
632,3.356304348,Market Cycle 3
633,3.468967391,Market Cycle 3
634,3.458695652,Market Cycle 3
635,3.459130435,Market Cycle 3
636,3.47,Market Cycle 3
637,3.47125,Market Cycle 3
638,3.473695652,Market Cycle 3
639,3.469076087,Market Cycle 3
640,3.456630435,Market Cycle 3
641,3.399184783,Market Cycle 3
642,3.406793478,Market Cycle 3
643,3.428043478,Market Cycle 3
644,3.548478261,Market Cycle 3
645,3.539130435,Market Cycle 3
646,3.51951087,Market Cycle 3
647,3.557445652,Market Cycle 3
648,3.64076087,Market Cycle 3
649,3.69826087,Market Cycle 3
650,3.722771739,Market Cycle 3
651,3.882336957,Market Cycle 3
652,3.795869565,Market Cycle 3
653,3.807119565,Market Cycle 3
654,3.935923913,Market Cycle 3
655,3.965271739,Market Cycle 3
656,3.729945652,Market Cycle 3
657,3.794347826,Market Cycle 3
658,3.811521739,Market Cycle 3
659,3.854021739,Market Cycle 3
660,3.846902174,Market Cycle 3
661,3.851902174,Market Cycle 3
662,3.904728261,Market Cycle 3
663,3.867119565,Market Cycle 3
664,3.893858696,Market Cycle 3
665,3.815271739,Market Cycle 3
666,3.805108696,Market Cycle 3
667,3.841847826,Market Cycle 3
668,3.868206522,Market Cycle 3
669,4.01326087,Market Cycle 3
670,4.022065217,Market Cycle 3
671,4.052336957,Market Cycle 3
672,4.077826087,Market Cycle 3
673,3.937445652,Market Cycle 3
674,3.993804348,Market Cycle 3
675,4.071793478,Market Cycle 3
676,4.02798913,Market Cycle 3
677,3.988369565,Market Cycle 3
678,3.98923913,Market Cycle 3
679,3.979782609,Market Cycle 3
680,3.978695652,Market Cycle 3
681,3.980380435,Market Cycle 3
682,3.984456522,Market Cycle 3
683,4.031956522,Market Cycle 3
684,4.08375,Market Cycle 3
685,4.174293478,Market Cycle 3
686,4.141576087,Market Cycle 3
687,4.132608696,Market Cycle 3
688,4.083804348,Market Cycle 3
689,4.11923913,Market Cycle 3
690,4.167934783,Market Cycle 3
691,4.172445652,Market Cycle 3
692,4.17451087,Market Cycle 3
693,4.192336957,Market Cycle 3
694,4.173152174,Market Cycle 3
695,4.218532609,Market Cycle 3
696,4.221032609,Market Cycle 3
697,4.217771739,Market Cycle 3
698,4.217771739,Market Cycle 3
699,4.224565217,Market Cycle 3
700,4.273423913,Market Cycle 3
701,4.273369565,Market Cycle 3
702,4.28375,Market Cycle 3
703,4.313641304,Market Cycle 3
704,4.47923913,Market Cycle 3
705,4.680978261,Market Cycle 3
706,4.948369565,Market Cycle 3
707,4.849673913,Market Cycle 3
708,4.840434783,Market Cycle 3
709,4.89451087,Market Cycle 3
710,5.065706522,Market Cycle 3
711,5.259021739,Market Cycle 3
712,5.24951087,Market Cycle 3
713,5.194293478,Market Cycle 3
714,5.242771739,Market Cycle 3
715,5.430380435,Market Cycle 3
716,5.503097826,Market Cycle 3
717,5.567554348,Market Cycle 3
718,6.058858696,Market Cycle 3
719,5.262391304,Market Cycle 3
720,4.839347826,Market Cycle 3
721,4.864130435,Market Cycle 3
722,4.947608696,Market Cycle 3
723,4.856304348,Market Cycle 3
724,4.918315217,Market Cycle 3
725,4.280271739,Market Cycle 3
726,4.435434783,Market Cycle 3
727,4.481141304,Market Cycle 3
728,4.483695652,Market Cycle 3
729,4.435597826,Market Cycle 3
730,4.518913043,Market Cycle 3
731,4.903695652,Market Cycle 3
732,4.739673913,Market Cycle 3
733,4.902934783,Market Cycle 3
734,4.861304348,Market Cycle 3
735,5.014130435,Market Cycle 3
736,5.000652174,Market Cycle 3
737,5.009619565,Market Cycle 3
738,4.906141304,Market Cycle 3
739,4.848641304,Market Cycle 3
740,4.958586957,Market Cycle 3
741,5.004945652,Market Cycle 3
742,4.968913043,Market Cycle 3
743,4.959184783,Market Cycle 3
744,5.000054348,Market Cycle 3
745,5.200217391,Market Cycle 3
746,5.308858696,Market Cycle 3
747,5.447934783,Market Cycle 3
748,5.497228261,Market Cycle 3
749,5.609076087,Market Cycle 3
750,5.495978261,Market Cycle 3
751,5.560326087,Market Cycle 3
752,5.692934783,Market Cycle 3
753,5.74451087,Market Cycle 3
754,5.306956522,Market Cycle 3
755,5.42173913,Market Cycle 3
756,5.501141304,Market Cycle 3
757,5.439619565,Market Cycle 3
758,5.434836957,Market Cycle 3
759,5.493858696,Market Cycle 3
760,5.498586957,Market Cycle 3
761,5.622663043,Market Cycle 3
762,5.752282609,Market Cycle 3
763,5.760054348,Market Cycle 3
764,5.698913043,Market Cycle 3
765,5.762826087,Market Cycle 3
766,6.04201087,Market Cycle 3
767,6.163315217,Market Cycle 3
768,6.038858696,Market Cycle 3
769,6.403097826,Market Cycle 3
770,6.244782609,Market Cycle 3
771,6.38798913,Market Cycle 3
772,6.458586957,Market Cycle 3
773,6.468913043,Market Cycle 3
774,6.622934783,Market Cycle 3
775,6.829782609,Market Cycle 3
776,6.942826087,Market Cycle 3
777,6.841576087,Market Cycle 3
778,6.879347826,Market Cycle 3
779,6.924456522,Market Cycle 3
780,6.755380435,Market Cycle 3
781,6.323913043,Market Cycle 3
782,6.510054348,Market Cycle 3
783,6.77875,Market Cycle 3
784,6.382717391,Market Cycle 3
785,6.67548913,Market Cycle 3
786,6.755815217,Market Cycle 3
787,6.768152174,Market Cycle 3
788,6.783206522,Market Cycle 3
789,6.389021739,Market Cycle 3
790,6.01625,Market Cycle 3
791,5.23701087,Market Cycle 3
792,5.620869565,Market Cycle 3
793,5.659347826,Market Cycle 3
794,6.026847826,Market Cycle 3
795,5.503967391,Market Cycle 3
796,5.593967391,Market Cycle 3
797,5.087554348,Market Cycle 3
798,5.162228261,Market Cycle 3
799,5.200163043,Market Cycle 3
800,5.576032609,Market Cycle 3
801,5.645434783,Market Cycle 3
802,5.629728261,Market Cycle 3
803,5.581195652,Market Cycle 3
804,5.824456522,Market Cycle 3
805,5.829456522,Market Cycle 3
806,5.899945652,Market Cycle 3
807,6.23298913,Market Cycle 3
808,6.167934783,Market Cycle 3
809,6.113152174,Market Cycle 3
810,6.463423913,Market Cycle 3
811,6.462826087,Market Cycle 3
812,6.398695652,Market Cycle 3
813,6.579945652,Market Cycle 3
814,6.543804348,Market Cycle 3
815,6.631684783,Market Cycle 3
816,6.610706522,Market Cycle 3
817,6.3775,Market Cycle 3
818,6.391467391,Market Cycle 3
819,6.402826087,Market Cycle 3
820,6.386032609,Market Cycle 3
821,6.432934783,Market Cycle 3
822,6.536576087,Market Cycle 3
823,6.53625,Market Cycle 3
824,6.689619565,Market Cycle 3
825,6.764347826,Market Cycle 3
826,6.761195652,Market Cycle 3
827,6.764782609,Market Cycle 3
828,6.797336957,Market Cycle 3
829,6.918695652,Market Cycle 3
830,7.050923913,Market Cycle 3
831,7.234945652,Market Cycle 3
832,7.203858696,Market Cycle 3
833,7.246847826,Market Cycle 3
834,7.31826087,Market Cycle 3
835,7.627336957,Market Cycle 3
836,7.795978261,Market Cycle 3
837,7.767119565,Market Cycle 3
838,8.32576087,Market Cycle 3
839,8.273695652,Market Cycle 3
840,8.414782609,Market Cycle 3
841,8.330108696,Market Cycle 3
842,8.8775,Market Cycle 3
843,9.349782609,Market Cycle 3
844,9.565380435,Market Cycle 3
845,9.983858696,Market Cycle 3
846,9.288858696,Market Cycle 3
847,9.624782609,Market Cycle 3
848,9.675923913,Market Cycle 3
849,9.404347826,Market Cycle 3
850,9.38326087,Market Cycle 3
851,9.697934783,Market Cycle 3
852,10.21315217,Market Cycle 3
853,10.62005435,Market Cycle 3
854,10.8423913,Market Cycle 3
855,10.94505435,Market Cycle 3
856,11.59592391,Market Cycle 3
857,12.16972826,Market Cycle 3
858,13.33108696,Market Cycle 3
859,13.65,Market Cycle 3
860,13.64625,Market Cycle 3
861,13.6523913,Market Cycle 3
862,13.6438587,Market Cycle 3
863,12.51472826,Market Cycle 3
864,13.65038043,Market Cycle 3
865,12.48097826,Market Cycle 3
866,13.0223913,Market Cycle 3
867,13.19445652,Market Cycle 3
868,13.90815217,Market Cycle 3
869,13.65032609,Market Cycle 3
870,14.45570652,Market Cycle 3
871,15.51483696,Market Cycle 3
872,14.64690217,Market Cycle 3
873,15.09608696,Market Cycle 3
874,15.3351087,Market Cycle 3
875,15.56793478,Market Cycle 3
876,16.03913043,Market Cycle 3
877,14.32538043,Market Cycle 3
878,14.73179348,Market Cycle 3
879,13.73951087,Market Cycle 3
880,13.04538043,Market Cycle 3
881,13.48184783,Market Cycle 3
882,14.37103261,Market Cycle 3
883,13.58576087,Market Cycle 3
884,13.99559783,Market Cycle 3
885,14.94717391,Market Cycle 3
886,14.36461957,Market Cycle 3
887,14.63804348,Market Cycle 3
888,14.71494565,Market Cycle 3
889,13.95048913,Market Cycle 3
890,13.59320652,Market Cycle 3
891,13.08521739,Market Cycle 3
892,13.62668478,Market Cycle 3
893,13.92673913,Market Cycle 3
894,13.89342391,Market Cycle 3
895,13.47663043,Market Cycle 3
896,13.14228261,Market Cycle 3
897,13.63815217,Market Cycle 3
898,13.91983696,Market Cycle 3
899,14.04228261,Market Cycle 3
900,14.13021739,Market Cycle 3
901,14.1213587,Market Cycle 3
902,13.605,Market Cycle 3
903,13.79597826,Market Cycle 3
904,13.66103261,Market Cycle 3
905,12.6398913,Market Cycle 3
906,12.71353261,Market Cycle 3
907,12.90228261,Market Cycle 3
908,12.73456522,Market Cycle 3
909,11.92869565,Market Cycle 3
910,11.06461957,Market Cycle 3
911,10.45858696,Market Cycle 3
912,11.76059783,Market Cycle 3
913,12.4838587,Market Cycle 3
914,12.31679348,Market Cycle 3
915,15.12836957,Market Cycle 3
916,14.39543478,Market Cycle 3
917,15.32396739,Market Cycle 3
918,15.06021739,Market Cycle 3
919,14.97163043,Market Cycle 3
920,13.80570652,Market Cycle 3
921,13.54222826,Market Cycle 3
922,14.41315217,Market Cycle 3
923,15.08516304,Market Cycle 3
924,14.73,Market Cycle 3
925,14.78168478,Market Cycle 3
926,15.5075,Market Cycle 3
927,14.8163587,Market Cycle 3
928,14.61184783,Market Cycle 3
929,15.12440217,Market Cycle 3
930,15.48119565,Market Cycle 3
931,17.58586957,Market Cycle 3
932,17.64896739,Market Cycle 3
933,18.22380435,Market Cycle 3
934,18.63701087,Market Cycle 3
935,18.1536413,Market Cycle 3
936,18.61880435,Market Cycle 3
937,19.59255435,Market Cycle 3
938,20.85070652,Market Cycle 3
939,22.10630435,Market Cycle 3
940,23.17706522,Market Cycle 3
941,22.63320652,Market Cycle 3
942,23.4876087,Market Cycle 3
943,23.46603261,Market Cycle 3
944,22.33646739,Market Cycle 3
945,22.58918478,Market Cycle 3
946,22.39445652,Market Cycle 3
947,21.80076087,Market Cycle 3
948,22.10369565,Market Cycle 3
949,22.50896739,Market Cycle 3
950,22.92543478,Market Cycle 3
951,23.67375,Market Cycle 3
952,23.50663043,Market Cycle 3
953,23.70782609,Market Cycle 3
954,23.65043478,Market Cycle 3
955,24.91108696,Market Cycle 3
956,24.84288043,Market Cycle 3
957,25.70940217,Market Cycle 3
958,26.57309783,Market Cycle 3
959,24.67548913,Market Cycle 3
960,24.94021739,Market Cycle 3
961,23.58940217,Market Cycle 3
962,24.17217391,Market Cycle 3
963,24.87097826,Market Cycle 3
964,25.08777174,Market Cycle 3
965,23.42788043,Market Cycle 3
966,23.42233696,Market Cycle 3
967,23.19358696,Market Cycle 3
968,22.86559783,Market Cycle 3
969,22.64527174,Market Cycle 3
970,21.24369565,Market Cycle 3
971,18.01836957,Market Cycle 3
972,20.2226087,Market Cycle 3
973,20.15440217,Market Cycle 3
974,20.16891304,Market Cycle 3
975,21.91032609,Market Cycle 3
976,21.34369565,Market Cycle 3
977,21.46282609,Market Cycle 3
978,19.74597826,Market Cycle 3
979,19.55244565,Market Cycle 3
980,20.41913043,Market Cycle 3
981,19.98146739,Market Cycle 3
982,21.37701087,Market Cycle 3
983,21.18842391,Market Cycle 3
984,22.69891304,Market Cycle 3
985,22.66826087,Market Cycle 3
986,22.6586413,Market Cycle 3
987,23.47516304,Market Cycle 3
988,23.59380435,Market Cycle 3
989,23.76809783,Market Cycle 3
990,23.27266304,Market Cycle 3
991,22.90038043,Market Cycle 3
992,23.47331522,Market Cycle 3
993,23.66097826,Market Cycle 3
994,23.74434783,Market Cycle 3
995,24.94021739,Market Cycle 3
996,25.9936413,Market Cycle 3
997,26.09706522,Market Cycle 3
998,26.08668478,Market Cycle 3
999,28.84152174,Market Cycle 3
1000,30.30875,Market Cycle 3
1001,31.04902174,Market Cycle 3
1002,30.86,Market Cycle 3
1003,30.97521739,Market Cycle 3
1004,30.26875,Market Cycle 3
1005,30.1023913,Market Cycle 3
1006,30.92929348,Market Cycle 3
1007,32.43543478,Market Cycle 3
1008,32.94396739,Market Cycle 3
1009,32.1586413,Market Cycle 3
1010,31.99288043,Market Cycle 3
1011,29.9663587,Market Cycle 3
1012,30.91043478,Market Cycle 3
1013,31.96967391,Market Cycle 3
1014,31.26744565,Market Cycle 3
1015,31.23081522,Market Cycle 3
1016,33.56711957,Market Cycle 3
1017,33.13369565,Market Cycle 3
1018,34.70483696,Market Cycle 3
1019,36.00869565,Market Cycle 3
1020,38.46391304,Market Cycle 3
1021,39.08831522,Market Cycle 3
1022,40.32641304,Market Cycle 3
1023,40.30293478,Market Cycle 3
1024,38.65201087,Market Cycle 3
1025,38.49668478,Market Cycle 3
1026,40.01005435,Market Cycle 3
1027,38.87222826,Market Cycle 3
1028,36.14733696,Market Cycle 3
1029,34.67016304,Market Cycle 3
1030,33.7213587,Market Cycle 3
1031,35.17315217,Market Cycle 3
1032,35.85076087,Market Cycle 3
1033,39.32956522,Market Cycle 3
1034,42.43483696,Market Cycle 3
1035,41.98021739,Market Cycle 3
1036,42.25565217,Market Cycle 3
1037,43.61695652,Market Cycle 3
1038,44.80152174,Market Cycle 3
1039,44.02923913,Market Cycle 3
1040,44.69923913,Market Cycle 3
1041,44.22744565,Market Cycle 3
1042,44.73717391,Market Cycle 3
1043,47.32173913,Market Cycle 3
1044,50.71891304,Market Cycle 3
1045,52.38423913,Market Cycle 3
1046,53.81445652,Market Cycle 3
1047,53.48358696,Market Cycle 3
1048,53.48472826,Market Cycle 3
1049,58.84913043,Market Cycle 3
1050,59.61396739,Market Cycle 3
1051,60.35288043,Market Cycle 3
1052,62.39168478,Market Cycle 3
1053,63.86402174,Market Cycle 3
1054,72.56527174,Market Cycle 3
1055,89.10755435,Market Cycle 3
1056,85.53304348,Market Cycle 3
1057,77.69505435,Market Cycle 3
1058,83.02711957,Market Cycle 3
1059,92.60929348,Market Cycle 3
1060,93.52804348,Market Cycle 3
1061,89.29771739,Market Cycle 3
1062,89.56902174,Market Cycle 3
1063,95.6463587,Market Cycle 3
1064,105.3578261,Market Cycle 3
1065,105.1066848,Market Cycle 3
1066,102.0961413,Market Cycle 3
1067,95.33451087,Market Cycle 3
1068,90.82461957,Market Cycle 3
1069,83.59456522,Market Cycle 3
1070,77.96440217,Market Cycle 3
1071,85.94581522,Market Cycle 3
1072,77.62782609,Market Cycle 3
1073,77.58461957,Market Cycle 3
1074,85.73293478,Market Cycle 3
1075,82.5998913,Market Cycle 3
1076,76.3111413,Market Cycle 3
1077,78.46440217,Market Cycle 3
1078,71.46869565,Market Cycle 3
1079,75.8723913,Market Cycle 3
1080,73.40559783,Market Cycle 3
1081,80.62646739,Market Cycle 3
1082,81.2248913,Market Cycle 3
1083,81.05190217,Market Cycle 3
1084,91.58440217,Market Cycle 3
1085,91.46375,Market Cycle 3
1086,88.76983696,Market Cycle 3
1087,80.94228261,Market Cycle 3
1088,77.92836957,Market Cycle 3
1089,78.41048913,Market Cycle 3
1090,72.48896739,Market Cycle 3
1091,74.45217391,Market Cycle 3
1092,77.47527174,Market Cycle 3
1093,73.41413043,Market Cycle 3
1094,75.09402174,Market Cycle 3
1095,60.13951087,Market Cycle 3
1096,60.40777174,Market Cycle 3
1097,60.55125,Market Cycle 3
1098,61.72630435,Market Cycle 3
1099,69.76418478,Market Cycle 3
1100,61.57777174,Market Cycle 3
1101,57.3351087,Market Cycle 3
1102,60.22423913,Market Cycle 3
1103,60.54652174,Market Cycle 3
1104,60.91320652,Market Cycle 3
1105,59.07016304,Market Cycle 3
1106,62.3276087,Market Cycle 3
1107,63.80875,Market Cycle 3
1108,60.53701087,Market Cycle 3
1109,55.06081522,Market Cycle 3
1110,54.31934783,Market Cycle 3
1111,49.43402174,Market Cycle 3
1112,38.94092391,Market Cycle 3
1113,49.61717391,Market Cycle 3
1114,45.1111413,Market Cycle 3
1115,38.96456522,Market Cycle 3
1116,41.64402174,Market Cycle 3
1117,41.75521739,Market Cycle 3
1118,44.7498913,Market Cycle 3
1119,46.36603261,Market Cycle 3
1120,46.29532609,Market Cycle 3
1121,45.12092391,Market Cycle 3
1122,48.4425,Market Cycle 3
1123,46.34423913,Market Cycle 3
1124,51.33798913,Market Cycle 3
1125,54.88880435,Market Cycle 3
1126,55.43798913,Market Cycle 3
1127,60.18804348,Market Cycle 3
1128,56.90793478,Market Cycle 3
1129,60.45190217,Market Cycle 3
1130,61.67021739,Market Cycle 3
1131,56.83152174,Market Cycle 3
1132,53.79059783,Market Cycle 3
1133,54.98951087,Market Cycle 3
1134,52.51288043,Market Cycle 3
1135,52.20527174,Market Cycle 3
1136,55.94130435,Market Cycle 3
1137,58.08945652,Market Cycle 3
1138,57.18869565,Market Cycle 3
1139,59.50967391,Market Cycle 3
1140,59.92380435,Market Cycle 3
1141,62.01353261,Market Cycle 3
1142,62.28255435,Market Cycle 3
1143,62.97896739,Market Cycle 3
1144,58.12451087,Market Cycle 3
1145,53.99923913,Market Cycle 3
1146,50.71141304,Market Cycle 3
1147,50.20103261,Market Cycle 3
1148,47.84695652,Market Cycle 3
1149,51.77673913,Market Cycle 3
1150,49.66445652,Market Cycle 3
1151,49.71293478,Market Cycle 3
1152,44.6923913,Market Cycle 3
1153,44.93146739,Market Cycle 3
1154,46.24684783,Market Cycle 3
1155,42.99206522,Market Cycle 3
1156,44.57228261,Market Cycle 3
1157,46.25706522,Market Cycle 3
1158,48.45597826,Market Cycle 3
1159,48.2261413,Market Cycle 3
1160,47.33081522,Market Cycle 3
1161,47.34483696,Market Cycle 3
1162,46.86891304,Market Cycle 3
1163,46.71673913,Market Cycle 3
1164,44.4275,Market Cycle 3
1165,43.08619565,Market Cycle 3
1166,43.19418478,Market Cycle 3
1167,38.88831522,Market Cycle 3
1168,37.10125,Market Cycle 3
1169,37.66896739,Market Cycle 3
1170,36.97880435,Market Cycle 3
1171,38.11853261,Market Cycle 3
1172,40.33543478,Market Cycle 3
1173,36.7725,Market Cycle 3
1174,36.95570652,Market Cycle 3
1175,35.92907609,Market Cycle 3
1176,37.5986413,Market Cycle 3
1177,38.08478261,Market Cycle 3
1178,36.46663043,Market Cycle 3
1179,37.13157609,Market Cycle 3
1180,37.63701087,Market Cycle 3
1181,42.68711957,Market Cycle 3
1182,43.14097826,Market Cycle 3
1183,43.69168478,Market Cycle 3
1184,45.23875,Market Cycle 3
1185,43.67923913,Market Cycle 3
1186,42.78869565,Market Cycle 3
1187,44.34456522,Market Cycle 3
1188,44.98222826,Market Cycle 3
1189,47.91179348,Market Cycle 3
1190,47.89538043,Market Cycle 3
1191,47.91407609,Market Cycle 3
1192,48.45576087,Market Cycle 3
1193,52.02255435,Market Cycle 3
1194,49.54233696,Market Cycle 3
1195,50.07619565,Market Cycle 3
1196,49.0175,Market Cycle 3
1197,50.73902174,Market Cycle 3
1198,51.1188587,Market Cycle 3
1199,50.12983696,Market Cycle 3
1200,49.41336957,Market Cycle 3
1201,50.12652174,Market Cycle 3
1202,52.9638587,Market Cycle 3
1203,52.56445652,Market Cycle 3
1204,53.2501087,Market Cycle 3
1205,52.0513587,Market Cycle 3
1206,50.72668478,Market Cycle 3
1207,50.11820652,Market Cycle 3
1208,50.59076087,Market Cycle 3
1209,49.44407609,Market Cycle 3
1210,45.76728261,Market Cycle 3
1211,46.17070652,Market Cycle 3
1212,47.3511413,Market Cycle 3
1213,47.12211957,Market Cycle 3
1214,46.17255435,Market Cycle 3
1215,45.19695652,Market Cycle 3
1216,43.71891304,Market Cycle 3
1217,44.71538043,Market Cycle 3
1218,44.69896739,Market Cycle 3
1219,46.28282609,Market Cycle 3
1220,45.72298913,Market Cycle 3
1221,43.57032609,Market Cycle 3
1222,40.79125,Market Cycle 3
1223,41.2338587,Market Cycle 3
1224,40.31179348,Market Cycle 3
1225,39.83369565,Market Cycle 3
1226,39.85391304,Market Cycle 3
1227,38.6263587,Market Cycle 3
1228,40.41858696,Market Cycle 3
1229,39.96847826,Market Cycle 3
1230,40.67842391,Market Cycle 3
1231,40.79,Market Cycle 3
1232,41.43798913,Market Cycle 3
1233,41.73331522,Market Cycle 3
1234,40.74597826,Market Cycle 3
1235,41.28451087,Market Cycle 3
1236,41.64820652,Market Cycle 3
1237,41.67961957,Market Cycle 3
1238,41.40603261,Market Cycle 3
1239,41.25570652,Market Cycle 3
1240,36.51092391,Market Cycle 3
1241,36.88048913,Market Cycle 3
1242,35.4763587,Market Cycle 3
1243,34.25929348,Market Cycle 3
1244,36.02875,Market Cycle 3
1245,34.90043478,Market Cycle 3
1246,35.27190217,Market Cycle 3
1247,35.13195652,Market Cycle 3
1248,36.35592391,Market Cycle 3
1249,36.6311413,Market Cycle 3
1250,36.69809783,Market Cycle 3
1251,36.41630435,Market Cycle 3
1252,33.04467391,Market Cycle 3
1253,33.55179348,Market Cycle 3
1254,33.47038043,Market Cycle 3
1255,33.90711957,Market Cycle 3
1256,33.32576087,Market Cycle 3
1257,33.48201087,Market Cycle 3
1258,32.15815217,Market Cycle 3
1259,33.90668478,Market Cycle 3
1260,34.50353261,Market Cycle 3
1261,34.69434783,Market Cycle 3
1262,35.97875,Market Cycle 3
1263,35.86782609,Market Cycle 3
1264,36.25173913,Market Cycle 3
1265,35.50065217,Market Cycle 3
1266,35.88021739,Market Cycle 3
1267,36.74907609,Market Cycle 3
1268,36.40407609,Market Cycle 3
1269,36.32923913,Market Cycle 3
1270,34.60695652,Market Cycle 3
1271,34.68119565,Market Cycle 3
1272,33.50891304,Market Cycle 3
1273,33.76728261,Market Cycle 3
1274,33.92657609,Market Cycle 3
1275,34.59891304,Market Cycle 3
1276,36.31271739,Market Cycle 3
1277,39.8213587,Market Cycle 3
1278,39.96309783,Market Cycle 3
1279,40.67445652,Market Cycle 3
1280,39.82554348,Market Cycle 3
1281,40.31467391,Market Cycle 3
1282,40.28059783,Market Cycle 3
1283,41.9151087,Market Cycle 3
1284,45.22054348,Market Cycle 3
1285,44.73701087,Market Cycle 3
1286,43.10836957,Market Cycle 3
1287,44.57983696,Market Cycle 3
1288,44.57266304,Market Cycle 3
1289,44.66972826,Market Cycle 3
1290,44.2813587,Market Cycle 3
1291,41.77130435,Market Cycle 3
1292,41.23027174,Market Cycle 3
1293,40.93054348,Market Cycle 3
1294,40.30586957,Market Cycle 3
1295,38.05358696,Market Cycle 3
1296,38.14217391,Market Cycle 3
1297,37.59603261,Market Cycle 3
1298,36.48603261,Market Cycle 3
1299,33.96755435,Market Cycle 3
1300,35.64619565,Market Cycle 3
1301,33.21125,Market Cycle 3
1302,34.69309783,Market Cycle 3
1303,34.30108696,Market Cycle 3
1304,33.95994565,Market Cycle 3
1305,33.5238587,Market Cycle 3
1306,34.2988587,Market Cycle 3
1307,34.16309783,Market Cycle 3
1308,35.54826087,Market Cycle 3
1309,34.72961957,Market Cycle 3
1310,35.30744565,Market Cycle 3
1311,34.14141304,Market Cycle 3
1312,35.11695652,Market Cycle 3
1313,34.67902174,Market Cycle 3
1314,35.44581522,Market Cycle 3
1315,36.33070652,Market Cycle 3
1316,36.58521739,Market Cycle 3
1317,36.31668478,Market Cycle 3
1318,36.70233696,Market Cycle 3
1319,38.51581522,Market Cycle 3
1320,38.32320652,Market Cycle 3
1321,37.69766304,Market Cycle 3
1322,38.10956522,Market Cycle 3
1323,38.96831522,Market Cycle 3
1324,39.44282609,Market Cycle 3
1325,39.38809783,Market Cycle 3
1326,39.85195652,Market Cycle 3
1327,37.57875,Market Cycle 3
1328,35.16777174,Market Cycle 3
1329,34.7611413,Market Cycle 3
1330,33.55717391,Market Cycle 3
1331,33.92853261,Market Cycle 3
1332,34.24625,Market Cycle 3
1333,34.04798913,Market Cycle 3
1334,34.28652174,Market Cycle 3
1335,35.15951087,Market Cycle 3
1336,35.44467391,Market Cycle 3
1337,35.49195652,Market Cycle 3
1338,35.19331522,Market Cycle 3
1339,33.9286413,Market Cycle 3
1340,34.36875,Market Cycle 3
1341,34.69657609,Market Cycle 3
1342,35.17896739,Market Cycle 3
1343,36.62543478,Market Cycle 3
1344,36.34423913,Market Cycle 3
1345,36.36184783,Market Cycle 3
1346,35.88163043,Market Cycle 3
1347,34.74733696,Market Cycle 3
1348,35.10326087,Market Cycle 3
1349,36.3176087,Market Cycle 3
1350,35.96956522,Market Cycle 3
1351,35.87081522,Market Cycle 3
1352,35.92331522,Market Cycle 3
1353,35.63630435,Market Cycle 3
1354,35.5148913,Market Cycle 3
1355,35.12570652,Market Cycle 3
1356,35.53592391,Market Cycle 3
1357,35.84940217,Market Cycle 3
1358,35.58190217,Market Cycle 3
1359,35.52695652,Market Cycle 3
1360,35.96641304,Market Cycle 3
1361,35.91809783,Market Cycle 3
1362,35.58896739,Market Cycle 3
1363,33.74902174,Market Cycle 3
1364,33.8551087,Market Cycle 3
1365,33.86125,Market Cycle 3
1366,33.88875,Market Cycle 3
1367,35.1223913,Market Cycle 3
1368,35.16130435,Market Cycle 3
1369,35.15603261,Market Cycle 3
1370,34.82826087,Market Cycle 3
1371,34.94923913,Market Cycle 3
1372,35.0498913,Market Cycle 3
1373,35.3726087,Market Cycle 3
1374,34.99483696,Market Cycle 3
1375,34.92902174,Market Cycle 3
1376,35.05418478,Market Cycle 3
1377,34.99168478,Market Cycle 3
1378,35.01804348,Market Cycle 3
1379,35.01201087,Market Cycle 3
1380,34.93309783,Market Cycle 3
1381,34.15347826,Market Cycle 3
1382,34.21326087,Market Cycle 3
1383,34.30782609,Market Cycle 3
1384,34.58097826,Market Cycle 3
1385,34.61586957,Market Cycle 3
1386,34.37521739,Market Cycle 3
1387,34.98211957,Market Cycle 3
1388,34.8101087,Market Cycle 3
1389,35.07163043,Market Cycle 3
1390,35.46929348,Market Cycle 3
1391,35.02315217,Market Cycle 3
1392,34.43320652,Market Cycle 3
1393,34.69663043,Market Cycle 3
1394,34.42032609,Market Cycle 3
1395,34.57728261,Market Cycle 3
1396,34.61173913,Market Cycle 3
1397,30.24445652,Market Cycle 3
1398,30.19353261,Market Cycle 3
1399,29.96619565,Market Cycle 3
1400,30.16684783,Market Cycle 3
1401,30.39211957,Market Cycle 3
1402,26.56358696,Market Cycle 3
1403,27.31288043,Market Cycle 3
1404,24.73581522,Market Cycle 3
1405,24.22418478,Market Cycle 3
1406,23.45331522,Market Cycle 3
1407,20.94956522,Market Cycle 3
1408,21.68869565,Market Cycle 3
1409,20.23413043,Market Cycle 3
1410,20.7961413,Market Cycle 3
1411,22.96190217,Market Cycle 3
1412,23.03706522,Market Cycle 3
1413,21.63619565,Market Cycle 3
1414,22.75201087,Market Cycle 3
1415,22.42277174,Market Cycle 3
1416,21.03222826,Market Cycle 3
1417,21.33391304,Market Cycle 3
1418,20.35141304,Market Cycle 3
1419,19.67152174,Market Cycle 3
1420,18.44413043,Market Cycle 3
1421,18.29847826,Market Cycle 3
1422,19.4686413,Market Cycle 3
1423,18.81554348,Market Cycle 3
1424,18.2513587,Market Cycle 3
1425,18.81684783,Market Cycle 3
1426,17.92565217,Market Cycle 3
1427,17.48923913,Market Cycle 3
1428,17.54081522,Market Cycle 3
0,1,Market Cycle 4
1,1.093429777,Market Cycle 4
2,1.106690778,Market Cycle 4
3,1.158022287,Market Cycle 4
4,1.258626605,Market Cycle 4
5,1.196231897,Market Cycle 4
6,1.231854222,Market Cycle 4
7,1.225739942,Market Cycle 4
8,1.260057804,Market Cycle 4
9,1.172822677,Market Cycle 4
10,1.184992504,Market Cycle 4
11,1.118294926,Market Cycle 4
12,1.206948888,Market Cycle 4
13,1.215434074,Market Cycle 4
14,1.188658599,Market Cycle 4
15,1.145509343,Market Cycle 4
16,1.184964684,Market Cycle 4
17,1.209233242,Market Cycle 4
18,1.175128669,Market Cycle 4
19,1.1883093,Market Cycle 4
20,1.186504073,Market Cycle 4
21,1.25379515,Market Cycle 4
22,1.243328542,Market Cycle 4
23,1.24126675,Market Cycle 4
24,1.243167803,Market Cycle 4
25,1.124202099,Market Cycle 4
26,1.123834253,Market Cycle 4
27,1.123021283,Market Cycle 4
28,1.085850296,Market Cycle 4
29,1.136013354,Market Cycle 4
30,1.109611907,Market Cycle 4
31,1.114019876,Market Cycle 4
32,1.124390659,Market Cycle 4
33,1.121466438,Market Cycle 4
34,1.145138406,Market Cycle 4
35,1.097170059,Market Cycle 4
36,1.095049536,Market Cycle 4
37,1.109234788,Market Cycle 4
38,1.100301386,Market Cycle 4
39,1.107404831,Market Cycle 4
40,1.106412575,Market Cycle 4
41,1.101290552,Market Cycle 4
42,1.098044852,Market Cycle 4
43,1.062039227,Market Cycle 4
44,1.055006878,Market Cycle 4
45,1.068388433,Market Cycle 4
46,1.060502929,Market Cycle 4
47,1.07065424,Market Cycle 4
48,1.070227663,Market Cycle 4
49,1.058982087,Market Cycle 4
50,1.06015363,Market Cycle 4
51,1.065297291,Market Cycle 4
52,1.04673189,Market Cycle 4
53,1.045248141,Market Cycle 4
54,1.120387629,Market Cycle 4
55,1.123593144,Market Cycle 4
56,1.129287028,Market Cycle 4
57,1.117800343,Market Cycle 4
58,1.113426377,Market Cycle 4
59,1.111880806,Market Cycle 4
60,1.108137432,Market Cycle 4
61,1.110743265,Market Cycle 4
62,1.114585555,Market Cycle 4
63,1.120155794,Market Cycle 4
64,1.198423517,Market Cycle 4
65,1.209397073,Market Cycle 4
66,1.22511244,Market Cycle 4
67,1.211653607,Market Cycle 4
68,1.227891377,Market Cycle 4
69,1.276085377,Market Cycle 4
70,1.166677486,Market Cycle 4
71,1.188130013,Market Cycle 4
72,1.179573731,Market Cycle 4
73,1.183987883,Market Cycle 4
74,1.177298651,Market Cycle 4
75,1.186463888,Market Cycle 4
76,1.179085331,Market Cycle 4
77,1.17488756,Market Cycle 4
78,1.149339268,Market Cycle 4
79,1.189598306,Market Cycle 4
80,1.193700252,Market Cycle 4
81,1.197857838,Market Cycle 4
82,1.189870327,Market Cycle 4
83,1.214466546,Market Cycle 4
84,1.213740128,Market Cycle 4
85,1.196911949,Market Cycle 4
86,1.199910357,Market Cycle 4
87,1.194612139,Market Cycle 4
88,1.194142285,Market Cycle 4
89,1.210466608,Market Cycle 4
90,1.239810822,Market Cycle 4
91,1.232197339,Market Cycle 4
92,1.231878951,Market Cycle 4
93,1.240685615,Market Cycle 4
94,1.246592788,Market Cycle 4
95,1.231279269,Market Cycle 4
96,1.232327167,Market Cycle 4
97,1.233832553,Market Cycle 4
98,1.231279269,Market Cycle 4
99,1.211508323,Market Cycle 4
100,1.21504459,Market Cycle 4
101,1.244076599,Market Cycle 4
102,1.243656203,Market Cycle 4
103,1.263603345,Market Cycle 4
104,1.262765645,Market Cycle 4
105,1.269881455,Market Cycle 4
106,1.280221326,Market Cycle 4
107,1.481575246,Market Cycle 4
108,1.533852645,Market Cycle 4
109,1.513584025,Market Cycle 4
110,1.550628275,Market Cycle 4
111,1.56609326,Market Cycle 4
112,1.603474444,Market Cycle 4
113,1.625168081,Market Cycle 4
114,1.60476345,Market Cycle 4
115,1.636951515,Market Cycle 4
116,1.557796634,Market Cycle 4
117,1.567308079,Market Cycle 4
118,1.567209162,Market Cycle 4
119,1.586321695,Market Cycle 4
120,1.559453486,Market Cycle 4
121,1.603650639,Market Cycle 4
122,1.609180693,Market Cycle 4
123,1.623820343,Market Cycle 4
124,1.630215916,Market Cycle 4
125,1.640138483,Market Cycle 4
126,1.634138576,Market Cycle 4
127,1.660651304,Market Cycle 4
128,1.717580872,Market Cycle 4
129,1.680518075,Market Cycle 4
130,1.589289192,Market Cycle 4
131,1.586711179,Market Cycle 4
132,1.609885473,Market Cycle 4
133,1.585672555,Market Cycle 4
134,1.589245916,Market Cycle 4
135,1.623705971,Market Cycle 4
136,1.641430581,Market Cycle 4
137,1.663878456,Market Cycle 4
138,1.753367027,Market Cycle 4
139,1.721058407,Market Cycle 4
140,1.774315698,Market Cycle 4
141,1.75892181,Market Cycle 4
142,1.81859013,Market Cycle 4
143,1.828895999,Market Cycle 4
144,1.904907188,Market Cycle 4
145,1.965138097,Market Cycle 4
146,2.267884577,Market Cycle 4
147,2.142622216,Market Cycle 4
148,2.405227122,Market Cycle 4
149,2.452265035,Market Cycle 4
150,2.535206566,Market Cycle 4
151,2.429637873,Market Cycle 4
152,2.242228095,Market Cycle 4
153,2.244530996,Market Cycle 4
154,2.542634581,Market Cycle 4
155,2.461887761,Market Cycle 4
156,2.460914051,Market Cycle 4
157,2.375165763,Market Cycle 4
158,2.439906648,Market Cycle 4
159,2.478239904,Market Cycle 4
160,2.485247523,Market Cycle 4
161,2.687720437,Market Cycle 4
162,2.721284061,Market Cycle 4
163,2.692789911,Market Cycle 4
164,2.67130338,Market Cycle 4
165,2.55386161,Market Cycle 4
166,2.633242145,Market Cycle 4
167,2.644376439,Market Cycle 4
168,2.694486948,Market Cycle 4
169,2.615347522,Market Cycle 4
170,2.367487365,Market Cycle 4
171,2.401332282,Market Cycle 4
172,2.396871764,Market Cycle 4
173,2.482725151,Market Cycle 4
174,2.454212454,Market Cycle 4
175,2.349768937,Market Cycle 4
176,2.458988269,Market Cycle 4
177,2.453625137,Market Cycle 4
178,2.512601042,Market Cycle 4
179,2.532245251,Market Cycle 4
180,2.687479328,Market Cycle 4
181,2.726081513,Market Cycle 4
182,2.790337089,Market Cycle 4
183,2.885028052,Market Cycle 4
184,2.788065099,Market Cycle 4
185,2.873445542,Market Cycle 4
186,2.948634488,Market Cycle 4
187,3.055618924,Market Cycle 4
188,3.30047449,Market Cycle 4
189,3.334594519,Market Cycle 4
190,3.391786835,Market Cycle 4
191,3.505568693,Market Cycle 4
192,3.92474614,Market Cycle 4
193,3.423879075,Market Cycle 4
194,3.810698444,Market Cycle 4
195,3.705346131,Market Cycle 4
196,3.388568956,Market Cycle 4
197,3.253690051,Market Cycle 4
198,3.316659712,Market Cycle 4
199,3.67790606,Market Cycle 4
200,3.457189224,Market Cycle 4
201,3.394275204,Market Cycle 4
202,3.464654333,Market Cycle 4
203,3.544192516,Market Cycle 4
204,3.809325976,Market Cycle 4
205,3.886273782,Market Cycle 4
206,3.745747361,Market Cycle 4
207,3.485516453,Market Cycle 4
208,3.649730298,Market Cycle 4
209,3.504474429,Market Cycle 4
210,3.259606498,Market Cycle 4
211,3.370896895,Market Cycle 4
212,2.932507998,Market Cycle 4
213,2.991100601,Market Cycle 4
214,3.2838596,Market Cycle 4
215,3.248407289,Market Cycle 4
216,3.394575045,Market Cycle 4
217,3.270595509,Market Cycle 4
218,3.191400442,Market Cycle 4
219,3.056132054,Market Cycle 4
220,3.019913139,Market Cycle 4
221,3.05866679,Market Cycle 4
222,3.028691983,Market Cycle 4
223,2.91900898,Market Cycle 4
224,2.949898765,Market Cycle 4
225,2.941277569,Market Cycle 4
226,2.956906385,Market Cycle 4
227,3.096180894,Market Cycle 4
228,3.206985982,Market Cycle 4
229,3.240973092,Market Cycle 4
230,3.346739618,Market Cycle 4
231,3.392238142,Market Cycle 4
232,3.634967002,Market Cycle 4
233,3.507191543,Market Cycle 4
234,3.685235159,Market Cycle 4
235,3.65999289,Market Cycle 4
236,3.669423966,Market Cycle 4
237,3.497540996,Market Cycle 4
238,3.55213057,Market Cycle 4
239,3.517945627,Market Cycle 4
240,3.352173846,Market Cycle 4
241,3.106440395,Market Cycle 4
242,3.194794516,Market Cycle 4
243,3.206454305,Market Cycle 4
244,3.157778087,Market Cycle 4
245,3.199944359,Market Cycle 4
246,3.344591274,Market Cycle 4
247,3.332473996,Market Cycle 4
248,3.12222995,Market Cycle 4
249,3.12761472,Market Cycle 4
250,3.213038438,Market Cycle 4
251,3.126653375,Market Cycle 4
252,3.118727686,Market Cycle 4
253,3.1962659,Market Cycle 4
254,3.130882057,Market Cycle 4
255,3.002494552,Market Cycle 4
256,2.9249347,Market Cycle 4
257,2.957422606,Market Cycle 4
258,2.969088577,Market Cycle 4
259,3.020342808,Market Cycle 4
260,3.20568152,Market Cycle 4
261,3.282372761,Market Cycle 4
262,3.272784037,Market Cycle 4
263,3.270963355,Market Cycle 4
264,3.200151466,Market Cycle 4
265,3.23969645,Market Cycle 4
266,3.212902428,Market Cycle 4
267,3.196219533,Market Cycle 4
268,3.120854392,Market Cycle 4
269,3.125052163,Market Cycle 4
270,3.207384739,Market Cycle 4
271,3.189548848,Market Cycle 4
272,3.20116227,Market Cycle 4
273,3.18790436,Market Cycle 4
274,3.169966461,Market Cycle 4
275,3.160016074,Market Cycle 4
276,3.138294617,Market Cycle 4
277,3.163771812,Market Cycle 4
278,3.131342638,Market Cycle 4
279,3.092740452,Market Cycle 4
280,3.095321556,Market Cycle 4
281,2.995134542,Market Cycle 4
282,2.692854825,Market Cycle 4
283,2.604806726,Market Cycle 4
284,2.509509899,Market Cycle 4
285,2.537939135,Market Cycle 4
286,2.530814052,Market Cycle 4
287,2.490854855,Market Cycle 4
288,2.546925086,Market Cycle 4
289,2.572717578,Market Cycle 4
290,2.572275544,Market Cycle 4
291,2.548010077,Market Cycle 4
292,2.525886771,Market Cycle 4
293,2.513951871,Market Cycle 4
294,2.430698134,Market Cycle 4
295,2.543302267,Market Cycle 4
296,2.535874252,Market Cycle 4
297,2.660373101,Market Cycle 4
298,2.654923417,Market Cycle 4
299,2.570263211,Market Cycle 4
300,2.574145686,Market Cycle 4
301,2.557901733,Market Cycle 4
302,2.57212717,Market Cycle 4
303,2.514526823,Market Cycle 4
304,2.472017434,Market Cycle 4
305,2.488017187,Market Cycle 4
306,2.457365419,Market Cycle 4
307,2.455625106,Market Cycle 4
308,2.541194108,Market Cycle 4
309,2.541833975,Market Cycle 4
310,2.48423672,Market Cycle 4
311,2.298604349,Market Cycle 4
312,2.308217802,Market Cycle 4
313,2.665337475,Market Cycle 4
314,2.850036321,Market Cycle 4
315,2.957982102,Market Cycle 4
316,2.918650407,Market Cycle 4
317,2.918273288,Market Cycle 4
318,2.83593453,Market Cycle 4
319,2.824772415,Market Cycle 4
320,2.851180044,Market Cycle 4
321,2.883139364,Market Cycle 4
322,2.848898781,Market Cycle 4
323,2.913924051,Market Cycle 4
324,2.885924483,Market Cycle 4
325,2.885899754,Market Cycle 4
326,2.849643746,Market Cycle 4
327,2.726059875,Market Cycle 4
328,2.722548338,Market Cycle 4
329,2.794544134,Market Cycle 4
330,2.693349407,Market Cycle 4
331,2.709880836,Market Cycle 4
332,2.701309099,Market Cycle 4
333,2.666342097,Market Cycle 4
334,2.621922381,Market Cycle 4
335,2.623393765,Market Cycle 4
336,2.633245236,Market Cycle 4
337,2.539076676,Market Cycle 4
338,2.512291927,Market Cycle 4
339,2.488799246,Market Cycle 4
340,2.347209471,Market Cycle 4
341,2.239619171,Market Cycle 4
342,2.263526066,Market Cycle 4
343,2.16162965,Market Cycle 4
344,2.217848256,Market Cycle 4
345,2.211468138,Market Cycle 4
346,2.321982659,Market Cycle 4
347,2.292777546,Market Cycle 4
348,2.395029443,Market Cycle 4
349,2.332087603,Market Cycle 4
350,2.289463841,Market Cycle 4
351,2.265056182,Market Cycle 4
352,2.264274123,Market Cycle 4
353,2.233795459,Market Cycle 4
354,2.290453007,Market Cycle 4
355,2.319716851,Market Cycle 4
356,2.320545278,Market Cycle 4
357,2.32306765,Market Cycle 4
358,2.265887699,Market Cycle 4
359,2.238552727,Market Cycle 4
360,2.216920913,Market Cycle 4
361,2.21731967,Market Cycle 4
362,2.238636188,Market Cycle 4
363,2.188649325,Market Cycle 4
364,2.193950634,Market Cycle 4
365,2.126338078,Market Cycle 4
366,2.044129148,Market Cycle 4
367,2.242425929,Market Cycle 4
368,2.212404754,Market Cycle 4
369,2.215607178,Market Cycle 4
370,2.211412497,Market Cycle 4
371,2.299862444,Market Cycle 4
372,2.262141234,Market Cycle 4
373,2.238002504,Market Cycle 4
374,2.218571583,Market Cycle 4
375,2.216843635,Market Cycle 4
376,2.238676373,Market Cycle 4
377,2.263931006,Market Cycle 4
378,2.291698737,Market Cycle 4
379,2.239347151,Market Cycle 4
380,2.214914762,Market Cycle 4
381,2.214410906,Market Cycle 4
382,2.143212624,Market Cycle 4
383,2.263541522,Market Cycle 4
384,2.266453378,Market Cycle 4
385,2.266320459,Market Cycle 4
386,2.396655384,Market Cycle 4
387,2.507296641,Market Cycle 4
388,2.483791595,Market Cycle 4
389,2.419004343,Market Cycle 4
390,2.491689464,Market Cycle 4
391,2.485012596,Market Cycle 4
392,2.514270259,Market Cycle 4
393,2.512121915,Market Cycle 4
394,2.718545308,Market Cycle 4
395,2.72152517,Market Cycle 4
396,2.69251789,Market Cycle 4
397,2.754974421,Market Cycle 4
398,2.753793604,Market Cycle 4
399,2.678731395,Market Cycle 4
400,2.67611938,Market Cycle 4
401,2.691476175,Market Cycle 4
402,2.664196844,Market Cycle 4
403,2.578062163,Market Cycle 4
404,2.604074126,Market Cycle 4
405,2.574090045,Market Cycle 4
406,2.64564999,Market Cycle 4
407,2.753224834,Market Cycle 4
408,2.817112564,Market Cycle 4
409,2.883810142,Market Cycle 4
410,2.94588028,Market Cycle 4
411,2.889095995,Market Cycle 4
412,2.889939877,Market Cycle 4
413,2.892585895,Market Cycle 4
414,2.858419499,Market Cycle 4
415,2.822735352,Market Cycle 4
416,2.982071374,Market Cycle 4
417,3.008933401,Market Cycle 4
418,3.021022859,Market Cycle 4
419,3.055971314,Market Cycle 4
420,3.128270042,Market Cycle 4
421,3.051362421,Market Cycle 4
422,3.164220028,Market Cycle 4
423,3.198769725,Market Cycle 4
424,3.161991314,Market Cycle 4
425,3.198114403,Market Cycle 4
426,3.060305096,Market Cycle 4
427,3.051872459,Market Cycle 4
428,2.985926029,Market Cycle 4
429,3.141200291,Market Cycle 4
430,2.984331,Market Cycle 4
431,2.972294091,Market Cycle 4
432,2.98814856,Market Cycle 4
433,2.986896648,Market Cycle 4
434,3.07869121,Market Cycle 4
435,2.982485588,Market Cycle 4
436,2.88959676,Market Cycle 4
437,2.722004297,Market Cycle 4
438,2.709503717,Market Cycle 4
439,2.698032488,Market Cycle 4
440,2.66226488,Market Cycle 4
441,2.635412127,Market Cycle 4
442,2.752572603,Market Cycle 4
443,2.702595014,Market Cycle 4
444,2.696758937,Market Cycle 4
445,2.809539265,Market Cycle 4
446,2.82091776,Market Cycle 4
447,2.754167633,Market Cycle 4
448,2.53924978,Market Cycle 4
449,2.428042843,Market Cycle 4
450,2.45495742,Market Cycle 4
451,2.447269749,Market Cycle 4
452,1.718362931,Market Cycle 4
453,1.73989892,Market Cycle 4
454,1.630373565,Market Cycle 4
455,1.658978996,Market Cycle 4
456,1.548201728,Market Cycle 4
457,1.679442358,Market Cycle 4
458,1.6567441,Market Cycle 4
459,1.928501878,Market Cycle 4
460,1.918162007,Market Cycle 4
461,1.908480549,Market Cycle 4
462,1.822794084,Market Cycle 4
463,1.994865613,Market Cycle 4
464,2.089680221,Market Cycle 4
465,2.060407103,Market Cycle 4
466,2.085717377,Market Cycle 4
467,2.059578677,Market Cycle 4
468,1.92563948,Market Cycle 4
469,1.822942458,Market Cycle 4
470,1.997715646,Market Cycle 4
471,1.990902768,Market Cycle 4
472,2.060697671,Market Cycle 4
473,2.103417258,Market Cycle 4
474,2.087207307,Market Cycle 4
475,2.114990495,Market Cycle 4
476,2.092817731,Market Cycle 4
477,2.240738165,Market Cycle 4
478,2.214661288,Market Cycle 4
479,2.272725306,Market Cycle 4
480,2.262774918,Market Cycle 4
481,2.115849832,Market Cycle 4
482,2.118944066,Market Cycle 4
483,2.165515216,Market Cycle 4
484,2.116177493,Market Cycle 4
485,2.125790946,Market Cycle 4
486,2.046280583,Market Cycle 4
487,2.206800513,Market Cycle 4
488,2.188436037,Market Cycle 4
489,2.239748999,Market Cycle 4
490,2.215591722,Market Cycle 4
491,2.116607162,Market Cycle 4
492,2.136337924,Market Cycle 4
493,2.196661566,Market Cycle 4
494,2.32845242,Market Cycle 4
495,2.319222269,Market Cycle 4
496,2.322739989,Market Cycle 4
497,2.364238574,Market Cycle 4
498,2.397938208,Market Cycle 4
499,2.398275143,Market Cycle 4
500,2.699037109,Market Cycle 4
501,2.690035703,Market Cycle 4
502,2.735039644,Market Cycle 4
503,2.759778056,Market Cycle 4
504,2.753589589,Market Cycle 4
505,2.751938919,Market Cycle 4
506,2.769793357,Market Cycle 4
507,2.87782569,Market Cycle 4
508,3.058694611,Market Cycle 4
509,3.061386996,Market Cycle 4
510,2.9573546,Market Cycle 4
511,2.695275189,Market Cycle 4
512,2.65839477,Market Cycle 4
513,2.725117077,Market Cycle 4
514,2.883278466,Market Cycle 4
515,3.02145871,Market Cycle 4
516,2.896134527,Market Cycle 4
517,2.91124403,Market Cycle 4
518,3.013672123,Market Cycle 4
519,2.996791394,Market Cycle 4
520,2.995944421,Market Cycle 4
521,2.950659186,Market Cycle 4
522,2.810939553,Market Cycle 4
523,2.842626853,Market Cycle 4
524,2.847792152,Market Cycle 4
525,2.788847158,Market Cycle 4
526,2.753487581,Market Cycle 4
527,2.726001144,Market Cycle 4
528,2.818376841,Market Cycle 4
529,2.94864067,Market Cycle 4
530,2.916434058,Market Cycle 4
531,2.987845628,Market Cycle 4
532,2.918780235,Market Cycle 4
533,3.157493702,Market Cycle 4
534,2.941667053,Market Cycle 4
535,2.968621814,Market Cycle 4
536,3.024033632,Market Cycle 4
537,2.987041931,Market Cycle 4
538,2.986927559,Market Cycle 4
539,3.017242392,Market Cycle 4
540,3.015919383,Market Cycle 4
541,3.019891501,Market Cycle 4
542,3.055711658,Market Cycle 4
543,2.875770081,Market Cycle 4
544,2.917308851,Market Cycle 4
545,2.919046073,Market Cycle 4
546,2.887615338,Market Cycle 4
547,2.918353658,Market Cycle 4
548,2.939864917,Market Cycle 4
549,2.9179549,Market Cycle 4
550,2.889488571,Market Cycle 4
551,2.880199688,Market Cycle 4
552,2.885912119,Market Cycle 4
553,2.876060648,Market Cycle 4
554,2.985966214,Market Cycle 4
555,2.97542851,Market Cycle 4
556,2.867025239,Market Cycle 4
557,2.856397892,Market Cycle 4
558,2.825007341,Market Cycle 4
559,2.78608986,Market Cycle 4
560,2.820123337,Market Cycle 4
561,2.847742693,Market Cycle 4
562,2.820271711,Market Cycle 4
563,2.851810637,Market Cycle 4
564,2.824549852,Market Cycle 4
565,2.801391014,Market Cycle 4
566,2.819378371,Market Cycle 4
567,2.801848503,Market Cycle 4
568,2.882434584,Market Cycle 4
569,2.854320644,Market Cycle 4
570,2.918208374,Market Cycle 4
571,2.854586482,Market Cycle 4
572,2.858642061,Market Cycle 4
573,2.8527658,Market Cycle 4
574,2.872777855,Market Cycle 4
575,2.85284926,Market Cycle 4
576,2.857009938,Market Cycle 4
577,2.850577271,Market Cycle 4
578,2.820073878,Market Cycle 4
579,2.823365945,Market Cycle 4
580,2.824253103,Market Cycle 4
581,2.843393456,Market Cycle 4
582,2.825900682,Market Cycle 4
583,2.89002952,Market Cycle 4
584,2.951302144,Market Cycle 4
585,2.961165979,Market Cycle 4
586,2.952025471,Market Cycle 4
587,2.98814856,Market Cycle 4
588,3.059312839,Market Cycle 4
589,3.460070169,Market Cycle 4
590,3.390627656,Market Cycle 4
591,3.471226102,Market Cycle 4
592,3.4327692,Market Cycle 4
593,3.502415728,Market Cycle 4
594,3.611091019,Market Cycle 4
595,3.430265375,Market Cycle 4
596,3.469031391,Market Cycle 4
597,3.465887699,Market Cycle 4
598,3.598624442,Market Cycle 4
599,3.634271495,Market Cycle 4
600,3.591193335,Market Cycle 4
601,3.632021143,Market Cycle 4
602,3.602927312,Market Cycle 4
603,3.674156505,Market Cycle 4
604,3.510771085,Market Cycle 4
605,3.584309362,Market Cycle 4
606,3.631440009,Market Cycle 4
607,3.634401323,Market Cycle 4
608,3.674589264,Market Cycle 4
609,3.67417196,Market Cycle 4
610,3.807666033,Market Cycle 4
611,3.719246998,Market Cycle 4
612,3.63390674,Market Cycle 4
613,3.67103136,Market Cycle 4
614,3.619205267,Market Cycle 4
615,3.596457551,Market Cycle 4
616,3.594785243,Market Cycle 4
617,3.633140137,Market Cycle 4
618,3.509797376,Market Cycle 4
619,3.549459823,Market Cycle 4
620,3.505519235,Market Cycle 4
621,3.550687006,Market Cycle 4
622,3.549920403,Market Cycle 4
623,3.602071065,Market Cycle 4
624,3.598868642,Market Cycle 4
625,3.710523794,Market Cycle 4
626,3.516226952,Market Cycle 4
627,3.315389252,Market Cycle 4
628,3.238490904,Market Cycle 4
629,3.123685878,Market Cycle 4
630,3.162795011,Market Cycle 4
631,3.201561027,Market Cycle 4
632,3.124863603,Market Cycle 4
633,3.165465758,Market Cycle 4
634,3.199489962,Market Cycle 4
635,3.20089334,Market Cycle 4
636,3.231838766,Market Cycle 4
637,3.195153089,Market Cycle 4
638,3.295565756,Market Cycle 4
639,3.341864886,Market Cycle 4
640,3.394058824,Market Cycle 4
641,3.389109906,Market Cycle 4
642,3.381987914,Market Cycle 4
643,3.426342715,Market Cycle 4
644,3.35592031,Market Cycle 4
645,3.240141574,Market Cycle 4
646,3.241415125,Market Cycle 4
647,3.164325126,Market Cycle 4
648,3.30821162,Market Cycle 4
649,3.310288867,Market Cycle 4
650,3.313664395,Market Cycle 4
651,3.313525293,Market Cycle 4
652,3.352881717,Market Cycle 4
653,3.335932984,Market Cycle 4
654,3.318236194,Market Cycle 4
655,3.276629418,Market Cycle 4
656,3.269498153,Market Cycle 4
657,3.272187447,Market Cycle 4
658,3.293757438,Market Cycle 4
659,3.314118793,Market Cycle 4
660,3.275006569,Market Cycle 4
661,3.28434491,Market Cycle 4
662,3.355608105,Market Cycle 4
663,3.425310273,Market Cycle 4
664,3.505692339,Market Cycle 4
665,3.509494444,Market Cycle 4
666,3.593301495,Market Cycle 4
667,3.541744332,Market Cycle 4
668,3.513287275,Market Cycle 4
669,3.546170847,Market Cycle 4
670,3.50967373,Market Cycle 4
671,3.50910496,Market Cycle 4
672,3.54761132,Market Cycle 4
673,3.629195839,Market Cycle 4
674,3.677912242,Market Cycle 4
675,3.987017202,Market Cycle 4
676,4.041696419,Market Cycle 4
677,3.991771379,Market Cycle 4
678,4.034840265,Market Cycle 4
679,4.027504984,Market Cycle 4
680,4.025702848,Market Cycle 4
681,4.223050648,Market Cycle 4
682,4.090344817,Market Cycle 4
683,4.169295683,Market Cycle 4
684,4.204309052,Market Cycle 4
685,4.265087093,Market Cycle 4
686,4.25701612,Market Cycle 4
687,4.214757113,Market Cycle 4
688,4.30098762,Market Cycle 4
689,4.365323565,Market Cycle 4
690,4.825835768,Market Cycle 4
691,4.838456902,Market Cycle 4
692,4.579171883,Market Cycle 4
693,4.785060509,Market Cycle 4
694,4.733246781,Market Cycle 4
695,4.730350381,Market Cycle 4
696,4.856329887,Market Cycle 4
697,5.018611768,Market Cycle 4
698,5.032030417,Market Cycle 4
699,4.958155206,Market Cycle 4
700,4.946520147,Market Cycle 4
701,5.184983231,Market Cycle 4
702,5.447563407,Market Cycle 4
703,5.494919708,Market Cycle 4
704,5.500965982,Market Cycle 4
705,5.756918749,Market Cycle 4
706,5.759969707,Market Cycle 4
707,5.750594272,Market Cycle 4
708,5.689516391,Market Cycle 4
709,5.914053879,Market Cycle 4
710,5.806970526,Market Cycle 4
711,5.298969104,Market Cycle 4
712,5.251074945,Market Cycle 4
713,5.494935163,Market Cycle 4
714,5.621032132,Market Cycle 4
715,6.030033539,Market Cycle 4
716,5.827668815,Market Cycle 4
717,5.921015131,Market Cycle 4
718,6.022259316,Market Cycle 4
719,5.81298898,Market Cycle 4
720,5.890307723,Market Cycle 4
721,5.962795011,Market Cycle 4
722,5.902251897,Market Cycle 4
723,5.809186875,Market Cycle 4
724,5.750748829,Market Cycle 4
725,5.679077603,Market Cycle 4
726,5.576309485,Market Cycle 4
727,5.818491213,Market Cycle 4
728,5.898261232,Market Cycle 4
729,5.952847715,Market Cycle 4
730,6.018930156,Market Cycle 4
731,6.603965936,Market Cycle 4
732,7.037405913,Market Cycle 4
733,7.0860234,Market Cycle 4
734,7.390581289,Market Cycle 4
735,7.260784223,Market Cycle 4
736,7.153163011,Market Cycle 4
737,7.30171713,Market Cycle 4
738,7.239272963,Market Cycle 4
739,7.289232006,Market Cycle 4
740,7.590102162,Market Cycle 4
741,8.180247601,Market Cycle 4
742,8.174881377,Market Cycle 4
743,8.303819106,Market Cycle 4
744,8.389888873,Market Cycle 4
745,8.907435743,Market Cycle 4
746,8.966998964,Market Cycle 4
747,9.060394739,Market Cycle 4
748,9.887636976,Market Cycle 4
749,10.33203196,Market Cycle 4
750,9.692508617,Market Cycle 4
751,10.49897838,Market Cycle 4
752,11.22042627,Market Cycle 4
753,12.10399839,Market Cycle 4
754,12.6053384,Market Cycle 4
755,12.46409484,Market Cycle 4
756,11.88874051,Market Cycle 4
757,10.82720205,Market Cycle 4
758,10.37499266,Market Cycle 4
759,11.51837839,Market Cycle 4
760,12.0263829,Market Cycle 4
761,11.29641891,Market Cycle 4
762,11.11318527,Market Cycle 4
763,11.21800281,Market Cycle 4
764,11.22926384,Market Cycle 4
765,11.24448772,Market Cycle 4
766,10.83093924,Market Cycle 4
767,9.622469514,Market Cycle 4
768,10.35059736,Market Cycle 4
769,9.888749787,Market Cycle 4
770,9.909497535,Market Cycle 4
771,10.01860249,Market Cycle 4
772,10.09650546,Market Cycle 4
773,9.37185824,Market Cycle 4
774,10.35506716,Market Cycle 4
775,10.64051251,Market Cycle 4
776,10.59887792,Market Cycle 4
777,10.2246364,Market Cycle 4
778,10.40227817,Market Cycle 4
779,10.99204031,Market Cycle 4
780,11.59504799,Market Cycle 4
781,11.49744517,Market Cycle 4
782,11.74247075,Market Cycle 4
783,12.16763574,Market Cycle 4
784,12.00187632,Market Cycle 4
785,13.83252809,Market Cycle 4
786,14.43996847,Market Cycle 4
787,13.94962984,Market Cycle 4
788,14.783076,Market Cycle 4
789,14.75954313,Market Cycle 4
790,14.61670453,Market Cycle 4
791,15.14109519,Market Cycle 4
792,14.94003184,Market Cycle 4
793,15.14682308,Market Cycle 4
794,16.10728119,Market Cycle 4
795,16.02528554,Market Cycle 4
796,17.19548384,Market Cycle 4
797,17.20268311,Market Cycle 4
798,17.77706682,Market Cycle 4
799,16.7827607,Market Cycle 4
800,14.97086907,Market Cycle 4
801,15.2944004,Market Cycle 4
802,14.88859523,Market Cycle 4
803,14.25185391,Market Cycle 4
804,14.48227694,Market Cycle 4
805,14.01226256,Market Cycle 4
806,15.25861424,Market Cycle 4
807,14.82350505,Market Cycle 4
808,15.69861671,Market Cycle 4
809,14.94447072,Market Cycle 4
810,15.12909847,Market Cycle 4
811,15.09308357,Market Cycle 4
812,15.76570687,Market Cycle 4
813,16.0233814,Market Cycle 4
814,16.85634843,Market Cycle 4
815,17.50257647,Market Cycle 4
816,17.82010479,Market Cycle 4
817,17.71223938,Market Cycle 4
818,18.86907467,Market Cycle 4
819,18.62543392,Market Cycle 4
820,17.40673869,Market Cycle 4
821,17.41061498,Market Cycle 4
822,18.1298218,Market Cycle 4
823,17.81809246,Market Cycle 4
824,18.01189472,Market Cycle 4
825,18.01903525,Market Cycle 4
826,17.79463687,Market Cycle 4
827,16.82042009,Market Cycle 4
828,16.84648769,Market Cycle 4
829,16.241004,Market Cycle 4
830,16.12401045,Market Cycle 4
831,16.84752322,Market Cycle 4
832,17.35628197,Market Cycle 4
833,17.18100802,Market Cycle 4
834,17.80866138,Market Cycle 4
835,18.18931083,Market Cycle 4
836,18.19544366,Market Cycle 4
837,18.20345281,Market Cycle 4
838,18.24292669,Market Cycle 4
839,17.78671427,Market Cycle 4
840,17.99544675,Market Cycle 4
841,18.19545911,Market Cycle 4
842,17.98498014,Market Cycle 4
843,17.40191342,Market Cycle 4
844,17.83195932,Market Cycle 4
845,17.97969119,Market Cycle 4
846,18.3435341,Market Cycle 4
847,18.49632,Market Cycle 4
848,18.52426701,Market Cycle 4
849,19.51231666,Market Cycle 4
850,19.48357831,Market Cycle 4
851,19.52542619,Market Cycle 4
852,19.10076506,Market Cycle 4
853,18.83443533,Market Cycle 4
854,17.40985456,Market Cycle 4
855,17.37603746,Market Cycle 4
856,17.43679696,Market Cycle 4
857,16.82735043,Market Cycle 4
858,16.03934715,Market Cycle 4
859,15.68252114,Market Cycle 4
860,15.54090354,Market Cycle 4
861,14.99297692,Market Cycle 4
862,16.60026584,Market Cycle 4
863,16.99645446,Market Cycle 4
864,16.91860713,Market Cycle 4
865,16.50020556,Market Cycle 4
866,17.64252794,Market Cycle 4
867,17.81132285,Market Cycle 4
868,17.44041359,Market Cycle 4
869,17.73588971,Market Cycle 4
870,16.64891424,Market Cycle 4
871,17.69570795,Market Cycle 4
872,17.44340273,Market Cycle 4
873,17.7520842,Market Cycle 4
874,18.19180538,Market Cycle 4
875,17.9971376,Market Cycle 4
876,17.23255282,Market Cycle 4
877,17.42892691,Market Cycle 4
878,16.19440503,Market Cycle 4
879,15.23613545,Market Cycle 4
880,15.50570779,Market Cycle 4
881,14.95029134,Market Cycle 4
882,14.15602232,Market Cycle 4
883,13.35250769,Market Cycle 4
884,13.23016646,Market Cycle 4
885,12.13197632,Market Cycle 4
886,12.68694147,Market Cycle 4
887,11.4768798,Market Cycle 4
888,11.63406748,Market Cycle 4
889,10.61882197,Market Cycle 4
890,11.89050556,Market Cycle 4
891,11.81615122,Market Cycle 4
892,12.02910311,Market Cycle 4
893,12.00795351,Market Cycle 4
894,10.86868518,Market Cycle 4
895,10.70634148,Market Cycle 4
896,11.02966878,Market Cycle 4
897,11.46366517,Market Cycle 4
898,11.29845288,Market Cycle 4
899,11.62421601,Market Cycle 4
900,12.04427752,Market Cycle 4
901,11.40368155,Market Cycle 4
902,10.91474939,Market Cycle 4
903,11.05220939,Market Cycle 4
904,10.49258899,Market Cycle 4
905,10.35806556,Market Cycle 4
906,11.507275,Market Cycle 4
907,11.35992952,Market Cycle 4
908,11.49036955,Market Cycle 4
909,11.0668985,Market Cycle 4
910,12.02332885,Market Cycle 4
911,12.45531599,Market Cycle 4
912,12.43207678,Market Cycle 4
913,11.86552294,Market Cycle 4
914,11.72646482,Market Cycle 4
915,10.97364801,Market Cycle 4
916,10.99979289,Market Cycle 4
917,10.9841919,Market Cycle 4
918,9.788315482,Market Cycle 4
919,10.02909383,Market Cycle 4
920,10.35025116,Market Cycle 4
921,10.72074002,Market Cycle 4
922,9.799737253,Market Cycle 4
923,9.760108808,Market Cycle 4
924,10.12301201,Market Cycle 4
925,10.60789787,Market Cycle 4
926,11.12551274,Market Cycle 4
927,10.73214943,Market Cycle 4
928,10.34479529,Market Cycle 4
929,10.3660778,Market Cycle 4
930,10.7024961,Market Cycle 4
931,10.98218575,Market Cycle 4
932,10.48400179,Market Cycle 4
933,10.50409731,Market Cycle 4
934,10.53198869,Market Cycle 4
935,10.11588693,Market Cycle 4
936,10.47601428,Market Cycle 4
937,10.36509173,Market Cycle 4
938,10.59940341,Market Cycle 4
939,10.23379855,Market Cycle 4
940,10.09432003,Market Cycle 4
941,10.13110771,Market Cycle 4
942,9.791721921,Market Cycle 4
943,9.746770529,Market Cycle 4
944,9.774046769,Market Cycle 4
945,9.778760761,Market Cycle 4
946,9.554588028,Market Cycle 4
947,9.172207539,Market Cycle 4
948,9.892486979,Market Cycle 4
949,9.994998532,Market Cycle 4
950,10.254163,Market Cycle 4
951,10.55748134,Market Cycle 4
952,10.77565725,Market Cycle 4
953,11.58511306,Market Cycle 4
954,12.03426531,Market Cycle 4
955,12.31218374,Market Cycle 4
956,12.36702369,Market Cycle 4
957,12.80197524,Market Cycle 4
958,12.90196133,Market Cycle 4
959,12.44703791,Market Cycle 4
960,12.16323395,Market Cycle 4
961,11.88353503,Market Cycle 4
962,12.29980989,Market Cycle 4
963,12.64007048,Market Cycle 4
964,13.19280073,Market Cycle 4
965,13.6667594,Market Cycle 4
966,13.63061158,Market Cycle 4
967,14.27729401,Market Cycle 4
968,14.03363781,Market Cycle 4
969,14.13906431,Market Cycle 4
970,13.68787499,Market Cycle 4
971,14.73622664,Market Cycle 4
972,14.51087928,Market Cycle 4
973,14.54926508,Market Cycle 4
974,14.20153012,Market Cycle 4
975,13.81866741,Market Cycle 4
976,13.88232021,Market Cycle 4
977,14.42888054,Market Cycle 4
978,15.14279841,Market Cycle 4
979,15.17740684,Market Cycle 4
980,15.26437304,Market Cycle 4
981,15.3179209,Market Cycle 4
982,14.83280629,Market Cycle 4
983,15.13855736,Market Cycle 4
984,14.61371231,Market Cycle 4
985,15.13973818,Market Cycle 4
986,15.11250831,Market Cycle 4
987,15.15437783,Market Cycle 4
988,14.66472852,Market Cycle 4
989,14.53979691,Market Cycle 4
990,14.97569435,Market Cycle 4
991,15.30234463,Market Cycle 4
992,15.34541352,Market Cycle 4
993,15.38540672,Market Cycle 4
994,16.02214185,Market Cycle 4
995,16.22919893,Market Cycle 4
996,14.46370535,Market Cycle 4
997,14.36693405,Market Cycle 4
998,14.32155608,Market Cycle 4
999,13.82122997,Market Cycle 4
1000,13.97333581,Market Cycle 4
1001,14.28286116,Market Cycle 4
1002,13.93684178,Market Cycle 4
1003,14.48565246,Market Cycle 4
1004,14.88765861,Market Cycle 4
1005,14.78425063,Market Cycle 4
1006,14.60996893,Market Cycle 4
1007,14.84283396,Market Cycle 4
1008,14.62009552,Market Cycle 4
1009,13.23015718,Market Cycle 4
1010,12.59685013,Market Cycle 4
1011,13.47355373,Market Cycle 4
1012,13.81330428,Market Cycle 4
1013,13.20161049,Market Cycle 4
1014,13.18750869,Market Cycle 4
1015,13.34558044,Market Cycle 4
1016,13.30725027,Market Cycle 4
1017,12.82642927,Market Cycle 4
1018,12.74551243,Market Cycle 4
1019,13.50616528,Market Cycle 4
1020,14.82437675,Market Cycle 4
1021,14.85991561,Market Cycle 4
1022,14.83798396,Market Cycle 4
1023,15.18476994,Market Cycle 4
1024,15.87213799,Market Cycle 4
1025,17.04524196,Market Cycle 4
1026,16.63030865,Market Cycle 4
1027,16.70142347,Market Cycle 4
1028,16.99159828,Market Cycle 4
1029,16.97573762,Market Cycle 4
1030,17.64349237,Market Cycle 4
1031,17.3522264,Market Cycle 4
1032,17.76780884,Market Cycle 4
1033,17.7694997,Market Cycle 4
1034,18.93694997,Market Cycle 4
1035,18.82878781,Market Cycle 4
1036,18.91069381,Market Cycle 4
1037,19.08107448,Market Cycle 4
1038,19.87522604,Market Cycle 4
1039,20.42679711,Market Cycle 4
1040,19.28848704,Market Cycle 4
1041,18.79095532,Market Cycle 4
1042,18.86458015,Market Cycle 4
1043,18.83900094,Market Cycle 4
1044,19.48920419,Market Cycle 4
1045,18.64028068,Market Cycle 4
1046,18.10039412,Market Cycle 4
1047,18.69027063,Market Cycle 4
1048,19.27358464,Market Cycle 4
1049,19.06256163,Market Cycle 4
1050,19.00339717,Market Cycle 4
1051,18.84659588,Market Cycle 4
1052,19.48021823,Market Cycle 4
1053,19.48551954,Market Cycle 4
1054,18.99352715,Market Cycle 4
1055,18.84359129,Market Cycle 4
1056,19.0087232,Market Cycle 4
1057,19.48422745,Market Cycle 4
1058,20.46913649,Market Cycle 4
1059,20.81267987,Market Cycle 4
1060,19.9770359,Market Cycle 4
1061,20.14411215,Market Cycle 4
1062,19.75087557,Market Cycle 4
1063,19.92933958,Market Cycle 4
1064,20.01400287,Market Cycle 4
1065,19.73764239,Market Cycle 4
1066,18.72214649,Market Cycle 4
1067,18.56305467,Market Cycle 4
1068,17.56612108,Market Cycle 4
1069,17.90815907,Market Cycle 4
1070,18.42590068,Market Cycle 4
1071,18.25329129,Market Cycle 4
1072,17.4199626,Market Cycle 4
1073,17.78912536,Market Cycle 4
1074,17.61558245,Market Cycle 4
1075,18.2123182,Market Cycle 4
1076,16.69444676,Market Cycle 4
1077,16.89790266,Market Cycle 4
1078,17.67166195,Market Cycle 4
1079,17.98163243,Market Cycle 4
1080,17.75616142,Market Cycle 4
1081,17.60548678,Market Cycle 4
1082,17.55882289,Market Cycle 4
1083,16.584297,Market Cycle 4
1084,15.16064976,Market Cycle 4
1085,15.20063059,Market Cycle 4
1086,15.65071019,Market Cycle 4
1087,15.6110972,Market Cycle 4
1088,15.64160678,Market Cycle 4
1089,14.81990696,Market Cycle 4
1090,14.68170817,Market Cycle 4
1091,15.166254,Market Cycle 4
1092,15.49660747,Market Cycle 4
1093,14.45732523,Market Cycle 4
1094,14.93760529,Market Cycle 4
1095,15.12190538,Market Cycle 4
1096,14.79316548,Market Cycle 4
1097,14.31874932,Market Cycle 4
1098,14.46384445,Market Cycle 4
1099,14.4830559,Market Cycle 4
1100,14.48086737,Market Cycle 4
1101,15.148211,Market Cycle 4
1102,15.05070092,Market Cycle 4
1103,15.67579172,Market Cycle 4
1104,15.6849075,Market Cycle 4
1105,15.6644565,Market Cycle 4
1106,15.67843465,Market Cycle 4
1107,15.69330922,Market Cycle 4
1108,14.75412127,Market Cycle 4
1109,14.61022241,Market Cycle 4
1110,14.59851007,Market Cycle 4
1111,14.30550687,Market Cycle 4
1112,14.63106289,Market Cycle 4
1113,14.6237987,Market Cycle 4
1114,14.29363688,Market Cycle 4
1115,14.2805799,Market Cycle 4
1116,13.43993447,Market Cycle 4
1117,13.33895612,Market Cycle 4
1118,12.87004838,Market Cycle 4
1119,12.90765212,Market Cycle 4
1120,12.91343256,Market Cycle 4
1121,12.89145763,Market Cycle 4
1122,13.19645755,Market Cycle 4
1123,13.5583314,Market Cycle 4
1124,13.18699247,Market Cycle 4
1125,13.33759293,Market Cycle 4
1126,13.34350319,Market Cycle 4
1127,13.34068716,Market Cycle 4
1128,13.02567194,Market Cycle 4
1129,13.14007511,Market Cycle 4
1130,12.89947914,Market Cycle 4
1131,12.61054698,Market Cycle 4
1132,11.27300042,Market Cycle 4
1133,10.83327615,Market Cycle 4
1134,10.97556761,Market Cycle 4
1135,11.32743852,Market Cycle 4
1136,11.36778411,Market Cycle 4
1137,11.36096505,Market Cycle 4
1138,11.37543469,Market Cycle 4
1139,11.64499467,Market Cycle 4
1140,11.75636853,Market Cycle 4
1141,11.74502094,Market Cycle 4
1142,11.8888858,Market Cycle 4
1143,11.97982102,Market Cycle 4
1144,11.42626853,Market Cycle 4
1145,11.4407598,Market Cycle 4
1146,12.56008408,Market Cycle 4
1147,12.87629558,Market Cycle 4
1148,12.93803805,Market Cycle 4
1149,13.58325528,Market Cycle 4
1150,13.64520796,Market Cycle 4
1151,13.75424491,Market Cycle 4
1152,13.51480812,Market Cycle 4
1153,13.08792754,Market Cycle 4
1154,13.0334678,Market Cycle 4
1155,13.04247539,Market Cycle 4
1156,13.1763033,Market Cycle 4
1157,13.65037016,Market Cycle 4
1158,13.64248775,Market Cycle 4
1159,12.58762307,Market Cycle 4
1160,12.34312916,Market Cycle 4
1161,12.35924947,Market Cycle 4
1162,11.90997975,Market Cycle 4
1163,11.56643019,Market Cycle 4
1164,11.75750916,Market Cycle 4
1165,11.55104867,Market Cycle 4
1166,11.82911547,Market Cycle 4
1167,12.14862521,Market Cycle 4
1168,12.11709247,Market Cycle 4
1169,11.62132579,Market Cycle 4
1170,13.33881702,Market Cycle 4
1171,13.56512882,Market Cycle 4
1172,13.6277801,Market Cycle 4
1173,13.14402869,Market Cycle 4
1174,12.03718026,Market Cycle 4
1175,12.16481044,Market Cycle 4
1176,11.89742662,Market Cycle 4
1177,11.79059675,Market Cycle 4
1178,11.907275,Market Cycle 4
1179,12.95095903,Market Cycle 4
1180,12.17400658,Market Cycle 4
1181,12.02119596,Market Cycle 4
1182,12.04433625,Market Cycle 4
1183,11.65407026,Market Cycle 4
1184,12.23998083,Market Cycle 4
1185,12.1718026,Market Cycle 4
1186,12.69331231,Market Cycle 4
1187,12.62231496,Market Cycle 4
1188,12.89582541,Market Cycle 4
1189,13.02586668,Market Cycle 4
1190,12.74876122,Market Cycle 4
1191,12.72060401,Market Cycle 4
1192,13.15930202,Market Cycle 4
1193,13.16154001,Market Cycle 4
1194,13.60133228,Market Cycle 4
1195,13.66881192,Market Cycle 4
1196,13.76027264,Market Cycle 4
1197,14.44615385,Market Cycle 4
1198,14.63373364,Market Cycle 4
1199,14.62510317,Market Cycle 4
1200,14.5693606,Market Cycle 4
1201,14.12791765,Market Cycle 4
1202,14.29089195,Market Cycle 4
1203,14.27416887,Market Cycle 4
1204,14.33227307,Market Cycle 4
1205,14.44385095,Market Cycle 4
1206,14.13616791,Market Cycle 4
1207,13.46629882,Market Cycle 4
1208,13.48248404,Market Cycle 4
1209,13.04303797,Market Cycle 4
1210,13.17801889,Market Cycle 4
1211,13.04155423,Market Cycle 4
1212,12.29000788,Market Cycle 4
1213,12.33920959,Market Cycle 4
1214,12.73843063,Market Cycle 4
1215,12.30973864,Market Cycle 4
1216,12.47231727,Market Cycle 4
1217,12.47213181,Market Cycle 4
1218,12.2889198,Market Cycle 4
1219,12.59892428,Market Cycle 4
1220,12.76992009,Market Cycle 4
1221,12.79743126,Market Cycle 4
1222,12.46380736,Market Cycle 4
1223,12.29347614,Market Cycle 4
1224,12.30694425,Market Cycle 4
1225,12.19354569,Market Cycle 4
1226,12.46705615,Market Cycle 4
1227,11.7823063,Market Cycle 4
1228,12.11395805,Market Cycle 4
1229,12.3017975,Market Cycle 4
1230,11.90388093,Market Cycle 4
1231,11.65175809,Market Cycle 4
1232,11.88437582,Market Cycle 4
1233,11.90363055,Market Cycle 4
1234,11.63024065,Market Cycle 4
1235,12.25950449,Market Cycle 4
1236,11.23502882,Market Cycle 4
1237,11.10967373,Market Cycle 4
1238,10.9455588,Market Cycle 4
1239,10.5566931,Market Cycle 4
1240,9.610747902,Market Cycle 4
1241,9.56038392,Market Cycle 4
1242,8.89665693,Market Cycle 4
1243,8.974009675,Market Cycle 4
1244,9.093009382,Market Cycle 4
1245,9.281788535,Market Cycle 4
1246,9.623195932,Market Cycle 4
1247,9.25536545,Market Cycle 4
1248,9.421906926,Market Cycle 4
1249,8.938106057,Market Cycle 4
1250,9.332443084,Market Cycle 4
1251,9.024450936,Market Cycle 4
1252,9.099911902,Market Cycle 4
1253,9.341203382,Market Cycle 4
1254,9.014228528,Market Cycle 4
1255,9.123892985,Market Cycle 4
1256,9.146387227,Market Cycle 4
1257,9.102715569,Market Cycle 4
1258,8.884963138,Market Cycle 4
1259,8.935308573,Market Cycle 4
1260,9.066116443,Market Cycle 4
1261,9.777267739,Market Cycle 4
1262,9.823421585,Market Cycle 4
1263,9.218494305,Market Cycle 4
1264,9.431712029,Market Cycle 4
1265,9.14701782,Market Cycle 4
1266,9.222395326,Market Cycle 4
1267,9.240524876,Market Cycle 4
1268,9.668607904,Market Cycle 4
1269,9.657560161,Market Cycle 4
1270,9.339948378,Market Cycle 4
1271,9.282304756,Market Cycle 4
1272,9.011641242,Market Cycle 4
1273,8.764563144,Market Cycle 4
1274,8.355394816,Market Cycle 4
1275,6.911948811,Market Cycle 4
1276,6.838472357,Market Cycle 4
1277,6.941883433,Market Cycle 4
1278,6.28296626,Market Cycle 4
1279,6.322056846,Market Cycle 4
1280,5.886740545,Market Cycle 4
1281,6.325960959,Market Cycle 4
1282,6.311472775,Market Cycle 4
1283,6.445810729,Market Cycle 4
1284,6.178627842,Market Cycle 4
1285,6.525067619,Market Cycle 4
1286,6.60208343,Market Cycle 4
1287,6.613715399,Market Cycle 4
1288,6.531181898,Market Cycle 4
1289,6.412769509,Market Cycle 4
1290,6.266060803,Market Cycle 4
1291,6.227517349,Market Cycle 4
1292,5.878493377,Market Cycle 4
1293,5.968872197,Market Cycle 4
1294,5.959150554,Market Cycle 4
1295,5.95705476,Market Cycle 4
1296,6.230608491,Market Cycle 4
1297,6.269461059,Market Cycle 4
1298,6.326916122,Market Cycle 4
1299,6.685522635,Market Cycle 4
1300,6.75231913,Market Cycle 4
1301,6.68174835,Market Cycle 4
1302,6.444883387,Market Cycle 4
1303,6.176936987,Market Cycle 4
1304,5.97369747,Market Cycle 4
1305,6.146470688,Market Cycle 4
1306,6.336965426,Market Cycle 4
1307,6.458351494,Market Cycle 4
1308,6.537333272,Market Cycle 4
1309,6.458271124,Market Cycle 4
1310,6.696613654,Market Cycle 4
1311,7.24605493,Market Cycle 4
1312,7.198092765,Market Cycle 4
1313,7.154003802,Market Cycle 4
1314,7.00595354,Market Cycle 4
1315,6.92983416,Market Cycle 4
1316,7.007267276,Market Cycle 4
1317,6.689488571,Market Cycle 4
1318,6.531763033,Market Cycle 4
1319,7.058209301,Market Cycle 4
1320,7.384281541,Market Cycle 4
1321,7.411081745,Market Cycle 4
1322,7.319429375,Market Cycle 4
1323,7.201727949,Market Cycle 4
1324,7.194173197,Market Cycle 4
1325,7.128909909,Market Cycle 4
1326,7.077779323,Market Cycle 4
1327,6.996006244,Market Cycle 4
1328,7.162464259,Market Cycle 4
1329,7.111608785,Market Cycle 4
1330,7.161144341,Market Cycle 4
1331,7.350829199,Market Cycle 4
1332,7.158257214,Market Cycle 4
1333,7.397848565,Market Cycle 4
1334,7.438021051,Market Cycle 4
1335,7.506894793,Market Cycle 4
1336,7.55884144,Market Cycle 4
1337,7.502273535,Market Cycle 4
1338,7.417798798,Market Cycle 4
1339,7.382967806,Market Cycle 4
1340,7.225675028,Market Cycle 4
1341,7.190049613,Market Cycle 4
1342,6.467303442,Market Cycle 4
1343,6.529614689,Market Cycle 4
1344,6.674437798,Market Cycle 4
1345,6.54241511,Market Cycle 4
1346,6.654917235,Market Cycle 4
1347,6.633220507,Market Cycle 4
1348,6.680960109,Market Cycle 4
1349,6.250496901,Market Cycle 4
1350,6.178312545,Market Cycle 4
1351,6.097321525,Market Cycle 4
1352,6.240781441,Market Cycle 4
1353,6.11993014,Market Cycle 4
1354,6.189796139,Market Cycle 4
1355,6.199851625,Market Cycle 4
1356,6.167487365,Market Cycle 4
1357,6.103006136,Market Cycle 4
1358,6.151558709,Market Cycle 4
1359,6.102230259,Market Cycle 4
1360,5.826163429,Market Cycle 4
1361,5.959700777,Market Cycle 4
1362,5.959017635,Market Cycle 4
1363,6.603434259,Market Cycle 4
1364,6.691658552,Market Cycle 4
1365,6.687028021,Market Cycle 4
1366,6.914573191,Market Cycle 4
1367,6.236694951,Market Cycle 4
1368,6.245789091,Market Cycle 4
1369,6.096106706,Market Cycle 4
1370,6.094944437,Market Cycle 4
1371,6.230336471,Market Cycle 4
1372,6.015845196,Market Cycle 4
1373,6.029718242,Market Cycle 4
1374,5.825353549,Market Cycle 4
1375,5.708075609,Market Cycle 4
1376,5.973580006,Market Cycle 4
1377,5.959657501,Market Cycle 4
1378,5.827826463,Market Cycle 4
1379,5.81718366,Market Cycle 4
1380,5.917444862,Market Cycle 4
1381,5.892072765,Market Cycle 4
1382,6.026930032,Market Cycle 4
1383,6.027158777,Market Cycle 4
1384,6.00205561,Market Cycle 4
1385,5.960417922,Market Cycle 4
1386,5.882737516,Market Cycle 4
1387,6.046147664,Market Cycle 4
1388,6.273587734,Market Cycle 4
1389,6.229674966,Market Cycle 4
1390,6.166745491,Market Cycle 4
1391,6.029424584,Market Cycle 4
1392,6.000896431,Market Cycle 4
1393,6.005832986,Market Cycle 4
1394,5.904375512,Market Cycle 4
1395,5.887828627,Market Cycle 4
1396,5.909182238,Market Cycle 4
1397,5.975079211,Market Cycle 4
1398,5.910718536,Market Cycle 4
1399,5.890851764,Market Cycle 4
1400,5.955339176,Market Cycle 4
1401,6.03090215,Market Cycle 4
1402,5.96422621,Market Cycle 4
1403,5.900137556,Market Cycle 4
1404,5.886793094,Market Cycle 4
1405,5.919246998,Market Cycle 4
1406,5.934307043,Market Cycle 4
1407,6.032506453,Market Cycle 4
1408,5.969104032,Market Cycle 4
1409,6.213220816,Market Cycle 4
1410,6.439170956,Market Cycle 4
1411,6.251668444,Market Cycle 4
1412,6.382643236,Market Cycle 4
1413,6.41371849,Market Cycle 4
1414,6.37889368,Market Cycle 4
1415,6.314755568,Market Cycle 4
1416,6.316362962,Market Cycle 4
1417,6.235347213,Market Cycle 4
1418,6.240141574,Market Cycle 4
1419,6.533086042,Market Cycle 4
1420,6.595848596,Market Cycle 4
1421,6.517766341,Market Cycle 4
1422,6.369230769,Market Cycle 4
1423,5.732273072,Market Cycle 4
1424,4.862054682,Market Cycle 4
1425,5.479247616,Market Cycle 4
1426,5.202819122,Market Cycle 4
1427,5.186998655,Market Cycle 4
1428,5.063448787,Market Cycle 4
1429,5.077528941,Market Cycle 4
1430,5.195115995,Market Cycle 4
1431,5.131438463,Market Cycle 4
1432,5.146207941,Market Cycle 4
1433,5.133392065,Market Cycle 4
1434,5.172408464,Market Cycle 4
0,1,Market Cycle 5
1,1.023901303,Market Cycle 5
2,1.052786282,Market Cycle 5
3,1.054294098,Market Cycle 5
4,1.049745858,Market Cycle 5
5,1.043689166,Market Cycle 5
6,1.045264364,Market Cycle 5
7,1.030732244,Market Cycle 5
8,1.043746377,Market Cycle 5
9,1.089800246,Market Cycle 5
10,1.07895058,Market Cycle 5
11,1.080430427,Market Cycle 5
12,1.076161247,Market Cycle 5
13,1.08912389,Market Cycle 5
14,1.078954394,Market Cycle 5
15,1.080504801,Market Cycle 5
16,1.068309415,Market Cycle 5
17,1.092419219,Market Cycle 5
18,1.090481052,Market Cycle 5
19,1.090817323,Market Cycle 5
20,1.087602089,Market Cycle 5
21,1.091573774,Market Cycle 5
22,1.130208704,Market Cycle 5
23,1.130587565,Market Cycle 5
24,1.103677622,Market Cycle 5
25,1.056897814,Market Cycle 5
26,1.066620432,Market Cycle 5
27,1.06673231,Market Cycle 5
28,1.042986112,Market Cycle 5
29,1.071536727,Market Cycle 5
30,1.066964331,Market Cycle 5
31,1.066447529,Market Cycle 5
32,1.066913477,Market Cycle 5
33,1.067510374,Market Cycle 5
34,1.06751546,Market Cycle 5
35,1.068066588,Market Cycle 5
36,1.061251538,Market Cycle 5
37,1.050361189,Market Cycle 5
38,1.054917693,Market Cycle 5
39,1.054679951,Market Cycle 5
40,1.051217441,Market Cycle 5
41,1.054910065,Market Cycle 5
42,1.060927345,Market Cycle 5
43,1.055444666,Market Cycle 5
44,1.06754915,Market Cycle 5
45,1.067305687,Market Cycle 5
46,1.078796112,Market Cycle 5
47,1.078719195,Market Cycle 5
48,1.078688683,Market Cycle 5
49,1.091932293,Market Cycle 5
50,1.103729112,Market Cycle 5
51,1.117527029,Market Cycle 5
52,1.197674581,Market Cycle 5
53,1.259491233,Market Cycle 5
54,1.333205775,Market Cycle 5
55,1.327189766,Market Cycle 5
56,1.343593942,Market Cycle 5
57,1.348304915,Market Cycle 5
58,1.314951155,Market Cycle 5
59,1.339372438,Market Cycle 5
60,1.43842999,Market Cycle 5
61,1.463223777,Market Cycle 5
62,1.440010272,Market Cycle 5
63,1.456211669,Market Cycle 5
64,1.440379598,Market Cycle 5
65,1.470402432,Market Cycle 5
66,1.458683801,Market Cycle 5
67,1.465905046,Market Cycle 5
68,1.457680073,Market Cycle 5
69,1.508153777,Market Cycle 5
70,1.442089559,Market Cycle 5
71,1.468513212,Market Cycle 5
72,1.507172298,Market Cycle 5
73,1.49226831,Market Cycle 5
74,1.490018028,Market Cycle 5
75,1.488090032,Market Cycle 5
76,1.456458946,Market Cycle 5
77,1.454323085,Market Cycle 5
78,1.474241261,Market Cycle 5
79,1.455983462,Market Cycle 5
80,1.38969803,Market Cycle 5
81,1.375209772,Market Cycle 5
82,1.388723543,Market Cycle 5
83,1.386282559,Market Cycle 5
84,1.387311714,Market Cycle 5
85,1.407984434,Market Cycle 5
86,1.542117147,Market Cycle 5
87,1.516400362,Market Cycle 5
88,1.560938787,Market Cycle 5
89,1.561990826,Market Cycle 5
90,1.550284909,Market Cycle 5
91,1.576948846,Market Cycle 5
92,1.544006367,Market Cycle 5
93,1.531577689,Market Cycle 5
94,1.514926237,Market Cycle 5
95,1.47192614,Market Cycle 5
96,1.46827992,Market Cycle 5
97,1.49147054,Market Cycle 5
98,1.490171225,Market Cycle 5
99,1.473031575,Market Cycle 5
100,1.49385495,Market Cycle 5
101,1.490074603,Market Cycle 5
102,1.420533253,Market Cycle 5
103,1.421178461,Market Cycle 5
104,1.423035898,Market Cycle 5
105,1.423425565,Market Cycle 5
106,1.406118098,Market Cycle 5
107,1.389268315,Market Cycle 5
108,1.29525165,Market Cycle 5
109,1.283051815,Market Cycle 5
110,1.303038008,Market Cycle 5
111,1.39104375,Market Cycle 5
112,1.538030406,Market Cycle 5
113,1.570684289,Market Cycle 5
114,1.551443105,Market Cycle 5
115,1.591213983,Market Cycle 5
116,1.750065474,Market Cycle 5
117,1.724763784,Market Cycle 5
118,1.79199764,Market Cycle 5
119,1.771689161,Market Cycle 5
120,1.790880127,Market Cycle 5
121,1.732693804,Market Cycle 5
122,1.799667035,Market Cycle 5
123,1.74784634,Market Cycle 5
124,1.749365598,Market Cycle 5
125,1.7814175,Market Cycle 5
126,1.727724749,Market Cycle 5
127,1.73022485,Market Cycle 5
128,1.805337237,Market Cycle 5
129,1.775255286,Market Cycle 5
130,1.812409099,Market Cycle 5
131,1.811897382,Market Cycle 5
132,1.789739094,Market Cycle 5
133,1.769844438,Market Cycle 5
134,1.790292766,Market Cycle 5
135,1.791017433,Market Cycle 5
136,1.779802891,Market Cycle 5
137,1.772273344,Market Cycle 5
138,1.773151209,Market Cycle 5
139,1.804098946,Market Cycle 5
140,1.87623257,Market Cycle 5
141,1.919937628,Market Cycle 5
142,1.89815693,Market Cycle 5
143,1.922618261,Market Cycle 5
144,1.938157922,Market Cycle 5
145,1.922859181,Market Cycle 5
146,1.923588298,Market Cycle 5
147,1.87561406,Market Cycle 5
148,1.922821676,Market Cycle 5
149,1.835256456,Market Cycle 5
150,1.793321111,Market Cycle 5
151,1.731637951,Market Cycle 5
152,1.770102521,Market Cycle 5
153,1.751144847,Market Cycle 5
154,1.748056748,Market Cycle 5
155,1.792794139,Market Cycle 5
156,1.799732509,Market Cycle 5
157,1.87496186,Market Cycle 5
158,1.866534108,Market Cycle 5
159,1.855789328,Market Cycle 5
160,1.869287207,Market Cycle 5
161,1.789594797,Market Cycle 5
162,1.816373155,Market Cycle 5
163,1.851557653,Market Cycle 5
164,1.832045036,Market Cycle 5
165,1.876505274,Market Cycle 5
166,1.833296676,Market Cycle 5
167,1.832001175,Market Cycle 5
168,1.752940623,Market Cycle 5
169,1.751161374,Market Cycle 5
170,1.752520443,Market Cycle 5
171,1.711788428,Market Cycle 5
172,1.695885162,Market Cycle 5
173,1.710334644,Market Cycle 5
174,1.710468135,Market Cycle 5
175,1.732190351,Market Cycle 5
176,1.71302354,Market Cycle 5
177,1.735667482,Market Cycle 5
178,1.7113282,Market Cycle 5
179,1.71026027,Market Cycle 5
180,1.722281481,Market Cycle 5
181,1.702956388,Market Cycle 5
182,1.710217044,Market Cycle 5
183,1.730543322,Market Cycle 5
184,1.673074038,Market Cycle 5
185,1.678332325,Market Cycle 5
186,1.693803333,Market Cycle 5
187,1.708817292,Market Cycle 5
188,1.7881194,Market Cycle 5
189,1.765310183,Market Cycle 5
190,1.7632951,Market Cycle 5
191,1.729326644,Market Cycle 5
192,1.708549674,Market Cycle 5
193,1.730795049,Market Cycle 5
194,1.72005154,Market Cycle 5
195,1.729507811,Market Cycle 5
196,1.635146612,Market Cycle 5
197,1.727042036,Market Cycle 5
198,1.672028992,Market Cycle 5
199,1.690452701,Market Cycle 5
200,1.681354314,Market Cycle 5
201,1.640914072,Market Cycle 5
202,1.650121159,Market Cycle 5
203,1.649037973,Market Cycle 5
204,1.639024217,Market Cycle 5
205,1.59571264,Market Cycle 5
206,1.624632581,Market Cycle 5
207,1.672169475,Market Cycle 5
208,1.689928271,Market Cycle 5
209,1.672763194,Market Cycle 5
210,1.696051708,Market Cycle 5
211,1.792397479,Market Cycle 5
212,1.912858138,Market Cycle 5
213,1.901468786,Market Cycle 5
214,1.945473881,Market Cycle 5
215,1.94171324,Market Cycle 5
216,1.939595178,Market Cycle 5
217,1.920055863,Market Cycle 5
218,1.942949624,Market Cycle 5
219,1.917926994,Market Cycle 5
220,1.938807579,Market Cycle 5
221,1.940433631,Market Cycle 5
222,1.942055232,Market Cycle 5
223,1.942249113,Market Cycle 5
224,1.973661527,Market Cycle 5
225,1.960607983,Market Cycle 5
226,1.939422911,Market Cycle 5
227,1.917801767,Market Cycle 5
228,1.922532445,Market Cycle 5
229,1.919768539,Market Cycle 5
230,1.91917482,Market Cycle 5
231,1.92410065,Market Cycle 5
232,1.941760916,Market Cycle 5
233,1.92809649,Market Cycle 5
234,1.988257214,Market Cycle 5
235,1.919851176,Market Cycle 5
236,1.921393954,Market Cycle 5
237,1.921585928,Market Cycle 5
238,1.918418369,Market Cycle 5
239,1.895862786,Market Cycle 5
240,1.897146846,Market Cycle 5
241,1.897055944,Market Cycle 5
242,1.897410014,Market Cycle 5
243,1.896691068,Market Cycle 5
244,1.906453733,Market Cycle 5
245,1.854465221,Market Cycle 5
246,1.854887944,Market Cycle 5
247,1.874043312,Market Cycle 5
248,1.855027156,Market Cycle 5
249,1.857175731,Market Cycle 5
250,1.865855845,Market Cycle 5
251,1.855171454,Market Cycle 5
252,1.854933076,Market Cycle 5
253,1.860211705,Market Cycle 5
254,1.853910279,Market Cycle 5
255,1.854978845,Market Cycle 5
256,1.844709548,Market Cycle 5
257,1.844153334,Market Cycle 5
258,1.848142818,Market Cycle 5
259,1.853208496,Market Cycle 5
260,1.895480111,Market Cycle 5
261,1.876482389,Market Cycle 5
262,1.874621139,Market Cycle 5
263,1.867415786,Market Cycle 5
264,1.873340258,Market Cycle 5
265,1.857135047,Market Cycle 5
266,1.873229651,Market Cycle 5
267,1.854611426,Market Cycle 5
268,1.83260125,Market Cycle 5
269,1.692497025,Market Cycle 5
270,1.653355463,Market Cycle 5
271,1.653872265,Market Cycle 5
272,1.66357327,Market Cycle 5
273,1.655427121,Market Cycle 5
274,1.651547609,Market Cycle 5
275,1.677483701,Market Cycle 5
276,1.654458356,Market Cycle 5
277,1.65319146,Market Cycle 5
278,1.652926384,Market Cycle 5
279,1.653941554,Market Cycle 5
280,1.654059153,Market Cycle 5
281,1.752158745,Market Cycle 5
282,1.731132591,Market Cycle 5
283,1.652557058,Market Cycle 5
284,1.635458091,Market Cycle 5
285,1.640922972,Market Cycle 5
286,1.651518368,Market Cycle 5
287,1.634447371,Market Cycle 5
288,1.634056433,Market Cycle 5
289,1.633547894,Market Cycle 5
290,1.665506352,Market Cycle 5
291,1.642428881,Market Cycle 5
292,1.644335264,Market Cycle 5
293,1.636919503,Market Cycle 5
294,1.596247241,Market Cycle 5
295,1.646628136,Market Cycle 5
296,1.670823756,Market Cycle 5
297,1.691055319,Market Cycle 5
298,1.691691627,Market Cycle 5
299,1.690788336,Market Cycle 5
300,1.682557643,Market Cycle 5
301,1.705883026,Market Cycle 5
302,1.73024837,Market Cycle 5
303,1.725117854,Market Cycle 5
304,1.690855717,Market Cycle 5
305,1.691572121,Market Cycle 5
306,1.690401847,Market Cycle 5
307,1.679264221,Market Cycle 5
308,1.672133242,Market Cycle 5
309,1.661380199,Market Cycle 5
310,1.671981316,Market Cycle 5
311,1.713600731,Market Cycle 5
312,1.710822205,Market Cycle 5
313,1.712453977,Market Cycle 5
314,1.771542321,Market Cycle 5
315,1.750534601,Market Cycle 5
316,1.742053452,Market Cycle 5
317,1.768510161,Market Cycle 5
318,1.746437053,Market Cycle 5
319,1.772929359,Market Cycle 5
320,1.773458239,Market Cycle 5
321,1.771771798,Market Cycle 5
322,1.751252911,Market Cycle 5
323,1.745866854,Market Cycle 5
324,1.705095427,Market Cycle 5
325,1.694386245,Market Cycle 5
326,1.709105888,Market Cycle 5
327,1.709898572,Market Cycle 5
328,1.726656182,Market Cycle 5
329,1.812086813,Market Cycle 5
330,1.810835808,Market Cycle 5
331,1.793253094,Market Cycle 5
332,1.818694633,Market Cycle 5
333,1.881282991,Market Cycle 5
334,1.89884155,Market Cycle 5
335,1.901131244,Market Cycle 5
336,2.102067463,Market Cycle 5
337,2.157989519,Market Cycle 5
338,2.196864734,Market Cycle 5
339,2.176973256,Market Cycle 5
340,2.153738138,Market Cycle 5
341,2.16995352,Market Cycle 5
342,2.202114757,Market Cycle 5
343,2.194075401,Market Cycle 5
344,2.202235535,Market Cycle 5
345,2.245815365,Market Cycle 5
346,2.207917815,Market Cycle 5
347,2.203543114,Market Cycle 5
348,2.228998637,Market Cycle 5
349,2.218007216,Market Cycle 5
350,2.228998001,Market Cycle 5
351,2.252119334,Market Cycle 5
352,2.276614991,Market Cycle 5
353,2.33102351,Market Cycle 5
354,2.370025224,Market Cycle 5
355,2.336813855,Market Cycle 5
356,2.359705709,Market Cycle 5
357,2.327210743,Market Cycle 5
358,2.257368085,Market Cycle 5
359,2.391196947,Market Cycle 5
360,2.299930839,Market Cycle 5
361,2.316722775,Market Cycle 5
362,2.319653863,Market Cycle 5
363,2.363960904,Market Cycle 5
364,2.387717273,Market Cycle 5
365,2.290144654,Market Cycle 5
366,2.383096566,Market Cycle 5
367,2.365349213,Market Cycle 5
368,2.391102867,Market Cycle 5
369,2.391821178,Market Cycle 5
370,2.386926496,Market Cycle 5
371,2.359486402,Market Cycle 5
372,2.415526693,Market Cycle 5
373,2.395149561,Market Cycle 5
374,2.391395912,Market Cycle 5
375,2.457702958,Market Cycle 5
376,2.502828745,Market Cycle 5
377,2.533044823,Market Cycle 5
378,2.651789165,Market Cycle 5
379,2.803823064,Market Cycle 5
380,2.775992031,Market Cycle 5
381,2.74695322,Market Cycle 5
382,2.811083085,Market Cycle 5
383,2.780115006,Market Cycle 5
384,2.776030807,Market Cycle 5
385,2.619083156,Market Cycle 5
386,2.624190788,Market Cycle 5
387,2.736275821,Market Cycle 5
388,2.739777108,Market Cycle 5
389,2.676284822,Market Cycle 5
390,2.681082246,Market Cycle 5
391,2.646797861,Market Cycle 5
392,2.707302484,Market Cycle 5
393,2.681975366,Market Cycle 5
394,2.773840278,Market Cycle 5
395,2.784612392,Market Cycle 5
396,2.796822398,Market Cycle 5
397,2.77704852,Market Cycle 5
398,2.74177757,Market Cycle 5
399,2.774535704,Market Cycle 5
400,2.699604484,Market Cycle 5
401,2.753606808,Market Cycle 5
402,2.711466142,Market Cycle 5
403,2.652560236,Market Cycle 5
404,2.680238708,Market Cycle 5
405,2.688859069,Market Cycle 5
406,2.780432842,Market Cycle 5
407,2.866740066,Market Cycle 5
408,2.713633786,Market Cycle 5
409,2.814965775,Market Cycle 5
410,2.804892266,Market Cycle 5
411,2.779932568,Market Cycle 5
412,2.786267049,Market Cycle 5
413,2.978048306,Market Cycle 5
414,2.926400515,Market Cycle 5
415,2.97774954,Market Cycle 5
416,2.940036335,Market Cycle 5
417,2.711122878,Market Cycle 5
418,2.718005309,Market Cycle 5
419,2.682123478,Market Cycle 5
420,2.709310575,Market Cycle 5
421,2.748209309,Market Cycle 5
422,2.709620147,Market Cycle 5
423,2.618790747,Market Cycle 5
424,2.648471588,Market Cycle 5
425,2.649759461,Market Cycle 5
426,2.648072385,Market Cycle 5
427,2.518074725,Market Cycle 5
428,2.513206106,Market Cycle 5
429,2.536344601,Market Cycle 5
430,2.531573875,Market Cycle 5
431,2.653073224,Market Cycle 5
432,2.679018216,Market Cycle 5
433,2.654926211,Market Cycle 5
434,2.740933397,Market Cycle 5
435,2.742987892,Market Cycle 5
436,2.708761353,Market Cycle 5
437,2.732290152,Market Cycle 5
438,2.741445113,Market Cycle 5
439,2.73957115,Market Cycle 5
440,2.710447793,Market Cycle 5
441,2.708184162,Market Cycle 5
442,2.740469991,Market Cycle 5
443,2.806618118,Market Cycle 5
444,2.876451877,Market Cycle 5
445,3.006263921,Market Cycle 5
446,3.039310015,Market Cycle 5
447,3.052772933,Market Cycle 5
448,3.183903998,Market Cycle 5
449,3.148096541,Market Cycle 5
450,3.293563303,Market Cycle 5
451,3.295395948,Market Cycle 5
452,3.300716531,Market Cycle 5
453,3.290822281,Market Cycle 5
454,3.307075803,Market Cycle 5
455,3.296680643,Market Cycle 5
456,3.326859216,Market Cycle 5
457,3.265806008,Market Cycle 5
458,3.261150975,Market Cycle 5
459,3.223638007,Market Cycle 5
460,3.275188541,Market Cycle 5
461,3.295597456,Market Cycle 5
462,3.456055293,Market Cycle 5
463,3.617108756,Market Cycle 5
464,3.960710962,Market Cycle 5
465,3.902468699,Market Cycle 5
466,3.96640532,Market Cycle 5
467,3.929561716,Market Cycle 5
468,4.002711781,Market Cycle 5
469,4.301075686,Market Cycle 5
470,4.048901684,Market Cycle 5
471,4.202606132,Market Cycle 5
472,4.257594385,Market Cycle 5
473,4.344261399,Market Cycle 5
474,4.347321528,Market Cycle 5
475,4.362428932,Market Cycle 5
476,4.599530492,Market Cycle 5
477,4.523458875,Market Cycle 5
478,4.651967154,Market Cycle 5
479,4.542345989,Market Cycle 5
480,4.386054353,Market Cycle 5
481,4.189500463,Market Cycle 5
482,4.344070697,Market Cycle 5
483,4.296760102,Market Cycle 5
484,3.926729158,Market Cycle 5
485,4.296717512,Market Cycle 5
486,4.152063776,Market Cycle 5
487,4.0121903,Market Cycle 5
488,4.104748096,Market Cycle 5
489,4.260733338,Market Cycle 5
490,4.44791868,Market Cycle 5
491,4.449307625,Market Cycle 5
492,4.396918003,Market Cycle 5
493,4.500703054,Market Cycle 5
494,4.445960807,Market Cycle 5
495,4.437526698,Market Cycle 5
496,4.505860269,Market Cycle 5
497,4.445860371,Market Cycle 5
498,4.162480548,Market Cycle 5
499,4.200221087,Market Cycle 5
500,4.346193209,Market Cycle 5
501,4.29824122,Market Cycle 5
502,4.392311917,Market Cycle 5
503,4.400701529,Market Cycle 5
504,4.552225618,Market Cycle 5
505,4.393465028,Market Cycle 5
506,4.496451674,Market Cycle 5
507,4.452367755,Market Cycle 5
508,4.251965501,Market Cycle 5
509,4.117403708,Market Cycle 5
510,4.154591211,Market Cycle 5
511,4.015391549,Market Cycle 5
512,4.057480726,Market Cycle 5
513,3.912178604,Market Cycle 5
514,4.05004971,Market Cycle 5
515,4.051802896,Market Cycle 5
516,4.108203614,Market Cycle 5
517,4.128346182,Market Cycle 5
518,4.250041319,Market Cycle 5
519,4.208711771,Market Cycle 5
520,4.066886779,Market Cycle 5
521,4.103287319,Market Cycle 5
522,4.056606676,Market Cycle 5
523,4.013632006,Market Cycle 5
524,4.013720365,Market Cycle 5
525,4.0563416,Market Cycle 5
526,3.840674296,Market Cycle 5
527,3.669162742,Market Cycle 5
528,3.752212778,Market Cycle 5
529,4.002176544,Market Cycle 5
530,4.056127379,Market Cycle 5
531,4.06345923,Market Cycle 5
532,4.015181141,Market Cycle 5
533,3.982941716,Market Cycle 5
534,3.875797134,Market Cycle 5
535,3.984518821,Market Cycle 5
536,3.87375281,Market Cycle 5
537,3.874088445,Market Cycle 5
538,3.891163256,Market Cycle 5
539,3.998485827,Market Cycle 5
540,3.919380778,Market Cycle 5
541,4.197966991,Market Cycle 5
542,4.151414118,Market Cycle 5
543,4.248185789,Market Cycle 5
544,4.248518882,Market Cycle 5
545,4.204207392,Market Cycle 5
546,4.451884643,Market Cycle 5
547,4.448634447,Market Cycle 5
548,4.395199779,Market Cycle 5
549,4.296851639,Market Cycle 5
550,4.360760926,Market Cycle 5
551,4.396829645,Market Cycle 5
552,4.348893548,Market Cycle 5
553,4.401813956,Market Cycle 5
554,4.346907705,Market Cycle 5
555,4.295406754,Market Cycle 5
556,4.345778115,Market Cycle 5
557,4.289706039,Market Cycle 5
558,4.297470784,Market Cycle 5
559,4.301182479,Market Cycle 5
560,4.3887299,Market Cycle 5
561,4.489004765,Market Cycle 5
562,4.508500854,Market Cycle 5
563,4.501361611,Market Cycle 5
564,4.399241388,Market Cycle 5
565,4.399849091,Market Cycle 5
566,4.432404446,Market Cycle 5
567,4.405575233,Market Cycle 5
568,4.278763565,Market Cycle 5
569,4.343187112,Market Cycle 5
570,4.248555751,Market Cycle 5
571,4.19848125,Market Cycle 5
572,4.201143449,Market Cycle 5
573,4.245393914,Market Cycle 5
574,4.228859425,Market Cycle 5
575,4.145414637,Market Cycle 5
576,4.114298446,Market Cycle 5
577,4.116858937,Market Cycle 5
578,4.06144669,Market Cycle 5
579,4.090480416,Market Cycle 5
580,4.043809308,Market Cycle 5
581,3.829668255,Market Cycle 5
582,3.92434157,Market Cycle 5
583,3.873207402,Market Cycle 5
584,3.918344631,Market Cycle 5
585,3.829434963,Market Cycle 5
586,3.874174261,Market Cycle 5
587,3.988704727,Market Cycle 5
588,4.008778008,Market Cycle 5
589,3.932576077,Market Cycle 5
590,3.830333169,Market Cycle 5
591,3.694897962,Market Cycle 5
592,3.611023459,Market Cycle 5
593,3.70116824,Market Cycle 5
594,3.577328979,Market Cycle 5
595,3.610289257,Market Cycle 5
596,3.687817836,Market Cycle 5
597,3.657712366,Market Cycle 5
598,3.649095183,Market Cycle 5
599,3.664859872,Market Cycle 5
600,3.771095442,Market Cycle 5
601,3.875554942,Market Cycle 5
602,4.099955757,Market Cycle 5
603,4.123401918,Market Cycle 5
604,4.086876151,Market Cycle 5
605,4.059612773,Market Cycle 5
606,4.246583258,Market Cycle 5
607,4.254023174,Market Cycle 5
608,4.326897357,Market Cycle 5
609,4.295540246,Market Cycle 5
610,4.197646612,Market Cycle 5
611,4.151362629,Market Cycle 5
612,4.172142142,Market Cycle 5
613,4.304763225,Market Cycle 5
614,4.346512317,Market Cycle 5
615,4.330804838,Market Cycle 5
616,4.249520067,Market Cycle 5
617,4.202657621,Market Cycle 5
618,4.107741479,Market Cycle 5
619,4.138537927,Market Cycle 5
620,3.93359379,Market Cycle 5
621,3.850843792,Market Cycle 5
622,3.715444183,Market Cycle 5
623,3.482159203,Market Cycle 5
624,3.571661954,Market Cycle 5
625,3.499339536,Market Cycle 5
626,3.951819169,Market Cycle 5
627,3.844244236,Market Cycle 5
628,3.874213673,Market Cycle 5
629,3.741815711,Market Cycle 5
630,3.75197885,Market Cycle 5
631,3.843042814,Market Cycle 5
632,3.743751335,Market Cycle 5
633,3.657335412,Market Cycle 5
634,3.744730271,Market Cycle 5
635,3.78324061,Market Cycle 5
636,3.749965674,Market Cycle 5
637,3.754095641,Market Cycle 5
638,3.756314775,Market Cycle 5
639,3.883201452,Market Cycle 5
640,3.832905737,Market Cycle 5
641,4.076651351,Market Cycle 5
642,4.058649729,Market Cycle 5
643,4.103336266,Market Cycle 5
644,4.009900606,Market Cycle 5
645,3.784636548,Market Cycle 5
646,3.748562743,Market Cycle 5
647,3.769980472,Market Cycle 5
648,3.75111942,Market Cycle 5
649,3.743244068,Market Cycle 5
650,3.655195736,Market Cycle 5
651,3.753143403,Market Cycle 5
652,3.659872382,Market Cycle 5
653,3.697558253,Market Cycle 5
654,3.569823588,Market Cycle 5
655,3.414870043,Market Cycle 5
656,3.42659948,Market Cycle 5
657,3.48925522,Market Cycle 5
658,3.632185011,Market Cycle 5
659,3.659447117,Market Cycle 5
660,3.654994228,Market Cycle 5
661,3.699315889,Market Cycle 5
662,3.835286333,Market Cycle 5
663,3.823253044,Market Cycle 5
664,3.75706614,Market Cycle 5
665,3.694983778,Market Cycle 5
666,3.829351054,Market Cycle 5
667,3.858853907,Market Cycle 5
668,4.008145513,Market Cycle 5
669,4.011476439,Market Cycle 5
670,4.014656076,Market Cycle 5
671,4.044662381,Market Cycle 5
672,4.014903352,Market Cycle 5
673,4.097619023,Market Cycle 5
674,4.010388803,Market Cycle 5
675,4.129160479,Market Cycle 5
676,4.189228395,Market Cycle 5
677,4.171158756,Market Cycle 5
678,4.167630771,Market Cycle 5
679,4.028801706,Market Cycle 5
680,3.872124851,Market Cycle 5
681,3.866358026,Market Cycle 5
682,3.872386749,Market Cycle 5
683,3.954902818,Market Cycle 5
684,3.932513781,Market Cycle 5
685,3.979409282,Market Cycle 5
686,3.998083446,Market Cycle 5
687,3.959442159,Market Cycle 5
688,3.862702271,Market Cycle 5
689,3.830288672,Market Cycle 5
690,3.966040444,Market Cycle 5
691,4.010013756,Market Cycle 5
692,3.981167553,Market Cycle 5
693,4.199498963,Market Cycle 5
694,4.245746712,Market Cycle 5
695,4.29835882,Market Cycle 5
696,4.282895439,Market Cycle 5
697,4.346957288,Market Cycle 5
698,4.347481718,Market Cycle 5
699,4.394464306,Market Cycle 5
700,4.2969044,Market Cycle 5
701,4.298410945,Market Cycle 5
702,4.225881933,Market Cycle 5
703,4.334434531,Market Cycle 5
704,4.224626479,Market Cycle 5
705,4.249949146,Market Cycle 5
706,4.311973027,Market Cycle 5
707,4.446458539,Market Cycle 5
708,4.609677739,Market Cycle 5
709,4.605060847,Market Cycle 5
710,4.462138683,Market Cycle 5
711,4.402148956,Market Cycle 5
712,4.400343645,Market Cycle 5
713,4.359047152,Market Cycle 5
714,4.297787985,Market Cycle 5
715,4.414102786,Market Cycle 5
716,4.819407222,Market Cycle 5
717,4.822572238,Market Cycle 5
718,4.870293477,Market Cycle 5
719,4.87723439,Market Cycle 5
720,5.106060124,Market Cycle 5
721,5.656268117,Market Cycle 5
722,5.606248919,Market Cycle 5
723,5.724030217,Market Cycle 5
724,5.556065083,Market Cycle 5
725,5.796976867,Market Cycle 5
726,5.750025427,Market Cycle 5
727,5.677960456,Market Cycle 5
728,5.76724835,Market Cycle 5
729,5.857813946,Market Cycle 5
730,5.992094771,Market Cycle 5
731,6.269940425,Market Cycle 5
732,6.285735626,Market Cycle 5
733,6.210243742,Market Cycle 5
734,6.215751213,Market Cycle 5
735,5.948604571,Market Cycle 5
736,5.844710184,Market Cycle 5
737,6.103442423,Market Cycle 5
738,6.072124724,Market Cycle 5
739,6.202440221,Market Cycle 5
740,6.138420327,Market Cycle 5
741,6.193133334,Market Cycle 5
742,6.071245588,Market Cycle 5
743,6.085490384,Market Cycle 5
744,6.279963716,Market Cycle 5
745,6.14468107,Market Cycle 5
746,6.374690427,Market Cycle 5
747,6.3549032,Market Cycle 5
748,6.373997544,Market Cycle 5
749,6.183944681,Market Cycle 5
750,6.148500829,Market Cycle 5
751,6.431869209,Market Cycle 5
752,6.36335765,Market Cycle 5
753,6.431060633,Market Cycle 5
754,6.429768946,Market Cycle 5
755,6.63794103,Market Cycle 5
756,6.731541965,Market Cycle 5
757,6.736389606,Market Cycle 5
758,6.423072767,Market Cycle 5
759,6.211578656,Market Cycle 5
760,6.207524969,Market Cycle 5
761,6.153543622,Market Cycle 5
762,6.054811536,Market Cycle 5
763,6.012919417,Market Cycle 5
764,6.28189489,Market Cycle 5
765,6.283227261,Market Cycle 5
766,6.070081671,Market Cycle 5
767,6.000086452,Market Cycle 5
768,6.047719968,Market Cycle 5
769,5.934291759,Market Cycle 5
770,5.87012566,Market Cycle 5
771,5.93550208,Market Cycle 5
772,6.004616893,Market Cycle 5
773,6.141456301,Market Cycle 5
774,6.226854512,Market Cycle 5
775,6.231300409,Market Cycle 5
776,6.274525534,Market Cycle 5
777,6.501243376,Market Cycle 5
778,6.148060308,Market Cycle 5
779,6.026044156,Market Cycle 5
780,5.866441299,Market Cycle 5
781,6.008540902,Market Cycle 5
782,6.006562688,Market Cycle 5
783,5.994446761,Market Cycle 5
784,6.002209599,Market Cycle 5
785,6.14110096,Market Cycle 5
786,6.353413818,Market Cycle 5
787,6.349091242,Market Cycle 5
788,6.649217868,Market Cycle 5
789,6.634306888,Market Cycle 5
790,6.42555507,Market Cycle 5
791,6.553781746,Market Cycle 5
792,6.736123895,Market Cycle 5
793,6.595520031,Market Cycle 5
794,6.615850124,Market Cycle 5
795,6.659417876,Market Cycle 5
796,6.658724993,Market Cycle 5
797,6.580405636,Market Cycle 5
798,6.478090896,Market Cycle 5
799,6.426374452,Market Cycle 5
800,6.592679845,Market Cycle 5
801,6.663751259,Market Cycle 5
802,6.498593256,Market Cycle 5
803,6.387726172,Market Cycle 5
804,6.180662066,Market Cycle 5
805,6.446112733,Market Cycle 5
806,6.162966838,Market Cycle 5
807,6.14051487,Market Cycle 5
808,6.140225003,Market Cycle 5
809,6.100707123,Market Cycle 5
810,6.141263057,Market Cycle 5
811,6.085969045,Market Cycle 5
812,6.196239232,Market Cycle 5
813,6.081519335,Market Cycle 5
814,6.213362354,Market Cycle 5
815,6.139131645,Market Cycle 5
816,6.20081862,Market Cycle 5
817,6.210812034,Market Cycle 5
818,6.13761048,Market Cycle 5
819,6.077222185,Market Cycle 5
820,6.068873893,Market Cycle 5
821,6.141352687,Market Cycle 5
822,6.243028575,Market Cycle 5
823,6.078337156,Market Cycle 5
824,6.140743076,Market Cycle 5
825,6.079771234,Market Cycle 5
826,5.872456037,Market Cycle 5
827,5.653326222,Market Cycle 5
828,5.34713909,Market Cycle 5
829,5.350028224,Market Cycle 5
830,5.347029755,Market Cycle 5
831,5.464678197,Market Cycle 5
832,5.998851339,Market Cycle 5
833,5.480156198,Market Cycle 5
834,5.542536055,Market Cycle 5
835,5.735797795,Market Cycle 5
836,5.737284634,Market Cycle 5
837,5.488247043,Market Cycle 5
838,5.475232275,Market Cycle 5
839,5.11930437,Market Cycle 5
840,5.042194063,Market Cycle 5
841,5.269412816,Market Cycle 5
842,5.293648483,Market Cycle 5
843,5.165133212,Market Cycle 5
844,5.349154174,Market Cycle 5
845,5.349993262,Market Cycle 5
846,5.232076566,Market Cycle 5
847,5.344906607,Market Cycle 5
848,5.237669852,Market Cycle 5
849,5.494718829,Market Cycle 5
850,5.347769042,Market Cycle 5
851,5.349024496,Market Cycle 5
852,5.338092193,Market Cycle 5
853,5.428354573,Market Cycle 5
854,5.541265981,Market Cycle 5
855,5.571186471,Market Cycle 5
856,5.528354828,Market Cycle 5
857,5.53991899,Market Cycle 5
858,5.347598682,Market Cycle 5
859,5.232407751,Market Cycle 5
860,5.227557567,Market Cycle 5
861,5.231039783,Market Cycle 5
862,5.41140054,Market Cycle 5
863,5.24189962,Market Cycle 5
864,5.267312553,Market Cycle 5
865,5.337148219,Market Cycle 5
866,5.286687864,Market Cycle 5
867,4.936936158,Market Cycle 5
868,5.059523779,Market Cycle 5
869,4.860954171,Market Cycle 5
870,5.280030461,Market Cycle 5
871,5.05275132,Market Cycle 5
872,5.29068879,Market Cycle 5
873,5.412928698,Market Cycle 5
874,5.294862618,Market Cycle 5
875,5.368596231,Market Cycle 5
876,5.329640285,Market Cycle 5
877,5.350321269,Market Cycle 5
878,5.405736058,Market Cycle 5
879,5.355274433,Market Cycle 5
880,5.410516319,Market Cycle 5
881,5.407004862,Market Cycle 5
882,5.537851781,Market Cycle 5
883,5.930450387,Market Cycle 5
884,5.938210682,Market Cycle 5
885,5.939337095,Market Cycle 5
886,6.014688495,Market Cycle 5
887,6.006600828,Market Cycle 5
888,5.953180145,Market Cycle 5
889,6.027909856,Market Cycle 5
890,5.996742176,Market Cycle 5
891,5.997759889,Market Cycle 5
892,6.138482623,Market Cycle 5
893,6.14136095,Market Cycle 5
894,6.102907187,Market Cycle 5
895,6.02025254,Market Cycle 5
896,6.021708867,Market Cycle 5
897,6.130230317,Market Cycle 5
898,6.164769607,Market Cycle 5
899,6.530755764,Market Cycle 5
900,6.525796244,Market Cycle 5
901,6.598502609,Market Cycle 5
902,6.589995398,Market Cycle 5
903,6.52926384,Market Cycle 5
904,6.604548494,Market Cycle 5
905,6.581603243,Market Cycle 5
906,6.582605064,Market Cycle 5
907,6.581919173,Market Cycle 5
908,6.565388498,Market Cycle 5
909,6.726617406,Market Cycle 5
910,6.716482872,Market Cycle 5
911,6.795635597,Market Cycle 5
912,6.962513731,Market Cycle 5
913,7.053486793,Market Cycle 5
914,6.842479608,Market Cycle 5
915,6.875277789,Market Cycle 5
916,6.89251279,Market Cycle 5
917,6.96450148,Market Cycle 5
918,6.93494968,Market Cycle 5
919,6.843005945,Market Cycle 5
920,6.731601082,Market Cycle 5
921,6.593536096,Market Cycle 5
922,6.656161324,Market Cycle 5
923,6.72677696,Market Cycle 5
924,6.727158364,Market Cycle 5
925,6.725439504,Market Cycle 5
926,6.657845857,Market Cycle 5
927,6.442648315,Market Cycle 5
928,6.649189898,Market Cycle 5
929,6.72926117,Market Cycle 5
930,6.730619603,Market Cycle 5
931,6.979313295,Market Cycle 5
932,6.976118403,Market Cycle 5
933,6.892362135,Market Cycle 5
934,6.735284807,Market Cycle 5
935,6.730580191,Market Cycle 5
936,6.695062601,Market Cycle 5
937,6.687765711,Market Cycle 5
938,6.831086441,Market Cycle 5
939,6.654085216,Market Cycle 5
940,6.657962185,Market Cycle 5
941,6.65604436,Market Cycle 5
942,6.574341316,Market Cycle 5
943,6.441260641,Market Cycle 5
944,6.41549046,Market Cycle 5
945,6.687620142,Market Cycle 5
946,6.734465424,Market Cycle 5
947,6.814110795,Market Cycle 5
948,6.810325363,Market Cycle 5
949,6.811305571,Market Cycle 5
950,6.814043414,Market Cycle 5
951,6.888544919,Market Cycle 5
952,6.812114147,Market Cycle 5
953,6.725082256,Market Cycle 5
954,6.912623575,Market Cycle 5
955,6.972151168,Market Cycle 5
956,6.883361642,Market Cycle 5
957,6.888082149,Market Cycle 5
958,6.94787609,Market Cycle 5
959,6.884950189,Market Cycle 5
960,6.902012922,Market Cycle 5
961,7.059411901,Market Cycle 5
962,7.372925163,Market Cycle 5
963,7.471166511,Market Cycle 5
964,7.468009759,Market Cycle 5
965,7.551669404,Market Cycle 5
966,7.637356846,Market Cycle 5
967,7.471921055,Market Cycle 5
968,7.568020184,Market Cycle 5
969,7.62561851,Market Cycle 5
970,7.478574008,Market Cycle 5
971,7.477080176,Market Cycle 5
972,7.467297805,Market Cycle 5
973,7.468771295,Market Cycle 5
974,7.621504434,Market Cycle 5
975,7.546847825,Market Cycle 5
976,7.540744093,Market Cycle 5
977,7.466588394,Market Cycle 5
978,7.484215605,Market Cycle 5
979,7.570876262,Market Cycle 5
980,7.485390329,Market Cycle 5
981,7.478141114,Market Cycle 5
982,7.468845669,Market Cycle 5
983,7.381459073,Market Cycle 5
984,7.2135378,Market Cycle 5
985,7.141094603,Market Cycle 5
986,7.255079027,Market Cycle 5
987,7.309105506,Market Cycle 5
988,7.226769968,Market Cycle 5
989,7.299427386,Market Cycle 5
990,7.466180928,Market Cycle 5
991,7.418865248,Market Cycle 5
992,7.389520677,Market Cycle 5
993,7.557758515,Market Cycle 5
994,7.550666312,Market Cycle 5
995,7.637986798,Market Cycle 5
996,7.82710395,Market Cycle 5
997,7.545448073,Market Cycle 5
998,7.466161858,Market Cycle 5
999,7.46790233,Market Cycle 5
1000,7.474412892,Market Cycle 5
1001,7.390585429,Market Cycle 5
1002,7.203483361,Market Cycle 5
1003,7.269239277,Market Cycle 5
1004,7.1332415,Market Cycle 5
1005,7.403133613,Market Cycle 5
1006,7.308286124,Market Cycle 5
1007,7.216112911,Market Cycle 5
1008,6.985128431,Market Cycle 5
1009,7.127048138,Market Cycle 5
1010,7.059125212,Market Cycle 5
1011,7.134813519,Market Cycle 5
1012,6.890256151,Market Cycle 5
1013,6.892187961,Market Cycle 5
1014,6.901107724,Market Cycle 5
1015,6.903192731,Market Cycle 5
1016,7.053407334,Market Cycle 5
1017,7.113750496,Market Cycle 5
1018,7.049525915,Market Cycle 5
1019,7.047735224,Market Cycle 5
1020,6.988484785,Market Cycle 5
1021,7.058846788,Market Cycle 5
1022,7.130274814,Market Cycle 5
1023,7.06280703,Market Cycle 5
1024,7.223139004,Market Cycle 5
1025,7.309789491,Market Cycle 5
1026,7.383211623,Market Cycle 5
1027,7.378968506,Market Cycle 5
1028,7.360812415,Market Cycle 5
1029,7.312168179,Market Cycle 5
1030,7.420410568,Market Cycle 5
1031,7.392611955,Market Cycle 5
1032,7.439981667,Market Cycle 5
1033,7.353092167,Market Cycle 5
1034,7.375267618,Market Cycle 5
1035,7.315920556,Market Cycle 5
1036,7.144480833,Market Cycle 5
1037,7.129782168,Market Cycle 5
1038,7.209698335,Market Cycle 5
1039,6.966320776,Market Cycle 5
1040,6.968234151,Market Cycle 5
1041,6.968875545,Market Cycle 5
1042,7.123042127,Market Cycle 5
1043,7.247413447,Market Cycle 5
1044,7.22758935,Market Cycle 5
1045,7.484396136,Market Cycle 5
1046,7.642496898,Market Cycle 5
1047,7.78226803,Market Cycle 5
1048,7.757247307,Market Cycle 5
1049,7.828637829,Market Cycle 5
1050,7.92508785,Market Cycle 5
1051,7.735962434,Market Cycle 5
1052,7.825255413,Market Cycle 5
1053,7.729013893,Market Cycle 5
1054,7.229451236,Market Cycle 5
1055,7.052440476,Market Cycle 5
1056,7.304875739,Market Cycle 5
1057,7.328307279,Market Cycle 5
1058,7.211654301,Market Cycle 5
1059,7.051907782,Market Cycle 5
1060,6.883172847,Market Cycle 5
1061,6.801387801,Market Cycle 5
1062,6.812892846,Market Cycle 5
1063,6.906466447,Market Cycle 5
1064,7.049206172,Market Cycle 5
1065,6.91952444,Market Cycle 5
1066,6.816359806,Market Cycle 5
1067,6.978859425,Market Cycle 5
1068,7.050344662,Market Cycle 5
1069,7.082307569,Market Cycle 5
1070,7.292425448,Market Cycle 5
1071,7.235615357,Market Cycle 5
1072,7.194945637,Market Cycle 5
1073,7.044811129,Market Cycle 5
1074,6.838030533,Market Cycle 5
1075,6.971936311,Market Cycle 5
1076,6.977774331,Market Cycle 5
1077,6.984596373,Market Cycle 5
1078,6.747693779,Market Cycle 5
1079,6.427324147,Market Cycle 5
1080,6.586162926,Market Cycle 5
1081,6.431295196,Market Cycle 5
1082,6.583630404,Market Cycle 5
1083,6.503992026,Market Cycle 5
1084,6.652535445,Market Cycle 5
1085,6.731948795,Market Cycle 5
1086,6.541018704,Market Cycle 5
1087,6.466198091,Market Cycle 5
1088,6.342136344,Market Cycle 5
1089,6.016136558,Market Cycle 5
1090,6.072061157,Market Cycle 5
1091,5.984266459,Market Cycle 5
1092,5.854713134,Market Cycle 5
1093,5.919485029,Market Cycle 5
1094,5.789543307,Market Cycle 5
1095,5.542207412,Market Cycle 5
1096,5.396063659,Market Cycle 5
1097,5.398737299,Market Cycle 5
1098,5.53655628,Market Cycle 5
1099,5.613247679,Market Cycle 5
1100,5.547833118,Market Cycle 5
1101,5.73480551,Market Cycle 5
1102,5.798960802,Market Cycle 5
1103,5.792936529,Market Cycle 5
1104,5.780667406,Market Cycle 5
1105,5.780971257,Market Cycle 5
1106,5.489389983,Market Cycle 5
1107,5.814010359,Market Cycle 5
1108,5.937349346,Market Cycle 5
1109,5.864372184,Market Cycle 5
1110,5.667243646,Market Cycle 5
1111,5.665946873,Market Cycle 5
1112,5.724852142,Market Cycle 5
1113,5.781076143,Market Cycle 5
1114,5.884196281,Market Cycle 5
1115,5.863455544,Market Cycle 5
1116,5.871438324,Market Cycle 5
1117,5.732081651,Market Cycle 5
1118,5.731857894,Market Cycle 5
1119,5.6030286,Market Cycle 5
1120,5.47590736,Market Cycle 5
1121,5.584246372,Market Cycle 5
1122,5.473440313,Market Cycle 5
1123,5.418202241,Market Cycle 5
1124,5.600550111,Market Cycle 5
1125,5.601637112,Market Cycle 5
1126,5.606917012,Market Cycle 5
1127,5.610329304,Market Cycle 5
1128,5.541167452,Market Cycle 5
1129,5.574429039,Market Cycle 5
1130,5.552067971,Market Cycle 5
1131,5.544211054,Market Cycle 5
1132,5.573947198,Market Cycle 5
1133,5.56910782,Market Cycle 5
1134,5.537254885,Market Cycle 5
1135,5.603745004,Market Cycle 5
1136,5.548907405,Market Cycle 5
1137,5.622460487,Market Cycle 5
1138,5.730296046,Market Cycle 5
1139,5.74018076,Market Cycle 5
1140,5.799316143,Market Cycle 5
1141,5.988588399,Market Cycle 5
1142,5.932194038,Market Cycle 5
1143,5.795536432,Market Cycle 5
1144,5.794986575,Market Cycle 5
1145,5.737921578,Market Cycle 5
1146,5.733609173,Market Cycle 5
1147,5.74626415,Market Cycle 5
1148,5.797401496,Market Cycle 5
1149,6.069067137,Market Cycle 5
1150,6.171715605,Market Cycle 5
1151,6.071584402,Market Cycle 5
1152,6.07012299,Market Cycle 5
1153,6.049643515,Market Cycle 5
1154,6.060608873,Market Cycle 5
1155,5.874738103,Market Cycle 5
1156,5.62036658,Market Cycle 5
1157,5.7117719,Market Cycle 5
1158,5.670665473,Market Cycle 5
1159,5.671690178,Market Cycle 5
1160,5.666525335,Market Cycle 5
1161,5.476357416,Market Cycle 5
1162,5.599581981,Market Cycle 5
1163,5.666311114,Market Cycle 5
1164,5.664274417,Market Cycle 5
1165,5.349979913,Market Cycle 5
1166,5.345132907,Market Cycle 5
1167,4.989373455,Market Cycle 5
1168,4.884534459,Market Cycle 5
1169,4.994102862,Market Cycle 5
1170,4.820156681,Market Cycle 5
1171,4.633818691,Market Cycle 5
1172,4.065808042,Market Cycle 5
0,1,Market Cycle 6
1,1.03220204,Market Cycle 6
2,1.053629632,Market Cycle 6
3,1.06952891,Market Cycle 6
4,1.080689022,Market Cycle 6
5,1.089238917,Market Cycle 6
6,1.094282537,Market Cycle 6
7,1.088098714,Market Cycle 6
8,1.067955413,Market Cycle 6
9,1.080991934,Market Cycle 6
10,1.094954152,Market Cycle 6
11,1.094211264,Market Cycle 6
12,1.093429655,Market Cycle 6
13,1.064940171,Market Cycle 6
14,1.106696958,Market Cycle 6
15,1.107625739,Market Cycle 6
16,1.094842959,Market Cycle 6
17,1.093878198,Market Cycle 6
18,1.106635622,Market Cycle 6
19,1.106317633,Market Cycle 6
20,1.118105498,Market Cycle 6
21,1.133435104,Market Cycle 6
22,1.131424029,Market Cycle 6
23,1.117899731,Market Cycle 6
24,1.09548065,Market Cycle 6
25,1.103370752,Market Cycle 6
26,1.118730169,Market Cycle 6
27,1.095350953,Market Cycle 6
28,1.092503272,Market Cycle 6
29,1.094056553,Market Cycle 6
30,1.107243844,Market Cycle 6
31,1.07954128,Market Cycle 6
32,1.072249978,Market Cycle 6
33,1.082694785,Market Cycle 6
34,1.087194775,Market Cycle 6
35,1.096904919,Market Cycle 6
36,1.106338021,Market Cycle 6
37,1.100467903,Market Cycle 6
38,1.108262574,Market Cycle 6
39,1.107863546,Market Cycle 6
40,1.109963198,Market Cycle 6
41,1.093916062,Market Cycle 6
42,1.09120733,Market Cycle 6
43,1.082949554,Market Cycle 6
44,1.084238129,Market Cycle 6
45,1.078576691,Market Cycle 6
46,1.080286738,Market Cycle 6
47,1.076159906,Market Cycle 6
48,1.104040996,Market Cycle 6
49,1.10633014,Market Cycle 6
50,1.185884612,Market Cycle 6
51,1.243922401,Market Cycle 6
52,1.344200641,Market Cycle 6
53,1.316471521,Market Cycle 6
54,1.329957784,Market Cycle 6
55,1.347728846,Market Cycle 6
56,1.346331476,Market Cycle 6
57,1.345760432,Market Cycle 6
58,1.375312164,Market Cycle 6
59,1.329625917,Market Cycle 6
60,1.341358615,Market Cycle 6
61,1.344830966,Market Cycle 6
62,1.345696355,Market Cycle 6
63,1.323098405,Market Cycle 6
64,1.317236511,Market Cycle 6
65,1.392246791,Market Cycle 6
66,1.361652515,Market Cycle 6
67,1.363493116,Market Cycle 6
68,1.375082239,Market Cycle 6
69,1.356247559,Market Cycle 6
70,1.345515601,Market Cycle 6
71,1.336222476,Market Cycle 6
72,1.315471467,Market Cycle 6
73,1.317336911,Market Cycle 6
74,1.324029071,Market Cycle 6
75,1.315285916,Market Cycle 6
76,1.34527334,Market Cycle 6
77,1.298436783,Market Cycle 6
78,1.299366249,Market Cycle 6
79,1.309570338,Market Cycle 6
80,1.389310704,Market Cycle 6
81,1.39240253,Market Cycle 6
82,1.391960669,Market Cycle 6
83,1.476871098,Market Cycle 6
84,1.475792574,Market Cycle 6
85,1.443822173,Market Cycle 6
86,1.442197448,Market Cycle 6
87,1.440445082,Market Cycle 6
88,1.441682258,Market Cycle 6
89,1.442963294,Market Cycle 6
90,1.426843342,Market Cycle 6
91,1.431471487,Market Cycle 6
92,1.427978063,Market Cycle 6
93,1.44897219,Market Cycle 6
