days_since_ath,drawdown_pct,Cycle
0,0,Drawdown Cycle 1
1,0,Drawdown Cycle 1
2,-16.59905341,Drawdown Cycle 1
3,-40.46653144,Drawdown Cycle 1
4,-45.19945909,Drawdown Cycle 1
5,-32.01487492,Drawdown Cycle 1
6,-34.92224476,Drawdown Cycle 1
7,-33.46855984,Drawdown Cycle 1
8,-36.24070318,Drawdown Cycle 1
9,-47.56592292,Drawdown Cycle 1
10,-45.77417174,Drawdown Cycle 1
11,-39.92562542,Drawdown Cycle 1
12,-40.8045977,Drawdown Cycle 1
13,-40.8045977,Drawdown Cycle 1
14,-40.8045977,Drawdown Cycle 1
15,-40.8045977,Drawdown Cycle 1
16,-40.8045977,Drawdown Cycle 1
17,-40.8045977,Drawdown Cycle 1
18,-47.29546991,Drawdown Cycle 1
19,-42.49492901,Drawdown Cycle 1
20,-42.76538201,Drawdown Cycle 1
21,-42.93441515,Drawdown Cycle 1
22,-44.18526031,Drawdown Cycle 1
23,-46.2474645,Drawdown Cycle 1
24,-47.49830967,Drawdown Cycle 1
25,-47.6673428,Drawdown Cycle 1
26,-51.04800541,Drawdown Cycle 1
27,-56.72751859,Drawdown Cycle 1
28,-49.96619337,Drawdown Cycle 1
29,-48.74915483,Drawdown Cycle 1
30,-51.48749155,Drawdown Cycle 1
31,-51.35226504,Drawdown Cycle 1
32,-49.01960784,Drawdown Cycle 1
33,-51.4198783,Drawdown Cycle 1
34,-52.16362407,Drawdown Cycle 1
35,-52.56930358,Drawdown Cycle 1
36,-52.90736984,Drawdown Cycle 1
37,-53.00878972,Drawdown Cycle 1
38,-53.95537525,Drawdown Cycle 1
39,-54.90196078,Drawdown Cycle 1
40,-55.94996619,Drawdown Cycle 1
41,-52.53549696,Drawdown Cycle 1
42,-53.71872887,Drawdown Cycle 1
43,-53.82014875,Drawdown Cycle 1
44,-53.85395538,Drawdown Cycle 1
45,-53.887762,Drawdown Cycle 1
46,-53.14401623,Drawdown Cycle 1
47,-51.99459094,Drawdown Cycle 1
48,-52.9749831,Drawdown Cycle 1
49,-52.80594997,Drawdown Cycle 1
50,-53.98918188,Drawdown Cycle 1
51,-54.32724814,Drawdown Cycle 1
52,-54.25963489,Drawdown Cycle 1
53,-54.29344151,Drawdown Cycle 1
54,-55.47667343,Drawdown Cycle 1
55,-58.11359026,Drawdown Cycle 1
56,-64.67207573,Drawdown Cycle 1
57,-64.23258959,Drawdown Cycle 1
58,-65.280595,Drawdown Cycle 1
59,-73.56321839,Drawdown Cycle 1
60,-73.90128465,Drawdown Cycle 1
61,-73.8336714,Drawdown Cycle 1
62,-67.13995943,Drawdown Cycle 1
63,-66.1933739,Drawdown Cycle 1
64,-67.98512508,Drawdown Cycle 1
65,-68.49222448,Drawdown Cycle 1
66,-66.86950642,Drawdown Cycle 1
67,-64.13116971,Drawdown Cycle 1
68,-61.79851251,Drawdown Cycle 1
69,-62.64367816,Drawdown Cycle 1
70,-63.2183908,Drawdown Cycle 1
71,-63.15077755,Drawdown Cycle 1
72,-61.46044625,Drawdown Cycle 1
73,-61.15618661,Drawdown Cycle 1
74,-61.5280595,Drawdown Cycle 1
75,-62.71129141,Drawdown Cycle 1
76,-62.71129141,Drawdown Cycle 1
77,-63.01555105,Drawdown Cycle 1
78,-66.15956728,Drawdown Cycle 1
79,-70.75726842,Drawdown Cycle 1
80,-70.82488168,Drawdown Cycle 1
81,-69.67545639,Drawdown Cycle 1
82,-69.81068289,Drawdown Cycle 1
83,-70.31778229,Drawdown Cycle 1
84,-71.77146721,Drawdown Cycle 1
85,-72.21095335,Drawdown Cycle 1
86,-71.46720757,Drawdown Cycle 1
87,-71.16294794,Drawdown Cycle 1
88,-72.37998648,Drawdown Cycle 1
89,-74.23935091,Drawdown Cycle 1
90,-77.24814064,Drawdown Cycle 1
91,-76.23394185,Drawdown Cycle 1
92,-77.01149425,Drawdown Cycle 1
93,-82.04868154,Drawdown Cycle 1
94,-82.99526707,Drawdown Cycle 1
95,-79.51318458,Drawdown Cycle 1
96,-79.58079784,Drawdown Cycle 1
97,-80.42596349,Drawdown Cycle 1
98,-81.23732252,Drawdown Cycle 1
99,-83.19810683,Drawdown Cycle 1
100,-83.73901285,Drawdown Cycle 1
101,-83.87423935,Drawdown Cycle 1
102,-82.72481406,Drawdown Cycle 1
103,-82.21771467,Drawdown Cycle 1
104,-79.37795808,Drawdown Cycle 1
105,-81.00067613,Drawdown Cycle 1
106,-81.44016227,Drawdown Cycle 1
107,-81.10209601,Drawdown Cycle 1
108,-81.71061528,Drawdown Cycle 1
109,-82.01487492,Drawdown Cycle 1
110,-83.26572008,Drawdown Cycle 1
111,-83.63759297,Drawdown Cycle 1
112,-83.97565923,Drawdown Cycle 1
113,-84.11088573,Drawdown Cycle 1
114,-83.06288032,Drawdown Cycle 1
115,-82.92765382,Drawdown Cycle 1
116,-83.1643002,Drawdown Cycle 1
117,-83.29952671,Drawdown Cycle 1
118,-83.43475321,Drawdown Cycle 1
119,-83.56997972,Drawdown Cycle 1
120,-84.17849899,Drawdown Cycle 1
121,-85.4969574,Drawdown Cycle 1
122,-86.37592968,Drawdown Cycle 1
123,-85.83502366,Drawdown Cycle 1
124,-86.1392833,Drawdown Cycle 1
125,-86.64638269,Drawdown Cycle 1
126,-86.24070318,Drawdown Cycle 1
127,-86.20689655,Drawdown Cycle 1
128,-86.47734956,Drawdown Cycle 1
129,-86.84922245,Drawdown Cycle 1
130,-87.6943881,Drawdown Cycle 1
131,-90.36511156,Drawdown Cycle 1
132,-91.14266396,Drawdown Cycle 1
133,-92.29208925,Drawdown Cycle 1
134,-92.19066937,Drawdown Cycle 1
135,-91.41311697,Drawdown Cycle 1
136,-89.82420554,Drawdown Cycle 1
137,-89.58755916,Drawdown Cycle 1
138,-90.50033807,Drawdown Cycle 1
139,-90.73698445,Drawdown Cycle 1
140,-90.70317782,Drawdown Cycle 1
141,-90.12846518,Drawdown Cycle 1
142,-89.48613928,Drawdown Cycle 1
143,-88.03245436,Drawdown Cycle 1
144,-88.57336038,Drawdown Cycle 1
145,-89.21568627,Drawdown Cycle 1
146,-89.21568627,Drawdown Cycle 1
147,-89.08045977,Drawdown Cycle 1
148,-89.14807302,Drawdown Cycle 1
149,-89.41852603,Drawdown Cycle 1
150,-89.82420554,Drawdown Cycle 1
151,-89.99323867,Drawdown Cycle 1
152,-89.85801217,Drawdown Cycle 1
153,-89.55375254,Drawdown Cycle 1
154,-89.85801217,Drawdown Cycle 1
155,-90.29749831,Drawdown Cycle 1
156,-89.95943205,Drawdown Cycle 1
157,-89.65517241,Drawdown Cycle 1
158,-89.85801217,Drawdown Cycle 1
159,-91.51453685,Drawdown Cycle 1
160,-92.224476,Drawdown Cycle 1
161,-91.68356998,Drawdown Cycle 1
162,-92.46112238,Drawdown Cycle 1
163,-92.76538201,Drawdown Cycle 1
164,-92.66396214,Drawdown Cycle 1
165,-92.29208925,Drawdown Cycle 1
166,-92.46112238,Drawdown Cycle 1
167,-92.19066937,Drawdown Cycle 1
168,-92.15686275,Drawdown Cycle 1
169,-91.81879648,Drawdown Cycle 1
170,-91.64976335,Drawdown Cycle 1
171,-91.61595673,Drawdown Cycle 1
172,-91.68356998,Drawdown Cycle 1
173,-91.51453685,Drawdown Cycle 1
174,-90.56795132,Drawdown Cycle 1
175,-90.16227181,Drawdown Cycle 1
176,-89.68897904,Drawdown Cycle 1
177,-89.51994591,Drawdown Cycle 1
178,-90.09465855,Drawdown Cycle 1
179,-90.70317782,Drawdown Cycle 1
180,-90.29749831,Drawdown Cycle 1
181,-89.92562542,Drawdown Cycle 1
182,-89.85801217,Drawdown Cycle 1
183,-90.0270453,Drawdown Cycle 1
184,-89.8918188,Drawdown Cycle 1
185,-89.72278567,Drawdown Cycle 1
186,-89.18187965,Drawdown Cycle 1
187,-89.2494929,Drawdown Cycle 1
188,-89.14807302,Drawdown Cycle 1
189,-89.45233266,Drawdown Cycle 1
190,-89.28329953,Drawdown Cycle 1
191,-89.2494929,Drawdown Cycle 1
192,-89.21568627,Drawdown Cycle 1
193,-89.18187965,Drawdown Cycle 1
194,-88.4719405,Drawdown Cycle 1
195,-86.57876944,Drawdown Cycle 1
196,-86.71399594,Drawdown Cycle 1
197,-87.18728871,Drawdown Cycle 1
198,-86.81541582,Drawdown Cycle 1
199,-86.74780257,Drawdown Cycle 1
200,-86.0040568,Drawdown Cycle 1
201,-86.34212306,Drawdown Cycle 1
202,-86.40973631,Drawdown Cycle 1
203,-86.0040568,Drawdown Cycle 1
204,-85.73360379,Drawdown Cycle 1
205,-85.83502366,Drawdown Cycle 1
206,-84.51656525,Drawdown Cycle 1
207,-83.09668695,Drawdown Cycle 1
208,-83.09668695,Drawdown Cycle 1
209,-82.11629479,Drawdown Cycle 1
210,-81.16970926,Drawdown Cycle 1
211,-77.51859364,Drawdown Cycle 1
212,-79.71602434,Drawdown Cycle 1
213,-77.01149425,Drawdown Cycle 1
214,-76.33536173,Drawdown Cycle 1
215,-78.70182556,Drawdown Cycle 1
216,-75.86206897,Drawdown Cycle 1
217,-76.33536173,Drawdown Cycle 1
218,-77.99188641,Drawdown Cycle 1
219,-77.28194726,Drawdown Cycle 1
220,-78.70182556,Drawdown Cycle 1
221,-75.82826234,Drawdown Cycle 1
222,-75.99729547,Drawdown Cycle 1
223,-79.71602434,Drawdown Cycle 1
224,-75.99729547,Drawdown Cycle 1
225,-78.97227857,Drawdown Cycle 1
226,-76.50439486,Drawdown Cycle 1
227,-77.11291413,Drawdown Cycle 1
228,-77.04530088,Drawdown Cycle 1
229,-77.95807978,Drawdown Cycle 1
230,-77.85665991,Drawdown Cycle 1
231,-78.66801893,Drawdown Cycle 1
232,-81.40635565,Drawdown Cycle 1
233,-80.12170385,Drawdown Cycle 1
234,-83.40094659,Drawdown Cycle 1
235,-81.40635565,Drawdown Cycle 1
236,-81.13590264,Drawdown Cycle 1
237,-82.08248817,Drawdown Cycle 1
238,-80.12170385,Drawdown Cycle 1
239,-78.76943881,Drawdown Cycle 1
240,-78.70182556,Drawdown Cycle 1
241,-79.9188641,Drawdown Cycle 1
242,-81.06828938,Drawdown Cycle 1
243,-81.06828938,Drawdown Cycle 1
244,-80.76402975,Drawdown Cycle 1
245,-80.15551048,Drawdown Cycle 1
246,-80.08789723,Drawdown Cycle 1
247,-80.12170385,Drawdown Cycle 1
248,-81.40635565,Drawdown Cycle 1
249,-80.831643,Drawdown Cycle 1
250,-80.42596349,Drawdown Cycle 1
251,-83.46855984,Drawdown Cycle 1
252,-84.14469236,Drawdown Cycle 1
253,-84.75321163,Drawdown Cycle 1
254,-84.21230561,Drawdown Cycle 1
255,-85.69979716,Drawdown Cycle 1
256,-85.19269777,Drawdown Cycle 1
257,-84.98985801,Drawdown Cycle 1
258,-84.51656525,Drawdown Cycle 1
259,-84.75321163,Drawdown Cycle 1
260,-82.42055443,Drawdown Cycle 1
261,-83.26572008,Drawdown Cycle 1
262,-83.09668695,Drawdown Cycle 1
263,-83.1643002,Drawdown Cycle 1
264,-82.96146045,Drawdown Cycle 1
265,-83.50236646,Drawdown Cycle 1
266,-83.13049358,Drawdown Cycle 1
267,-83.09668695,Drawdown Cycle 1
268,-83.8066261,Drawdown Cycle 1
269,-84.27991886,Drawdown Cycle 1
270,-83.73901285,Drawdown Cycle 1
271,-82.96146045,Drawdown Cycle 1
272,-83.1643002,Drawdown Cycle 1
273,-83.33333333,Drawdown Cycle 1
274,-83.06288032,Drawdown Cycle 1
275,-83.33333333,Drawdown Cycle 1
276,-83.29952671,Drawdown Cycle 1
277,-83.09668695,Drawdown Cycle 1
278,-83.13049358,Drawdown Cycle 1
279,-82.08248817,Drawdown Cycle 1
280,-82.18390805,Drawdown Cycle 1
281,-81.77822853,Drawdown Cycle 1
282,-82.21771467,Drawdown Cycle 1
283,-81.67680865,Drawdown Cycle 1
284,-82.2515213,Drawdown Cycle 1
285,-83.56997972,Drawdown Cycle 1
286,-83.8066261,Drawdown Cycle 1
287,-83.23191346,Drawdown Cycle 1
288,-83.40094659,Drawdown Cycle 1
289,-83.84043272,Drawdown Cycle 1
290,-83.67139959,Drawdown Cycle 1
291,-84.65179175,Drawdown Cycle 1
292,-84.00946586,Drawdown Cycle 1
293,-83.70520622,Drawdown Cycle 1
294,-83.70520622,Drawdown Cycle 1
295,-83.63759297,Drawdown Cycle 1
296,-83.50236646,Drawdown Cycle 1
297,-83.43475321,Drawdown Cycle 1
298,-83.46855984,Drawdown Cycle 1
299,-82.96146045,Drawdown Cycle 1
300,-83.13049358,Drawdown Cycle 1
301,-83.06288032,Drawdown Cycle 1
302,-83.09668695,Drawdown Cycle 1
303,-83.13049358,Drawdown Cycle 1
304,-84.07707911,Drawdown Cycle 1
305,-83.90804598,Drawdown Cycle 1
306,-83.9418526,Drawdown Cycle 1
307,-83.77281947,Drawdown Cycle 1
308,-83.36713996,Drawdown Cycle 1
309,-83.33333333,Drawdown Cycle 1
310,-83.33333333,Drawdown Cycle 1
311,-83.23191346,Drawdown Cycle 1
312,-83.1643002,Drawdown Cycle 1
313,-83.1643002,Drawdown Cycle 1
314,-83.1643002,Drawdown Cycle 1
315,-82.55578093,Drawdown Cycle 1
316,-82.65720081,Drawdown Cycle 1
317,-81.81203516,Drawdown Cycle 1
318,-82.28532792,Drawdown Cycle 1
319,-82.52197431,Drawdown Cycle 1
320,-82.58958756,Drawdown Cycle 1
321,-82.75862069,Drawdown Cycle 1
322,-82.62339419,Drawdown Cycle 1
323,-83.1643002,Drawdown Cycle 1
324,-82.96146045,Drawdown Cycle 1
325,-83.50236646,Drawdown Cycle 1
326,-83.40094659,Drawdown Cycle 1
327,-83.09668695,Drawdown Cycle 1
328,-83.19810683,Drawdown Cycle 1
329,-82.89384719,Drawdown Cycle 1
330,-82.75862069,Drawdown Cycle 1
331,-82.86004057,Drawdown Cycle 1
332,-82.96146045,Drawdown Cycle 1
333,-82.82623394,Drawdown Cycle 1
334,-82.92765382,Drawdown Cycle 1
335,-83.0290737,Drawdown Cycle 1
336,-83.0290737,Drawdown Cycle 1
337,-83.09668695,Drawdown Cycle 1
338,-83.26572008,Drawdown Cycle 1
339,-83.40094659,Drawdown Cycle 1
340,-83.29952671,Drawdown Cycle 1
341,-83.33333333,Drawdown Cycle 1
342,-83.26572008,Drawdown Cycle 1
343,-82.96146045,Drawdown Cycle 1
344,-83.0290737,Drawdown Cycle 1
345,-82.86004057,Drawdown Cycle 1
346,-82.86004057,Drawdown Cycle 1
347,-82.99526707,Drawdown Cycle 1
348,-82.82623394,Drawdown Cycle 1
349,-82.99526707,Drawdown Cycle 1
350,-82.75862069,Drawdown Cycle 1
351,-82.69100744,Drawdown Cycle 1
352,-82.82623394,Drawdown Cycle 1
353,-82.86004057,Drawdown Cycle 1
354,-82.86004057,Drawdown Cycle 1
355,-82.86004057,Drawdown Cycle 1
356,-82.72481406,Drawdown Cycle 1
357,-82.72481406,Drawdown Cycle 1
358,-82.55578093,Drawdown Cycle 1
359,-82.35294118,Drawdown Cycle 1
360,-82.45436105,Drawdown Cycle 1
361,-82.45436105,Drawdown Cycle 1
362,-82.35294118,Drawdown Cycle 1
363,-81.87964841,Drawdown Cycle 1
364,-81.71061528,Drawdown Cycle 1
365,-81.30493577,Drawdown Cycle 1
366,-81.03448276,Drawdown Cycle 1
367,-81.4739689,Drawdown Cycle 1
368,-81.67680865,Drawdown Cycle 1
369,-81.33874239,Drawdown Cycle 1
370,-80.6964165,Drawdown Cycle 1
371,-80.18931711,Drawdown Cycle 1
372,-80.02028398,Drawdown Cycle 1
373,-78.60040568,Drawdown Cycle 1
374,-78.32995267,Drawdown Cycle 1
375,-79.07369844,Drawdown Cycle 1
376,-79.51318458,Drawdown Cycle 1
377,-78.16091954,Drawdown Cycle 1
378,-77.55240027,Drawdown Cycle 1
379,-77.55240027,Drawdown Cycle 1
380,-77.7214334,Drawdown Cycle 1
381,-78.19472617,Drawdown Cycle 1
382,-78.3637593,Drawdown Cycle 1
383,-78.83705206,Drawdown Cycle 1
384,-78.43137255,Drawdown Cycle 1
385,-78.05949966,Drawdown Cycle 1
386,-78.02569304,Drawdown Cycle 1
387,-77.95807978,Drawdown Cycle 1
388,-77.75524003,Drawdown Cycle 1
389,-77.95807978,Drawdown Cycle 1
390,-77.65382015,Drawdown Cycle 1
391,-78.22853279,Drawdown Cycle 1
392,-78.22853279,Drawdown Cycle 1
393,-77.68762677,Drawdown Cycle 1
394,-77.89046653,Drawdown Cycle 1
395,-77.14672076,Drawdown Cycle 1
396,-77.24814064,Drawdown Cycle 1
397,-76.53820149,Drawdown Cycle 1
398,-76.06490872,Drawdown Cycle 1
399,-75.82826234,Drawdown Cycle 1
400,-74.34077079,Drawdown Cycle 1
401,-74.34077079,Drawdown Cycle 1
402,-74.4759973,Drawdown Cycle 1
403,-74.40838404,Drawdown Cycle 1
404,-71.94050034,Drawdown Cycle 1
405,-71.09533469,Drawdown Cycle 1
406,-69.57403651,Drawdown Cycle 1
407,-69.91210277,Drawdown Cycle 1
408,-71.46720757,Drawdown Cycle 1
409,-70.25016903,Drawdown Cycle 1
410,-71.53482082,Drawdown Cycle 1
411,-70.96010818,Drawdown Cycle 1
412,-71.02772143,Drawdown Cycle 1
413,-70.8586883,Drawdown Cycle 1
414,-70.41920216,Drawdown Cycle 1
415,-70.14874915,Drawdown Cycle 1
416,-69.97971602,Drawdown Cycle 1
417,-70.55442867,Drawdown Cycle 1
418,-69.57403651,Drawdown Cycle 1
419,-68.62745098,Drawdown Cycle 1
420,-68.05273834,Drawdown Cycle 1
421,-64.87491548,Drawdown Cycle 1
422,-63.52265044,Drawdown Cycle 1
423,-64.46923597,Drawdown Cycle 1
424,-63.82691007,Drawdown Cycle 1
425,-63.42123056,Drawdown Cycle 1
426,-63.69168357,Drawdown Cycle 1
427,-62.84651792,Drawdown Cycle 1
428,-62.81271129,Drawdown Cycle 1
429,-61.73089926,Drawdown Cycle 1
430,-61.5280595,Drawdown Cycle 1
431,-61.15618661,Drawdown Cycle 1
432,-59.80392157,Drawdown Cycle 1
433,-58.58688303,Drawdown Cycle 1
434,-56.01757945,Drawdown Cycle 1
435,-54.86815416,Drawdown Cycle 1
436,-56.89655172,Drawdown Cycle 1
437,-60.98715348,Drawdown Cycle 1
438,-73.46179851,Drawdown Cycle 1
439,-66.56524679,Drawdown Cycle 1
440,-65.58485463,Drawdown Cycle 1
441,-66.32860041,Drawdown Cycle 1
442,-66.12576065,Drawdown Cycle 1
443,-64.94252874,Drawdown Cycle 1
444,-64.26639621,Drawdown Cycle 1
445,-65.14536849,Drawdown Cycle 1
446,-63.55645707,Drawdown Cycle 1
447,-62.81271129,Drawdown Cycle 1
448,-63.42123056,Drawdown Cycle 1
449,-64.23258959,Drawdown Cycle 1
450,-65.65246788,Drawdown Cycle 1
451,-66.49763354,Drawdown Cycle 1
452,-65.58485463,Drawdown Cycle 1
453,-64.33400947,Drawdown Cycle 1
454,-64.94252874,Drawdown Cycle 1
455,-62.84651792,Drawdown Cycle 1
456,-62.74509804,Drawdown Cycle 1
457,-62.77890467,Drawdown Cycle 1
458,-62.91413117,Drawdown Cycle 1
459,-62.88032454,Drawdown Cycle 1
460,-62.98174442,Drawdown Cycle 1
461,-62.67748479,Drawdown Cycle 1
462,-62.33941853,Drawdown Cycle 1
463,-61.79851251,Drawdown Cycle 1
464,-61.12237999,Drawdown Cycle 1
465,-60.71670047,Drawdown Cycle 1
466,-60.27721433,Drawdown Cycle 1
467,-60.14198783,Drawdown Cycle 1
468,-59.1954023,Drawdown Cycle 1
469,-58.35023665,Drawdown Cycle 1
470,-58.48546315,Drawdown Cycle 1
471,-58.78972279,Drawdown Cycle 1
472,-59.53346856,Drawdown Cycle 1
473,-59.46585531,Drawdown Cycle 1
474,-59.77011494,Drawdown Cycle 1
475,-60.1081812,Drawdown Cycle 1
476,-58.75591616,Drawdown Cycle 1
477,-58.68830291,Drawdown Cycle 1
478,-58.92494929,Drawdown Cycle 1
479,-58.48546315,Drawdown Cycle 1
480,-58.68830291,Drawdown Cycle 1
481,-58.92494929,Drawdown Cycle 1
482,-57.80933063,Drawdown Cycle 1
483,-56.38945233,Drawdown Cycle 1
484,-57.50507099,Drawdown Cycle 1
485,-57.74171738,Drawdown Cycle 1
486,-58.11359026,Drawdown Cycle 1
487,-60.41244084,Drawdown Cycle 1
488,-60.7505071,Drawdown Cycle 1
489,-59.46585531,Drawdown Cycle 1
490,-58.62068966,Drawdown Cycle 1
491,-59.12778905,Drawdown Cycle 1
492,-59.77011494,Drawdown Cycle 1
493,-59.93914807,Drawdown Cycle 1
494,-60.04056795,Drawdown Cycle 1
495,-60.78431373,Drawdown Cycle 1
496,-59.70250169,Drawdown Cycle 1
497,-60.20960108,Drawdown Cycle 1
498,-60.48005409,Drawdown Cycle 1
499,-60.54766734,Drawdown Cycle 1
500,-60.78431373,Drawdown Cycle 1
501,-61.73089926,Drawdown Cycle 1
502,-61.18999324,Drawdown Cycle 1
503,-60.78431373,Drawdown Cycle 1
504,-61.46044625,Drawdown Cycle 1
505,-64.33400947,Drawdown Cycle 1
506,-66.59905341,Drawdown Cycle 1
507,-64.94252874,Drawdown Cycle 1
508,-64.36781609,Drawdown Cycle 1
509,-63.48884381,Drawdown Cycle 1
510,-63.69168357,Drawdown Cycle 1
511,-62.88032454,Drawdown Cycle 1
512,-63.35361731,Drawdown Cycle 1
513,-64.43542934,Drawdown Cycle 1
514,-63.96213658,Drawdown Cycle 1
515,-64.02974983,Drawdown Cycle 1
516,-63.55645707,Drawdown Cycle 1
517,-63.69168357,Drawdown Cycle 1
518,-63.48884381,Drawdown Cycle 1
519,-63.55645707,Drawdown Cycle 1
520,-63.48884381,Drawdown Cycle 1
521,-63.45503719,Drawdown Cycle 1
522,-63.42123056,Drawdown Cycle 1
523,-63.25219743,Drawdown Cycle 1
524,-63.25219743,Drawdown Cycle 1
525,-62.9479378,Drawdown Cycle 1
526,-62.64367816,Drawdown Cycle 1
527,-61.25760649,Drawdown Cycle 1
528,-60.8857336,Drawdown Cycle 1
529,-60.81812035,Drawdown Cycle 1
530,-60.61528059,Drawdown Cycle 1
531,-60.61528059,Drawdown Cycle 1
532,-60.68289385,Drawdown Cycle 1
533,-59.56727519,Drawdown Cycle 1
534,-59.09398242,Drawdown Cycle 1
535,-58.58688303,Drawdown Cycle 1
536,-58.5530764,Drawdown Cycle 1
537,-58.75591616,Drawdown Cycle 1
538,-59.1954023,Drawdown Cycle 1
539,-58.68830291,Drawdown Cycle 1
540,-58.18120352,Drawdown Cycle 1
541,-57.97836376,Drawdown Cycle 1
542,-58.11359026,Drawdown Cycle 1
543,-58.01217039,Drawdown Cycle 1
544,-57.50507099,Drawdown Cycle 1
545,-57.43745774,Drawdown Cycle 1
546,-55.37525355,Drawdown Cycle 1
547,-54.86815416,Drawdown Cycle 1
548,-54.80054091,Drawdown Cycle 1
549,-54.83434753,Drawdown Cycle 1
550,-55.37525355,Drawdown Cycle 1
551,-55.07099391,Drawdown Cycle 1
552,-54.86815416,Drawdown Cycle 1
553,-54.39486139,Drawdown Cycle 1
554,-54.29344151,Drawdown Cycle 1
555,-54.32724814,Drawdown Cycle 1
556,-54.76673428,Drawdown Cycle 1
557,-55.13860717,Drawdown Cycle 1
558,-55.27383367,Drawdown Cycle 1
559,-55.74712644,Drawdown Cycle 1
560,-54.69912103,Drawdown Cycle 1
561,-54.76673428,Drawdown Cycle 1
562,-55.17241379,Drawdown Cycle 1
563,-55.37525355,Drawdown Cycle 1
564,-55.57809331,Drawdown Cycle 1
565,-55.27383367,Drawdown Cycle 1
566,-55.24002705,Drawdown Cycle 1
567,-55.4428668,Drawdown Cycle 1
568,-55.40906018,Drawdown Cycle 1
569,-55.34144692,Drawdown Cycle 1
570,-55.67951318,Drawdown Cycle 1
571,-55.37525355,Drawdown Cycle 1
572,-55.24002705,Drawdown Cycle 1
573,-55.3076403,Drawdown Cycle 1
574,-55.98377282,Drawdown Cycle 1
575,-55.40906018,Drawdown Cycle 1
576,-55.54428668,Drawdown Cycle 1
577,-55.54428668,Drawdown Cycle 1
578,-55.54428668,Drawdown Cycle 1
579,-55.37525355,Drawdown Cycle 1
580,-54.36105477,Drawdown Cycle 1
581,-54.09060176,Drawdown Cycle 1
582,-52.67072346,Drawdown Cycle 1
583,-52.67072346,Drawdown Cycle 1
584,-53.04259635,Drawdown Cycle 1
585,-53.92156863,Drawdown Cycle 1
586,-52.77214334,Drawdown Cycle 1
587,-51.75794456,Drawdown Cycle 1
588,-51.25084517,Drawdown Cycle 1
589,-47.83637593,Drawdown Cycle 1
590,-47.39688979,Drawdown Cycle 1
591,-47.59972955,Drawdown Cycle 1
592,-47.59972955,Drawdown Cycle 1
593,-44.15145368,Drawdown Cycle 1
594,-41.14266396,Drawdown Cycle 1
595,-40.83840433,Drawdown Cycle 1
596,-41.68356998,Drawdown Cycle 1
597,-40.87221095,Drawdown Cycle 1
598,-41.5821501,Drawdown Cycle 1
599,-40.90601758,Drawdown Cycle 1
600,-36.88302907,Drawdown Cycle 1
601,-34.38133874,Drawdown Cycle 1
602,-34.24611224,Drawdown Cycle 1
603,-30.831643,Drawdown Cycle 1
604,-30.73022312,Drawdown Cycle 1
605,-32.99526707,Drawdown Cycle 1
606,-31.40635565,Drawdown Cycle 1
607,-31.40635565,Drawdown Cycle 1
608,-30.49357674,Drawdown Cycle 1
609,-29.31034483,Drawdown Cycle 1
610,-26.60581474,Drawdown Cycle 1
611,-23.93509128,Drawdown Cycle 1
612,-21.77146721,Drawdown Cycle 1
613,-20.04732928,Drawdown Cycle 1
614,-19.06693712,Drawdown Cycle 1
615,-15.11156187,Drawdown Cycle 1
616,-14.06355646,Drawdown Cycle 1
617,-7.36984449,Drawdown Cycle 1
618,-8.248816768,Drawdown Cycle 1
619,-6.896551724,Drawdown Cycle 1
620,-8.789722786,Drawdown Cycle 1
621,-9.060175794,Drawdown Cycle 1
622,-0.6423258959,Drawdown Cycle 1
623,0,Drawdown Cycle 1
624,0,Drawdown Cycle 1
625,0,Drawdown Cycle 1
626,-2.593565332,Drawdown Cycle 1
627,-2.790544977,Drawdown Cycle 1
628,-0.1313197636,Drawdown Cycle 1
629,0,Drawdown Cycle 1
630,0,Drawdown Cycle 1
631,0,Drawdown Cycle 1
0,0,Drawdown Cycle 2
1,-0.2332614923,Drawdown Cycle 2
2,-15.74204649,Drawdown Cycle 2
3,-7.58232889,Drawdown Cycle 2
4,-6.709593877,Drawdown Cycle 2
5,0,Drawdown Cycle 2
6,-9.449489715,Drawdown Cycle 2
7,-28.85875389,Drawdown Cycle 2
8,-38.18528342,Drawdown Cycle 2
9,-30.94907692,Drawdown Cycle 2
10,-21.39331448,Drawdown Cycle 2
11,-14.25635441,Drawdown Cycle 2
12,-22.9847705,Drawdown Cycle 2
13,-23.32554586,Drawdown Cycle 2
14,-22.77661649,Drawdown Cycle 2
15,-25.09265928,Drawdown Cycle 2
16,-24.24862548,Drawdown Cycle 2
17,-40.38275747,Drawdown Cycle 2
18,-40.13947197,Drawdown Cycle 2
19,-54.31853713,Drawdown Cycle 2
20,-39.95064027,Drawdown Cycle 2
21,-46.44732913,Drawdown Cycle 2
22,-47.5223524,Drawdown Cycle 2
23,-46.02487309,Drawdown Cycle 2
24,-42.04184159,Drawdown Cycle 2
25,-42.95174691,Drawdown Cycle 2
26,-40.40734951,Drawdown Cycle 2
27,-34.30676808,Drawdown Cycle 2
28,-36.86873123,Drawdown Cycle 2
29,-36.95480335,Drawdown Cycle 2
30,-36.05280261,Drawdown Cycle 2
31,-35.31416326,Drawdown Cycle 2
32,-35.71290555,Drawdown Cycle 2
33,-33.73236839,Drawdown Cycle 2
34,-31.15635265,Drawdown Cycle 2
35,-29.00015809,Drawdown Cycle 2
36,-27.21284407,Drawdown Cycle 2
37,-20.74777354,Drawdown Cycle 2
38,-20.25066311,Drawdown Cycle 2
39,-28.7770732,Drawdown Cycle 2
40,-27.89351649,Drawdown Cycle 2
41,-27.359518,Drawdown Cycle 2
42,-25.56693425,Drawdown Cycle 2
43,-22.14249328,Drawdown Cycle 2
44,-25.86818669,Drawdown Cycle 2
45,-27.36566601,Drawdown Cycle 2
46,-28.37130461,Drawdown Cycle 2
47,-26.1580214,Drawdown Cycle 2
48,-28.28347591,Drawdown Cycle 2
49,-30.26576964,Drawdown Cycle 2
50,-28.93077342,Drawdown Cycle 2
51,-26.08863672,Drawdown Cycle 2
52,-27.13731139,Drawdown Cycle 2
53,-27.58611604,Drawdown Cycle 2
54,-28.02438125,Drawdown Cycle 2
55,-28.88598078,Drawdown Cycle 2
56,-31.42686504,Drawdown Cycle 2
57,-29.51307769,Drawdown Cycle 2
58,-28.56277117,Drawdown Cycle 2
59,-34.69936236,Drawdown Cycle 2
60,-30.88671854,Drawdown Cycle 2
61,-30.28597024,Drawdown Cycle 2
62,-29.87668851,Drawdown Cycle 2
63,-29.47355478,Drawdown Cycle 2
64,-28.66728732,Drawdown Cycle 2
65,-28.41961039,Drawdown Cycle 2
66,-29.14244058,Drawdown Cycle 2
67,-29.71859685,Drawdown Cycle 2
68,-31.45936166,Drawdown Cycle 2
69,-32.93312723,Drawdown Cycle 2
70,-37.63284091,Drawdown Cycle 2
71,-40.23344868,Drawdown Cycle 2
72,-39.68188445,Drawdown Cycle 2
73,-39.51237506,Drawdown Cycle 2
74,-40.53997084,Drawdown Cycle 2
75,-42.77081979,Drawdown Cycle 2
76,-45.963393,Drawdown Cycle 2
77,-41.13105798,Drawdown Cycle 2
78,-42.3993044,Drawdown Cycle 2
79,-45.16766499,Drawdown Cycle 2
80,-44.60556131,Drawdown Cycle 2
81,-44.94106694,Drawdown Cycle 2
82,-45.15800383,Drawdown Cycle 2
83,-50.50764988,Drawdown Cycle 2
84,-49.51342901,Drawdown Cycle 2
85,-46.83289712,Drawdown Cycle 2
86,-46.81972281,Drawdown Cycle 2
87,-52.08417503,Drawdown Cycle 2
88,-52.5856769,Drawdown Cycle 2
89,-48.59034938,Drawdown Cycle 2
90,-48.48319837,Drawdown Cycle 2
91,-51.91378735,Drawdown Cycle 2
92,-50.19146656,Drawdown Cycle 2
93,-51.32621335,Drawdown Cycle 2
94,-40.59442463,Drawdown Cycle 2
95,-40.78501291,Drawdown Cycle 2
96,-41.09329164,Drawdown Cycle 2
97,-41.24260043,Drawdown Cycle 2
98,-44.59853502,Drawdown Cycle 2
99,-45.50053576,Drawdown Cycle 2
100,-43.7896327,Drawdown Cycle 2
101,-44.83479422,Drawdown Cycle 2
102,-44.16729611,Drawdown Cycle 2
103,-44.23316763,Drawdown Cycle 2
104,-43.57006095,Drawdown Cycle 2
105,-44.71359061,Drawdown Cycle 2
106,-44.23668078,Drawdown Cycle 2
107,-44.23053277,Drawdown Cycle 2
108,-45.33629609,Drawdown Cycle 2
109,-46.33227353,Drawdown Cycle 2
110,-46.31558608,Drawdown Cycle 2
111,-48.56751392,Drawdown Cycle 2
112,-49.85596093,Drawdown Cycle 2
113,-50.48832757,Drawdown Cycle 2
114,-50.68682043,Drawdown Cycle 2
115,-48.67290836,Drawdown Cycle 2
116,-48.75371076,Drawdown Cycle 2
117,-48.89072353,Drawdown Cycle 2
118,-58.24360168,Drawdown Cycle 2
119,-56.05315393,Drawdown Cycle 2
120,-56.78915843,Drawdown Cycle 2
121,-59.5179961,Drawdown Cycle 2
122,-60.01686311,Drawdown Cycle 2
123,-57.91248748,Drawdown Cycle 2
124,-61.42475715,Drawdown Cycle 2
125,-60.39276994,Drawdown Cycle 2
126,-60.32514184,Drawdown Cycle 2
127,-59.31335523,Drawdown Cycle 2
128,-59.82100511,Drawdown Cycle 2
129,-60.56052276,Drawdown Cycle 2
130,-60.18900736,Drawdown Cycle 2
131,-61.18586309,Drawdown Cycle 2
132,-67.48054594,Drawdown Cycle 2
133,-62.8124506,Drawdown Cycle 2
134,-62.83792092,Drawdown Cycle 2
135,-63.42988635,Drawdown Cycle 2
136,-59.61460767,Drawdown Cycle 2
137,-54.0568076,Drawdown Cycle 2
138,-53.61502925,Drawdown Cycle 2
139,-56.20861073,Drawdown Cycle 2
140,-57.62353107,Drawdown Cycle 2
141,-55.75190149,Drawdown Cycle 2
142,-55.95039435,Drawdown Cycle 2
143,-56.37987669,Drawdown Cycle 2
144,-57.02893077,Drawdown Cycle 2
145,-57.00346045,Drawdown Cycle 2
146,-55.88188797,Drawdown Cycle 2
147,-59.01034622,Drawdown Cycle 2
148,-59.46881203,Drawdown Cycle 2
149,-61.36415535,Drawdown Cycle 2
150,-61.35449419,Drawdown Cycle 2
151,-60.64747317,Drawdown Cycle 2
152,-60.5780885,Drawdown Cycle 2
153,-59.5856242,Drawdown Cycle 2
154,-60.39891795,Drawdown Cycle 2
155,-61.3676685,Drawdown Cycle 2
156,-61.57494423,Drawdown Cycle 2
157,-62.12211702,Drawdown Cycle 2
158,-62.27757382,Drawdown Cycle 2
159,-61.02513657,Drawdown Cycle 2
160,-61.44320118,Drawdown Cycle 2
161,-60.24785259,Drawdown Cycle 2
162,-60.02125455,Drawdown Cycle 2
163,-61.50468127,Drawdown Cycle 2
164,-61.1384356,Drawdown Cycle 2
165,-61.45637549,Drawdown Cycle 2
166,-60.81698256,Drawdown Cycle 2
167,-60.78185108,Drawdown Cycle 2
168,-60.74057159,Drawdown Cycle 2
169,-60.41297054,Drawdown Cycle 2
170,-60.75023275,Drawdown Cycle 2
171,-60.67382178,Drawdown Cycle 2
172,-57.06845369,Drawdown Cycle 2
173,-56.67234626,Drawdown Cycle 2
174,-53.61239439,Drawdown Cycle 2
175,-54.06032075,Drawdown Cycle 2
176,-53.71427568,Drawdown Cycle 2
177,-49.75407964,Drawdown Cycle 2
178,-48.63075058,Drawdown Cycle 2
179,-49.70050414,Drawdown Cycle 2
180,-48.99963112,Drawdown Cycle 2
181,-49.70753043,Drawdown Cycle 2
182,-45.48911802,Drawdown Cycle 2
183,-44.98234643,Drawdown Cycle 2
184,-44.88924801,Drawdown Cycle 2
185,-41.72741485,Drawdown Cycle 2
186,-41.12666655,Drawdown Cycle 2
187,-43.505946,Drawdown Cycle 2
188,-41.82490471,Drawdown Cycle 2
189,-42.97897381,Drawdown Cycle 2
190,-42.38876495,Drawdown Cycle 2
191,-42.32289343,Drawdown Cycle 2
192,-43.01498358,Drawdown Cycle 2
193,-43.0404539,Drawdown Cycle 2
194,-45.3152172,Drawdown Cycle 2
195,-49.77603682,Drawdown Cycle 2
196,-48.09323895,Drawdown Cycle 2
197,-50.2634861,Drawdown Cycle 2
198,-48.68256952,Drawdown Cycle 2
199,-48.26362662,Drawdown Cycle 2
200,-46.71081523,Drawdown Cycle 2
201,-46.60278593,Drawdown Cycle 2
202,-47.94217358,Drawdown Cycle 2
203,-47.92021641,Drawdown Cycle 2
204,-48.03263714,Drawdown Cycle 2
205,-47.30892867,Drawdown Cycle 2
206,-48.2987581,Drawdown Cycle 2
207,-49.60389257,Drawdown Cycle 2
208,-50.78694514,Drawdown Cycle 2
209,-49.29297897,Drawdown Cycle 2
210,-47.31595496,Drawdown Cycle 2
211,-48.11168297,Drawdown Cycle 2
212,-47.30278066,Drawdown Cycle 2
213,-44.13304291,Drawdown Cycle 2
214,-43.38825555,Drawdown Cycle 2
215,-42.90695428,Drawdown Cycle 2
216,-43.13618718,Drawdown Cycle 2
217,-44.75574839,Drawdown Cycle 2
218,-44.60819617,Drawdown Cycle 2
219,-44.50631488,Drawdown Cycle 2
220,-45.20543133,Drawdown Cycle 2
221,-45.15361239,Drawdown Cycle 2
222,-45.47243057,Drawdown Cycle 2
223,-45.8281368,Drawdown Cycle 2
224,-44.3429535,Drawdown Cycle 2
225,-44.12513833,Drawdown Cycle 2
226,-44.72676492,Drawdown Cycle 2
227,-45.55498955,Drawdown Cycle 2
228,-45.21070105,Drawdown Cycle 2
229,-45.81584078,Drawdown Cycle 2
230,-45.01220819,Drawdown Cycle 2
231,-44.5054366,Drawdown Cycle 2
232,-44.72852149,Drawdown Cycle 2
233,-44.93228407,Drawdown Cycle 2
234,-45.34947039,Drawdown Cycle 2
235,-45.54620668,Drawdown Cycle 2
236,-45.53566723,Drawdown Cycle 2
237,-46.95410072,Drawdown Cycle 2
238,-47.07618261,Drawdown Cycle 2
239,-47.73577614,Drawdown Cycle 2
240,-48.02736742,Drawdown Cycle 2
241,-48.18370251,Drawdown Cycle 2
242,-48.67466493,Drawdown Cycle 2
243,-50.63061006,Drawdown Cycle 2
244,-48.88106238,Drawdown Cycle 2
245,-47.40466195,Drawdown Cycle 2
246,-48.1169527,Drawdown Cycle 2
247,-48.6430466,Drawdown Cycle 2
248,-48.33564616,Drawdown Cycle 2
249,-49.03388431,Drawdown Cycle 2
250,-48.88281895,Drawdown Cycle 2
251,-48.5894711,Drawdown Cycle 2
252,-48.31281069,Drawdown Cycle 2
253,-48.29963639,Drawdown Cycle 2
254,-48.19951167,Drawdown Cycle 2
255,-49.67064238,Drawdown Cycle 2
256,-50.07641097,Drawdown Cycle 2
257,-51.69597218,Drawdown Cycle 2
258,-55.59029669,Drawdown Cycle 2
259,-55.94775949,Drawdown Cycle 2
260,-53.95756117,Drawdown Cycle 2
261,-56.16820952,Drawdown Cycle 2
262,-58.36919672,Drawdown Cycle 2
263,-56.96393754,Drawdown Cycle 2
264,-54.57499693,Drawdown Cycle 2
265,-54.32292856,Drawdown Cycle 2
266,-54.66897363,Drawdown Cycle 2
267,-56.3517715,Drawdown Cycle 2
268,-55.36282036,Drawdown Cycle 2
269,-55.81074672,Drawdown Cycle 2
270,-54.98954838,Drawdown Cycle 2
271,-55.12041315,Drawdown Cycle 2
272,-55.52354687,Drawdown Cycle 2
273,-55.30748827,Drawdown Cycle 2
274,-55.99782185,Drawdown Cycle 2
275,-57.97748072,Drawdown Cycle 2
276,-58.26468057,Drawdown Cycle 2
277,-58.35514413,Drawdown Cycle 2
278,-58.24008853,Drawdown Cycle 2
279,-57.11851605,Drawdown Cycle 2
280,-58.05916141,Drawdown Cycle 2
281,-57.87999087,Drawdown Cycle 2
282,-58.10834548,Drawdown Cycle 2
283,-58.9102215,Drawdown Cycle 2
284,-58.37446644,Drawdown Cycle 2
285,-58.09077974,Drawdown Cycle 2
286,-58.03896081,Drawdown Cycle 2
287,-58.38851903,Drawdown Cycle 2
288,-58.05037854,Drawdown Cycle 2
289,-58.23921024,Drawdown Cycle 2
290,-58.68362346,Drawdown Cycle 2
291,-59.29842435,Drawdown Cycle 2
292,-60.24609601,Drawdown Cycle 2
293,-62.56828681,Drawdown Cycle 2
294,-65.31556852,Drawdown Cycle 2
295,-63.79876689,Drawdown Cycle 2
296,-64.84919812,Drawdown Cycle 2
297,-64.87203359,Drawdown Cycle 2
298,-61.3948954,Drawdown Cycle 2
299,-62.79488486,Drawdown Cycle 2
300,-64.06840099,Drawdown Cycle 2
301,-64.43376838,Drawdown Cycle 2
302,-64.79474433,Drawdown Cycle 2
303,-67.04403731,Drawdown Cycle 2
304,-67.27502679,Drawdown Cycle 2
305,-65.7283634,Drawdown Cycle 2
306,-66.33965114,Drawdown Cycle 2
307,-67.00627097,Drawdown Cycle 2
308,-68.55908237,Drawdown Cycle 2
309,-71.1219238,Drawdown Cycle 2
310,-71.56194558,Drawdown Cycle 2
311,-71.15969014,Drawdown Cycle 2
312,-70.75392155,Drawdown Cycle 2
313,-68.7725061,Drawdown Cycle 2
314,-68.34829349,Drawdown Cycle 2
315,-68.33687576,Drawdown Cycle 2
316,-68.15243549,Drawdown Cycle 2
317,-66.76210719,Drawdown Cycle 2
318,-65.66337016,Drawdown Cycle 2
319,-64.57253772,Drawdown Cycle 2
320,-65.2830719,Drawdown Cycle 2
321,-66.27992763,Drawdown Cycle 2
322,-66.33438142,Drawdown Cycle 2
323,-65.60364665,Drawdown Cycle 2
324,-65.86801103,Drawdown Cycle 2
325,-66.47051591,Drawdown Cycle 2
326,-66.13852342,Drawdown Cycle 2
327,-66.38707864,Drawdown Cycle 2
328,-68.63198019,Drawdown Cycle 2
329,-68.5160463,Drawdown Cycle 2
330,-69.52344148,Drawdown Cycle 2
331,-68.92532804,Drawdown Cycle 2
332,-69.13260377,Drawdown Cycle 2
333,-68.7391312,Drawdown Cycle 2
334,-70.60549105,Drawdown Cycle 2
335,-69.60424388,Drawdown Cycle 2
336,-70.33322208,Drawdown Cycle 2
337,-71.55755415,Drawdown Cycle 2
338,-71.47148202,Drawdown Cycle 2
339,-71.41175851,Drawdown Cycle 2
340,-71.1895519,Drawdown Cycle 2
341,-70.2576894,Drawdown Cycle 2
342,-69.26259024,Drawdown Cycle 2
343,-69.93711465,Drawdown Cycle 2
344,-69.63147078,Drawdown Cycle 2
345,-67.86435736,Drawdown Cycle 2
346,-67.79848583,Drawdown Cycle 2
347,-67.65532505,Drawdown Cycle 2
348,-62.93716735,Drawdown Cycle 2
349,-63.34644909,Drawdown Cycle 2
350,-65.04505612,Drawdown Cycle 2
351,-66.88858051,Drawdown Cycle 2
352,-65.7687646,Drawdown Cycle 2
353,-65.92246482,Drawdown Cycle 2
354,-67.08882995,Drawdown Cycle 2
355,-66.7682552,Drawdown Cycle 2
356,-68.70136486,Drawdown Cycle 2
357,-69.18793585,Drawdown Cycle 2
358,-68.94992008,Drawdown Cycle 2
359,-67.75632806,Drawdown Cycle 2
360,-66.80602154,Drawdown Cycle 2
361,-66.99397495,Drawdown Cycle 2
362,-67.84591333,Drawdown Cycle 2
363,-67.53587802,Drawdown Cycle 2
364,-66.89824167,Drawdown Cycle 2
365,-66.92810343,Drawdown Cycle 2
366,-66.88155422,Drawdown Cycle 2
367,-66.83412672,Drawdown Cycle 2
368,-66.69623566,Drawdown Cycle 2
369,-67.05545504,Drawdown Cycle 2
370,-67.73788403,Drawdown Cycle 2
371,-67.06950763,Drawdown Cycle 2
372,-67.0580899,Drawdown Cycle 2
373,-66.94303431,Drawdown Cycle 2
374,-68.12345202,Drawdown Cycle 2
375,-69.11328146,Drawdown Cycle 2
376,-69.51026717,Drawdown Cycle 2
377,-69.34690579,Drawdown Cycle 2
378,-69.06585396,Drawdown Cycle 2
379,-69.1712484,Drawdown Cycle 2
380,-68.55908237,Drawdown Cycle 2
381,-69.50675403,Drawdown Cycle 2
382,-70.96822358,Drawdown Cycle 2
383,-71.79381335,Drawdown Cycle 2
384,-72.62379455,Drawdown Cycle 2
385,-72.02041139,Drawdown Cycle 2
386,-70.89005603,Drawdown Cycle 2
387,-71.76043844,Drawdown Cycle 2
388,-70.86107256,Drawdown Cycle 2
389,-70.43949481,Drawdown Cycle 2
390,-71.63396511,Drawdown Cycle 2
391,-71.945757,Drawdown Cycle 2
392,-71.02179908,Drawdown Cycle 2
393,-72.21890425,Drawdown Cycle 2
394,-72.14337157,Drawdown Cycle 2
395,-72.50171266,Drawdown Cycle 2
396,-72.60886367,Drawdown Cycle 2
397,-71.80874423,Drawdown Cycle 2
398,-72.38753535,Drawdown Cycle 2
399,-72.24700943,Drawdown Cycle 2
400,-74.6587855,Drawdown Cycle 2
401,-76.8123452,Drawdown Cycle 2
402,-75.68901614,Drawdown Cycle 2
403,-75.32013561,Drawdown Cycle 2
404,-73.65139033,Drawdown Cycle 2
405,-74.6183843,Drawdown Cycle 2
406,-74.6183843,Drawdown Cycle 2
407,-74.6183843,Drawdown Cycle 2
408,-74.6183843,Drawdown Cycle 2
409,-74.6183843,Drawdown Cycle 2
410,-77.16453828,Drawdown Cycle 2
411,-89.46055613,Drawdown Cycle 2
412,-81.38822041,Drawdown Cycle 2
413,-82.48168772,Drawdown Cycle 2
414,-83.8395194,Drawdown Cycle 2
415,-83.8395194,Drawdown Cycle 2
416,-80.19375011,Drawdown Cycle 2
417,-81.73163063,Drawdown Cycle 2
418,-80.19375011,Drawdown Cycle 2
419,-79.65096875,Drawdown Cycle 2
420,-79.42524899,Drawdown Cycle 2
421,-78.2571273,Drawdown Cycle 2
422,-77.79514834,Drawdown Cycle 2
423,-76.08775844,Drawdown Cycle 2
424,-76.90895677,Drawdown Cycle 2
425,-79.34795974,Drawdown Cycle 2
426,-79.31107169,Drawdown Cycle 2
427,-79.72825801,Drawdown Cycle 2
428,-79.95573434,Drawdown Cycle 2
429,-80.00228355,Drawdown Cycle 2
430,-80.07342479,Drawdown Cycle 2
431,-79.89688911,Drawdown Cycle 2
432,-80.11031285,Drawdown Cycle 2
433,-80.8630048,Drawdown Cycle 2
434,-80.38082524,Drawdown Cycle 2
435,-79.89337596,Drawdown Cycle 2
436,-80.35184177,Drawdown Cycle 2
437,-80.5722918,Drawdown Cycle 2
438,-80.57053523,Drawdown Cycle 2
439,-80.70579142,Drawdown Cycle 2
440,-80.5248643,Drawdown Cycle 2
441,-79.17054577,Drawdown Cycle 2
442,-77.41221522,Drawdown Cycle 2
443,-79.49024223,Drawdown Cycle 2
444,-79.15912804,Drawdown Cycle 2
445,-78.69187936,Drawdown Cycle 2
446,-79.36816034,Drawdown Cycle 2
447,-78.71910626,Drawdown Cycle 2
448,-78.44683729,Drawdown Cycle 2
449,-78.42136697,Drawdown Cycle 2
450,-79.2627659,Drawdown Cycle 2
451,-78.95800032,Drawdown Cycle 2
452,-78.92374712,Drawdown Cycle 2
453,-79.03792443,Drawdown Cycle 2
454,-79.15122345,Drawdown Cycle 2
455,-77.68536247,Drawdown Cycle 2
456,-77.84169755,Drawdown Cycle 2
457,-77.38147517,Drawdown Cycle 2
458,-76.02715663,Drawdown Cycle 2
459,-75.4220169,Drawdown Cycle 2
460,-76.26341583,Drawdown Cycle 2
461,-75.59416115,Drawdown Cycle 2
462,-76.05526182,Drawdown Cycle 2
463,-75.7259042,Drawdown Cycle 2
464,-75.77420998,Drawdown Cycle 2
465,-74.81336401,Drawdown Cycle 2
466,-74.34962848,Drawdown Cycle 2
467,-74.06682007,Drawdown Cycle 2
468,-74.05276748,Drawdown Cycle 2
469,-74.72026559,Drawdown Cycle 2
470,-75.02239632,Drawdown Cycle 2
471,-74.82829489,Drawdown Cycle 2
472,-74.57007852,Drawdown Cycle 2
473,-74.89416642,Drawdown Cycle 2
474,-77.45173813,Drawdown Cycle 2
475,-76.92652251,Drawdown Cycle 2
476,-76.88436474,Drawdown Cycle 2
477,-77.08373588,Drawdown Cycle 2
478,-76.42941207,Drawdown Cycle 2
479,-76.61912206,Drawdown Cycle 2
480,-78.16139402,Drawdown Cycle 2
481,-78.42663669,Drawdown Cycle 2
482,-77.9462137,Drawdown Cycle 2
483,-78.16402888,Drawdown Cycle 2
484,-77.9260131,Drawdown Cycle 2
485,-78.67255704,Drawdown Cycle 2
486,-78.18510777,Drawdown Cycle 2
487,-78.55837974,Drawdown Cycle 2
488,-78.40819266,Drawdown Cycle 2
489,-77.92425653,Drawdown Cycle 2
490,-77.72225052,Drawdown Cycle 2
491,-77.72927682,Drawdown Cycle 2
492,-77.26729786,Drawdown Cycle 2
493,-77.44295526,Drawdown Cycle 2
494,-77.68097103,Drawdown Cycle 2
495,-78.40292294,Drawdown Cycle 2
496,-78.66377417,Drawdown Cycle 2
497,-79.34971631,Drawdown Cycle 2
498,-79.16878919,Drawdown Cycle 2
499,-79.17318063,Drawdown Cycle 2
500,-80.31407543,Drawdown Cycle 2
501,-81.00353071,Drawdown Cycle 2
502,-80.57492666,Drawdown Cycle 2
503,-79.91445485,Drawdown Cycle 2
504,-80.37028579,Drawdown Cycle 2
505,-80.34481547,Drawdown Cycle 2
506,-80.35447663,Drawdown Cycle 2
507,-80.33251945,Drawdown Cycle 2
508,-79.44369302,Drawdown Cycle 2
509,-79.4858508,Drawdown Cycle 2
510,-79.38572608,Drawdown Cycle 2
511,-79.66589963,Drawdown Cycle 2
512,-80.07166822,Drawdown Cycle 2
513,-80.73301832,Drawdown Cycle 2
514,-80.06376364,Drawdown Cycle 2
515,-80.2886051,Drawdown Cycle 2
516,-80.09274711,Drawdown Cycle 2
517,-79.1749372,Drawdown Cycle 2
518,-79.45511075,Drawdown Cycle 2
519,-79.37869978,Drawdown Cycle 2
520,-78.93604314,Drawdown Cycle 2
521,-79.12663142,Drawdown Cycle 2
522,-79.37869978,Drawdown Cycle 2
523,-79.85648791,Drawdown Cycle 2
524,-79.16351947,Drawdown Cycle 2
525,-78.53290941,Drawdown Cycle 2
526,-78.67958334,Drawdown Cycle 2
527,-78.91145111,Drawdown Cycle 2
528,-78.77882977,Drawdown Cycle 2
529,-78.74633315,Drawdown Cycle 2
530,-79.16527605,Drawdown Cycle 2
531,-79.15737146,Drawdown Cycle 2
532,-79.14068401,Drawdown Cycle 2
533,-79.1819635,Drawdown Cycle 2
534,-79.18108521,Drawdown Cycle 2
535,-79.4454496,Drawdown Cycle 2
536,-79.60793269,Drawdown Cycle 2
537,-79.42261413,Drawdown Cycle 2
538,-79.35322946,Drawdown Cycle 2
539,-78.96239175,Drawdown Cycle 2
540,-79.0467073,Drawdown Cycle 2
541,-78.8982768,Drawdown Cycle 2
542,-79.25398303,Drawdown Cycle 2
543,-79.18986808,Drawdown Cycle 2
544,-79.36816034,Drawdown Cycle 2
545,-79.15298003,Drawdown Cycle 2
546,-79.20128581,Drawdown Cycle 2
547,-79.61935042,Drawdown Cycle 2
548,-79.84419189,Drawdown Cycle 2
549,-80.44318361,Drawdown Cycle 2
550,-80.17091465,Drawdown Cycle 2
551,-80.10504312,Drawdown Cycle 2
552,-80.32812802,Drawdown Cycle 2
553,-80.30968399,Drawdown Cycle 2
554,-80.30441427,Drawdown Cycle 2
555,-80.35272005,Drawdown Cycle 2
556,-79.90040226,Drawdown Cycle 2
557,-79.86878392,Drawdown Cycle 2
558,-79.89513253,Drawdown Cycle 2
559,-79.8705405,Drawdown Cycle 2
560,-79.86000105,Drawdown Cycle 2
561,-79.64569903,Drawdown Cycle 2
562,-79.61935042,Drawdown Cycle 2
563,-79.20392067,Drawdown Cycle 2
564,-78.31685081,Drawdown Cycle 2
565,-78.26766674,Drawdown Cycle 2
566,-78.13241055,Drawdown Cycle 2
567,-78.37393947,Drawdown Cycle 2
568,-78.47845562,Drawdown Cycle 2
569,-78.6690439,Drawdown Cycle 2
570,-78.18774263,Drawdown Cycle 2
571,-78.49602136,Drawdown Cycle 2
572,-78.91057282,Drawdown Cycle 2
573,-78.72701084,Drawdown Cycle 2
574,-78.69802737,Drawdown Cycle 2
575,-77.96114458,Drawdown Cycle 2
576,-78.149098,Drawdown Cycle 2
577,-77.5483497,Drawdown Cycle 2
578,-76.89841733,Drawdown Cycle 2
579,-77.34985684,Drawdown Cycle 2
580,-77.65110928,Drawdown Cycle 2
581,-77.46227757,Drawdown Cycle 2
582,-77.17244287,Drawdown Cycle 2
583,-76.28537301,Drawdown Cycle 2
584,-76.08775844,Drawdown Cycle 2
585,-76.64722725,Drawdown Cycle 2
586,-76.37583657,Drawdown Cycle 2
587,-76.32928736,Drawdown Cycle 2
588,-74.93105447,Drawdown Cycle 2
589,-74.27673066,Drawdown Cycle 2
590,-72.82140912,Drawdown Cycle 2
591,-74.36982909,Drawdown Cycle 2
592,-74.60257514,Drawdown Cycle 2
593,-74.46907552,Drawdown Cycle 2
594,-75.65212809,Drawdown Cycle 2
595,-75.51160217,Drawdown Cycle 2
596,-75.59240457,Drawdown Cycle 2
597,-75.7794797,Drawdown Cycle 2
598,-75.5300462,Drawdown Cycle 2
599,-75.52741134,Drawdown Cycle 2
600,-75.70921674,Drawdown Cycle 2
601,-75.7390785,Drawdown Cycle 2
602,-74.66932495,Drawdown Cycle 2
603,-74.66756837,Drawdown Cycle 2
604,-74.35226335,Drawdown Cycle 2
605,-74.07296808,Drawdown Cycle 2
606,-74.06594179,Drawdown Cycle 2
607,-74.39881256,Drawdown Cycle 2
608,-74.70796958,Drawdown Cycle 2
609,-74.94071563,Drawdown Cycle 2
610,-75.22264575,Drawdown Cycle 2
611,-75.22001089,Drawdown Cycle 2
612,-75.03381405,Drawdown Cycle 2
613,-74.94510706,Drawdown Cycle 2
614,-75.20332344,Drawdown Cycle 2
615,-75.53268106,Drawdown Cycle 2
616,-75.50369759,Drawdown Cycle 2
617,-76.3942806,Drawdown Cycle 2
618,-76.71222049,Drawdown Cycle 2
619,-76.83518066,Drawdown Cycle 2
620,-76.46278698,Drawdown Cycle 2
621,-76.35036625,Drawdown Cycle 2
622,-76.67181928,Drawdown Cycle 2
623,-76.62878322,Drawdown Cycle 2
624,-76.87821673,Drawdown Cycle 2
625,-77.40343235,Drawdown Cycle 2
626,-77.4130935,Drawdown Cycle 2
627,-77.93479597,Drawdown Cycle 2
628,-80.1401746,Drawdown Cycle 2
629,-79.35674261,Drawdown Cycle 2
630,-79.43315358,Drawdown Cycle 2
631,-79.67116935,Drawdown Cycle 2
632,-79.91181999,Drawdown Cycle 2
633,-77.94797028,Drawdown Cycle 2
634,-80.49061111,Drawdown Cycle 2
635,-80.09538197,Drawdown Cycle 2
636,-80.09889511,Drawdown Cycle 2
637,-79.50253825,Drawdown Cycle 2
638,-79.86966221,Drawdown Cycle 2
639,-79.93465545,Drawdown Cycle 2
640,-79.823113,Drawdown Cycle 2
641,-79.97681322,Drawdown Cycle 2
642,-79.87756679,Drawdown Cycle 2
643,-80.08484252,Drawdown Cycle 2
644,-79.67819565,Drawdown Cycle 2
645,-77.93216111,Drawdown Cycle 2
646,-78.87544134,Drawdown Cycle 2
647,-78.90705967,Drawdown Cycle 2
648,-78.6347907,Drawdown Cycle 2
649,-79.0537336,Drawdown Cycle 2
650,-78.94658259,Drawdown Cycle 2
651,-78.90793796,Drawdown Cycle 2
652,-79.30492368,Drawdown Cycle 2
653,-79.87932337,Drawdown Cycle 2
654,-79.73967574,Drawdown Cycle 2
655,-79.86439249,Drawdown Cycle 2
656,-79.96363892,Drawdown Cycle 2
657,-79.61232412,Drawdown Cycle 2
658,-79.47970279,Drawdown Cycle 2
659,-79.6746825,Drawdown Cycle 2
660,-79.823113,Drawdown Cycle 2
661,-80.0663985,Drawdown Cycle 2
662,-79.85297476,Drawdown Cycle 2
663,-79.8705405,Drawdown Cycle 2
664,-79.43491015,Drawdown Cycle 2
665,-79.39714381,Drawdown Cycle 2
666,-79.40680497,Drawdown Cycle 2
667,-79.59914982,Drawdown Cycle 2
668,-79.00981925,Drawdown Cycle 2
669,-79.16000632,Drawdown Cycle 2
670,-79.16615433,Drawdown Cycle 2
671,-79.13365771,Drawdown Cycle 2
672,-79.14858859,Drawdown Cycle 2
673,-78.94658259,Drawdown Cycle 2
674,-78.99840152,Drawdown Cycle 2
675,-78.92813856,Drawdown Cycle 2
676,-78.34671257,Drawdown Cycle 2
677,-78.58385006,Drawdown Cycle 2
678,-78.64269529,Drawdown Cycle 2
679,-78.46791618,Drawdown Cycle 2
680,-78.41785382,Drawdown Cycle 2
681,-78.17017689,Drawdown Cycle 2
682,-78.40380123,Drawdown Cycle 2
683,-78.13153226,Drawdown Cycle 2
684,-77.74157284,Drawdown Cycle 2
685,-77.6765796,Drawdown Cycle 2
686,-76.95462769,Drawdown Cycle 2
687,-76.32138278,Drawdown Cycle 2
688,-76.92476594,Drawdown Cycle 2
689,-76.87119043,Drawdown Cycle 2
690,-76.33894851,Drawdown Cycle 2
691,-76.380228,Drawdown Cycle 2
692,-75.82163748,Drawdown Cycle 2
693,-75.53443763,Drawdown Cycle 2
694,-75.46768782,Drawdown Cycle 2
695,-74.70972615,Drawdown Cycle 2
696,-74.91085387,Drawdown Cycle 2
697,-74.06330693,Drawdown Cycle 2
698,-73.46255863,Drawdown Cycle 2
699,-72.47975548,Drawdown Cycle 2
700,-71.32656467,Drawdown Cycle 2
701,-72.66683061,Drawdown Cycle 2
702,-71.27562402,Drawdown Cycle 2
703,-68.11466915,Drawdown Cycle 2
704,-64.96425372,Drawdown Cycle 2
705,-63.38070228,Drawdown Cycle 2
706,-64.29324246,Drawdown Cycle 2
707,-67.29961882,Drawdown Cycle 2
708,-66.18946407,Drawdown Cycle 2
709,-66.3220854,Drawdown Cycle 2
710,-66.59962409,Drawdown Cycle 2
711,-70.55367212,Drawdown Cycle 2
712,-72.59305451,Drawdown Cycle 2
713,-71.21853537,Drawdown Cycle 2
714,-70.60812591,Drawdown Cycle 2
715,-70.77500044,Drawdown Cycle 2
716,-71.66558345,Drawdown Cycle 2
717,-70.91640464,Drawdown Cycle 2
718,-70.55367212,Drawdown Cycle 2
719,-70.55367212,Drawdown Cycle 2
720,-71.21853537,Drawdown Cycle 2
721,-71.81928367,Drawdown Cycle 2
722,-71.50573521,Drawdown Cycle 2
723,-71.55931072,Drawdown Cycle 2
724,-71.55843243,Drawdown Cycle 2
725,-71.85178029,Drawdown Cycle 2
726,-71.23961426,Drawdown Cycle 2
727,-69.15807409,Drawdown Cycle 2
728,-68.49321084,Drawdown Cycle 2
729,-68.75757523,Drawdown Cycle 2
730,-68.06899823,Drawdown Cycle 2
731,-66.96850463,Drawdown Cycle 2
732,-68.15682692,Drawdown Cycle 2
733,-68.45983594,Drawdown Cycle 2
734,-68.19986299,Drawdown Cycle 2
735,-68.12960003,Drawdown Cycle 2
736,-66.241283,Drawdown Cycle 2
737,-65.47453846,Drawdown Cycle 2
738,-65.38583147,Drawdown Cycle 2
739,-65.11795394,Drawdown Cycle 2
740,-63.40002459,Drawdown Cycle 2
741,-63.40441603,Drawdown Cycle 2
742,-60.43141457,Drawdown Cycle 2
743,-62.44005691,Drawdown Cycle 2
744,-61.62939802,Drawdown Cycle 2
745,-61.18586309,Drawdown Cycle 2
746,-59.42489768,Drawdown Cycle 2
747,-59.92552126,Drawdown Cycle 2
748,-59.90005094,Drawdown Cycle 2
749,-59.43192398,Drawdown Cycle 2
750,-59.39064449,Drawdown Cycle 2
751,-61.22889916,Drawdown Cycle 2
752,-61.65223348,Drawdown Cycle 2
753,-61.62939802,Drawdown Cycle 2
754,-61.19991568,Drawdown Cycle 2
755,-59.99402765,Drawdown Cycle 2
756,-59.90883381,Drawdown Cycle 2
757,-63.33239649,Drawdown Cycle 2
758,-62.91521017,Drawdown Cycle 2
759,-63.03290063,Drawdown Cycle 2
760,-62.22926804,Drawdown Cycle 2
761,-62.4883627,Drawdown Cycle 2
762,-62.11509073,Drawdown Cycle 2
763,-61.92011102,Drawdown Cycle 2
764,-61.97983453,Drawdown Cycle 2
765,-62.33378419,Drawdown Cycle 2
766,-61.92538074,Drawdown Cycle 2
767,-62.05097578,Drawdown Cycle 2
768,-62.08435068,Drawdown Cycle 2
769,-59.91322525,Drawdown Cycle 2
770,-60.27771435,Drawdown Cycle 2
771,-60.31108925,Drawdown Cycle 2
772,-60.72827557,Drawdown Cycle 2
773,-60.69138752,Drawdown Cycle 2
774,-60.74320645,Drawdown Cycle 2
775,-62.14495248,Drawdown Cycle 2
776,-62.09489013,Drawdown Cycle 2
777,-65.92861283,Drawdown Cycle 2
778,-66.25270073,Drawdown Cycle 2
779,-66.22196069,Drawdown Cycle 2
780,-66.19912523,Drawdown Cycle 2
781,-66.5451703,Drawdown Cycle 2
782,-64.18872631,Drawdown Cycle 2
783,-64.17818686,Drawdown Cycle 2
784,-66.58996294,Drawdown Cycle 2
785,-65.81267895,Drawdown Cycle 2
786,-64.63401781,Drawdown Cycle 2
787,-65.47278189,Drawdown Cycle 2
788,-65.47717332,Drawdown Cycle 2
789,-65.33840398,Drawdown Cycle 2
790,-66.38620035,Drawdown Cycle 2
791,-66.83324843,Drawdown Cycle 2
792,-66.8420313,Drawdown Cycle 2
793,-66.73312372,Drawdown Cycle 2
794,-67.28820109,Drawdown Cycle 2
795,-67.12132656,Drawdown Cycle 2
796,-67.50425969,Drawdown Cycle 2
797,-65.93651742,Drawdown Cycle 2
798,-66.08406963,Drawdown Cycle 2
799,-66.96850463,Drawdown Cycle 2
800,-66.95972176,Drawdown Cycle 2
801,-67.25833933,Drawdown Cycle 2
802,-67.17051064,Drawdown Cycle 2
803,-66.60752868,Drawdown Cycle 2
804,-66.8420313,Drawdown Cycle 2
805,-66.35985175,Drawdown Cycle 2
806,-65.84517557,Drawdown Cycle 2
807,-64.71921165,Drawdown Cycle 2
808,-64.8237278,Drawdown Cycle 2
809,-64.30202533,Drawdown Cycle 2
810,-63.35698853,Drawdown Cycle 2
811,-63.07330183,Drawdown Cycle 2
812,-63.20153173,Drawdown Cycle 2
813,-61.37732966,Drawdown Cycle 2
814,-61.63905918,Drawdown Cycle 2
815,-61.62237173,Drawdown Cycle 2
816,-63.08384128,Drawdown Cycle 2
817,-62.89500957,Drawdown Cycle 2
818,-62.93716735,Drawdown Cycle 2
819,-62.66226352,Drawdown Cycle 2
820,-62.08083753,Drawdown Cycle 2
821,-62.20204114,Drawdown Cycle 2
822,-61.72073987,Drawdown Cycle 2
823,-61.95172935,Drawdown Cycle 2
824,-62.45323122,Drawdown Cycle 2
825,-62.98898628,Drawdown Cycle 2
826,-63.81457605,Drawdown Cycle 2
827,-64.75434313,Drawdown Cycle 2
828,-64.2502064,Drawdown Cycle 2
829,-63.78559258,Drawdown Cycle 2
830,-63.76539198,Drawdown Cycle 2
831,-63.75397425,Drawdown Cycle 2
832,-63.40529431,Drawdown Cycle 2
833,-63.24281122,Drawdown Cycle 2
834,-63.81018462,Drawdown Cycle 2
835,-63.7372868,Drawdown Cycle 2
836,-63.6494581,Drawdown Cycle 2
837,-63.38772857,Drawdown Cycle 2
838,-63.38070228,Drawdown Cycle 2
839,-63.23139349,Drawdown Cycle 2
840,-64.20453547,Drawdown Cycle 2
841,-64.1957526,Drawdown Cycle 2
842,-63.7706617,Drawdown Cycle 2
843,-63.79525374,Drawdown Cycle 2
844,-63.37016283,Drawdown Cycle 2
845,-63.3253702,Drawdown Cycle 2
846,-63.38685029,Drawdown Cycle 2
847,-63.3657714,Drawdown Cycle 2
848,-63.36050168,Drawdown Cycle 2
849,-62.57794797,Drawdown Cycle 2
850,-62.92135818,Drawdown Cycle 2
851,-63.44833038,Drawdown Cycle 2
852,-63.72674735,Drawdown Cycle 2
853,-63.39124172,Drawdown Cycle 2
854,-63.38070228,Drawdown Cycle 2
855,-63.2647684,Drawdown Cycle 2
856,-63.33415307,Drawdown Cycle 2
857,-63.30429131,Drawdown Cycle 2
858,-62.96351596,Drawdown Cycle 2
859,-62.95297651,Drawdown Cycle 2
860,-62.98722971,Drawdown Cycle 2
861,-63.24808094,Drawdown Cycle 2
862,-63.34205765,Drawdown Cycle 2
863,-62.96878568,Drawdown Cycle 2
864,-62.94419364,Drawdown Cycle 2
865,-62.53754677,Drawdown Cycle 2
866,-62.66050695,Drawdown Cycle 2
867,-62.58409598,Drawdown Cycle 2
868,-62.3197316,Drawdown Cycle 2
869,-62.08259411,Drawdown Cycle 2
870,-62.49363242,Drawdown Cycle 2
871,-62.50592844,Drawdown Cycle 2
872,-62.06854152,Drawdown Cycle 2
873,-61.20694198,Drawdown Cycle 2
874,-60.3418293,Drawdown Cycle 2
875,-60.75198932,Drawdown Cycle 2
876,-60.40770082,Drawdown Cycle 2
877,-59.69277521,Drawdown Cycle 2
878,-59.02703367,Drawdown Cycle 2
879,-58.90934322,Drawdown Cycle 2
880,-60.29879323,Drawdown Cycle 2
881,-60.66855206,Drawdown Cycle 2
882,-59.9905145,Drawdown Cycle 2
883,-60.51397355,Drawdown Cycle 2
884,-60.25663546,Drawdown Cycle 2
885,-60.94345588,Drawdown Cycle 2
886,-60.31372411,Drawdown Cycle 2
887,-60.74759789,Drawdown Cycle 2
888,-60.67733493,Drawdown Cycle 2
889,-59.5987985,Drawdown Cycle 2
890,-59.79729136,Drawdown Cycle 2
891,-59.82276169,Drawdown Cycle 2
892,-59.42753254,Drawdown Cycle 2
893,-60.26190518,Drawdown Cycle 2
894,-60.25575717,Drawdown Cycle 2
895,-60.2469743,Drawdown Cycle 2
896,-59.85613659,Drawdown Cycle 2
897,-59.84296229,Drawdown Cycle 2
898,-59.81134395,Drawdown Cycle 2
899,-59.90180751,Drawdown Cycle 2
900,-60.22062569,Drawdown Cycle 2
901,-60.18725079,Drawdown Cycle 2
902,-61.11823499,Drawdown Cycle 2
903,-61.18937624,Drawdown Cycle 2
904,-61.1516099,Drawdown Cycle 2
905,-61.52839502,Drawdown Cycle 2
906,-61.18586309,Drawdown Cycle 2
907,-60.7800945,Drawdown Cycle 2
908,-60.72476242,Drawdown Cycle 2
909,-60.23204342,Drawdown Cycle 2
910,-58.5527587,Drawdown Cycle 2
911,-54.05592932,Drawdown Cycle 2
912,-53.96019603,Drawdown Cycle 2
913,-53.76082489,Drawdown Cycle 2
914,-53.63347327,Drawdown Cycle 2
915,-52.82984068,Drawdown Cycle 2
916,-52.84828471,Drawdown Cycle 2
917,-49.9595988,Drawdown Cycle 2
918,-49.64429377,Drawdown Cycle 2
919,-49.56349137,Drawdown Cycle 2
920,-48.80728627,Drawdown Cycle 2
921,-49.44316605,Drawdown Cycle 2
922,-48.92936816,Drawdown Cycle 2
923,-49.46073179,Drawdown Cycle 2
924,-49.35006763,Drawdown Cycle 2
925,-48.63865517,Drawdown Cycle 2
926,-41.13632771,Drawdown Cycle 2
927,-38.60598289,Drawdown Cycle 2
928,-39.76971315,Drawdown Cycle 2
929,-39.27523758,Drawdown Cycle 2
930,-32.63626623,Drawdown Cycle 2
931,-34.43587627,Drawdown Cycle 2
932,-33.95984472,Drawdown Cycle 2
933,-33.08858403,Drawdown Cycle 2
934,-35.40813996,Drawdown Cycle 2
935,-41.48149449,Drawdown Cycle 2
936,-45.27657257,Drawdown Cycle 2
937,-45.31082577,Drawdown Cycle 2
938,-42.25614362,Drawdown Cycle 2
939,-41.91536827,Drawdown Cycle 2
940,-45.12462892,Drawdown Cycle 2
941,-43.23543361,Drawdown Cycle 2
942,-43.26002565,Drawdown Cycle 2
943,-44.36578897,Drawdown Cycle 2
944,-41.29266279,Drawdown Cycle 2
945,-40.61286866,Drawdown Cycle 2
946,-38.53571993,Drawdown Cycle 2
947,-41.81612184,Drawdown Cycle 2
948,-40.68400991,Drawdown Cycle 2
949,-41.23557414,Drawdown Cycle 2
950,-40.65151329,Drawdown Cycle 2
951,-43.93191519,Drawdown Cycle 2
952,-41.91361169,Drawdown Cycle 2
953,-42.67684309,Drawdown Cycle 2
954,-43.21171986,Drawdown Cycle 2
955,-43.15463121,Drawdown Cycle 2
956,-41.24523529,Drawdown Cycle 2
957,-41.85652304,Drawdown Cycle 2
958,-41.88374993,Drawdown Cycle 2
959,-41.34975144,Drawdown Cycle 2
960,-41.76342462,Drawdown Cycle 2
961,-40.63482584,Drawdown Cycle 2
962,-40.75075972,Drawdown Cycle 2
963,-41.09329164,Drawdown Cycle 2
964,-41.31286339,Drawdown Cycle 2
965,-41.45514588,Drawdown Cycle 2
966,-42.60306698,Drawdown Cycle 2
967,-42.55827434,Drawdown Cycle 2
968,-41.82841785,Drawdown Cycle 2
969,-42.53807374,Drawdown Cycle 2
970,-42.58198809,Drawdown Cycle 2
971,-42.54246518,Drawdown Cycle 2
972,-42.56354406,Drawdown Cycle 2
973,-42.36680778,Drawdown Cycle 2
974,-42.57759666,Drawdown Cycle 2
975,-44.61434418,Drawdown Cycle 2
976,-46.05824799,Drawdown Cycle 2
977,-51.08468443,Drawdown Cycle 2
978,-50.1150556,Drawdown Cycle 2
979,-49.48795869,Drawdown Cycle 2
980,-49.44492262,Drawdown Cycle 2
981,-48.33388958,Drawdown Cycle 2
982,-47.86312776,Drawdown Cycle 2
983,-48.19160709,Drawdown Cycle 2
984,-48.45070175,Drawdown Cycle 2
985,-47.69625323,Drawdown Cycle 2
986,-48.24254773,Drawdown Cycle 2
987,-48.3532119,Drawdown Cycle 2
988,-48.68256952,Drawdown Cycle 2
989,-50.03600977,Drawdown Cycle 2
990,-50.20200601,Drawdown Cycle 2
991,-49.33601504,Drawdown Cycle 2
992,-49.96838167,Drawdown Cycle 2
993,-49.64165891,Drawdown Cycle 2
994,-49.56876109,Drawdown Cycle 2
995,-49.25872578,Drawdown Cycle 2
996,-49.30527499,Drawdown Cycle 2
997,-48.79499025,Drawdown Cycle 2
998,-48.82924344,Drawdown Cycle 2
999,-49.38256425,Drawdown Cycle 2
1000,-49.43701804,Drawdown Cycle 2
1001,-49.34479791,Drawdown Cycle 2
1002,-49.98067769,Drawdown Cycle 2
1003,-49.90251014,Drawdown Cycle 2
1004,-49.51782044,Drawdown Cycle 2
1005,-49.43087003,Drawdown Cycle 2
1006,-49.90075357,Drawdown Cycle 2
1007,-49.96223366,Drawdown Cycle 2
1008,-49.90426672,Drawdown Cycle 2
1009,-47.63213828,Drawdown Cycle 2
1010,-47.05510373,Drawdown Cycle 2
1011,-46.95673558,Drawdown Cycle 2
1012,-46.50266121,Drawdown Cycle 2
1013,-45.93528781,Drawdown Cycle 2
1014,-45.2071879,Drawdown Cycle 2
1015,-45.22387535,Drawdown Cycle 2
1016,-45.18083929,Drawdown Cycle 2
1017,-47.05510373,Drawdown Cycle 2
1018,-46.66338773,Drawdown Cycle 2
1019,-46.49387834,Drawdown Cycle 2
1020,-46.44557256,Drawdown Cycle 2
1021,-46.67129231,Drawdown Cycle 2
1022,-46.56589787,Drawdown Cycle 2
1023,-46.98659734,Drawdown Cycle 2
1024,-46.48070403,Drawdown Cycle 2
1025,-46.4833389,Drawdown Cycle 2
1026,-46.456112,Drawdown Cycle 2
1027,-47.67166119,Drawdown Cycle 2
1028,-47.66375661,Drawdown Cycle 2
1029,-47.0840872,Drawdown Cycle 2
1030,-47.07091289,Drawdown Cycle 2
1031,-47.48019463,Drawdown Cycle 2
1032,-46.99889336,Drawdown Cycle 2
1033,-47.06125173,Drawdown Cycle 2
1034,-47.0366597,Drawdown Cycle 2
1035,-46.99538021,Drawdown Cycle 2
1036,-46.87856804,Drawdown Cycle 2
1037,-46.32524724,Drawdown Cycle 2
1038,-46.52549667,Drawdown Cycle 2
1039,-46.41483251,Drawdown Cycle 2
1040,-46.51495723,Drawdown Cycle 2
1041,-46.42537195,Drawdown Cycle 2
1042,-46.42273709,Drawdown Cycle 2
1043,-45.85975513,Drawdown Cycle 2
1044,-45.74996926,Drawdown Cycle 2
1045,-46.08810975,Drawdown Cycle 2
1046,-45.7605087,Drawdown Cycle 2
1047,-43.93981978,Drawdown Cycle 2
1048,-44.10581602,Drawdown Cycle 2
1049,-44.09878972,Drawdown Cycle 2
1050,-43.92313232,Drawdown Cycle 2
1051,-43.90293172,Drawdown Cycle 2
1052,-43.86340881,Drawdown Cycle 2
1053,-43.9380632,Drawdown Cycle 2
1054,-44.13919092,Drawdown Cycle 2
1055,-45.06754027,Drawdown Cycle 2
1056,-44.94458009,Drawdown Cycle 2
1057,-44.60116988,Drawdown Cycle 2
1058,-42.65488591,Drawdown Cycle 2
1059,-42.80595127,Drawdown Cycle 2
1060,-43.12301288,Drawdown Cycle 2
1061,-42.50996856,Drawdown Cycle 2
1062,-41.1635546,Drawdown Cycle 2
1063,-40.23432697,Drawdown Cycle 2
1064,-39.83821954,Drawdown Cycle 2
1065,-37.25956894,Drawdown Cycle 2
1066,-38.65692354,Drawdown Cycle 2
1067,-38.47511813,Drawdown Cycle 2
1068,-36.39357797,Drawdown Cycle 2
1069,-35.91930299,Drawdown Cycle 2
1070,-39.72228565,Drawdown Cycle 2
1071,-38.68151557,Drawdown Cycle 2
1072,-38.40397688,Drawdown Cycle 2
1073,-37.71715646,Drawdown Cycle 2
1074,-37.83221205,Drawdown Cycle 2
1075,-37.75140965,Drawdown Cycle 2
1076,-36.8977147,Drawdown Cycle 2
1077,-37.50548929,Drawdown Cycle 2
1078,-37.0733721,Drawdown Cycle 2
1079,-38.34337508,Drawdown Cycle 2
1080,-38.50761475,Drawdown Cycle 2
1081,-37.91389274,Drawdown Cycle 2
1082,-37.48792355,Drawdown Cycle 2
1083,-35.14377558,Drawdown Cycle 2
1084,-35.00149309,Drawdown Cycle 2
1085,-34.51228723,Drawdown Cycle 2
1086,-34.10037064,Drawdown Cycle 2
1087,-36.36898593,Drawdown Cycle 2
1088,-35.45820232,Drawdown Cycle 2
1089,-34.19786049,Drawdown Cycle 2
1090,-34.90575981,Drawdown Cycle 2
1091,-35.54603102,Drawdown Cycle 2
1092,-35.53197843,Drawdown Cycle 2
1093,-35.68480037,Drawdown Cycle 2
1094,-35.70236611,Drawdown Cycle 2
1095,-35.67513921,Drawdown Cycle 2
1096,-35.60926768,Drawdown Cycle 2
1097,-34.84164486,Drawdown Cycle 2
1098,-34.00463736,Drawdown Cycle 2
1099,-32.54141123,Drawdown Cycle 2
1100,-33.07014,Drawdown Cycle 2
1101,-33.21505735,Drawdown Cycle 2
1102,-34.00375907,Drawdown Cycle 2
1103,-33.43111595,Drawdown Cycle 2
1104,-32.64417081,Drawdown Cycle 2
1105,-32.57127299,Drawdown Cycle 2
1106,-32.53789808,Drawdown Cycle 2
1107,-32.24981995,Drawdown Cycle 2
1108,-32.55985526,Drawdown Cycle 2
1109,-31.82648562,Drawdown Cycle 2
1110,-31.78608442,Drawdown Cycle 2
1111,-31.83878164,Drawdown Cycle 2
1112,-31.83878164,Drawdown Cycle 2
1113,-31.72899577,Drawdown Cycle 2
1114,-30.93941576,Drawdown Cycle 2
1115,-30.94029405,Drawdown Cycle 2
1116,-30.77254124,Drawdown Cycle 2
1117,-30.28948339,Drawdown Cycle 2
1118,-27.61334294,Drawdown Cycle 2
1119,-24.35314163,Drawdown Cycle 2
1120,-20.03196965,Drawdown Cycle 2
1121,-21.62693882,Drawdown Cycle 2
1122,-21.77624761,Drawdown Cycle 2
1123,-20.90235205,Drawdown Cycle 2
1124,-18.13574804,Drawdown Cycle 2
1125,-15.01168122,Drawdown Cycle 2
1126,-15.16538144,Drawdown Cycle 2
1127,-16.05772102,Drawdown Cycle 2
1128,-15.27428903,Drawdown Cycle 2
1129,-12.24244234,Drawdown Cycle 2
1130,-11.06729435,Drawdown Cycle 2
1131,-10.02564598,Drawdown Cycle 2
1132,-2.085931599,Drawdown Cycle 2
1133,-14.95722742,Drawdown Cycle 2
1134,-21.79381335,Drawdown Cycle 2
1135,-21.39331448,Drawdown Cycle 2
1136,-20.04426566,Drawdown Cycle 2
1137,-21.51978781,Drawdown Cycle 2
1138,-20.51766235,Drawdown Cycle 2
1139,-30.8287516,Drawdown Cycle 2
1140,-28.32124225,Drawdown Cycle 2
1141,-27.58260289,Drawdown Cycle 2
1142,-27.5413234,Drawdown Cycle 2
1143,-28.31860739,Drawdown Cycle 2
1144,-26.97219343,Drawdown Cycle 2
1145,-20.75392155,Drawdown Cycle 2
1146,-23.40459168,Drawdown Cycle 2
1147,-20.76621757,Drawdown Cycle 2
1148,-21.4389854,Drawdown Cycle 2
1149,-18.96924239,Drawdown Cycle 2
1150,-19.18705756,Drawdown Cycle 2
1151,-19.04214021,Drawdown Cycle 2
1152,-20.71439864,Drawdown Cycle 2
1153,-21.64362627,Drawdown Cycle 2
1154,-19.86685169,Drawdown Cycle 2
1155,-19.11767289,Drawdown Cycle 2
1156,-19.69997716,Drawdown Cycle 2
1157,-19.85719054,Drawdown Cycle 2
1158,-19.19671872,Drawdown Cycle 2
1159,-15.96198774,Drawdown Cycle 2
1160,-14.20629205,Drawdown Cycle 2
1161,-11.95875564,Drawdown Cycle 2
1162,-11.16214934,Drawdown Cycle 2
1163,-9.35463472,Drawdown Cycle 2
1164,-11.18234994,Drawdown Cycle 2
1165,-10.14245815,Drawdown Cycle 2
1166,-7.999437896,Drawdown Cycle 2
1167,-7.165943544,Drawdown Cycle 2
1168,-14.23703209,Drawdown Cycle 2
1169,-12.38208997,Drawdown Cycle 2
1170,-11.09891268,Drawdown Cycle 2
1171,-12.09313355,Drawdown Cycle 2
1172,-12.17042281,Drawdown Cycle 2
1173,-11.21660314,Drawdown Cycle 2
1174,-11.14019217,Drawdown Cycle 2
1175,-9.135062973,Drawdown Cycle 2
1176,-7.040348504,Drawdown Cycle 2
1177,-6.914753465,Drawdown Cycle 2
1178,-7.902826328,Drawdown Cycle 2
1179,-6.869960828,Drawdown Cycle 2
1180,-2.358200566,Drawdown Cycle 2
1181,-0.397864006,Drawdown Cycle 2
1182,-2.409141211,Drawdown Cycle 2
1183,0,Drawdown Cycle 2
1184,-2.472478505,Drawdown Cycle 2
1185,-0.235959157,Drawdown Cycle 2
1186,0,Drawdown Cycle 2
1187,0,Drawdown Cycle 2
1188,0,Drawdown Cycle 2
1189,0,Drawdown Cycle 2
1190,0,Drawdown Cycle 2
0,0,Drawdown Cycle 3
1,-2.864274032,Drawdown Cycle 3
2,-9.297385731,Drawdown Cycle 3
3,-13.58816068,Drawdown Cycle 3
4,-20.46693758,Drawdown Cycle 3
5,-25.82355505,Drawdown Cycle 3
6,-18.22992477,Drawdown Cycle 3
7,-26.14377835,Drawdown Cycle 3
8,-26.18488565,Drawdown Cycle 3
9,-18.43246225,Drawdown Cycle 3
10,-21.41328454,Drawdown Cycle 3
11,-27.39649104,Drawdown Cycle 3
12,-25.34784792,Drawdown Cycle 3
13,-32.00366294,Drawdown Cycle 3
14,-27.81392405,Drawdown Cycle 3
15,-30.16086657,Drawdown Cycle 3
16,-23.29082821,Drawdown Cycle 3
17,-22.72147916,Drawdown Cycle 3
18,-22.88606349,Drawdown Cycle 3
19,-12.86529267,Drawdown Cycle 3
20,-12.98008287,Drawdown Cycle 3
21,-15.54311018,Drawdown Cycle 3
22,-22.99035711,Drawdown Cycle 3
23,-25.85783699,Drawdown Cycle 3
24,-25.39914156,Drawdown Cycle 3
25,-31.03296185,Drawdown Cycle 3
26,-29.16513915,Drawdown Cycle 3
27,-26.28892073,Drawdown Cycle 3
28,-30.15274853,Drawdown Cycle 3
29,-28.55447596,Drawdown Cycle 3
30,-42.78241104,Drawdown Cycle 3
31,-42.52718382,Drawdown Cycle 3
32,-42.39067655,Drawdown Cycle 3
33,-41.27271308,Drawdown Cycle 3
34,-33.62535891,Drawdown Cycle 3
35,-41.41402912,Drawdown Cycle 3
36,-45.45055929,Drawdown Cycle 3
37,-42.70179936,Drawdown Cycle 3
38,-42.39517509,Drawdown Cycle 3
39,-42.04630595,Drawdown Cycle 3
40,-43.79980382,Drawdown Cycle 3
41,-40.70062354,Drawdown Cycle 3
42,-39.29144456,Drawdown Cycle 3
43,-42.40422387,Drawdown Cycle 3
44,-47.61435457,Drawdown Cycle 3
45,-48.31979722,Drawdown Cycle 3
46,-52.96776619,Drawdown Cycle 3
47,-62.95104922,Drawdown Cycle 3
48,-52.7935126,Drawdown Cycle 3
49,-57.08061633,Drawdown Cycle 3
50,-62.92855654,Drawdown Cycle 3
51,-60.37928337,Drawdown Cycle 3
52,-60.27349024,Drawdown Cycle 3
53,-57.42431474,Drawdown Cycle 3
54,-55.88669483,Drawdown Cycle 3
55,-55.95396603,Drawdown Cycle 3
56,-57.07130902,Drawdown Cycle 3
57,-53.91111412,Drawdown Cycle 3
58,-55.90742946,Drawdown Cycle 3
59,-51.15630444,Drawdown Cycle 3
60,-47.77800816,Drawdown Cycle 3
61,-47.25550592,Drawdown Cycle 3
62,-42.73623642,Drawdown Cycle 3
63,-45.85697865,Drawdown Cycle 3
64,-42.48519749,Drawdown Cycle 3
65,-41.32607501,Drawdown Cycle 3
66,-45.92967911,Drawdown Cycle 3
67,-48.82285752,Drawdown Cycle 3
68,-47.68219454,Drawdown Cycle 3
69,-50.03849608,Drawdown Cycle 3
70,-50.33115939,Drawdown Cycle 3
71,-46.77664464,Drawdown Cycle 3
72,-44.732862,Drawdown Cycle 3
73,-45.58985875,Drawdown Cycle 3
74,-43.38164691,Drawdown Cycle 3
75,-42.9876373,Drawdown Cycle 3
76,-40.99944001,Drawdown Cycle 3
77,-40.74348889,Drawdown Cycle 3
78,-40.08091158,Drawdown Cycle 3
79,-44.6995108,Drawdown Cycle 3
80,-48.62435321,Drawdown Cycle 3
81,-51.75243787,Drawdown Cycle 3
82,-52.2380211,Drawdown Cycle 3
83,-54.47772269,Drawdown Cycle 3
84,-50.73887143,Drawdown Cycle 3
85,-52.74852725,Drawdown Cycle 3
86,-52.70240434,Drawdown Cycle 3
87,-57.47902106,Drawdown Cycle 3
88,-57.25156066,Drawdown Cycle 3
89,-56.00008894,Drawdown Cycle 3
90,-59.09673556,Drawdown Cycle 3
91,-57.59329418,Drawdown Cycle 3
92,-55.99036796,Drawdown Cycle 3
93,-53.89829071,Drawdown Cycle 3
94,-54.11696087,Drawdown Cycle 3
95,-54.96878689,Drawdown Cycle 3
96,-54.95544641,Drawdown Cycle 3
97,-55.40824721,Drawdown Cycle 3
98,-55.55302764,Drawdown Cycle 3
99,-57.73104242,Drawdown Cycle 3
100,-59.00717852,Drawdown Cycle 3
101,-58.90443612,Drawdown Cycle 3
102,-63.00110188,Drawdown Cycle 3
103,-64.70134124,Drawdown Cycle 3
104,-64.16120681,Drawdown Cycle 3
105,-64.81783778,Drawdown Cycle 3
106,-63.73348404,Drawdown Cycle 3
107,-61.62429167,Drawdown Cycle 3
108,-65.01411868,Drawdown Cycle 3
109,-64.83981338,Drawdown Cycle 3
110,-65.81656423,Drawdown Cycle 3
111,-64.22811605,Drawdown Cycle 3
112,-63.76559427,Drawdown Cycle 3
113,-65.30512735,Drawdown Cycle 3
114,-64.67248856,Drawdown Cycle 3
115,-64.1916107,Drawdown Cycle 3
116,-59.38686521,Drawdown Cycle 3
117,-58.95505757,Drawdown Cycle 3
118,-58.43110752,Drawdown Cycle 3
119,-56.9592076,Drawdown Cycle 3
120,-58.44294849,Drawdown Cycle 3
121,-59.29022427,Drawdown Cycle 3
122,-57.80994776,Drawdown Cycle 3
123,-57.20326604,Drawdown Cycle 3
124,-54.41603588,Drawdown Cycle 3
125,-54.43165148,Drawdown Cycle 3
126,-54.41386417,Drawdown Cycle 3
127,-53.89849754,Drawdown Cycle 3
128,-50.50499932,Drawdown Cycle 3
129,-52.86471354,Drawdown Cycle 3
130,-52.35679276,Drawdown Cycle 3
131,-53.36405092,Drawdown Cycle 3
132,-51.72617056,Drawdown Cycle 3
133,-51.36478826,Drawdown Cycle 3
134,-52.30575766,Drawdown Cycle 3
135,-52.98741496,Drawdown Cycle 3
136,-52.3089118,Drawdown Cycle 3
137,-49.60942893,Drawdown Cycle 3
138,-49.98942586,Drawdown Cycle 3
139,-49.33708659,Drawdown Cycle 3
140,-50.47759445,Drawdown Cycle 3
141,-51.73790812,Drawdown Cycle 3
142,-52.31682302,Drawdown Cycle 3
143,-51.86722807,Drawdown Cycle 3
144,-52.95820034,Drawdown Cycle 3
145,-56.45635413,Drawdown Cycle 3
146,-56.07253086,Drawdown Cycle 3
147,-54.94944836,Drawdown Cycle 3
148,-55.16734291,Drawdown Cycle 3
149,-56.07077281,Drawdown Cycle 3
150,-56.99897051,Drawdown Cycle 3
151,-58.40520217,Drawdown Cycle 3
152,-57.45714887,Drawdown Cycle 3
153,-57.47276447,Drawdown Cycle 3
154,-55.96585871,Drawdown Cycle 3
155,-56.49849558,Drawdown Cycle 3
156,-58.54656992,Drawdown Cycle 3
157,-61.19062257,Drawdown Cycle 3
158,-60.76951834,Drawdown Cycle 3
159,-61.64678435,Drawdown Cycle 3
160,-62.10165344,Drawdown Cycle 3
161,-62.08241833,Drawdown Cycle 3
162,-63.25033106,Drawdown Cycle 3
163,-61.54517951,Drawdown Cycle 3
164,-61.97341935,Drawdown Cycle 3
165,-61.29796692,Drawdown Cycle 3
166,-61.19181184,Drawdown Cycle 3
167,-60.57530573,Drawdown Cycle 3
168,-60.29432828,Drawdown Cycle 3
169,-61.23369475,Drawdown Cycle 3
170,-60.72132714,Drawdown Cycle 3
171,-60.37530191,Drawdown Cycle 3
172,-60.34541509,Drawdown Cycle 3
173,-60.60570962,Drawdown Cycle 3
174,-60.74873201,Drawdown Cycle 3
175,-65.2629859,Drawdown Cycle 3
176,-64.91137628,Drawdown Cycle 3
177,-66.24728601,Drawdown Cycle 3
178,-67.40521923,Drawdown Cycle 3
179,-65.72173304,Drawdown Cycle 3
180,-66.79522824,Drawdown Cycle 3
181,-66.44180887,Drawdown Cycle 3
182,-66.57495516,Drawdown Cycle 3
183,-65.41045511,Drawdown Cycle 3
184,-65.14860936,Drawdown Cycle 3
185,-65.08490597,Drawdown Cycle 3
186,-65.3530083,Drawdown Cycle 3
187,-68.56082562,Drawdown Cycle 3
188,-68.07834483,Drawdown Cycle 3
189,-68.15580236,Drawdown Cycle 3
190,-67.74028252,Drawdown Cycle 3
191,-68.29339548,Drawdown Cycle 3
192,-68.144737,Drawdown Cycle 3
193,-69.40427506,Drawdown Cycle 3
194,-67.74069618,Drawdown Cycle 3
195,-67.17284664,Drawdown Cycle 3
196,-66.99130232,Drawdown Cycle 3
197,-65.76930376,Drawdown Cycle 3
198,-65.87483835,Drawdown Cycle 3
199,-65.509578,Drawdown Cycle 3
200,-66.22417285,Drawdown Cycle 3
201,-65.86304909,Drawdown Cycle 3
202,-65.03640452,Drawdown Cycle 3
203,-65.36464245,Drawdown Cycle 3
204,-65.4358434,Drawdown Cycle 3
205,-67.07444765,Drawdown Cycle 3
206,-67.00381548,Drawdown Cycle 3
207,-68.11914189,Drawdown Cycle 3
208,-67.87332539,Drawdown Cycle 3
209,-67.72177131,Drawdown Cycle 3
210,-67.08210033,Drawdown Cycle 3
211,-65.45156241,Drawdown Cycle 3
212,-62.113391,Drawdown Cycle 3
213,-61.97853837,Drawdown Cycle 3
214,-61.30174155,Drawdown Cycle 3
215,-62.10940954,Drawdown Cycle 3
216,-61.64404386,Drawdown Cycle 3
217,-61.67646434,Drawdown Cycle 3
218,-60.12136737,Drawdown Cycle 3
219,-56.97652954,Drawdown Cycle 3
220,-57.43656937,Drawdown Cycle 3
221,-58.98608195,Drawdown Cycle 3
222,-57.58610687,Drawdown Cycle 3
223,-57.59293223,Drawdown Cycle 3
224,-57.500583,Drawdown Cycle 3
225,-57.87008335,Drawdown Cycle 3
226,-60.25818488,Drawdown Cycle 3
227,-60.77293102,Drawdown Cycle 3
228,-61.05809677,Drawdown Cycle 3
229,-61.65242044,Drawdown Cycle 3
230,-63.79527426,Drawdown Cycle 3
231,-63.71099137,Drawdown Cycle 3
232,-64.230598,Drawdown Cycle 3
233,-65.28666784,Drawdown Cycle 3
234,-67.682784,Drawdown Cycle 3
235,-66.08570071,Drawdown Cycle 3
236,-68.40234275,Drawdown Cycle 3
237,-66.99249158,Drawdown Cycle 3
238,-67.36545632,Drawdown Cycle 3
239,-67.69002303,Drawdown Cycle 3
240,-68.10492238,Drawdown Cycle 3
241,-67.36757632,Drawdown Cycle 3
242,-67.49674115,Drawdown Cycle 3
243,-66.17887726,Drawdown Cycle 3
244,-66.95774428,Drawdown Cycle 3
245,-66.40799229,Drawdown Cycle 3
246,-67.51737236,Drawdown Cycle 3
247,-66.58922637,Drawdown Cycle 3
248,-67.00588377,Drawdown Cycle 3
249,-66.27634551,Drawdown Cycle 3
250,-65.4344473,Drawdown Cycle 3
251,-65.19230202,Drawdown Cycle 3
252,-65.44778778,Drawdown Cycle 3
253,-65.0808728,Drawdown Cycle 3
254,-63.3555037,Drawdown Cycle 3
255,-63.53875436,Drawdown Cycle 3
256,-64.13390535,Drawdown Cycle 3
257,-63.74201575,Drawdown Cycle 3
258,-62.92498874,Drawdown Cycle 3
259,-62.47353233,Drawdown Cycle 3
260,-62.52560158,Drawdown Cycle 3
261,-62.08427979,Drawdown Cycle 3
262,-64.24704092,Drawdown Cycle 3
263,-66.54088005,Drawdown Cycle 3
264,-66.92775405,Drawdown Cycle 3
265,-68.07322581,Drawdown Cycle 3
266,-67.71990984,Drawdown Cycle 3
267,-67.41762898,Drawdown Cycle 3
268,-67.6062572,Drawdown Cycle 3
269,-67.37931388,Drawdown Cycle 3
270,-66.54873956,Drawdown Cycle 3
271,-66.27743137,Drawdown Cycle 3
272,-66.23244602,Drawdown Cycle 3
273,-66.51657762,Drawdown Cycle 3
274,-67.71980643,Drawdown Cycle 3
275,-67.30108073,Drawdown Cycle 3
276,-66.98918232,Drawdown Cycle 3
277,-66.53022834,Drawdown Cycle 3
278,-65.15403862,Drawdown Cycle 3
279,-65.42157218,Drawdown Cycle 3
280,-65.40481902,Drawdown Cycle 3
281,-65.8617047,Drawdown Cycle 3
282,-66.9408877,Drawdown Cycle 3
283,-66.60225661,Drawdown Cycle 3
284,-65.44690876,Drawdown Cycle 3
285,-65.77804229,Drawdown Cycle 3
286,-65.87199445,Drawdown Cycle 3
287,-65.8220452,Drawdown Cycle 3
288,-66.09511144,Drawdown Cycle 3
289,-66.21062554,Drawdown Cycle 3
290,-66.5809015,Drawdown Cycle 3
291,-66.19061482,Drawdown Cycle 3
292,-65.89236712,Drawdown Cycle 3
293,-66.14687044,Drawdown Cycle 3
294,-66.19914652,Drawdown Cycle 3
295,-65.78104131,Drawdown Cycle 3
296,-65.8270091,Drawdown Cycle 3
297,-66.14014849,Drawdown Cycle 3
298,-67.89069905,Drawdown Cycle 3
299,-67.7897664,Drawdown Cycle 3
300,-67.78392348,Drawdown Cycle 3
301,-67.75775958,Drawdown Cycle 3
302,-66.58405564,Drawdown Cycle 3
303,-66.54703322,Drawdown Cycle 3
304,-66.55204882,Drawdown Cycle 3
305,-66.86389553,Drawdown Cycle 3
306,-66.74879509,Drawdown Cycle 3
307,-66.65303318,Drawdown Cycle 3
308,-66.34599524,Drawdown Cycle 3
309,-66.70541267,Drawdown Cycle 3
310,-66.76803021,Drawdown Cycle 3
311,-66.6489483,Drawdown Cycle 3
312,-66.70841169,Drawdown Cycle 3
313,-66.68333365,Drawdown Cycle 3
314,-66.68907316,Drawdown Cycle 3
315,-66.76415216,Drawdown Cycle 3
316,-67.50589334,Drawdown Cycle 3
317,-67.44901531,Drawdown Cycle 3
318,-67.35904461,Drawdown Cycle 3
319,-67.09916374,Drawdown Cycle 3
320,-67.06596765,Drawdown Cycle 3
321,-67.29492757,Drawdown Cycle 3
322,-66.71751218,Drawdown Cycle 3
323,-66.88116577,Drawdown Cycle 3
324,-66.63235026,Drawdown Cycle 3
325,-66.25400796,Drawdown Cycle 3
326,-66.67847317,Drawdown Cycle 3
327,-67.23975588,Drawdown Cycle 3
328,-66.98913061,Drawdown Cycle 3
329,-67.25201051,Drawdown Cycle 3
330,-67.10267983,Drawdown Cycle 3
331,-67.06989741,Drawdown Cycle 3
332,-71.22499241,Drawdown Cycle 3
333,-71.27344215,Drawdown Cycle 3
334,-71.48973377,Drawdown Cycle 3
335,-71.29883043,Drawdown Cycle 3
336,-71.08450368,Drawdown Cycle 3
337,-74.72702425,Drawdown Cycle 3
338,-74.01413574,Drawdown Cycle 3
339,-76.46599237,Drawdown Cycle 3
340,-76.95276487,Drawdown Cycle 3
341,-77.68618117,Drawdown Cycle 3
342,-80.06828466,Drawdown Cycle 3
343,-79.36506541,Drawdown Cycle 3
344,-80.74895952,Drawdown Cycle 3
345,-80.21425436,Drawdown Cycle 3
346,-78.15371856,Drawdown Cycle 3
347,-78.08220736,Drawdown Cycle 3
348,-79.41501466,Drawdown Cycle 3
349,-78.35341214,Drawdown Cycle 3
350,-78.66665495,Drawdown Cycle 3
351,-79.98963786,Drawdown Cycle 3
352,-79.70261065,Drawdown Cycle 3
353,-80.63737517,Drawdown Cycle 3
354,-81.28423346,Drawdown Cycle 3
355,-82.45199107,Drawdown Cycle 3
356,-82.59056662,Drawdown Cycle 3
357,-81.4772568,Drawdown Cycle 3
358,-82.0986234,Drawdown Cycle 3
359,-82.63539685,Drawdown Cycle 3
360,-82.09738242,Drawdown Cycle 3
361,-82.94527868,Drawdown Cycle 3
362,-83.36048828,Drawdown Cycle 3
363,-83.31141806,Drawdown Cycle 3
364,-83.27243075,Drawdown Cycle 3
365,-81.70957769,Drawdown Cycle 3
366,-81.48775339,Drawdown Cycle 3
367,-80.629102,Drawdown Cycle 3
368,-78.9462363,Drawdown Cycle 3
369,-79.9899481,Drawdown Cycle 3
370,-79.39407321,Drawdown Cycle 3
371,-79.49635024,Drawdown Cycle 3
372,-78.92229582,Drawdown Cycle 3
373,-80.38152746,Drawdown Cycle 3
374,-80.17795583,Drawdown Cycle 3
375,-81.29364419,Drawdown Cycle 3
376,-79.8106789,Drawdown Cycle 3
377,-79.66874237,Drawdown Cycle 3
378,-80.11663098,Drawdown Cycle 3
379,-80.83841314,Drawdown Cycle 3
380,-80.1784212,Drawdown Cycle 3
381,-79.77246721,Drawdown Cycle 3
382,-80.34295382,Drawdown Cycle 3
383,-80.1224739,Drawdown Cycle 3
384,-80.15267097,Drawdown Cycle 3
385,-79.02705481,Drawdown Cycle 3
386,-79.20213572,Drawdown Cycle 3
387,-79.23662449,Drawdown Cycle 3
388,-79.2048245,Drawdown Cycle 3
389,-81.19483155,Drawdown Cycle 3
390,-81.20098471,Drawdown Cycle 3
391,-81.21458373,Drawdown Cycle 3
392,-81.83636398,Drawdown Cycle 3
393,-80.99725796,Drawdown Cycle 3
394,-81.43888999,Drawdown Cycle 3
395,-81.36515538,Drawdown Cycle 3
396,-81.1916774,Drawdown Cycle 3
397,-81.2405925,Drawdown Cycle 3
398,-80.84461802,Drawdown Cycle 3
399,-81.64701186,Drawdown Cycle 3
400,-81.68248307,Drawdown Cycle 3
401,-81.44519828,Drawdown Cycle 3
402,-81.59463237,Drawdown Cycle 3
403,-81.475809,Drawdown Cycle 3
404,-81.49240704,Drawdown Cycle 3
405,-81.57808603,Drawdown Cycle 3
406,-81.6323787,Drawdown Cycle 3
407,-82.2346653,Drawdown Cycle 3
408,-82.3522994,Drawdown Cycle 3
409,-82.12845851,Drawdown Cycle 3
410,-82.26036382,Drawdown Cycle 3
411,-82.09055706,Drawdown Cycle 3
412,-82.09769267,Drawdown Cycle 3
413,-82.28580381,Drawdown Cycle 3
414,-82.26620675,Drawdown Cycle 3
415,-82.1801658,Drawdown Cycle 3
416,-82.49071983,Drawdown Cycle 3
417,-82.51553934,Drawdown Cycle 3
418,-81.25863835,Drawdown Cycle 3
419,-81.20501788,Drawdown Cycle 3
420,-81.10977304,Drawdown Cycle 3
421,-81.30191736,Drawdown Cycle 3
422,-81.37508318,Drawdown Cycle 3
423,-81.40093683,Drawdown Cycle 3
424,-81.46355437,Drawdown Cycle 3
425,-81.41996512,Drawdown Cycle 3
426,-81.35569295,Drawdown Cycle 3
427,-81.2625164,Drawdown Cycle 3
428,-79.95328763,Drawdown Cycle 3
429,-79.76972672,Drawdown Cycle 3
430,-79.50684682,Drawdown Cycle 3
431,-79.73198039,Drawdown Cycle 3
432,-79.46036196,Drawdown Cycle 3
433,-78.65419349,Drawdown Cycle 3
434,-80.48432157,Drawdown Cycle 3
435,-80.12547293,Drawdown Cycle 3
436,-80.26859873,Drawdown Cycle 3
437,-80.19476071,Drawdown Cycle 3
438,-80.3066553,Drawdown Cycle 3
439,-80.15334316,Drawdown Cycle 3
440,-80.27676848,Drawdown Cycle 3
441,-80.34698699,Drawdown Cycle 3
442,-80.7743478,Drawdown Cycle 3
443,-80.10091196,Drawdown Cycle 3
444,-80.03229638,Drawdown Cycle 3
445,-79.96275006,Drawdown Cycle 3
446,-80.09636172,Drawdown Cycle 3
447,-79.68492675,Drawdown Cycle 3
448,-79.69707797,Drawdown Cycle 3
449,-79.9785725,Drawdown Cycle 3
450,-79.92841642,Drawdown Cycle 3
451,-80.01704273,Drawdown Cycle 3
452,-80.02490223,Drawdown Cycle 3
453,-79.751836,Drawdown Cycle 3
454,-79.26097862,Drawdown Cycle 3
455,-79.3883337,Drawdown Cycle 3
456,-79.39365955,Drawdown Cycle 3
457,-79.24634546,Drawdown Cycle 3
458,-79.14753281,Drawdown Cycle 3
459,-79.40369076,Drawdown Cycle 3
460,-79.38616199,Drawdown Cycle 3
461,-79.36098054,Drawdown Cycle 3
462,-79.40369076,Drawdown Cycle 3
463,-79.73441064,Drawdown Cycle 3
464,-79.67525749,Drawdown Cycle 3
465,-79.18962255,Drawdown Cycle 3
466,-79.19665474,Drawdown Cycle 3
467,-78.86298755,Drawdown Cycle 3
468,-78.87700023,Drawdown Cycle 3
469,-78.75797003,Drawdown Cycle 3
470,-78.58500912,Drawdown Cycle 3
471,-75.21684748,Drawdown Cycle 3
472,-74.34237366,Drawdown Cycle 3
473,-74.68141841,Drawdown Cycle 3
474,-74.06175816,Drawdown Cycle 3
475,-73.80306655,Drawdown Cycle 3
476,-73.17777021,Drawdown Cycle 3
477,-72.81488839,Drawdown Cycle 3
478,-73.15620826,Drawdown Cycle 3
479,-72.61778017,Drawdown Cycle 3
480,-73.94184894,Drawdown Cycle 3
481,-73.78274559,Drawdown Cycle 3
482,-73.78440022,Drawdown Cycle 3
483,-73.464694,Drawdown Cycle 3
484,-73.91413383,Drawdown Cycle 3
485,-73.17482289,Drawdown Cycle 3
486,-73.08231853,Drawdown Cycle 3
487,-72.83743277,Drawdown Cycle 3
488,-72.73045038,Drawdown Cycle 3
489,-72.56446995,Drawdown Cycle 3
490,-72.66483382,Drawdown Cycle 3
491,-72.22134033,Drawdown Cycle 3
492,-71.26904703,Drawdown Cycle 3
493,-71.88901753,Drawdown Cycle 3
494,-73.41505499,Drawdown Cycle 3
495,-73.45817888,Drawdown Cycle 3
496,-73.07052927,Drawdown Cycle 3
497,-73.47555253,Drawdown Cycle 3
498,-73.4157789,Drawdown Cycle 3
499,-72.83934594,Drawdown Cycle 3
500,-72.5428563,Drawdown Cycle 3
501,-72.16735791,Drawdown Cycle 3
502,-70.67043165,Drawdown Cycle 3
503,-71.21087632,Drawdown Cycle 3
504,-70.32001129,Drawdown Cycle 3
505,-70.57751363,Drawdown Cycle 3
506,-69.57940767,Drawdown Cycle 3
507,-69.40701554,Drawdown Cycle 3
508,-68.1355331,Drawdown Cycle 3
509,-67.12801641,Drawdown Cycle 3
510,-62.0638037,Drawdown Cycle 3
511,-64.15913852,Drawdown Cycle 3
512,-59.76639677,Drawdown Cycle 3
513,-58.97956683,Drawdown Cycle 3
514,-57.59215662,Drawdown Cycle 3
515,-59.35806424,Drawdown Cycle 3
516,-62.49297427,Drawdown Cycle 3
517,-62.45445233,Drawdown Cycle 3
518,-57.46790399,Drawdown Cycle 3
519,-58.81860201,Drawdown Cycle 3
520,-58.83488981,Drawdown Cycle 3
521,-60.26925024,Drawdown Cycle 3
522,-59.1862926,Drawdown Cycle 3
523,-58.54507041,Drawdown Cycle 3
524,-58.42784996,Drawdown Cycle 3
525,-55.04097028,Drawdown Cycle 3
526,-54.47953244,Drawdown Cycle 3
527,-54.95617031,Drawdown Cycle 3
528,-55.31558773,Drawdown Cycle 3
529,-57.28010308,Drawdown Cycle 3
530,-55.95225969,Drawdown Cycle 3
531,-55.76601,Drawdown Cycle 3
532,-54.927783,Drawdown Cycle 3
533,-56.25159323,Drawdown Cycle 3
534,-60.39769117,Drawdown Cycle 3
535,-59.83154797,Drawdown Cycle 3
536,-59.9061616,Drawdown Cycle 3
537,-58.47004312,Drawdown Cycle 3
538,-58.94699123,Drawdown Cycle 3
539,-60.69407739,Drawdown Cycle 3
540,-58.86710346,Drawdown Cycle 3
541,-58.95681562,Drawdown Cycle 3
542,-57.97029209,Drawdown Cycle 3
543,-57.64169221,Drawdown Cycle 3
544,-55.04500345,Drawdown Cycle 3
545,-54.39928272,Drawdown Cycle 3
546,-53.32444313,Drawdown Cycle 3
547,-51.74049348,Drawdown Cycle 3
548,-53.36244799,Drawdown Cycle 3
549,-51.93424073,Drawdown Cycle 3
550,-50.67651243,Drawdown Cycle 3
551,-48.88692286,Drawdown Cycle 3
552,-44.79108442,Drawdown Cycle 3
553,-44.22033927,Drawdown Cycle 3
554,-43.26365086,Drawdown Cycle 3
555,-41.36035695,Drawdown Cycle 3
556,-34.34853717,Drawdown Cycle 3
557,-42.72682569,Drawdown Cycle 3
558,-36.25627791,Drawdown Cycle 3
559,-38.01856602,Drawdown Cycle 3
560,-43.31747815,Drawdown Cycle 3
561,-45.57367437,Drawdown Cycle 3
562,-44.52034501,Drawdown Cycle 3
563,-38.4775717,Drawdown Cycle 3
564,-42.16962786,Drawdown Cycle 3
565,-43.22202648,Drawdown Cycle 3
566,-42.04475473,Drawdown Cycle 3
567,-40.71427426,Drawdown Cycle 3
568,-36.27923595,Drawdown Cycle 3
569,-34.9920862,Drawdown Cycle 3
570,-37.34275165,Drawdown Cycle 3
571,-41.69578218,Drawdown Cycle 3
572,-38.94888372,Drawdown Cycle 3
573,-41.37866133,Drawdown Cycle 3
574,-45.4747066,Drawdown Cycle 3
575,-43.61308877,Drawdown Cycle 3
576,-50.9462694,Drawdown Cycle 3
577,-49.96615757,Drawdown Cycle 3
578,-45.06901114,Drawdown Cycle 3
579,-45.66204214,Drawdown Cycle 3
580,-43.21701087,Drawdown Cycle 3
581,-45.29088716,Drawdown Cycle 3
582,-46.61562812,Drawdown Cycle 3
583,-48.87833945,Drawdown Cycle 3
584,-49.48419385,Drawdown Cycle 3
585,-48.83593947,Drawdown Cycle 3
586,-49.33734513,Drawdown Cycle 3
587,-51.17207516,Drawdown Cycle 3
588,-50.65536414,Drawdown Cycle 3
589,-50.79957579,Drawdown Cycle 3
590,-50.5381437,Drawdown Cycle 3
591,-48.20841971,Drawdown Cycle 3
592,-46.35491992,Drawdown Cycle 3
593,-45.78639819,Drawdown Cycle 3
594,-44.0171813,Drawdown Cycle 3
595,-43.25610159,Drawdown Cycle 3
596,-39.19583777,Drawdown Cycle 3
597,-41.33321061,Drawdown Cycle 3
598,-38.3549737,Drawdown Cycle 3
599,-38.77721549,Drawdown Cycle 3
600,-38.61945653,Drawdown Cycle 3
601,-41.4946408,Drawdown Cycle 3
602,-40.58148993,Drawdown Cycle 3
603,-41.15332093,Drawdown Cycle 3
604,-43.92627987,Drawdown Cycle 3
605,-48.03680319,Drawdown Cycle 3
606,-46.5588535,Drawdown Cycle 3
607,-46.36381358,Drawdown Cycle 3
608,-47.17804839,Drawdown Cycle 3
609,-46.47270915,Drawdown Cycle 3
610,-44.05311787,Drawdown Cycle 3
611,-44.25581048,Drawdown Cycle 3
612,-47.77268231,Drawdown Cycle 3
613,-47.6826082,Drawdown Cycle 3
614,-46.25367704,Drawdown Cycle 3
615,-47.69868917,Drawdown Cycle 3
616,-47.83126668,Drawdown Cycle 3
617,-46.53424083,Drawdown Cycle 3
618,-47.62795359,Drawdown Cycle 3
619,-49.77556448,Drawdown Cycle 3
620,-51.07295227,Drawdown Cycle 3
621,-50.52950858,Drawdown Cycle 3
622,-50.33436524,Drawdown Cycle 3
623,-49.47700654,Drawdown Cycle 3
624,-46.3767404,Drawdown Cycle 3
625,-45.09388235,Drawdown Cycle 3
626,-45.25427839,Drawdown Cycle 3
627,-45.28473399,Drawdown Cycle 3
628,-46.46924476,Drawdown Cycle 3
629,-45.8077533,Drawdown Cycle 3
630,-46.25595216,Drawdown Cycle 3
631,-46.53501644,Drawdown Cycle 3
632,-47.79569206,Drawdown Cycle 3
633,-47.72547355,Drawdown Cycle 3
634,-46.34824968,Drawdown Cycle 3
635,-46.64660079,Drawdown Cycle 3
636,-46.45233647,Drawdown Cycle 3
637,-46.67410907,Drawdown Cycle 3
638,-46.97416652,Drawdown Cycle 3
639,-47.14061231,Drawdown Cycle 3
640,-47.50395949,Drawdown Cycle 3
641,-47.07778794,Drawdown Cycle 3
642,-47.6202492,Drawdown Cycle 3
643,-48.26596993,Drawdown Cycle 3
644,-48.22279433,Drawdown Cycle 3
645,-49.89867955,Drawdown Cycle 3
646,-54.95508446,Drawdown Cycle 3
647,-56.42791512,Drawdown Cycle 3
648,-58.02199939,Drawdown Cycle 3
649,-57.54644737,Drawdown Cycle 3
650,-57.66563269,Drawdown Cycle 3
651,-58.33405293,Drawdown Cycle 3
652,-57.39613426,Drawdown Cycle 3
653,-56.96468857,Drawdown Cycle 3
654,-56.97208271,Drawdown Cycle 3
655,-57.377985,Drawdown Cycle 3
656,-57.74805413,Drawdown Cycle 3
657,-57.947696,Drawdown Cycle 3
658,-59.34032864,Drawdown Cycle 3
659,-57.45673521,Drawdown Cycle 3
660,-57.58098785,Drawdown Cycle 3
661,-55.49842474,Drawdown Cycle 3
662,-55.5895847,Drawdown Cycle 3
663,-57.00574416,Drawdown Cycle 3
664,-56.9407998,Drawdown Cycle 3
665,-57.21252165,Drawdown Cycle 3
666,-56.97456466,Drawdown Cycle 3
667,-57.93807844,Drawdown Cycle 3
668,-58.6491572,Drawdown Cycle 3
669,-58.38152023,Drawdown Cycle 3
670,-58.89424979,Drawdown Cycle 3
671,-58.923361,Drawdown Cycle 3
672,-57.49199959,Drawdown Cycle 3
673,-57.48129618,Drawdown Cycle 3
674,-58.44475825,Drawdown Cycle 3
675,-61.54993658,Drawdown Cycle 3
676,-61.38912689,Drawdown Cycle 3
677,-55.41538282,Drawdown Cycle 3
678,-52.32582009,Drawdown Cycle 3
679,-50.52014956,Drawdown Cycle 3
680,-51.17807321,Drawdown Cycle 3
681,-51.1843815,Drawdown Cycle 3
682,-52.56170878,Drawdown Cycle 3
683,-52.74842383,Drawdown Cycle 3
684,-52.30668839,Drawdown Cycle 3
685,-51.77208664,Drawdown Cycle 3
686,-52.34484838,Drawdown Cycle 3
687,-51.25713367,Drawdown Cycle 3
688,-51.72549837,Drawdown Cycle 3
689,-51.72591203,Drawdown Cycle 3
690,-52.33238692,Drawdown Cycle 3
691,-54.39964467,Drawdown Cycle 3
692,-54.45838416,Drawdown Cycle 3
693,-53.25406949,Drawdown Cycle 3
694,-54.94681129,Drawdown Cycle 3
695,-54.67028066,Drawdown Cycle 3
696,-54.813665,Drawdown Cycle 3
697,-55.39857795,Drawdown Cycle 3
698,-56.14161181,Drawdown Cycle 3
699,-56.11699914,Drawdown Cycle 3
700,-55.95220798,Drawdown Cycle 3
701,-57.52741909,Drawdown Cycle 3
702,-57.97546282,Drawdown Cycle 3
703,-58.36843828,Drawdown Cycle 3
704,-60.73689104,Drawdown Cycle 3
705,-62.53661523,Drawdown Cycle 3
706,-62.13671099,Drawdown Cycle 3
707,-63.84119034,Drawdown Cycle 3
708,-62.90078973,Drawdown Cycle 3
709,-63.00751359,Drawdown Cycle 3
710,-61.15887429,Drawdown Cycle 3
711,-61.64740484,Drawdown Cycle 3
712,-59.93697915,Drawdown Cycle 3
713,-60.98984314,Drawdown Cycle 3
714,-61.70283506,Drawdown Cycle 3
715,-62.11111588,Drawdown Cycle 3
716,-62.12419783,Drawdown Cycle 3
717,-62.63403178,Drawdown Cycle 3
718,-61.68628872,Drawdown Cycle 3
719,-61.19677574,Drawdown Cycle 3
720,-61.18291818,Drawdown Cycle 3
721,-61.14072503,Drawdown Cycle 3
722,-62.09720662,Drawdown Cycle 3
723,-62.55445425,Drawdown Cycle 3
724,-62.91630191,Drawdown Cycle 3
725,-62.90963167,Drawdown Cycle 3
726,-62.55305815,Drawdown Cycle 3
727,-63.38921686,Drawdown Cycle 3
728,-63.30053884,Drawdown Cycle 3
729,-64.43153256,Drawdown Cycle 3
730,-65.80668813,Drawdown Cycle 3
731,-62.489665,Drawdown Cycle 3
732,-62.99184628,Drawdown Cycle 3
733,-62.93827752,Drawdown Cycle 3
734,-63.00844432,Drawdown Cycle 3
735,-61.52889171,Drawdown Cycle 3
736,-62.15987586,Drawdown Cycle 3
737,-62.56365815,Drawdown Cycle 3
738,-62.88869022,Drawdown Cycle 3
739,-62.9175946,Drawdown Cycle 3
740,-62.55238596,Drawdown Cycle 3
741,-62.12993734,Drawdown Cycle 3
742,-61.66545068,Drawdown Cycle 3
743,-62.54116547,Drawdown Cycle 3
744,-62.94985995,Drawdown Cycle 3
745,-62.95828824,Drawdown Cycle 3
746,-64.14926242,Drawdown Cycle 3
747,-62.13645246,Drawdown Cycle 3
748,-62.08774418,Drawdown Cycle 3
749,-62.0899676,Drawdown Cycle 3
750,-59.90978111,Drawdown Cycle 3
751,-58.05902181,Drawdown Cycle 3
752,-58.4522041,Drawdown Cycle 3
753,-59.53593735,Drawdown Cycle 3
754,-58.32009196,Drawdown Cycle 3
755,-58.43177972,Drawdown Cycle 3
756,-57.94237015,Drawdown Cycle 3
757,-57.97830672,Drawdown Cycle 3
758,-54.52534511,Drawdown Cycle 3
759,-54.47549927,Drawdown Cycle 3
760,-54.96072055,Drawdown Cycle 3
761,-53.91597461,Drawdown Cycle 3
762,-53.9357268,Drawdown Cycle 3
763,-55.1913351,Drawdown Cycle 3
764,-55.23502776,Drawdown Cycle 3
765,-54.97814591,Drawdown Cycle 3
766,-55.43446281,Drawdown Cycle 3
767,-56.87528665,Drawdown Cycle 3
768,-56.44016974,Drawdown Cycle 3
769,-56.94173053,Drawdown Cycle 3
770,-55.74470659,Drawdown Cycle 3
771,-53.94524094,Drawdown Cycle 3
772,-52.87655452,Drawdown Cycle 3
773,-51.76086616,Drawdown Cycle 3
774,-50.72258363,Drawdown Cycle 3
775,-51.67244668,Drawdown Cycle 3
776,-51.65833059,Drawdown Cycle 3
777,-51.61406914,Drawdown Cycle 3
778,-52.1855899,Drawdown Cycle 3
779,-52.78249894,Drawdown Cycle 3
780,-50.11719459,Drawdown Cycle 3
781,-49.66785818,Drawdown Cycle 3
782,-49.46563094,Drawdown Cycle 3
783,-48.88102823,Drawdown Cycle 3
784,-47.67164625,Drawdown Cycle 3
785,-48.95812381,Drawdown Cycle 3
786,-47.07029038,Drawdown Cycle 3
787,-46.49235792,Drawdown Cycle 3
788,-47.10757134,Drawdown Cycle 3
789,-46.50331987,Drawdown Cycle 3
790,-48.8085346,Drawdown Cycle 3
791,-48.94959211,Drawdown Cycle 3
792,-50.05271559,Drawdown Cycle 3
793,-47.45535463,Drawdown Cycle 3
794,-50.07939656,Drawdown Cycle 3
795,-50.28074477,Drawdown Cycle 3
796,-50.01553804,Drawdown Cycle 3
797,-50.0364795,Drawdown Cycle 3
798,-48.50097959,Drawdown Cycle 3
799,-50.11026581,Drawdown Cycle 3
800,-51.6640701,Drawdown Cycle 3
801,-54.46748464,Drawdown Cycle 3
802,-54.67658895,Drawdown Cycle 3
803,-54.86847473,Drawdown Cycle 3
804,-55.46677987,Drawdown Cycle 3
805,-55.91596116,Drawdown Cycle 3
806,-53.95615118,Drawdown Cycle 3
807,-54.79215476,Drawdown Cycle 3
808,-54.88977814,Drawdown Cycle 3
809,-53.00323739,Drawdown Cycle 3
810,-52.81290283,Drawdown Cycle 3
811,-53.92947021,Drawdown Cycle 3
812,-57.52452348,Drawdown Cycle 3
813,-59.38474521,Drawdown Cycle 3
814,-58.93452977,Drawdown Cycle 3
815,-59.06312582,Drawdown Cycle 3
816,-71.25596508,Drawdown Cycle 3
817,-70.89572034,Drawdown Cycle 3
818,-72.7278133,Drawdown Cycle 3
819,-72.24931397,Drawdown Cycle 3
820,-74.10234839,Drawdown Cycle 3
821,-71.90701166,Drawdown Cycle 3
822,-72.28669835,Drawdown Cycle 3
823,-67.7408513,Drawdown Cycle 3
824,-67.91381221,Drawdown Cycle 3
825,-68.07575946,Drawdown Cycle 3
826,-69.50908575,Drawdown Cycle 3
827,-66.63074733,Drawdown Cycle 3
828,-65.0447294,Drawdown Cycle 3
829,-65.5343975,Drawdown Cycle 3
830,-65.11101815,Drawdown Cycle 3
831,-65.54825506,Drawdown Cycle 3
832,-67.78873226,Drawdown Cycle 3
833,-69.5066038,Drawdown Cycle 3
834,-66.5830732,Drawdown Cycle 3
835,-66.69703609,Drawdown Cycle 3
836,-65.52953702,Drawdown Cycle 3
837,-64.81494217,Drawdown Cycle 3
838,-65.08609524,Drawdown Cycle 3
839,-64.62135005,Drawdown Cycle 3
840,-64.99224649,Drawdown Cycle 3
841,-62.51789719,Drawdown Cycle 3
842,-62.95409995,Drawdown Cycle 3
843,-61.98283007,Drawdown Cycle 3
844,-62.14927587,Drawdown Cycle 3
845,-64.60697542,Drawdown Cycle 3
846,-64.55521641,Drawdown Cycle 3
847,-63.77619427,Drawdown Cycle 3
848,-64.60149444,Drawdown Cycle 3
849,-64.44068475,Drawdown Cycle 3
850,-65.77069985,Drawdown Cycle 3
851,-63.08559161,Drawdown Cycle 3
852,-63.39278466,Drawdown Cycle 3
853,-62.53444352,Drawdown Cycle 3
854,-62.93853605,Drawdown Cycle 3
855,-64.59430713,Drawdown Cycle 3
856,-64.26425945,Drawdown Cycle 3
857,-63.25519154,Drawdown Cycle 3
858,-61.05065092,Drawdown Cycle 3
859,-61.20504891,Drawdown Cycle 3
860,-61.146206,Drawdown Cycle 3
861,-60.45203554,Drawdown Cycle 3
862,-59.88832258,Drawdown Cycle 3
863,-59.88268648,Drawdown Cycle 3
864,-54.85166986,Drawdown Cycle 3
865,-55.00224151,Drawdown Cycle 3
866,-54.24943497,Drawdown Cycle 3
867,-53.83562147,Drawdown Cycle 3
868,-53.93913948,Drawdown Cycle 3
869,-53.96675117,Drawdown Cycle 3
870,-53.66808982,Drawdown Cycle 3
871,-51.86097149,Drawdown Cycle 3
872,-48.8354741,Drawdown Cycle 3
873,-48.79043705,Drawdown Cycle 3
874,-50.53064614,Drawdown Cycle 3
875,-54.91459764,Drawdown Cycle 3
876,-55.53151741,Drawdown Cycle 3
877,-54.41541539,Drawdown Cycle 3
878,-51.76975981,Drawdown Cycle 3
879,-49.45834021,Drawdown Cycle 3
880,-51.55470916,Drawdown Cycle 3
881,-51.30196389,Drawdown Cycle 3
882,-49.58859089,Drawdown Cycle 3
883,-49.87096444,Drawdown Cycle 3
884,-49.88513224,Drawdown Cycle 3
885,-50.64264415,Drawdown Cycle 3
886,-52.97981399,Drawdown Cycle 3
887,-52.44976248,Drawdown Cycle 3
888,-52.36335959,Drawdown Cycle 3
889,-53.34936604,Drawdown Cycle 3
890,-53.94084582,Drawdown Cycle 3
891,-54.40062711,Drawdown Cycle 3
892,-52.85540623,Drawdown Cycle 3
893,-50.67640901,Drawdown Cycle 3
894,-51.21514734,Drawdown Cycle 3
895,-50.02060536,Drawdown Cycle 3
896,-51.1759015,Drawdown Cycle 3
897,-47.18280546,Drawdown Cycle 3
898,-50.79306067,Drawdown Cycle 3
899,-50.34217304,Drawdown Cycle 3
900,-49.41526803,Drawdown Cycle 3
901,-50.03404926,Drawdown Cycle 3
902,-50.03596243,Drawdown Cycle 3
903,-49.52886896,Drawdown Cycle 3
904,-49.55099968,Drawdown Cycle 3
905,-49.48455581,Drawdown Cycle 3
906,-48.88537164,Drawdown Cycle 3
907,-51.89535684,Drawdown Cycle 3
908,-51.20051418,Drawdown Cycle 3
909,-51.17145468,Drawdown Cycle 3
910,-51.69721448,Drawdown Cycle 3
911,-51.18303711,Drawdown Cycle 3
912,-50.82320603,Drawdown Cycle 3
913,-51.18970735,Drawdown Cycle 3
914,-51.66587985,Drawdown Cycle 3
915,-51.82126028,Drawdown Cycle 3
916,-51.7257052,Drawdown Cycle 3
917,-51.89049635,Drawdown Cycle 3
918,-50.05204339,Drawdown Cycle 3
919,-50.22831357,Drawdown Cycle 3
920,-52.04163678,Drawdown Cycle 3
921,-52.21940647,Drawdown Cycle 3
922,-52.74449408,Drawdown Cycle 3
923,-53.39548895,Drawdown Cycle 3
924,-52.82619161,Drawdown Cycle 3
925,-52.36418691,Drawdown Cycle 3
926,-52.82370966,Drawdown Cycle 3
927,-52.2961401,Drawdown Cycle 3
928,-52.75214676,Drawdown Cycle 3
929,-53.13953783,Drawdown Cycle 3
930,-52.83865307,Drawdown Cycle 3
931,-53.13188515,Drawdown Cycle 3
932,-51.78387591,Drawdown Cycle 3
933,-52.25415378,Drawdown Cycle 3
934,-51.18546735,Drawdown Cycle 3
935,-52.24970695,Drawdown Cycle 3
936,-52.18186697,Drawdown Cycle 3
937,-52.28016255,Drawdown Cycle 3
938,-51.9454095,Drawdown Cycle 3
939,-52.27876645,Drawdown Cycle 3
940,-52.20916843,Drawdown Cycle 3
941,-52.31677131,Drawdown Cycle 3
942,-52.82701892,Drawdown Cycle 3
943,-52.77195065,Drawdown Cycle 3
944,-52.75711066,Drawdown Cycle 3
945,-52.43693907,Drawdown Cycle 3
946,-52.72955067,Drawdown Cycle 3
947,-51.65683108,Drawdown Cycle 3
948,-50.63188903,Drawdown Cycle 3
949,-50.46689104,Drawdown Cycle 3
950,-50.61978952,Drawdown Cycle 3
951,-50.01553804,Drawdown Cycle 3
952,-48.82513264,Drawdown Cycle 3
953,-42.12143666,Drawdown Cycle 3
954,-43.28304109,Drawdown Cycle 3
955,-41.93482502,Drawdown Cycle 3
956,-42.57811551,Drawdown Cycle 3
957,-41.41309839,Drawdown Cycle 3
958,-39.59522493,Drawdown Cycle 3
959,-42.61999842,Drawdown Cycle 3
960,-41.9715372,Drawdown Cycle 3
961,-42.02412352,Drawdown Cycle 3
962,-39.80376046,Drawdown Cycle 3
963,-39.20747191,Drawdown Cycle 3
964,-39.92806481,Drawdown Cycle 3
965,-39.24511482,Drawdown Cycle 3
966,-39.73178391,Drawdown Cycle 3
967,-38.54029265,Drawdown Cycle 3
968,-41.27333356,Drawdown Cycle 3
969,-40.04321696,Drawdown Cycle 3
970,-39.2548358,Drawdown Cycle 3
971,-39.2053002,Drawdown Cycle 3
972,-38.53305363,Drawdown Cycle 3
973,-38.54003412,Drawdown Cycle 3
974,-36.30700277,Drawdown Cycle 3
975,-37.78603831,Drawdown Cycle 3
976,-39.21357337,Drawdown Cycle 3
977,-38.59256873,Drawdown Cycle 3
978,-39.45949328,Drawdown Cycle 3
979,-39.84000728,Drawdown Cycle 3
980,-39.86798093,Drawdown Cycle 3
981,-39.22639678,Drawdown Cycle 3
982,-41.28962136,Drawdown Cycle 3
983,-40.62616503,Drawdown Cycle 3
984,-41.36118426,Drawdown Cycle 3
985,-40.60563723,Drawdown Cycle 3
986,-40.61846064,Drawdown Cycle 3
987,-39.74610683,Drawdown Cycle 3
988,-39.79967559,Drawdown Cycle 3
989,-37.9319563,Drawdown Cycle 3
990,-41.18207018,Drawdown Cycle 3
991,-44.54159671,Drawdown Cycle 3
992,-45.82791915,Drawdown Cycle 3
993,-47.74832817,Drawdown Cycle 3
994,-47.09412745,Drawdown Cycle 3
995,-46.44566623,Drawdown Cycle 3
996,-47.72862769,Drawdown Cycle 3
997,-47.04945234,Drawdown Cycle 3
998,-46.48031012,Drawdown Cycle 3
999,-46.45683501,Drawdown Cycle 3
1000,-45.93919325,Drawdown Cycle 3
1001,-46.55285546,Drawdown Cycle 3
1002,-44.87319561,Drawdown Cycle 3
1003,-44.09872371,Drawdown Cycle 3
1004,-43.22564599,Drawdown Cycle 3
1005,-43.30842938,Drawdown Cycle 3
1006,-43.42756299,Drawdown Cycle 3
1007,-42.68561498,Drawdown Cycle 3
1008,-43.86361063,Drawdown Cycle 3
1009,-45.80030745,Drawdown Cycle 3
1010,-45.77900405,Drawdown Cycle 3
1011,-47.06853233,Drawdown Cycle 3
1012,-44.66166106,Drawdown Cycle 3
1013,-44.62691375,Drawdown Cycle 3
1014,-44.57044938,Drawdown Cycle 3
1015,-44.57277621,Drawdown Cycle 3
1016,-43.9144389,Drawdown Cycle 3
1017,-44.19795001,Drawdown Cycle 3
1018,-44.49397429,Drawdown Cycle 3
1019,-45.18995451,Drawdown Cycle 3
1020,-45.30924325,Drawdown Cycle 3
1021,-45.2642579,Drawdown Cycle 3
1022,-44.90344438,Drawdown Cycle 3
1023,-44.56284841,Drawdown Cycle 3
1024,-45.21710084,Drawdown Cycle 3
1025,-45.0608931,Drawdown Cycle 3
1026,-43.86883306,Drawdown Cycle 3
1027,-42.70288522,Drawdown Cycle 3
1028,-41.35828865,Drawdown Cycle 3
1029,-41.29468868,Drawdown Cycle 3
1030,-39.89280043,Drawdown Cycle 3
1031,-40.75522644,Drawdown Cycle 3
1032,-41.23124382,Drawdown Cycle 3
1033,-40.68118159,Drawdown Cycle 3
1034,-41.29168965,Drawdown Cycle 3
1035,-41.3012038,Drawdown Cycle 3
1036,-40.65708599,Drawdown Cycle 3
1037,-39.29237529,Drawdown Cycle 3
1038,-38.47746829,Drawdown Cycle 3
1039,-33.30689367,Drawdown Cycle 3
1040,-32.39224328,Drawdown Cycle 3
1041,-33.22736785,Drawdown Cycle 3
1042,-32.50693007,Drawdown Cycle 3
1043,-32.62963149,Drawdown Cycle 3
1044,-32.65977684,Drawdown Cycle 3
1045,-29.35862785,Drawdown Cycle 3
1046,-31.57847384,Drawdown Cycle 3
1047,-30.25781776,Drawdown Cycle 3
1048,-29.6721292,Drawdown Cycle 3
1049,-28.65546032,Drawdown Cycle 3
1050,-28.79046807,Drawdown Cycle 3
1051,-29.49735853,Drawdown Cycle 3
1052,-28.05493176,Drawdown Cycle 3
1053,-26.97874778,Drawdown Cycle 3
1054,-19.27549803,Drawdown Cycle 3
1055,-19.06437714,Drawdown Cycle 3
1056,-23.40158524,Drawdown Cycle 3
1057,-19.95756899,Drawdown Cycle 3
1058,-20.82428671,Drawdown Cycle 3
1059,-20.87273645,Drawdown Cycle 3
1060,-18.76540554,Drawdown Cycle 3
1061,-16.05082414,Drawdown Cycle 3
1062,-15.82636276,Drawdown Cycle 3
1063,-17.06211546,Drawdown Cycle 3
1064,-17.25674173,Drawdown Cycle 3
1065,-13.26783398,Drawdown Cycle 3
1066,-8.875505891,Drawdown Cycle 3
1067,-8.083350095,Drawdown Cycle 3
1068,-7.982210621,Drawdown Cycle 3
1069,-3.700742982,Drawdown Cycle 3
1070,-3.64970788,Drawdown Cycle 3
1071,-3.806536113,Drawdown Cycle 3
1072,-4.828220602,Drawdown Cycle 3
1073,-1.072254226,Drawdown Cycle 3
1074,-2.863498423,Drawdown Cycle 3
1075,-11.36112738,Drawdown Cycle 3
1076,-12.16228025,Drawdown Cycle 3
1077,-8.083091559,Drawdown Cycle 3
1078,-5.973795776,Drawdown Cycle 3
1079,0,Drawdown Cycle 3
1080,-3.355946904,Drawdown Cycle 3
1081,-1.807923738,Drawdown Cycle 3
1082,-0.1289250369,Drawdown Cycle 3
1083,-3.599392233,Drawdown Cycle 3
1084,-2.317164818,Drawdown Cycle 3
1085,-1.115060597,Drawdown Cycle 3
1086,-2.119086749,Drawdown Cycle 3
1087,-3.662445034,Drawdown Cycle 3
1088,-4.631561464,Drawdown Cycle 3
1089,-5.820132401,Drawdown Cycle 3
1090,-7.524403485,Drawdown Cycle 3
1091,-3.508145089,Drawdown Cycle 3
1092,-2.18526656,Drawdown Cycle 3
1093,-1.28002313,Drawdown Cycle 3
1094,-0.1841346849,Drawdown Cycle 3
1095,0,Drawdown Cycle 3
0,0,Drawdown Cycle 4
1,0,Drawdown Cycle 4
2,-1.952116716,Drawdown Cycle 4
3,-1.066180369,Drawdown Cycle 4
4,-0.645892313,Drawdown Cycle 4
5,-2.017809263,Drawdown Cycle 4
6,-7.058964163,Drawdown Cycle 4
7,-7.848732514,Drawdown Cycle 4
8,-12.79773984,Drawdown Cycle 4
9,-11.09978469,Drawdown Cycle 4
10,-8.529596403,Drawdown Cycle 4
11,-9.386469054,Drawdown Cycle 4
12,-13.52330413,Drawdown Cycle 4
13,-11.69069537,Drawdown Cycle 4
14,-12.55220225,Drawdown Cycle 4
15,-9.589868893,Drawdown Cycle 4
16,-17.12493139,Drawdown Cycle 4
17,-16.11492958,Drawdown Cycle 4
18,-12.27381071,Drawdown Cycle 4
19,-10.73504605,Drawdown Cycle 4
20,-11.85433595,Drawdown Cycle 4
21,-12.60231948,Drawdown Cycle 4
22,-12.83396972,Drawdown Cycle 4
23,-17.67174013,Drawdown Cycle 4
24,-24.73905205,Drawdown Cycle 4
25,-24.540578,Drawdown Cycle 4
26,-22.30627949,Drawdown Cycle 4
27,-22.50292747,Drawdown Cycle 4
28,-22.35147093,Drawdown Cycle 4
29,-26.43057759,Drawdown Cycle 4
30,-27.11662813,Drawdown Cycle 4
31,-24.71123131,Drawdown Cycle 4
32,-23.07128079,Drawdown Cycle 4
33,-28.23051654,Drawdown Cycle 4
34,-25.84629601,Drawdown Cycle 4
35,-24.93138804,Drawdown Cycle 4
36,-26.5633284,Drawdown Cycle 4
37,-28.9184392,Drawdown Cycle 4
38,-28.19815364,Drawdown Cycle 4
39,-28.10278359,Drawdown Cycle 4
40,-28.11364795,Drawdown Cycle 4
41,-24.80080089,Drawdown Cycle 4
42,-25.28486335,Drawdown Cycle 4
43,-22.18176902,Drawdown Cycle 4
44,-22.1365162,Drawdown Cycle 4
45,-22.23803965,Drawdown Cycle 4
46,-22.16864893,Drawdown Cycle 4
47,-22.09480811,Drawdown Cycle 4
48,-26.75715287,Drawdown Cycle 4
49,-27.47149985,Drawdown Cycle 4
50,-27.52964259,Drawdown Cycle 4
51,-28.98417778,Drawdown Cycle 4
52,-27.36804292,Drawdown Cycle 4
53,-27.404104,Drawdown Cycle 4
54,-29.04310312,Drawdown Cycle 4
55,-29.10792099,Drawdown Cycle 4
56,-33.28107801,Drawdown Cycle 4
57,-33.78235772,Drawdown Cycle 4
58,-36.11012348,Drawdown Cycle 4
59,-35.92344985,Drawdown Cycle 4
60,-35.89475443,Drawdown Cycle 4
61,-36.00384304,Drawdown Cycle 4
62,-34.48975336,Drawdown Cycle 4
63,-32.69332844,Drawdown Cycle 4
64,-34.53674018,Drawdown Cycle 4
65,-33.78912493,Drawdown Cycle 4
66,-33.75978502,Drawdown Cycle 4
67,-33.77376444,Drawdown Cycle 4
68,-35.33757238,Drawdown Cycle 4
69,-34.76964872,Drawdown Cycle 4
70,-35.9640224,Drawdown Cycle 4
71,-37.39834803,Drawdown Cycle 4
72,-44.03823641,Drawdown Cycle 4
73,-46.22112869,Drawdown Cycle 4
74,-45.51476118,Drawdown Cycle 4
75,-43.76799314,Drawdown Cycle 4
76,-43.56770836,Drawdown Cycle 4
77,-43.60155974,Drawdown Cycle 4
78,-43.52972914,Drawdown Cycle 4
79,-42.1915715,Drawdown Cycle 4
80,-41.63868608,Drawdown Cycle 4
81,-41.69501809,Drawdown Cycle 4
82,-40.9808399,Drawdown Cycle 4
83,-40.52941656,Drawdown Cycle 4
84,-43.2773783,Drawdown Cycle 4
85,-43.20544028,Drawdown Cycle 4
86,-37.64885745,Drawdown Cycle 4
87,-36.07911095,Drawdown Cycle 4
88,-35.77260711,Drawdown Cycle 4
89,-32.56960057,Drawdown Cycle 4
90,-32.26205326,Drawdown Cycle 4
91,-31.72076877,Drawdown Cycle 4
92,-32.90938802,Drawdown Cycle 4
93,-35.02852125,Drawdown Cycle 4
94,-35.29887193,Drawdown Cycle 4
95,-35.25415619,Drawdown Cycle 4
96,-34.58980368,Drawdown Cycle 4
97,-32.23642688,Drawdown Cycle 4
98,-32.27555699,Drawdown Cycle 4
99,-37.5121476,Drawdown Cycle 4
100,-38.72587149,Drawdown Cycle 4
101,-38.64584658,Drawdown Cycle 4
102,-40.87612466,Drawdown Cycle 4
103,-42.58158359,Drawdown Cycle 4
104,-41.63302372,Drawdown Cycle 4
105,-42.65794101,Drawdown Cycle 4
106,-41.27755354,Drawdown Cycle 4
107,-39.69143377,Drawdown Cycle 4
108,-39.84796955,Drawdown Cycle 4
109,-42.30906924,Drawdown Cycle 4
110,-33.78304825,Drawdown Cycle 4
111,-32.65958448,Drawdown Cycle 4
112,-32.34856917,Drawdown Cycle 4
113,-34.75002229,Drawdown Cycle 4
114,-40.24467213,Drawdown Cycle 4
115,-39.61108662,Drawdown Cycle 4
116,-40.93844128,Drawdown Cycle 4
117,-41.46876934,Drawdown Cycle 4
118,-40.88955166,Drawdown Cycle 4
119,-35.70846443,Drawdown Cycle 4
120,-39.56543483,Drawdown Cycle 4
121,-40.32402185,Drawdown Cycle 4
122,-40.20914813,Drawdown Cycle 4
123,-42.14651816,Drawdown Cycle 4
124,-39.23792349,Drawdown Cycle 4
125,-39.57637591,Drawdown Cycle 4
126,-36.98748189,Drawdown Cycle 4
127,-37.33992908,Drawdown Cycle 4
128,-35.98216035,Drawdown Cycle 4
129,-35.33660563,Drawdown Cycle 4
130,-36.71222076,Drawdown Cycle 4
131,-36.85199965,Drawdown Cycle 4
132,-34.67420195,Drawdown Cycle 4
133,-34.66309207,Drawdown Cycle 4
134,-32.47986219,Drawdown Cycle 4
135,-32.14487777,Drawdown Cycle 4
136,-31.69084575,Drawdown Cycle 4
137,-28.28597388,Drawdown Cycle 4
138,-27.35478471,Drawdown Cycle 4
139,-27.39762835,Drawdown Cycle 4
140,-27.67434727,Drawdown Cycle 4
141,-29.86577145,Drawdown Cycle 4
142,-29.0567296,Drawdown Cycle 4
143,-29.13974681,Drawdown Cycle 4
144,-28.85130421,Drawdown Cycle 4
145,-28.29740601,Drawdown Cycle 4
146,-29.82481527,Drawdown Cycle 4
147,-33.15019931,Drawdown Cycle 4
148,-33.06985215,Drawdown Cycle 4
149,-35.25136338,Drawdown Cycle 4
150,-34.58128712,Drawdown Cycle 4
151,-35.25872904,Drawdown Cycle 4
152,-38.98957773,Drawdown Cycle 4
153,-38.74532913,Drawdown Cycle 4
154,-36.76350422,Drawdown Cycle 4
155,-38.8916297,Drawdown Cycle 4
156,-38.08455203,Drawdown Cycle 4
157,-38.08547274,Drawdown Cycle 4
158,-38.99497922,Drawdown Cycle 4
159,-37.45604576,Drawdown Cycle 4
160,-36.60718328,Drawdown Cycle 4
161,-36.47061152,Drawdown Cycle 4
162,-38.1267972,Drawdown Cycle 4
163,-38.97236049,Drawdown Cycle 4
164,-38.90550171,Drawdown Cycle 4
165,-39.46843819,Drawdown Cycle 4
166,-38.11066946,Drawdown Cycle 4
167,-41.50992501,Drawdown Cycle 4
168,-39.86352953,Drawdown Cycle 4
169,-38.93105137,Drawdown Cycle 4
170,-40.90640063,Drawdown Cycle 4
171,-42.15799633,Drawdown Cycle 4
172,-41.00322846,Drawdown Cycle 4
173,-40.90764358,Drawdown Cycle 4
174,-42.26481385,Drawdown Cycle 4
175,-39.14100358,Drawdown Cycle 4
176,-44.22673611,Drawdown Cycle 4
177,-44.8490276,Drawdown Cycle 4
178,-45.66373181,Drawdown Cycle 4
179,-47.59415049,Drawdown Cycle 4
180,-52.29003973,Drawdown Cycle 4
181,-52.54005811,Drawdown Cycle 4
182,-55.83495135,Drawdown Cycle 4
183,-55.45095455,Drawdown Cycle 4
184,-54.86021267,Drawdown Cycle 4
185,-53.92306959,Drawdown Cycle 4
186,-52.22824485,Drawdown Cycle 4
187,-54.05423985,Drawdown Cycle 4
188,-53.22748971,Drawdown Cycle 4
189,-55.62918836,Drawdown Cycle 4
190,-53.67160877,Drawdown Cycle 4
191,-55.20055255,Drawdown Cycle 4
192,-54.82594698,Drawdown Cycle 4
193,-53.62812065,Drawdown Cycle 4
194,-55.25129893,Drawdown Cycle 4
195,-54.70689937,Drawdown Cycle 4
196,-54.59523279,Drawdown Cycle 4
197,-54.81202893,Drawdown Cycle 4
198,-55.89300202,Drawdown Cycle 4
199,-55.64307571,Drawdown Cycle 4
200,-54.9937154,Drawdown Cycle 4
201,-51.46339701,Drawdown Cycle 4
202,-51.23427871,Drawdown Cycle 4
203,-54.23727669,Drawdown Cycle 4
204,-53.17881493,Drawdown Cycle 4
205,-54.59210238,Drawdown Cycle 4
206,-54.21791112,Drawdown Cycle 4
207,-54.12791187,Drawdown Cycle 4
208,-52.00280939,Drawdown Cycle 4
209,-52.05765292,Drawdown Cycle 4
210,-53.63435077,Drawdown Cycle 4
211,-53.92050695,Drawdown Cycle 4
212,-55.26414281,Drawdown Cycle 4
213,-56.49069524,Drawdown Cycle 4
214,-58.52190081,Drawdown Cycle 4
215,-65.68749836,Drawdown Cycle 4
216,-66.05225235,Drawdown Cycle 4
217,-65.53889602,Drawdown Cycle 4
218,-68.80991222,Drawdown Cycle 4
219,-68.61585758,Drawdown Cycle 4
220,-70.77686769,Drawdown Cycle 4
221,-68.59647666,Drawdown Cycle 4
222,-68.66839934,Drawdown Cycle 4
223,-68.00151487,Drawdown Cycle 4
224,-69.3278721,Drawdown Cycle 4
225,-67.60806547,Drawdown Cycle 4
226,-67.22574129,Drawdown Cycle 4
227,-67.16799753,Drawdown Cycle 4
228,-67.57771278,Drawdown Cycle 4
229,-68.16553908,Drawdown Cycle 4
230,-68.8938348,Drawdown Cycle 4
231,-69.08517336,Drawdown Cycle 4
232,-70.81780853,Drawdown Cycle 4
233,-70.36914731,Drawdown Cycle 4
234,-70.41740777,Drawdown Cycle 4
235,-70.42781178,Drawdown Cycle 4
236,-69.06982822,Drawdown Cycle 4
237,-68.87695514,Drawdown Cycle 4
238,-68.59173502,Drawdown Cycle 4
239,-66.81152991,Drawdown Cycle 4
240,-66.47993677,Drawdown Cycle 4
241,-66.83026633,Drawdown Cycle 4
242,-68.00611841,Drawdown Cycle 4
243,-69.33626589,Drawdown Cycle 4
244,-70.34519354,Drawdown Cycle 4
245,-69.4875076,Drawdown Cycle 4
246,-68.54184796,Drawdown Cycle 4
247,-67.93925964,Drawdown Cycle 4
248,-67.54717595,Drawdown Cycle 4
249,-67.93965861,Drawdown Cycle 4
250,-66.75647154,Drawdown Cycle 4
251,-64.02891884,Drawdown Cycle 4
252,-64.26701404,Drawdown Cycle 4
253,-64.48588178,Drawdown Cycle 4
254,-65.22083729,Drawdown Cycle 4
255,-65.59871138,Drawdown Cycle 4
256,-65.2143156,Drawdown Cycle 4
257,-66.79184209,Drawdown Cycle 4
258,-67.57482789,Drawdown Cycle 4
259,-64.96142769,Drawdown Cycle 4
260,-63.34273019,Drawdown Cycle 4
261,-63.20968782,Drawdown Cycle 4
262,-63.66467124,Drawdown Cycle 4
263,-64.24896815,Drawdown Cycle 4
264,-64.28647168,Drawdown Cycle 4
265,-64.61045363,Drawdown Cycle 4
266,-64.8642776,Drawdown Cycle 4
267,-65.27021795,Drawdown Cycle 4
268,-64.44388213,Drawdown Cycle 4
269,-64.69634038,Drawdown Cycle 4
270,-64.45043451,Drawdown Cycle 4
271,-63.5087953,Drawdown Cycle 4
272,-64.46476687,Drawdown Cycle 4
273,-63.27538036,Drawdown Cycle 4
274,-63.07595492,Drawdown Cycle 4
275,-62.73404984,Drawdown Cycle 4
276,-62.47617475,Drawdown Cycle 4
277,-62.75699082,Drawdown Cycle 4
278,-63.17634283,Drawdown Cycle 4
279,-63.34925187,Drawdown Cycle 4
280,-64.13008935,Drawdown Cycle 4
281,-64.3069421,Drawdown Cycle 4
282,-67.89482011,Drawdown Cycle 4
283,-67.58549277,Drawdown Cycle 4
284,-66.86655758,Drawdown Cycle 4
285,-67.52194854,Drawdown Cycle 4
286,-66.96346215,Drawdown Cycle 4
287,-67.07116969,Drawdown Cycle 4
288,-66.83417934,Drawdown Cycle 4
289,-68.97109758,Drawdown Cycle 4
290,-69.3294373,Drawdown Cycle 4
291,-69.73149533,Drawdown Cycle 4
292,-69.01932736,Drawdown Cycle 4
293,-69.61926097,Drawdown Cycle 4
294,-69.27243011,Drawdown Cycle 4
295,-69.22251236,Drawdown Cycle 4
296,-69.38317599,Drawdown Cycle 4
297,-69.70327562,Drawdown Cycle 4
298,-69.4622495,Drawdown Cycle 4
299,-69.70712725,Drawdown Cycle 4
300,-71.07758641,Drawdown Cycle 4
301,-70.41467634,Drawdown Cycle 4
302,-70.41806761,Drawdown Cycle 4
303,-67.21903546,Drawdown Cycle 4
304,-66.7810698,Drawdown Cycle 4
305,-66.80405683,Drawdown Cycle 4
306,-65.67447034,Drawdown Cycle 4
307,-69.03961363,Drawdown Cycle 4
308,-68.99446823,Drawdown Cycle 4
309,-69.73752597,Drawdown Cycle 4
310,-69.74329575,Drawdown Cycle 4
311,-69.07117859,Drawdown Cycle 4
312,-70.13596255,Drawdown Cycle 4
313,-70.06709356,Drawdown Cycle 4
314,-71.08160684,Drawdown Cycle 4
315,-71.66380147,Drawdown Cycle 4
316,-70.34577666,Drawdown Cycle 4
317,-70.41489117,Drawdown Cycle 4
318,-71.06933073,Drawdown Cycle 4
319,-71.12216405,Drawdown Cycle 4
320,-70.62444441,Drawdown Cycle 4
321,-70.75039732,Drawdown Cycle 4
322,-70.08093488,Drawdown Cycle 4
323,-70.07979933,Drawdown Cycle 4
324,-70.20441722,Drawdown Cycle 4
325,-70.41111627,Drawdown Cycle 4
326,-70.79673965,Drawdown Cycle 4
327,-69.98553414,Drawdown Cycle 4
328,-68.85646938,Drawdown Cycle 4
329,-69.07446245,Drawdown Cycle 4
330,-69.38685882,Drawdown Cycle 4
331,-70.06855135,Drawdown Cycle 4
332,-70.21017165,Drawdown Cycle 4
333,-70.18566546,Drawdown Cycle 4
334,-70.68932366,Drawdown Cycle 4
335,-70.7714662,Drawdown Cycle 4
336,-70.66546197,Drawdown Cycle 4
337,-70.33833426,Drawdown Cycle 4
338,-70.65783544,Drawdown Cycle 4
339,-70.75645865,Drawdown Cycle 4
340,-70.43632833,Drawdown Cycle 4
341,-70.06121637,Drawdown Cycle 4
342,-70.39221105,Drawdown Cycle 4
343,-70.71036185,Drawdown Cycle 4
344,-70.77660682,Drawdown Cycle 4
345,-70.61549819,Drawdown Cycle 4
346,-70.54073667,Drawdown Cycle 4
347,-70.05325224,Drawdown Cycle 4
348,-70.36799642,Drawdown Cycle 4
349,-69.15614463,Drawdown Cycle 4
350,-68.03447623,Drawdown Cycle 4
351,-68.96528177,Drawdown Cycle 4
352,-68.31509282,Drawdown Cycle 4
353,-68.16082812,Drawdown Cycle 4
354,-68.33370648,Drawdown Cycle 4
355,-68.6521028,Drawdown Cycle 4
356,-68.64412333,Drawdown Cycle 4
357,-69.04630412,Drawdown Cycle 4
358,-69.0225038,Drawdown Cycle 4
359,-67.56826017,Drawdown Cycle 4
360,-67.25669244,Drawdown Cycle 4
361,-67.64431069,Drawdown Cycle 4
362,-68.38167539,Drawdown Cycle 4
363,-71.54367971,Drawdown Cycle 4
364,-75.86364369,Drawdown Cycle 4
365,-72.7997562,Drawdown Cycle 4
366,-74.17201074,Drawdown Cycle 4
367,-74.25054717,Drawdown Cycle 4
368,-74.86387709,Drawdown Cycle 4
369,-74.79397998,Drawdown Cycle 4
370,-74.21025083,Drawdown Cycle 4
371,-74.52636073,Drawdown Cycle 4
372,-74.45304164,Drawdown Cycle 4
373,-74.5166626,Drawdown Cycle 4
374,-74.32297623,Drawdown Cycle 4
375,-75.10728171,Drawdown Cycle 4
376,-75.8600069,Drawdown Cycle 4
377,-75.28302961,Drawdown Cycle 4
378,-74.58574642,Drawdown Cycle 4
379,-74.54934775,Drawdown Cycle 4
380,-74.65914223,Drawdown Cycle 4
381,-74.80535073,Drawdown Cycle 4
382,-74.76732547,Drawdown Cycle 4
383,-75.11813073,Drawdown Cycle 4
384,-74.80396967,Drawdown Cycle 4
385,-73.69222957,Drawdown Cycle 4
386,-73.95414043,Drawdown Cycle 4
387,-73.91841695,Drawdown Cycle 4
388,-74.02147491,Drawdown Cycle 4
389,-73.7085568,Drawdown Cycle 4
390,-73.95404836,Drawdown Cycle 4
391,-73.91662156,Drawdown Cycle 4
392,-74.21101809,Drawdown Cycle 4
393,-73.62900759,Drawdown Cycle 4
394,-73.67579493,Drawdown Cycle 4
395,-73.66767735,Drawdown Cycle 4
396,-73.74529307,Drawdown Cycle 4
397,-73.64941663,Drawdown Cycle 4
398,-72.71676968,Drawdown Cycle 4
399,-72.70762397,Drawdown Cycle 4
400,-73.35722981,Drawdown Cycle 4
401,-74.48649405,Drawdown Cycle 4
402,-74.25179013,Drawdown Cycle 4
403,-74.24908938,Drawdown Cycle 4
404,-74.82232245,Drawdown Cycle 4
405,-74.13311081,Drawdown Cycle 4
406,-74.2434884,Drawdown Cycle 4
407,-74.255964,Drawdown Cycle 4
408,-74.24471602,Drawdown Cycle 4
409,-74.23030693,Drawdown Cycle 4
410,-74.23018417,Drawdown Cycle 4
411,-74.21687993,Drawdown Cycle 4
412,-74.38139518,Drawdown Cycle 4
413,-74.64428813,Drawdown Cycle 4
414,-74.53429416,Drawdown Cycle 4
415,-74.54003325,Drawdown Cycle 4
416,-74.62361823,Drawdown Cycle 4
417,-74.53447831,Drawdown Cycle 4
418,-74.3892212,Drawdown Cycle 4
419,-74.52157304,Drawdown Cycle 4
420,-74.22937088,Drawdown Cycle 4
421,-74.23524806,Drawdown Cycle 4
422,-73.9578693,Drawdown Cycle 4
423,-73.95972606,Drawdown Cycle 4
424,-73.96046263,Drawdown Cycle 4
425,-73.64076197,Drawdown Cycle 4
426,-73.35598685,Drawdown Cycle 4
427,-73.02290523,Drawdown Cycle 4
428,-71.08814387,Drawdown Cycle 4
429,-69.59589033,Drawdown Cycle 4
430,-67.81642179,Drawdown Cycle 4
431,-67.9616482,Drawdown Cycle 4
432,-67.5656515,Drawdown Cycle 4
433,-67.45192866,Drawdown Cycle 4
434,-68.25708819,Drawdown Cycle 4
435,-67.66755858,Drawdown Cycle 4
436,-65.27630997,Drawdown Cycle 4
437,-64.67778811,Drawdown Cycle 4
438,-65.23816195,Drawdown Cycle 4
439,-64.84706035,Drawdown Cycle 4
440,-65.22924643,Drawdown Cycle 4
441,-64.50449544,Drawdown Cycle 4
442,-64.7873831,Drawdown Cycle 4
443,-64.61306231,Drawdown Cycle 4
444,-64.81161308,Drawdown Cycle 4
445,-63.59317823,Drawdown Cycle 4
446,-65.187968,Drawdown Cycle 4
447,-64.55010119,Drawdown Cycle 4
448,-63.61687112,Drawdown Cycle 4
449,-63.97665329,Drawdown Cycle 4
450,-64.03097509,Drawdown Cycle 4
451,-64.0775169,Drawdown Cycle 4
452,-64.84109109,Drawdown Cycle 4
453,-64.89265077,Drawdown Cycle 4
454,-64.41182613,Drawdown Cycle 4
455,-64.85256926,Drawdown Cycle 4
456,-66.45269914,Drawdown Cycle 4
457,-66.80244559,Drawdown Cycle 4
458,-66.47622324,Drawdown Cycle 4
459,-66.53514858,Drawdown Cycle 4
460,-66.5103048,Drawdown Cycle 4
461,-66.01126548,Drawdown Cycle 4
462,-62.77330271,Drawdown Cycle 4
463,-63.39410572,Drawdown Cycle 4
464,-62.31894844,Drawdown Cycle 4
465,-62.29355223,Drawdown Cycle 4
466,-62.576133,Drawdown Cycle 4
467,-61.93246573,Drawdown Cycle 4
468,-62.72769695,Drawdown Cycle 4
469,-63.02772514,Drawdown Cycle 4
470,-63.4296911,Drawdown Cycle 4
471,-64.46771313,Drawdown Cycle 4
472,-64.55573286,Drawdown Cycle 4
473,-63.99591144,Drawdown Cycle 4
474,-64.02727691,Drawdown Cycle 4
475,-64.44102793,Drawdown Cycle 4
476,-63.93835182,Drawdown Cycle 4
477,-64.02960937,Drawdown Cycle 4
478,-65.70833706,Drawdown Cycle 4
479,-65.69276174,Drawdown Cycle 4
480,-65.64792324,Drawdown Cycle 4
481,-65.63851667,Drawdown Cycle 4
482,-66.05631881,Drawdown Cycle 4
483,-66.46307246,Drawdown Cycle 4
484,-68.7326341,Drawdown Cycle 4
485,-69.02713803,Drawdown Cycle 4
486,-68.54467147,Drawdown Cycle 4
487,-66.42021348,Drawdown Cycle 4
488,-62.87195662,Drawdown Cycle 4
489,-62.08369209,Drawdown Cycle 4
490,-62.54817415,Drawdown Cycle 4
491,-61.58810543,Drawdown Cycle 4
492,-57.75343152,Drawdown Cycle 4
493,-58.36421415,Drawdown Cycle 4
494,-56.74118932,Drawdown Cycle 4
495,-57.23143587,Drawdown Cycle 4
496,-56.76816608,Drawdown Cycle 4
497,-58.17278352,Drawdown Cycle 4
498,-56.5560502,Drawdown Cycle 4
499,-57.8070014,Drawdown Cycle 4
500,-57.77032652,Drawdown Cycle 4
501,-56.99659384,Drawdown Cycle 4
502,-58.29273649,Drawdown Cycle 4
503,-58.23238405,Drawdown Cycle 4
504,-56.41917154,Drawdown Cycle 4
505,-57.14534963,Drawdown Cycle 4
506,-56.24845685,Drawdown Cycle 4
507,-56.26080969,Drawdown Cycle 4
508,-56.7957106,Drawdown Cycle 4
509,-57.27596747,Drawdown Cycle 4
510,-56.78234499,Drawdown Cycle 4
511,-56.76485153,Drawdown Cycle 4
512,-57.0355705,Drawdown Cycle 4
513,-57.21733369,Drawdown Cycle 4
514,-57.19614205,Drawdown Cycle 4
515,-56.44906388,Drawdown Cycle 4
516,-54.7077587,Drawdown Cycle 4
517,-53.65271891,Drawdown Cycle 4
518,-54.1785048,Drawdown Cycle 4
519,-53.58800845,Drawdown Cycle 4
520,-53.21288114,Drawdown Cycle 4
521,-53.58219264,Drawdown Cycle 4
522,-53.56459176,Drawdown Cycle 4
523,-54.72268952,Drawdown Cycle 4
524,-53.583098,Drawdown Cycle 4
525,-55.69692181,Drawdown Cycle 4
526,-56.70924074,Drawdown Cycle 4
527,-58.1982718,Drawdown Cycle 4
528,-57.26973734,Drawdown Cycle 4
529,-57.72737547,Drawdown Cycle 4
530,-57.80192216,Drawdown Cycle 4
531,-56.72196186,Drawdown Cycle 4
532,-56.55446965,Drawdown Cycle 4
533,-54.73843364,Drawdown Cycle 4
534,-54.94187951,Drawdown Cycle 4
535,-55.20125842,Drawdown Cycle 4
536,-54.87541971,Drawdown Cycle 4
537,-56.79919395,Drawdown Cycle 4
538,-56.15276456,Drawdown Cycle 4
539,-55.30341103,Drawdown Cycle 4
540,-55.77444546,Drawdown Cycle 4
541,-54.70117564,Drawdown Cycle 4
542,-55.74423088,Drawdown Cycle 4
543,-55.77550428,Drawdown Cycle 4
544,-57.68402545,Drawdown Cycle 4
545,-57.7269765,Drawdown Cycle 4
546,-57.69416859,Drawdown Cycle 4
547,-58.67743916,Drawdown Cycle 4
548,-59.06134389,Drawdown Cycle 4
549,-58.7125335,Drawdown Cycle 4
550,-58.70931102,Drawdown Cycle 4
551,-58.18493687,Drawdown Cycle 4
552,-58.64762355,Drawdown Cycle 4
553,-58.10099895,Drawdown Cycle 4
554,-58.68854904,Drawdown Cycle 4
555,-58.71432888,Drawdown Cycle 4
556,-58.42413692,Drawdown Cycle 4
557,-58.89064454,Drawdown Cycle 4
558,-58.71537235,Drawdown Cycle 4
559,-58.22469613,Drawdown Cycle 4
560,-59.61200426,Drawdown Cycle 4
561,-59.48506925,Drawdown Cycle 4
562,-59.11159922,Drawdown Cycle 4
563,-58.74916235,Drawdown Cycle 4
564,-56.83481002,Drawdown Cycle 4
565,-57.38542436,Drawdown Cycle 4
566,-57.43406845,Drawdown Cycle 4
567,-58.25406673,Drawdown Cycle 4
568,-58.75562265,Drawdown Cycle 4
569,-58.21861946,Drawdown Cycle 4
570,-58.47796768,Drawdown Cycle 4
571,-58.24969337,Drawdown Cycle 4
572,-60.52757207,Drawdown Cycle 4
573,-58.30921717,Drawdown Cycle 4
574,-59.63723167,Drawdown Cycle 4
575,-59.19248346,Drawdown Cycle 4
576,-59.41211846,Drawdown Cycle 4
577,-60.38834561,Drawdown Cycle 4
578,-60.16608659,Drawdown Cycle 4
579,-60.19223471,Drawdown Cycle 4
580,-60.43396671,Drawdown Cycle 4
581,-61.47950787,Drawdown Cycle 4
582,-60.7813807,Drawdown Cycle 4
583,-59.63384039,Drawdown Cycle 4
584,-59.2051432,Drawdown Cycle 4
585,-59.61950803,Drawdown Cycle 4
586,-59.05732346,Drawdown Cycle 4
587,-56.73153723,Drawdown Cycle 4
588,-53.82361774,Drawdown Cycle 4
589,-54.09855662,Drawdown Cycle 4
590,-53.03627392,Drawdown Cycle 4
591,-53.12705577,Drawdown Cycle 4
592,-53.17818578,Drawdown Cycle 4
593,-53.64986471,Drawdown Cycle 4
594,-53.09720947,Drawdown Cycle 4
595,-53.70125559,Drawdown Cycle 4
596,-53.19719841,Drawdown Cycle 4
597,-53.15794554,Drawdown Cycle 4
598,-53.11880008,Drawdown Cycle 4
599,-53.11411982,Drawdown Cycle 4
600,-52.35582435,Drawdown Cycle 4
601,-52.67093681,Drawdown Cycle 4
602,-53.18234431,Drawdown Cycle 4
603,-53.70427858,Drawdown Cycle 4
604,-53.59008004,Drawdown Cycle 4
605,-53.65680071,Drawdown Cycle 4
606,-53.67113307,Drawdown Cycle 4
607,-53.55222358,Drawdown Cycle 4
608,-53.12590488,Drawdown Cycle 4
609,-53.45576403,Drawdown Cycle 4
610,-52.00348457,Drawdown Cycle 4
611,-53.65480584,Drawdown Cycle 4
612,-53.61756319,Drawdown Cycle 4
613,-53.61292896,Drawdown Cycle 4
614,-53.68939379,Drawdown Cycle 4
615,-54.23388542,Drawdown Cycle 4
616,-54.20288823,Drawdown Cycle 4
617,-54.20508259,Drawdown Cycle 4
618,-54.19653534,Drawdown Cycle 4
619,-54.2138907,Drawdown Cycle 4
620,-53.97822003,Drawdown Cycle 4
621,-55.23322235,Drawdown Cycle 4
622,-55.22301783,Drawdown Cycle 4
623,-54.76060737,Drawdown Cycle 4
624,-55.21965725,Drawdown Cycle 4
625,-55.16779067,Drawdown Cycle 4
626,-54.95825278,Drawdown Cycle 4
627,-55.2161739,Drawdown Cycle 4
628,-55.22192833,Drawdown Cycle 4
629,-55.09450228,Drawdown Cycle 4
630,-55.24661866,Drawdown Cycle 4
631,-55.22082348,Drawdown Cycle 4
632,-55.46872422,Drawdown Cycle 4
633,-55.48215122,Drawdown Cycle 4
634,-55.38584512,Drawdown Cycle 4
635,-55.2635597,Drawdown Cycle 4
636,-54.24312319,Drawdown Cycle 4
637,-54.70172806,Drawdown Cycle 4
638,-54.74665863,Drawdown Cycle 4
639,-54.9205958,Drawdown Cycle 4
640,-54.77757909,Drawdown Cycle 4
641,-55.16877276,Drawdown Cycle 4
642,-54.78024915,Drawdown Cycle 4
643,-55.22969297,Drawdown Cycle 4
644,-55.76101846,Drawdown Cycle 4
645,-59.14313349,Drawdown Cycle 4
646,-60.08801052,Drawdown Cycle 4
647,-60.07553492,Drawdown Cycle 4
648,-59.84135273,Drawdown Cycle 4
649,-60.03800071,Drawdown Cycle 4
650,-60.1316521,Drawdown Cycle 4
651,-59.50555502,Drawdown Cycle 4
652,-60.0613867,Drawdown Cycle 4
653,-60.09196957,Drawdown Cycle 4
654,-60.09836849,Drawdown Cycle 4
655,-60.0738623,Drawdown Cycle 4
656,-60.07102345,Drawdown Cycle 4
657,-57.70289997,Drawdown Cycle 4
658,-58.21047119,Drawdown Cycle 4
659,-60.10728402,Drawdown Cycle 4
660,-60.52005295,Drawdown Cycle 4
661,-60.38813078,Drawdown Cycle 4
662,-60.13235798,Drawdown Cycle 4
663,-60.54445173,Drawdown Cycle 4
664,-60.55388899,Drawdown Cycle 4
665,-60.5661651,Drawdown Cycle 4
666,-59.79468816,Drawdown Cycle 4
667,-60.35177814,Drawdown Cycle 4
668,-60.30575806,Drawdown Cycle 4
669,-60.48477447,Drawdown Cycle 4
670,-61.46660261,Drawdown Cycle 4
671,-60.25040814,Drawdown Cycle 4
672,-59.66632606,Drawdown Cycle 4
673,-59.17793627,Drawdown Cycle 4
674,-59.16257578,Drawdown Cycle 4
675,-59.18438122,Drawdown Cycle 4
676,-59.38307011,Drawdown Cycle 4
677,-58.81999552,Drawdown Cycle 4
678,-58.23181628,Drawdown Cycle 4
679,-58.35566691,Drawdown Cycle 4
680,-59.18275464,Drawdown Cycle 4
681,-59.16546067,Drawdown Cycle 4
682,-59.19371107,Drawdown Cycle 4
683,-59.46257328,Drawdown Cycle 4
684,-59.63471507,Drawdown Cycle 4
685,-59.89429346,Drawdown Cycle 4
686,-59.63838255,Drawdown Cycle 4
687,-58.63369016,Drawdown Cycle 4
688,-58.70076377,Drawdown Cycle 4
689,-58.6613728,Drawdown Cycle 4
690,-57.2349806,Drawdown Cycle 4
691,-57.7421068,Drawdown Cycle 4
692,-57.94684167,Drawdown Cycle 4
693,-57.30817692,Drawdown Cycle 4
694,-57.84102158,Drawdown Cycle 4
695,-57.2014975,Drawdown Cycle 4
696,-57.18873034,Drawdown Cycle 4
697,-57.229441,Drawdown Cycle 4
698,-57.7247668,Drawdown Cycle 4
699,-57.85478617,Drawdown Cycle 4
700,-58.83900815,Drawdown Cycle 4
701,-59.09752773,Drawdown Cycle 4
702,-58.74219565,Drawdown Cycle 4
703,-58.72306026,Drawdown Cycle 4
704,-58.31853167,Drawdown Cycle 4
705,-56.25623684,Drawdown Cycle 4
706,-56.28643608,Drawdown Cycle 4
707,-56.71088267,Drawdown Cycle 4
708,-56.0967241,Drawdown Cycle 4
709,-54.58584156,Drawdown Cycle 4
710,-54.16197809,Drawdown Cycle 4
711,-54.10670489,Drawdown Cycle 4
712,-49.25610595,Drawdown Cycle 4
713,-47.90614789,Drawdown Cycle 4
714,-46.96770047,Drawdown Cycle 4
715,-47.44788061,Drawdown Cycle 4
716,-48.00877619,Drawdown Cycle 4
717,-47.617337,Drawdown Cycle 4
718,-46.84096496,Drawdown Cycle 4
719,-47.03503495,Drawdown Cycle 4
720,-46.83804938,Drawdown Cycle 4
721,-45.78603258,Drawdown Cycle 4
722,-46.70087917,Drawdown Cycle 4
723,-46.80648443,Drawdown Cycle 4
724,-46.19198827,Drawdown Cycle 4
725,-46.4573211,Drawdown Cycle 4
726,-46.19200362,Drawdown Cycle 4
727,-45.63385482,Drawdown Cycle 4
728,-45.04252982,Drawdown Cycle 4
729,-43.72910855,Drawdown Cycle 4
730,-42.78760745,Drawdown Cycle 4
731,-43.58932966,Drawdown Cycle 4
732,-43.03672046,Drawdown Cycle 4
733,-43.8211487,Drawdown Cycle 4
734,-45.50714999,Drawdown Cycle 4
735,-42.2765222,Drawdown Cycle 4
736,-44.47968541,Drawdown Cycle 4
737,-44.07432818,Drawdown Cycle 4
738,-44.00357173,Drawdown Cycle 4
739,-42.93400009,Drawdown Cycle 4
740,-42.3605215,Drawdown Cycle 4
741,-44.71592385,Drawdown Cycle 4
742,-42.47206532,Drawdown Cycle 4
743,-42.9004863,Drawdown Cycle 4
744,-42.27879328,Drawdown Cycle 4
745,-42.26145327,Drawdown Cycle 4
746,-42.37961085,Drawdown Cycle 4
747,-43.04201453,Drawdown Cycle 4
748,-41.68920228,Drawdown Cycle 4
749,-42.18110611,Drawdown Cycle 4
750,-42.27171917,Drawdown Cycle 4
751,-40.67106755,Drawdown Cycle 4
752,-39.58173136,Drawdown Cycle 4
753,-38.85231545,Drawdown Cycle 4
754,-35.98582784,Drawdown Cycle 4
755,-32.31573056,Drawdown Cycle 4
756,-32.98757151,Drawdown Cycle 4
757,-33.68856822,Drawdown Cycle 4
758,-32.14047371,Drawdown Cycle 4
759,-32.88804293,Drawdown Cycle 4
760,-32.98663546,Drawdown Cycle 4
761,-36.77535067,Drawdown Cycle 4
762,-36.65205247,Drawdown Cycle 4
763,-33.94632055,Drawdown Cycle 4
764,-33.86179952,Drawdown Cycle 4
765,-35.39450285,Drawdown Cycle 4
766,-35.27869307,Drawdown Cycle 4
767,-36.10631789,Drawdown Cycle 4
768,-34.64573671,Drawdown Cycle 4
769,-35.25713315,Drawdown Cycle 4
770,-33.03951481,Drawdown Cycle 4
771,-32.77947606,Drawdown Cycle 4
772,-32.4847266,Drawdown Cycle 4
773,-32.96206789,Drawdown Cycle 4
774,-33.81350836,Drawdown Cycle 4
775,-33.02272723,Drawdown Cycle 4
776,-34.83156637,Drawdown Cycle 4
777,-33.52795064,Drawdown Cycle 4
778,-34.54522604,Drawdown Cycle 4
779,-35.96721419,Drawdown Cycle 4
780,-35.29905607,Drawdown Cycle 4
781,-35.09096062,Drawdown Cycle 4
782,-32.88037036,Drawdown Cycle 4
783,-30.79691458,Drawdown Cycle 4
784,-34.49289911,Drawdown Cycle 4
785,-32.04674559,Drawdown Cycle 4
786,-32.28992004,Drawdown Cycle 4
787,-32.89244698,Drawdown Cycle 4
788,-32.73953266,Drawdown Cycle 4
789,-28.10993443,Drawdown Cycle 4
790,-29.35671176,Drawdown Cycle 4
791,-28.11714664,Drawdown Cycle 4
792,-29.02754315,Drawdown Cycle 4
793,-34.55351242,Drawdown Cycle 4
794,-34.38737058,Drawdown Cycle 4
795,-35.25355773,Drawdown Cycle 4
796,-34.59726141,Drawdown Cycle 4
797,-33.65824623,Drawdown Cycle 4
798,-34.58978833,Drawdown Cycle 4
799,-36.78240944,Drawdown Cycle 4
800,-36.06591413,Drawdown Cycle 4
801,-36.03482488,Drawdown Cycle 4
802,-36.07555088,Drawdown Cycle 4
803,-39.21369351,Drawdown Cycle 4
804,-39.33122194,Drawdown Cycle 4
805,-38.77265883,Drawdown Cycle 4
806,-38.88782411,Drawdown Cycle 4
807,-35.95483066,Drawdown Cycle 4
808,-35.32851874,Drawdown Cycle 4
809,-35.91009957,Drawdown Cycle 4
810,-33.8338867,Drawdown Cycle 4
811,-33.78429121,Drawdown Cycle 4
812,-34.61051962,Drawdown Cycle 4
813,-34.04253458,Drawdown Cycle 4
814,-33.82153387,Drawdown Cycle 4
815,-33.86677134,Drawdown Cycle 4
816,-34.56980896,Drawdown Cycle 4
817,-34.624453,Drawdown Cycle 4
818,-33.84507331,Drawdown Cycle 4
819,-32.24825798,Drawdown Cycle 4
820,-30.56247153,Drawdown Cycle 4
821,-27.42880967,Drawdown Cycle 4
822,-26.63107719,Drawdown Cycle 4
823,-26.30608246,Drawdown Cycle 4
824,-23.14057944,Drawdown Cycle 4
825,-24.00497121,Drawdown Cycle 4
826,-20.49340458,Drawdown Cycle 4
827,-20.44916454,Drawdown Cycle 4
828,-20.32072571,Drawdown Cycle 4
829,-20.55957283,Drawdown Cycle 4
830,-20.16721293,Drawdown Cycle 4
831,-20.41815201,Drawdown Cycle 4
832,-19.68964146,Drawdown Cycle 4
833,-21.16346549,Drawdown Cycle 4
834,-21.27583796,Drawdown Cycle 4
835,-22.18140074,Drawdown Cycle 4
836,-20.93697122,Drawdown Cycle 4
837,-20.44430013,Drawdown Cycle 4
838,-16.57084905,Drawdown Cycle 4
839,-12.68301957,Drawdown Cycle 4
840,-4.38846469,Drawdown Cycle 4
841,-5.794432507,Drawdown Cycle 4
842,-4.25100292,Drawdown Cycle 4
843,-5.140407269,Drawdown Cycle 4
844,-3.374565215,Drawdown Cycle 4
845,0,Drawdown Cycle 4
0,0,Drawdown Cycle 5
1,-2.386414123,Drawdown Cycle 5
2,-1.259701324,Drawdown Cycle 5
3,-2.474091902,Drawdown Cycle 5
4,-8.777651768,Drawdown Cycle 5
5,-11.01120128,Drawdown Cycle 5
6,-7.825933581,Drawdown Cycle 5
7,-7.530270731,Drawdown Cycle 5
8,-9.002216288,Drawdown Cycle 5
9,-11.01792289,Drawdown Cycle 5
10,-13.14704673,Drawdown Cycle 5
11,-14.17902325,Drawdown Cycle 5
12,-14.03385079,Drawdown Cycle 5
13,-12.85312444,Drawdown Cycle 5
14,-11.05201223,Drawdown Cycle 5
15,-12.68835663,Drawdown Cycle 5
16,-13.99010415,Drawdown Cycle 5
17,-11.9396585,Drawdown Cycle 5
18,-11.03764658,Drawdown Cycle 5
19,-10.63433361,Drawdown Cycle 5
20,-7.983033295,Drawdown Cycle 5
21,-8.699871928,Drawdown Cycle 5
22,-9.213048821,Drawdown Cycle 5
23,-11.10746957,Drawdown Cycle 5
24,-13.71665952,Drawdown Cycle 5
25,-12.02701544,Drawdown Cycle 5
26,-11.95335038,Drawdown Cycle 5
27,-11.86726879,Drawdown Cycle 5
28,-14.85654284,Drawdown Cycle 5
29,-18.89901703,Drawdown Cycle 5
30,-16.89476445,Drawdown Cycle 5
31,-18.84890971,Drawdown Cycle 5
32,-16.92672019,Drawdown Cycle 5
33,-17.93160973,Drawdown Cycle 5
34,-16.0572656,Drawdown Cycle 5
35,-15.0552155,Drawdown Cycle 5
36,-17.46440131,Drawdown Cycle 5
37,-18.40849952,Drawdown Cycle 5
38,-19.97393008,Drawdown Cycle 5
39,-24.08744645,Drawdown Cycle 5
40,-23.3817811,Drawdown Cycle 5
41,-24.48958835,Drawdown Cycle 5
42,-26.12431251,Drawdown Cycle 5
43,-25.30701059,Drawdown Cycle 5
44,-26.94663559,Drawdown Cycle 5
45,-30.06755865,Drawdown Cycle 5
46,-31.91162343,Drawdown Cycle 5
47,-31.87788702,Drawdown Cycle 5
48,-30.13886553,Drawdown Cycle 5
49,-29.17116145,Drawdown Cycle 5
50,-29.99657262,Drawdown Cycle 5
51,-27.63732569,Drawdown Cycle 5
52,-26.82780416,Drawdown Cycle 5
53,-26.90381938,Drawdown Cycle 5
54,-27.0586331,Drawdown Cycle 5
55,-27.05479905,Drawdown Cycle 5
56,-30.73401725,Drawdown Cycle 5
57,-26.63790649,Drawdown Cycle 5
58,-25.08159584,Drawdown Cycle 5
59,-26.0024331,Drawdown Cycle 5
60,-28.48983187,Drawdown Cycle 5
61,-28.50619475,Drawdown Cycle 5
62,-27.76291884,Drawdown Cycle 5
63,-27.05347558,Drawdown Cycle 5
64,-25.75228954,Drawdown Cycle 5
65,-26.01399941,Drawdown Cycle 5
66,-25.91327143,Drawdown Cycle 5
67,-27.67169577,Drawdown Cycle 5
68,-27.67451917,Drawdown Cycle 5
69,-29.30010738,Drawdown Cycle 5
70,-30.90414311,Drawdown Cycle 5
71,-29.53710448,Drawdown Cycle 5
72,-30.93527269,Drawdown Cycle 5
73,-31.63227534,Drawdown Cycle 5
74,-29.33138134,Drawdown Cycle 5
75,-29.31766539,Drawdown Cycle 5
76,-29.25104279,Drawdown Cycle 5
77,-29.20798595,Drawdown Cycle 5
78,-30.08068104,Drawdown Cycle 5
79,-29.66098113,Drawdown Cycle 5
80,-29.94313658,Drawdown Cycle 5
81,-30.04227639,Drawdown Cycle 5
82,-29.66706106,Drawdown Cycle 5
83,-29.72812509,Drawdown Cycle 5
84,-30.13005043,Drawdown Cycle 5
85,-29.29106769,Drawdown Cycle 5
86,-29.98301709,Drawdown Cycle 5
87,-29.05491279,Drawdown Cycle 5
88,-27.69422681,Drawdown Cycle 5
89,-27.56949994,Drawdown Cycle 5
90,-26.82332041,Drawdown Cycle 5
91,-24.43505343,Drawdown Cycle 5
92,-25.14664632,Drawdown Cycle 5
93,-26.8710134,Drawdown Cycle 5
94,-26.87795159,Drawdown Cycle 5
95,-27.59800665,Drawdown Cycle 5
96,-27.65242125,Drawdown Cycle 5
97,-27.49273877,Drawdown Cycle 5
98,-26.84747973,Drawdown Cycle 5
99,-23.41956011,Drawdown Cycle 5
100,-22.12432566,Drawdown Cycle 5
101,-23.38779687,Drawdown Cycle 5
102,-23.40623719,Drawdown Cycle 5
103,-23.66465042,Drawdown Cycle 5
104,-23.52628781,Drawdown Cycle 5
105,-25.87163431,Drawdown Cycle 5
106,-29.08133403,Drawdown Cycle 5
107,-27.92796738,Drawdown Cycle 5
108,-28.44665472,Drawdown Cycle 5
109,-28.43372483,Drawdown Cycle 5
110,-28.49889563,Drawdown Cycle 5
111,-30.89846422,Drawdown Cycle 5
112,-29.34359735,Drawdown Cycle 5
113,-28.50159871,Drawdown Cycle 5
114,-28.52729806,Drawdown Cycle 5
115,-32.49311536,Drawdown Cycle 5
116,-32.55427564,Drawdown Cycle 5
117,-37.04330413,Drawdown Cycle 5
118,-38.36617901,Drawdown Cycle 5
119,-36.98362773,Drawdown Cycle 5
120,-39.1785079,Drawdown Cycle 5
121,-41.52974985,Drawdown Cycle 5
122,-48.69699719,Drawdown Cycle 5
123,-43.15816146,Drawdown Cycle 5
124,-44.50693622,Drawdown Cycle 5
125,-43.27792332,Drawdown Cycle 5
126,-43.74849255,Drawdown Cycle 5
127,-45.08497911,Drawdown Cycle 5
128,-46.08013112,Drawdown Cycle 5
129,-46.96501014,Drawdown Cycle 5
130,-44.72360805,Drawdown Cycle 5
131,-43.9098033,Drawdown Cycle 5
132,-45.03134254,Drawdown Cycle 5
133,-45.05256616,Drawdown Cycle 5
134,-45.79017122,Drawdown Cycle 5
135,-46.87748476,Drawdown Cycle 5
136,-46.38403156,Drawdown Cycle 5
137,-45.68306653,Drawdown Cycle 5
138,-45.33814659,Drawdown Cycle 5
139,-45.787035,Drawdown Cycle 5
140,-48.14196661,Drawdown Cycle 5
141,-48.70642189,Drawdown Cycle 5
142,-45.20106734,Drawdown Cycle 5
143,-45.7869227,Drawdown Cycle 5
144,-47.4141472,Drawdown Cycle 5
145,-46.33144575,Drawdown Cycle 5
146,-47.32071033,Drawdown Cycle 5
147,-44.56206469,Drawdown Cycle 5
148,-45.13669865,Drawdown Cycle 5
149,-41.59719861,Drawdown Cycle 5
150,-43.02540554,Drawdown Cycle 5
151,-45.15660682,Drawdown Cycle 5
152,-45.94662123,Drawdown Cycle 5
153,-46.91371571,Drawdown Cycle 5
154,-45.0338852,Drawdown Cycle 5
155,-44.00627212,Drawdown Cycle 5
156,-43.58707753,Drawdown Cycle 5
157,-43.66562738,Drawdown Cycle 5
158,-43.17367411,Drawdown Cycle 5
159,-43.12668697,Drawdown Cycle 5
160,-41.86862193,Drawdown Cycle 5
161,-40.3389892,Drawdown Cycle 5
162,-40.53586515,Drawdown Cycle 5
163,-43.02738673,Drawdown Cycle 5
164,-43.85854898,Drawdown Cycle 5
165,-43.31433073,Drawdown Cycle 5
166,-43.79508666,Drawdown Cycle 5
167,-45.25991757,Drawdown Cycle 5
168,-43.23481835,Drawdown Cycle 5
169,-43.71246212,Drawdown Cycle 5
170,-42.84958476,Drawdown Cycle 5
171,-45.01240491,Drawdown Cycle 5
172,-47.00801083,Drawdown Cycle 5
173,-46.78592481,Drawdown Cycle 5
174,-46.965339,Drawdown Cycle 5
175,-46.46362415,Drawdown Cycle 5
176,-45.24291301,Drawdown Cycle 5
177,-45.25099017,Drawdown Cycle 5
178,-46.3711899,Drawdown Cycle 5
179,-46.39185205,Drawdown Cycle 5
180,-45.94670946,Drawdown Cycle 5
181,-44.86974303,Drawdown Cycle 5
182,-44.93092738,Drawdown Cycle 5
183,-42.32852321,Drawdown Cycle 5
184,-43.10574409,Drawdown Cycle 5
185,-42.48283161,Drawdown Cycle 5
186,-41.50444353,Drawdown Cycle 5
187,-41.21794068,Drawdown Cycle 5
188,-43.23053513,Drawdown Cycle 5
189,-40.08205183,Drawdown Cycle 5
190,-40.53519941,Drawdown Cycle 5
191,-39.8834674,Drawdown Cycle 5
192,-39.86690399,Drawdown Cycle 5
193,-38.28425231,Drawdown Cycle 5
194,-39.14807615,Drawdown Cycle 5
195,-40.56837435,Drawdown Cycle 5
196,-39.14704143,Drawdown Cycle 5
197,-39.11875931,Drawdown Cycle 5
198,-37.02578622,Drawdown Cycle 5
199,-37.18341532,Drawdown Cycle 5
200,-37.75639694,Drawdown Cycle 5
201,-37.74250454,Drawdown Cycle 5
202,-37.05854407,Drawdown Cycle 5
203,-38.36334759,Drawdown Cycle 5
204,-38.97320185,Drawdown Cycle 5
205,-39.15157331,Drawdown Cycle 5
206,-38.95504226,Drawdown Cycle 5
207,-37.35058142,Drawdown Cycle 5
208,-36.97544629,Drawdown Cycle 5
209,-36.90896807,Drawdown Cycle 5
210,-35.95537297,Drawdown Cycle 5
211,-34.87802153,Drawdown Cycle 5
212,-34.79021541,Drawdown Cycle 5
213,-35.99031253,Drawdown Cycle 5
214,-35.58099984,Drawdown Cycle 5
215,-35.45705902,Drawdown Cycle 5
216,-34.10529242,Drawdown Cycle 5
217,-34.52408596,Drawdown Cycle 5
218,-35.51576488,Drawdown Cycle 5
219,-36.29760586,Drawdown Cycle 5
220,-34.80480565,Drawdown Cycle 5
221,-36.52434408,Drawdown Cycle 5
222,-37.20617096,Drawdown Cycle 5
223,-37.66883948,Drawdown Cycle 5
224,-38.38644813,Drawdown Cycle 5
225,-38.44699882,Drawdown Cycle 5
226,-37.89936362,Drawdown Cycle 5
227,-37.73002383,Drawdown Cycle 5
228,-39.18122703,Drawdown Cycle 5
229,-38.49075349,Drawdown Cycle 5
230,-38.41802689,Drawdown Cycle 5
231,-38.13999425,Drawdown Cycle 5
232,-39.14638371,Drawdown Cycle 5
233,-40.50666062,Drawdown Cycle 5
234,-41.17923123,Drawdown Cycle 5
235,-41.20302158,Drawdown Cycle 5
236,-40.83207343,Drawdown Cycle 5
237,-40.76886779,Drawdown Cycle 5
238,-42.77937677,Drawdown Cycle 5
239,-46.37650784,Drawdown Cycle 5
240,-48.06240611,Drawdown Cycle 5
241,-49.26122789,Drawdown Cycle 5
242,-50.64923346,Drawdown Cycle 5
243,-51.26523182,Drawdown Cycle 5
244,-49.41464595,Drawdown Cycle 5
245,-49.28472948,Drawdown Cycle 5
246,-50.5268407,Drawdown Cycle 5
247,-50.79555292,Drawdown Cycle 5
248,-49.25933492,Drawdown Cycle 5
249,-49.20368508,Drawdown Cycle 5
250,-48.2776502,Drawdown Cycle 5
251,-47.57034054,Drawdown Cycle 5
252,-46.98470977,Drawdown Cycle 5
253,-47.50281959,Drawdown Cycle 5
254,-48.29286608,Drawdown Cycle 5
255,-49.61290954,Drawdown Cycle 5
256,-49.37720383,Drawdown Cycle 5
257,-48.43953847,Drawdown Cycle 5
258,-49.17702321,Drawdown Cycle 5
259,-48.77372628,Drawdown Cycle 5
260,-49.95038598,Drawdown Cycle 5
261,-51.14348876,Drawdown Cycle 5
262,-51.99488804,Drawdown Cycle 5
263,-52.03849031,Drawdown Cycle 5
264,-51.78006906,Drawdown Cycle 5
265,-52.30139531,Drawdown Cycle 5
266,-51.6697319,Drawdown Cycle 5
267,-53.18386803,Drawdown Cycle 5
268,-51.67629309,Drawdown Cycle 5
269,-50.6731361,Drawdown Cycle 5
270,-49.92879339,Drawdown Cycle 5
271,-49.40632013,Drawdown Cycle 5
272,-49.00604713,Drawdown Cycle 5
273,-48.76992432,Drawdown Cycle 5
274,-49.05942702,Drawdown Cycle 5
275,-50.00245844,Drawdown Cycle 5
276,-49.39213897,Drawdown Cycle 5
277,-48.73848191,Drawdown Cycle 5
278,-48.77326106,Drawdown Cycle 5
279,-48.80985296,Drawdown Cycle 5
280,-50.14362039,Drawdown Cycle 5
281,-48.18872917,Drawdown Cycle 5
282,-48.14524721,Drawdown Cycle 5
283,-48.74368756,Drawdown Cycle 5
284,-48.78885393,Drawdown Cycle 5
285,-48.19160069,Drawdown Cycle 5
286,-48.20648771,Drawdown Cycle 5
287,-47.65462543,Drawdown Cycle 5
288,-46.93695261,Drawdown Cycle 5
289,-47.03110335,Drawdown Cycle 5
290,-47.66425868,Drawdown Cycle 5
291,-48.71383332,Drawdown Cycle 5
292,-48.34444927,Drawdown Cycle 5
293,-47.62538079,Drawdown Cycle 5
294,-48.71990523,Drawdown Cycle 5
295,-48.85322262,Drawdown Cycle 5
296,-48.78050404,Drawdown Cycle 5
297,-48.16312607,Drawdown Cycle 5
298,-49.46005295,Drawdown Cycle 5
299,-49.80140353,Drawdown Cycle 5
300,-49.31241804,Drawdown Cycle 5
301,-49.10174593,Drawdown Cycle 5
302,-48.64715457,Drawdown Cycle 5
303,-48.2055332,Drawdown Cycle 5
304,-48.48034942,Drawdown Cycle 5
305,-48.11543308,Drawdown Cycle 5
306,-48.13411404,Drawdown Cycle 5
307,-48.03581642,Drawdown Cycle 5
308,-48.78708128,Drawdown Cycle 5
309,-48.91389362,Drawdown Cycle 5
310,-49.30049078,Drawdown Cycle 5
311,-49.24016468,Drawdown Cycle 5
312,-49.5052113,Drawdown Cycle 5
313,-49.42515349,Drawdown Cycle 5
314,-49.61835582,Drawdown Cycle 5
315,-48.31307103,Drawdown Cycle 5
316,-48.20590217,Drawdown Cycle 5
317,-44.48146948,Drawdown Cycle 5
318,-41.76436471,Drawdown Cycle 5
319,-37.06972537,Drawdown Cycle 5
320,-38.36789551,Drawdown Cycle 5
321,-37.73652085,Drawdown Cycle 5
322,-36.90454849,Drawdown Cycle 5
323,-36.96996793,Drawdown Cycle 5
324,-36.996702,Drawdown Cycle 5
325,-35.61320424,Drawdown Cycle 5
326,-37.75205757,Drawdown Cycle 5
327,-37.20277806,Drawdown Cycle 5
328,-37.04021603,Drawdown Cycle 5
329,-36.99970186,Drawdown Cycle 5
330,-38.05765045,Drawdown Cycle 5
331,-38.33208165,Drawdown Cycle 5
332,-34.82039049,Drawdown Cycle 5
333,-36.25269617,Drawdown Cycle 5
334,-36.16652634,Drawdown Cycle 5
335,-35.62396845,Drawdown Cycle 5
336,-36.50573531,Drawdown Cycle 5
337,-37.00816404,Drawdown Cycle 5
338,-37.44323223,Drawdown Cycle 5
339,-38.41471421,Drawdown Cycle 5
340,-38.32738133,Drawdown Cycle 5
341,-38.01408026,Drawdown Cycle 5
342,-38.42340098,Drawdown Cycle 5
343,-37.01950576,Drawdown Cycle 5
344,-39.21221223,Drawdown Cycle 5
345,-39.16869819,Drawdown Cycle 5
346,-38.69098223,Drawdown Cycle 5
347,-34.95784673,Drawdown Cycle 5
348,-34.81309939,Drawdown Cycle 5
349,-34.8337856,Drawdown Cycle 5
350,-30.85860777,Drawdown Cycle 5
351,-30.9091001,Drawdown Cycle 5
352,-32.40583061,Drawdown Cycle 5
353,-32.48189395,Drawdown Cycle 5
354,-32.56393295,Drawdown Cycle 5
355,-32.50601316,Drawdown Cycle 5
356,-32.44603999,Drawdown Cycle 5
357,-33.20071377,Drawdown Cycle 5
358,-32.98404194,Drawdown Cycle 5
359,-33.14759055,Drawdown Cycle 5
360,-32.16472674,Drawdown Cycle 5
361,-32.35540245,Drawdown Cycle 5
362,-31.95343701,Drawdown Cycle 5
363,-30.82171107,Drawdown Cycle 5
