days_since_halving,index_value,Era
0,1,2nd Era
1,1.012274959,2nd Era
2,1.017184943,2nd Era
3,1.01391162,2nd Era
4,1.016366612,2nd Era
5,1.028641571,2nd Era
6,1.030278232,2nd Era
7,1.080196399,2nd Era
8,1.092471358,2nd Era
9,1.09410802,2nd Era
10,1.093289689,2nd Era
11,1.080196399,2nd Era
12,1.087561375,2nd Era
13,1.092471358,2nd Era
14,1.103927987,2nd Era
15,1.106382979,2nd Era
16,1.105564648,2nd Era
17,1.09492635,2nd Era
18,1.085924714,2nd Era
19,1.082651391,2nd Era
20,1.071194763,2nd Era
21,1.096563011,2nd Era
22,1.09492635,2nd Era
23,1.085106383,2nd Era
24,1.080196399,2nd Era
25,1.075286416,2nd Era
26,1.082651391,2nd Era
27,1.083469722,2nd Era
28,1.078559738,2nd Era
29,1.079378069,2nd Era
30,1.08101473,2nd Era
31,1.072831424,2nd Era
32,1.080196399,2nd Era
33,1.083469722,2nd Era
34,1.081833061,2nd Era
35,1.065466448,2nd Era
36,1.079378069,2nd Era
37,1.076104746,2nd Era
38,1.076104746,2nd Era
39,1.076104746,2nd Era
40,1.080196399,2nd Era
41,1.104746318,2nd Era
42,1.111292962,2nd Era
43,1.145662848,2nd Era
44,1.145662848,2nd Era
45,1.136661211,2nd Era
46,1.115384615,2nd Era
47,1.143207856,2nd Era
48,1.167757774,2nd Era
49,1.180032733,2nd Era
50,1.262684124,2nd Era
51,1.273322422,2nd Era
52,1.268412439,2nd Era
53,1.268412439,2nd Era
54,1.35188216,2nd Era
55,1.424713584,2nd Era
56,1.43207856,2nd Era
57,1.411620295,2nd Era
58,1.431260229,2nd Era
59,1.414075286,2nd Era
60,1.430441899,2nd Era
61,1.527823241,2nd Era
62,1.588379705,2nd Era
63,1.591653028,2nd Era
64,1.674304419,2nd Era
65,1.676759411,2nd Era
66,1.62193126,2nd Era
67,1.660392799,2nd Era
68,1.660392799,2nd Era
69,1.682487725,2nd Era
70,1.711129296,2nd Era
71,1.776595745,2nd Era
72,1.841243863,2nd Era
73,1.893617021,2nd Era
74,1.935351882,2nd Era
75,1.95908347,2nd Era
76,2.054828151,2nd Era
77,2.080196399,2nd Era
78,2.242225859,2nd Era
79,2.220949264,2nd Era
80,2.253682488,2nd Era
81,2.207855974,2nd Era
82,2.201309329,2nd Era
83,2.40507365,2nd Era
84,2.454991817,2nd Era
85,2.454991817,2nd Era
86,2.492635025,2nd Era
87,2.427986907,2nd Era
88,2.423076923,2nd Era
89,2.489361702,2nd Era
90,2.545008183,2nd Era
91,2.570376432,2nd Era
92,2.742225859,2nd Era
93,2.835515548,2nd Era
94,2.79705401,2nd Era
95,2.808510638,2nd Era
96,2.989361702,2nd Era
97,3.348608838,2nd Era
98,3.481178396,2nd Era
99,3.412438625,2nd Era
100,3.580196399,2nd Era
101,3.764320786,2nd Era
102,3.706219313,2nd Era
103,3.944353519,2nd Era
104,3.650572831,2nd Era
105,3.845335516,2nd Era
106,3.840425532,2nd Era
107,3.853518822,2nd Era
108,3.82405892,2nd Era
109,3.854337152,2nd Era
110,4.120294599,2nd Era
111,4.844517185,2nd Era
112,5.306055646,2nd Era
113,5.958265139,2nd Era
114,5.70212766,2nd Era
115,5.22913257,2nd Era
116,5.773322422,2nd Era
117,6.144026187,2nd Era
118,6.531096563,2nd Era
119,7.307692308,2nd Era
120,7.272504092,2nd Era
121,7.373977087,2nd Era
122,7.563829787,2nd Era
123,7.867430442,2nd Era
124,8.541734861,2nd Era
125,9.463175123,2nd Era
126,10.70703764,2nd Era
127,11.05810147,2nd Era
128,11.57119476,2nd Era
129,11.64484452,2nd Era
130,13.49918167,2nd Era
131,15.31260229,2nd Era
132,18.77659574,2nd Era
133,12.84779051,2nd Era
134,6.791325696,2nd Era
135,8.599836334,2nd Era
136,7.897708674,2nd Era
137,7.451718494,2nd Era
138,6.203764321,2nd Era
139,5.585924714,2nd Era
140,7.364157119,2nd Era
141,8.502454992,2nd Era
142,9.632569558,2nd Era
143,10.32487725,2nd Era
144,9.657937807,2nd Era
145,10.11538462,2nd Era
146,11.18821604,2nd Era
147,12.27495908,2nd Era
148,11.54091653,2nd Era
149,11.23731588,2nd Era
150,10.53764321,2nd Era
151,11.04991817,2nd Era
152,11.69885434,2nd Era
153,11.39443535,2nd Era
154,9.55400982,2nd Era
155,8.646481178,2nd Era
156,7.711129296,2nd Era
157,9.151391162,2nd Era
158,9.56792144,2nd Era
159,9.205400982,2nd Era
160,9.129296236,2nd Era
161,9.291325696,2nd Era
162,9.162847791,2nd Era
163,9.647299509,2nd Era
164,9.453355155,2nd Era
165,9.353518822,2nd Era
166,9.491816694,2nd Era
167,8.763502455,2nd Era
168,8.915711948,2nd Era
169,9.265957447,2nd Era
170,9.609656301,2nd Era
171,9.686579378,2nd Era
172,9.547463175,2nd Era
173,9.657937807,2nd Era
174,9.59410802,2nd Era
175,9.719312602,2nd Era
176,10.12602291,2nd Era
177,10.5294599,2nd Era
178,10.54991817,2nd Era
179,10.63175123,2nd Era
180,10.3289689,2nd Era
181,10.3101473,2nd Era
182,10.66693944,2nd Era
183,10.34451718,2nd Era
184,10.46972177,2nd Era
185,10.53764321,2nd Era
186,10.02454992,2nd Era
187,10.07037643,2nd Era
188,9.837152209,2nd Era
189,9.881342062,2nd Era
190,9.74386252,2nd Era
191,9.011456628,2nd Era
192,8.931260229,2nd Era
193,8.222585925,2nd Era
194,8.531914894,2nd Era
195,8.785597381,2nd Era
196,8.763502455,2nd Era
197,8.344517185,2nd Era
198,8.109656301,2nd Era
199,8.14893617,2nd Era
200,8.106382979,2nd Era
201,8.183306056,2nd Era
202,8.536824877,2nd Era
203,8.608837971,2nd Era
204,8.453355155,2nd Era
205,8.31096563,2nd Era
206,8.192307692,2nd Era
207,8.211947627,2nd Era
208,8.112929624,2nd Era
209,8.009001637,2nd Era
210,8.090834697,2nd Era
211,7.931260229,2nd Era
212,7.319148936,2nd Era
213,7.273322422,2nd Era
214,7.327332242,2nd Era
215,6.846153846,2nd Era
216,7.178396072,2nd Era
217,6.343698854,2nd Era
218,6.464811784,2nd Era
219,5.516366612,2nd Era
220,5.374795417,2nd Era
221,5.870703764,2nd Era
222,6.088379705,2nd Era
223,6.137479542,2nd Era
224,7.030278232,2nd Era
225,7.169394435,2nd Era
226,7.251227496,2nd Era
227,7.496726678,2nd Era
228,7.364157119,2nd Era
229,7.671849427,2nd Era
230,7.5,2nd Era
231,7.448445172,2nd Era
232,6.954991817,2nd Era
233,7.048281506,2nd Era
234,6.936170213,2nd Era
235,7.021276596,2nd Era
236,7.003273322,2nd Era
237,7.118657938,2nd Era
238,7.221767594,2nd Era
239,7.379705401,2nd Era
240,7.373158756,2nd Era
241,7.214402619,2nd Era
242,7.591653028,2nd Era
243,7.641571195,2nd Era
244,7.914893617,2nd Era
245,8.005728314,2nd Era
246,7.899345336,2nd Era
247,7.85106383,2nd Era
248,7.818330606,2nd Era
249,7.885433715,2nd Era
250,8.004091653,2nd Era
251,7.993453355,2nd Era
252,7.939443535,2nd Era
253,7.714402619,2nd Era
254,7.587561375,2nd Era
255,7.630114566,2nd Era
256,7.706219313,2nd Era
257,7.8101473,2nd Era
258,8.020458265,2nd Era
259,8.115384615,2nd Era
260,8.023731588,2nd Era
261,8.0400982,2nd Era
262,8.156301146,2nd Era
263,8.126022913,2nd Era
264,8.412438625,2nd Era
265,8.557283142,2nd Era
266,9.083469722,2nd Era
267,8.981996727,2nd Era
268,8.819967267,2nd Era
269,8.923076923,2nd Era
270,9.264320786,2nd Era
271,9.184124386,2nd Era
272,9.632569558,2nd Era
273,9.680851064,2nd Era
274,9.738134206,2nd Era
275,10.21522095,2nd Era
276,10.42962357,2nd Era
277,10.69230769,2nd Era
278,10.60638298,2nd Era
279,10.56792144,2nd Era
280,10.03191489,2nd Era
281,10.03436989,2nd Era
282,9.630114566,2nd Era
283,9.784779051,2nd Era
284,9.677577741,2nd Era
285,9.901800327,2nd Era
286,10,2nd Era
287,10.40589198,2nd Era
288,10.39525368,2nd Era
289,10.42635025,2nd Era
290,10.15139116,2nd Era
291,10.23649755,2nd Era
292,10.33306056,2nd Era
293,10.38952537,2nd Era
294,10.40507365,2nd Era
295,10.15711948,2nd Era
296,10.0589198,2nd Era
297,10.10474632,2nd Era
298,10.07855974,2nd Era
299,10.04991817,2nd Era
300,10.12684124,2nd Era
301,10.14402619,2nd Era
302,10.200491,2nd Era
303,10.37070376,2nd Era
304,10.37888707,2nd Era
305,10.39361702,2nd Era
306,10.3289689,2nd Era
307,10.43698854,2nd Era
308,8.466448445,2nd Era
309,9.628477905,2nd Era
310,9.990998363,2nd Era
311,9.923895254,2nd Era
312,10.02373159,2nd Era
313,10.10638298,2nd Era
314,10.21767594,2nd Era
315,10.30278232,2nd Era
316,10.3396072,2nd Era
317,10.42144026,2nd Era
318,10.45581015,2nd Era
319,10.83878887,2nd Era
320,11.08101473,2nd Era
321,11.57283142,2nd Era
322,11.3101473,2nd Era
323,11.76186579,2nd Era
324,12.51145663,2nd Era
325,13.52209493,2nd Era
326,13.62765957,2nd Era
327,14.72340426,2nd Era
328,15.5106383,2nd Era
329,16.66775777,2nd Era
330,15.96644845,2nd Era
331,15.34533552,2nd Era
332,14.72667758,2nd Era
333,15.91571195,2nd Era
334,16.03927987,2nd Era
335,16.71603928,2nd Era
336,16.16366612,2nd Era
337,16.61374795,2nd Era
338,16.61129296,2nd Era
339,16.7512275,2nd Era
340,17.18494272,2nd Era
341,18.7594108,2nd Era
342,19.92553191,2nd Era
343,21.43453355,2nd Era
344,23.73240589,2nd Era
345,27.31587561,2nd Era
346,26.93617021,2nd Era
347,26.71767594,2nd Era
348,28.08428805,2nd Era
349,29.04255319,2nd Era
350,32.08674304,2nd Era
351,34.04091653,2nd Era
352,33.58919804,2nd Era
353,35.66448445,2nd Era
354,39.23895254,2nd Era
355,53.19148936,2nd Era
356,44.71849427,2nd Era
357,48.97626841,2nd Era
358,58.83715221,2nd Era
359,65.18003273,2nd Era
360,67.67594108,2nd Era
361,66.0589198,2nd Era
362,66.79787234,2nd Era
363,74.6309329,2nd Era
364,78.87479542,2nd Era
365,82.93780687,2nd Era
366,92.26595745,2nd Era
367,92.0507365,2nd Era
368,77.74140753,2nd Era
369,85.2700491,2nd Era
370,86.07528642,2nd Era
371,93.17348609,2nd Era
372,84.3690671,2nd Era
373,66.28477905,2nd Era
374,57.59492635,2nd Era
375,64.33715221,2nd Era
376,73.2405892,2nd Era
377,79.8903437,2nd Era
378,71.75777414,2nd Era
379,71.44026187,2nd Era
380,71.95171849,2nd Era
381,69.79378069,2nd Era
382,70.5801964,2nd Era
383,55.54746318,2nd Era
384,55.77414075,2nd Era
385,42.56301146,2nd Era
386,55.95008183,2nd Era
387,49.89689034,2nd Era
388,48.89525368,2nd Era
389,50.29050736,2nd Era
390,54.00163666,2nd Era
391,53.15384615,2nd Era
392,55.52454992,2nd Era
393,61.2086743,2nd Era
394,58.82160393,2nd Era
395,58.74140753,2nd Era
396,59.58183306,2nd Era
397,60.2700491,2nd Era
398,59.898527,2nd Era
399,61.74386252,2nd Era
400,64.14402619,2nd Era
401,66.15302782,2nd Era
402,67.81833061,2nd Era
403,73.84206219,2nd Era
404,74.30523732,2nd Era
405,66.3608838,2nd Era
406,67.18412439,2nd Era
407,67.68166939,2nd Era
408,69.35188216,2nd Era
409,72.54255319,2nd Era
410,69.07119476,2nd Era
411,67.67594108,2nd Era
412,66.73895254,2nd Era
413,68.80114566,2nd Era
414,66.8207856,2nd Era
415,64.97381342,2nd Era
416,66.21767594,2nd Era
417,68.86579378,2nd Era
418,67.88870704,2nd Era
419,67.4705401,2nd Era
420,67.06219313,2nd Era
421,66.2594108,2nd Era
422,63.89198036,2nd Era
423,65.67512275,2nd Era
424,66.56055646,2nd Era
425,60.84288052,2nd Era
426,64.39525368,2nd Era
427,64.95499182,2nd Era
428,65.33633388,2nd Era
429,65.71194763,2nd Era
430,66.46317512,2nd Era
431,66.69394435,2nd Era
432,66.02045827,2nd Era
433,65.48363339,2nd Era
434,63.86170213,2nd Era
435,62.48854337,2nd Era
436,58.1096563,2nd Era
437,55.68657938,2nd Era
438,56.200491,2nd Era
439,56.35842881,2nd Era
440,55.400982,2nd Era
441,53.32242226,2nd Era
442,50.34779051,2nd Era
443,54.8502455,2nd Era
444,53.6685761,2nd Era
445,51.08919804,2nd Era
446,51.61292962,2nd Era
447,51.30032733,2nd Era
448,51.09819967,2nd Era
449,46.11374795,2nd Era
450,47.0400982,2nd Era
451,49.53764321,2nd Era
452,49.54991817,2nd Era
453,44.64484452,2nd Era
454,44.17757774,2nd Era
455,47.90016367,2nd Era
456,48,2nd Era
457,44.80360065,2nd Era
458,46.40834697,2nd Era
459,45.35106383,2nd Era
460,55.3502455,2nd Era
461,55.17266776,2nd Era
462,54.88543372,2nd Era
463,54.74631751,2nd Era
464,51.61947627,2nd Era
465,50.77905074,2nd Era
466,52.37315876,2nd Era
467,51.39934534,2nd Era
468,52.0212766,2nd Era
469,51.9599018,2nd Era
470,52.57774141,2nd Era
471,51.51227496,2nd Era
472,51.95662848,2nd Era
473,51.96235679,2nd Era
474,50.93207856,2nd Era
475,50.00409165,2nd Era
476,50.01963993,2nd Era
477,47.92144026,2nd Era
478,46.72094926,2nd Era
479,46.13175123,2nd Era
480,45.94680851,2nd Era
481,47.82324059,2nd Era
482,47.74795417,2nd Era
483,47.6202946,2nd Era
484,38.90589198,2nd Era
485,40.94680851,2nd Era
486,40.26104746,2nd Era
487,37.71849427,2nd Era
488,37.25368249,2nd Era
489,39.21440262,2nd Era
490,35.94189853,2nd Era
491,36.90343699,2nd Era
492,36.96644845,2nd Era
493,37.9091653,2nd Era
494,37.43617021,2nd Era
495,36.74713584,2nd Era
496,37.09328969,2nd Era
497,36.16448445,2nd Era
498,30.299509,2nd Era
499,34.64893617,2nd Era
500,34.62520458,2nd Era
501,34.07364975,2nd Era
502,37.62847791,2nd Era
503,42.80687398,2nd Era
504,43.21849427,2nd Era
505,40.80196399,2nd Era
506,39.48363339,2nd Era
507,41.22749591,2nd Era
508,41.04255319,2nd Era
509,40.64238953,2nd Era
510,40.03764321,2nd Era
511,40.0613748,2nd Era
512,41.10638298,2nd Era
513,38.19148936,2nd Era
514,37.76432079,2nd Era
515,35.99836334,2nd Era
516,36.00736498,2nd Era
517,36.66612111,2nd Era
518,36.73076923,2nd Era
519,37.65548282,2nd Era
520,36.89770867,2nd Era
521,35.99509002,2nd Era
522,35.80196399,2nd Era
523,35.29214403,2nd Era
524,35.14729951,2nd Era
525,36.31423895,2nd Era
526,35.92471358,2nd Era
527,37.03846154,2nd Era
528,37.24959083,2nd Era
529,35.86743044,2nd Era
530,36.2086743,2nd Era
531,35.91243863,2nd Era
532,36.50818331,2nd Era
533,36.54091653,2nd Era
534,36.57937807,2nd Era
535,36.88461538,2nd Era
536,36.57037643,2nd Era
537,36.64157119,2nd Era
538,40.00081833,2nd Era
539,40.36988543,2nd Era
540,43.22094926,2nd Era
541,42.80360065,2nd Era
542,43.12602291,2nd Era
543,46.81587561,2nd Era
544,47.86252046,2nd Era
545,46.86579378,2nd Era
546,47.5188216,2nd Era
547,46.85924714,2nd Era
548,50.78968903,2nd Era
549,51.26186579,2nd Era
550,51.34860884,2nd Era
551,54.29459902,2nd Era
552,54.85433715,2nd Era
553,52.63747954,2nd Era
554,54.20376432,2nd Era
555,53.12847791,2nd Era
556,53.67839607,2nd Era
557,53.73977087,2nd Era
558,53.09492635,2nd Era
559,53.07119476,2nd Era
560,50.95171849,2nd Era
561,46.79541735,2nd Era
562,48.36333879,2nd Era
563,46.34124386,2nd Era
564,47.81423895,2nd Era
565,48.20458265,2nd Era
566,49.65139116,2nd Era
567,49.75204583,2nd Era
568,48.50409165,2nd Era
569,48.52454992,2nd Era
570,48.4198036,2nd Era
571,49.09410802,2nd Era
572,48.17184943,2nd Era
573,46.95581015,2nd Era
574,45.85351882,2nd Era
575,47.24549918,2nd Era
576,49.08756137,2nd Era
577,48.34615385,2nd Era
578,49.09983633,2nd Era
579,52.05319149,2nd Era
580,52.74713584,2nd Era
581,53.19558101,2nd Era
582,52.98199673,2nd Era
583,51.47299509,2nd Era
584,51.61047463,2nd Era
585,51.70540098,2nd Era
586,51.05400982,2nd Era
587,51.10229133,2nd Era
588,50.80523732,2nd Era
589,50.47381342,2nd Era
590,51.85761047,2nd Era
591,52.06055646,2nd Era
592,51.5,2nd Era
593,50.72831424,2nd Era
594,51.04909984,2nd Era
595,50.48527005,2nd Era
596,51.23404255,2nd Era
597,51.70621931,2nd Era
598,51.49836334,2nd Era
599,51.30851064,2nd Era
600,50.9198036,2nd Era
601,50.73649755,2nd Era
602,50.74631751,2nd Era
603,49.42471358,2nd Era
604,49.31096563,2nd Era
605,48.69639935,2nd Era
606,48.42471358,2nd Era
607,48.27905074,2nd Era
608,47.82160393,2nd Era
609,45.99918167,2nd Era
610,47.62929624,2nd Era
611,49.00490998,2nd Era
612,48.34124386,2nd Era
613,47.85106383,2nd Era
614,48.13747954,2nd Era
615,47.48690671,2nd Era
616,47.62765957,2nd Era
617,47.900982,2nd Era
618,48.15875614,2nd Era
619,48.1710311,2nd Era
620,48.26432079,2nd Era
621,46.89361702,2nd Era
622,46.51554828,2nd Era
623,45.00654664,2nd Era
624,41.37806874,2nd Era
625,41.04500818,2nd Era
626,42.89934534,2nd Era
627,40.8396072,2nd Era
628,38.7888707,2nd Era
629,40.09819967,2nd Era
630,42.32405892,2nd Era
631,42.5589198,2nd Era
632,42.23649755,2nd Era
633,40.6685761,2nd Era
634,41.59001637,2nd Era
635,41.17266776,2nd Era
636,41.93780687,2nd Era
637,41.81587561,2nd Era
638,41.44026187,2nd Era
639,41.64157119,2nd Era
640,40.99836334,2nd Era
641,39.15384615,2nd Era
642,38.88625205,2nd Era
643,38.80196399,2nd Era
644,38.9091653,2nd Era
645,39.95417349,2nd Era
646,39.07774141,2nd Era
647,39.24468085,2nd Era
648,39.03191489,2nd Era
649,38.28477905,2nd Era
650,38.78396072,2nd Era
651,39.04828151,2nd Era
652,39.09656301,2nd Era
653,38.77086743,2nd Era
654,39.08592471,2nd Era
655,38.90998363,2nd Era
656,38.49590835,2nd Era
657,37.92307692,2nd Era
658,37.0400982,2nd Era
659,34.87643208,2nd Era
660,32.31669394,2nd Era
661,33.7299509,2nd Era
662,32.7512275,2nd Era
663,32.7299509,2nd Era
664,35.96972177,2nd Era
665,34.66530278,2nd Era
666,33.4787234,2nd Era
667,33.13829787,2nd Era
668,32.80196399,2nd Era
669,30.70621931,2nd Era
670,30.49099836,2nd Era
671,31.93207856,2nd Era
672,31.36252046,2nd Era
673,30.74140753,2nd Era
674,29.29459902,2nd Era
675,26.90671031,2nd Era
676,26.49672668,2nd Era
677,26.87152209,2nd Era
678,27.24959083,2nd Era
679,29.09574468,2nd Era
680,29.49099836,2nd Era
681,29.50163666,2nd Era
682,29.67348609,2nd Era
683,30.96890344,2nd Era
684,31.99263502,2nd Era
685,33.00900164,2nd Era
686,32.34697218,2nd Era
687,31.41816694,2nd Era
688,31.36743044,2nd Era
689,32.04828151,2nd Era
690,31.80196399,2nd Era
691,31.2405892,2nd Era
692,31.54991817,2nd Era
693,31.31833061,2nd Era
694,29.22667758,2nd Era
695,29.33469722,2nd Era
696,28.39607201,2nd Era
697,28.95335516,2nd Era
698,28.76022913,2nd Era
699,29.12684124,2nd Era
700,27.38788871,2nd Era
701,28.3207856,2nd Era
702,27.64157119,2nd Era
703,26.50081833,2nd Era
704,26.58101473,2nd Era
705,26.63666121,2nd Era
706,26.84369885,2nd Era
707,27.71194763,2nd Era
708,28.6391162,2nd Era
709,28.0106383,2nd Era
710,28.29541735,2nd Era
711,29.94189853,2nd Era
712,30.00327332,2nd Era
713,30.13666121,2nd Era
714,34.53273322,2nd Era
715,34.15139116,2nd Era
716,32.56873977,2nd Era
717,30.85106383,2nd Era
718,31.89443535,2nd Era
719,31.7512275,2nd Era
720,30.66448445,2nd Era
721,30.96317512,2nd Era
722,29.16202946,2nd Era
723,28.7086743,2nd Era
724,28.9304419,2nd Era
725,30.04255319,2nd Era
726,30.92798691,2nd Era
727,30.75286416,2nd Era
728,29.95908347,2nd Era
729,30.24795417,2nd Era
730,30.84206219,2nd Era
731,30.81423895,2nd Era
732,30.85761047,2nd Era
733,30.90180033,2nd Era
734,31.03027823,2nd Era
735,30.69558101,2nd Era
736,30.05973813,2nd Era
737,30.68248773,2nd Era
738,30.69312602,2nd Era
739,30.80032733,2nd Era
740,29.700491,2nd Era
741,28.77823241,2nd Era
742,28.40834697,2nd Era
743,28.56055646,2nd Era
744,28.82242226,2nd Era
745,28.72422259,2nd Era
746,29.29459902,2nd Era
747,28.41162029,2nd Era
748,27.04991817,2nd Era
749,26.2806874,2nd Era
750,25.50736498,2nd Era
751,26.0695581,2nd Era
752,27.12274959,2nd Era
753,26.31178396,2nd Era
754,27.1497545,2nd Era
755,27.54255319,2nd Era
756,26.42962357,2nd Era
757,26.1391162,2nd Era
758,27,2nd Era
759,25.88461538,2nd Era
760,25.95499182,2nd Era
761,25.62111293,2nd Era
762,25.5212766,2nd Era
763,26.26677578,2nd Era
764,25.72749591,2nd Era
765,25.85842881,2nd Era
766,23.61129296,2nd Era
767,21.60474632,2nd Era
768,22.65139116,2nd Era
769,22.99509002,2nd Era
770,24.54991817,2nd Era
771,23.64893617,2nd Era
772,23.64893617,2nd Era
773,23.64893617,2nd Era
774,23.64893617,2nd Era
775,23.64893617,2nd Era
776,21.27659574,2nd Era
777,9.819967267,2nd Era
778,17.34124386,2nd Era
779,16.32242226,2nd Era
780,15.05728314,2nd Era
781,15.05728314,2nd Era
782,18.45417349,2nd Era
783,17.0212766,2nd Era
784,18.45417349,2nd Era
785,18.9599018,2nd Era
786,19.17021277,2nd Era
787,20.25859247,2nd Era
788,20.68903437,2nd Era
789,22.27986907,2nd Era
790,21.51472995,2nd Era
791,19.24222586,2nd Era
792,19.27659574,2nd Era
793,18.88788871,2nd Era
794,18.67594108,2nd Era
795,18.63256956,2nd Era
796,18.56628478,2nd Era
797,18.73076923,2nd Era
798,18.53191489,2nd Era
799,17.83060556,2nd Era
800,18.27986907,2nd Era
801,18.73404255,2nd Era
802,18.30687398,2nd Era
803,18.101473,2nd Era
804,18.10310966,2nd Era
805,17.97708674,2nd Era
806,18.14566285,2nd Era
807,19.40752864,2nd Era
808,21.04582651,2nd Era
809,19.1096563,2nd Era
810,19.41816694,2nd Era
811,19.85351882,2nd Era
812,19.22340426,2nd Era
813,19.82815057,2nd Era
814,20.08183306,2nd Era
815,20.10556465,2nd Era
816,19.32160393,2nd Era
817,19.60556465,2nd Era
818,19.63747954,2nd Era
819,19.53109656,2nd Era
820,19.42553191,2nd Era
821,20.7913257,2nd Era
822,20.64566285,2nd Era
823,21.07446809,2nd Era
824,22.33633388,2nd Era
825,22.90016367,2nd Era
826,22.11620295,2nd Era
827,22.73977087,2nd Era
828,22.3101473,2nd Era
829,22.61702128,2nd Era
830,22.57201309,2nd Era
831,23.46726678,2nd Era
832,23.89934534,2nd Era
833,24.16284779,2nd Era
834,24.17594108,2nd Era
835,23.55400982,2nd Era
836,23.27250409,2nd Era
837,23.45335516,2nd Era
838,23.69394435,2nd Era
839,23.39198036,2nd Era
840,21.00900164,2nd Era
841,21.49836334,2nd Era
842,21.53764321,2nd Era
843,21.35188216,2nd Era
844,21.96153846,2nd Era
845,21.78477905,2nd Era
846,20.34779051,2nd Era
847,20.10065466,2nd Era
848,20.54828151,2nd Era
849,20.34533552,2nd Era
850,20.56710311,2nd Era
851,19.87152209,2nd Era
852,20.32569558,2nd Era
853,19.97790507,2nd Era
854,20.11783961,2nd Era
855,20.56873977,2nd Era
856,20.75695581,2nd Era
857,20.75040917,2nd Era
858,21.18085106,2nd Era
859,21.01718494,2nd Era
860,20.79541735,2nd Era
861,20.12274959,2nd Era
862,19.8797054,2nd Era
863,19.2405892,2nd Era
864,19.4091653,2nd Era
865,19.40507365,2nd Era
866,18.34206219,2nd Era
867,17.69967267,2nd Era
868,18.099018,2nd Era
869,18.71440262,2nd Era
870,18.28968903,2nd Era
871,18.31342062,2nd Era
872,18.30441899,2nd Era
873,18.32487725,2nd Era
874,19.15302782,2nd Era
875,19.11374795,2nd Era
876,19.20703764,2nd Era
877,18.94599018,2nd Era
878,18.56792144,2nd Era
879,17.95171849,2nd Era
880,18.57528642,2nd Era
881,18.36579378,2nd Era
882,18.54828151,2nd Era
883,19.40343699,2nd Era
884,19.14238953,2nd Era
885,19.21358429,2nd Era
886,19.62602291,2nd Era
887,19.44844517,2nd Era
888,19.21358429,2nd Era
889,18.76841244,2nd Era
890,19.41407529,2nd Era
891,20.00163666,2nd Era
892,19.86497545,2nd Era
893,19.64893617,2nd Era
894,19.77250409,2nd Era
895,19.80278232,2nd Era
896,19.41243863,2nd Era
897,19.4198036,2nd Era
898,19.43535188,2nd Era
899,19.39689034,2nd Era
900,19.39770867,2nd Era
901,19.15139116,2nd Era
902,19,2nd Era
903,19.17266776,2nd Era
904,19.23731588,2nd Era
905,19.601473,2nd Era
906,19.52291326,2nd Era
907,19.66121113,2nd Era
908,19.32978723,2nd Era
909,19.38952537,2nd Era
910,19.22340426,2nd Era
911,19.42389525,2nd Era
912,19.37888707,2nd Era
913,18.9893617,2nd Era
914,18.77986907,2nd Era
915,18.22176759,2nd Era
916,18.47545008,2nd Era
917,18.53682488,2nd Era
918,18.3289689,2nd Era
919,18.34615385,2nd Era
920,18.35106383,2nd Era
921,18.30605565,2nd Era
922,18.72749591,2nd Era
923,18.75695581,2nd Era
924,18.73240589,2nd Era
925,18.75531915,2nd Era
926,18.76513912,2nd Era
927,18.96481178,2nd Era
928,18.9893617,2nd Era
929,19.37643208,2nd Era
930,20.20294599,2nd Era
931,20.2487725,2nd Era
932,20.37479542,2nd Era
933,20.1497545,2nd Era
934,20.05237316,2nd Era
935,19.87479542,2nd Era
936,20.32324059,2nd Era
937,20.03600655,2nd Era
938,19.6497545,2nd Era
939,19.8207856,2nd Era
940,19.84779051,2nd Era
941,20.53436989,2nd Era
942,20.35924714,2nd Era
943,20.91898527,2nd Era
944,21.52454992,2nd Era
945,21.10392799,2nd Era
946,20.82324059,2nd Era
947,20.99918167,2nd Era
948,21.26923077,2nd Era
949,22.09574468,2nd Era
950,22.27986907,2nd Era
951,21.75859247,2nd Era
952,22.01145663,2nd Era
953,22.05482815,2nd Era
954,23.35761047,2nd Era
955,23.96726678,2nd Era
956,25.32324059,2nd Era
957,23.88052373,2nd Era
958,23.66366612,2nd Era
959,23.78805237,2nd Era
960,22.68576105,2nd Era
961,22.81669394,2nd Era
962,22.74140753,2nd Era
963,22.56710311,2nd Era
964,22.799509,2nd Era
965,22.80196399,2nd Era
966,22.63256956,2nd Era
967,22.60474632,2nd Era
968,23.601473,2nd Era
969,23.60310966,2nd Era
970,23.89689034,2nd Era
971,24.15711948,2nd Era
972,24.16366612,2nd Era
973,23.85351882,2nd Era
974,23.56546645,2nd Era
975,23.34860884,2nd Era
976,23.08592471,2nd Era
977,23.08837971,2nd Era
978,23.26186579,2nd Era
979,23.34451718,2nd Era
980,23.10392799,2nd Era
981,22.79705401,2nd Era
982,22.82405892,2nd Era
983,21.99427169,2nd Era
984,21.69803601,2nd Era
985,21.58346972,2nd Era
986,21.9304419,2nd Era
987,22.03518822,2nd Era
988,21.73567921,2nd Era
989,21.77577741,2nd Era
990,21.54337152,2nd Era
991,21.05400982,2nd Era
992,21.04500818,2nd Era
993,20.5589198,2nd Era
994,18.50409165,2nd Era
995,19.23404255,2nd Era
996,19.16284779,2nd Era
997,18.9410802,2nd Era
998,18.71685761,2nd Era
999,20.54664484,2nd Era
1000,18.17757774,2nd Era
1001,18.54582651,2nd Era
1002,18.54255319,2nd Era
1003,19.09819967,2nd Era
1004,18.75613748,2nd Era
1005,18.69558101,2nd Era
1006,18.799509,2nd Era
1007,18.65630115,2nd Era
1008,18.7487725,2nd Era
1009,18.55564648,2nd Era
1010,18.93453355,2nd Era
1011,20.5613748,2nd Era
1012,19.68248773,2nd Era
1013,19.65302782,2nd Era
1014,19.90671031,2nd Era
1015,19.51636661,2nd Era
1016,19.61620295,2nd Era
1017,19.65220949,2nd Era
1018,19.28232406,2nd Era
1019,18.74713584,2nd Era
1020,18.87725041,2nd Era
1021,18.76104746,2nd Era
1022,18.6685761,2nd Era
1023,18.99590835,2nd Era
1024,19.11947627,2nd Era
1025,18.93780687,2nd Era
1026,18.799509,2nd Era
1027,18.57283142,2nd Era
1028,18.77168576,2nd Era
1029,18.75531915,2nd Era
1030,19.16121113,2nd Era
1031,19.19639935,2nd Era
1032,19.18739771,2nd Era
1033,19.00818331,2nd Era
1034,19.55728314,2nd Era
1035,19.41734861,2nd Era
1036,19.41162029,2nd Era
1037,19.44189853,2nd Era
1038,19.42798691,2nd Era
1039,19.61620295,2nd Era
1040,19.56792144,2nd Era
1041,19.63338789,2nd Era
1042,20.17512275,2nd Era
1043,19.95417349,2nd Era
1044,19.89934534,2nd Era
1045,20.06219313,2nd Era
1046,20.10883797,2nd Era
1047,20.3396072,2nd Era
1048,20.12193126,2nd Era
1049,20.37561375,2nd Era
1050,20.73895254,2nd Era
1051,20.799509,2nd Era
1052,21.47217676,2nd Era
1053,22.06219313,2nd Era
1054,21.5,2nd Era
1055,21.54991817,2nd Era
1056,22.04582651,2nd Era
1057,22.00736498,2nd Era
1058,22.52782324,2nd Era
1059,22.79541735,2nd Era
1060,22.85761047,2nd Era
1061,23.56382979,2nd Era
1062,23.37643208,2nd Era
1063,24.16612111,2nd Era
1064,24.72585925,2nd Era
1065,25.64157119,2nd Era
1066,26.71603928,2nd Era
1067,25.46726678,2nd Era
1068,26.76350245,2nd Era
1069,29.7086743,2nd Era
1070,32.64402619,2nd Era
1071,34.11947627,2nd Era
1072,33.26923077,2nd Era
1073,30.46808511,2nd Era
1074,31.50245499,2nd Era
1075,31.37888707,2nd Era
1076,31.1202946,2nd Era
1077,27.43617021,2nd Era
1078,25.53600655,2nd Era
1079,26.81669394,2nd Era
1080,27.38543372,2nd Era
1081,27.2299509,2nd Era
1082,26.40016367,2nd Era
1083,27.09819967,2nd Era
1084,27.43617021,2nd Era
1085,27.43617021,2nd Era
1086,26.81669394,2nd Era
1087,26.25695581,2nd Era
1088,26.54909984,2nd Era
1089,26.49918167,2nd Era
1090,26.5,2nd Era
1091,26.22667758,2nd Era
1092,26.79705401,2nd Era
1093,28.73649755,2nd Era
1094,29.35597381,2nd Era
1095,29.1096563,2nd Era
1096,29.7512275,2nd Era
1097,30.77659574,2nd Era
1098,29.66939444,2nd Era
1099,29.38707038,2nd Era
1100,29.62929624,2nd Era
1101,29.69476268,2nd Era
1102,31.45417349,2nd Era
1103,32.1685761,2nd Era
1104,32.2512275,2nd Era
1105,32.50081833,2nd Era
1106,34.101473,2nd Era
1107,34.09738134,2nd Era
1108,36.86743044,2nd Era
1109,34.99590835,2nd Era
1110,35.7512275,2nd Era
1111,36.16448445,2nd Era
1112,37.80523732,2nd Era
1113,37.33878887,2nd Era
1114,37.36252046,2nd Era
1115,37.79869067,2nd Era
1116,37.83715221,2nd Era
1117,36.12438625,2nd Era
1118,35.7299509,2nd Era
1119,35.7512275,2nd Era
1120,36.15139116,2nd Era
1121,37.27495908,2nd Era
1122,37.35433715,2nd Era
1123,34.16448445,2nd Era
1124,34.55319149,2nd Era
1125,34.44353519,2nd Era
1126,35.19230769,2nd Era
1127,34.95090016,2nd Era
1128,35.29869067,2nd Era
1129,35.48036007,2nd Era
1130,35.42471358,2nd Era
1131,35.09492635,2nd Era
1132,35.47545008,2nd Era
1133,35.35842881,2nd Era
1134,35.32733224,2nd Era
1135,37.3502455,2nd Era
1136,37.0106383,2nd Era
1137,36.97954173,2nd Era
1138,36.5908347,2nd Era
1139,36.62520458,2nd Era
1140,36.57692308,2nd Era
1141,35.27086743,2nd Era
1142,35.31751227,2nd Era
1143,31.74549918,2nd Era
1144,31.44353519,2nd Era
1145,31.47217676,2nd Era
1146,31.49345336,2nd Era
1147,31.1710311,2nd Era
1148,33.36661211,2nd Era
1149,33.37643208,2nd Era
1150,31.12929624,2nd Era
1151,31.85351882,2nd Era
1152,32.95171849,2nd Era
1153,32.17021277,2nd Era
1154,32.16612111,2nd Era
1155,32.29541735,2nd Era
1156,31.31914894,2nd Era
1157,30.90261866,2nd Era
1158,30.89443535,2nd Era
1159,30.99590835,2nd Era
1160,30.4787234,2nd Era
1161,30.63420622,2nd Era
1162,30.27741408,2nd Era
1163,31.73813421,2nd Era
1164,31.60065466,2nd Era
1165,30.77659574,2nd Era
1166,30.78477905,2nd Era
1167,30.50654664,2nd Era
1168,30.58837971,2nd Era
1169,31.11292962,2nd Era
1170,30.89443535,2nd Era
1171,31.34369885,2nd Era
1172,31.82324059,2nd Era
1173,32.87234043,2nd Era
1174,32.77495908,2nd Era
1175,33.26104746,2nd Era
1176,34.14157119,2nd Era
1177,34.40589198,2nd Era
1178,34.28641571,2nd Era
1179,35.98608838,2nd Era
1180,35.74222586,2nd Era
1181,35.75777414,2nd Era
1182,34.39607201,2nd Era
1183,34.57201309,2nd Era
1184,34.53273322,2nd Era
1185,34.7888707,2nd Era
1186,35.33060556,2nd Era
1187,35.21767594,2nd Era
1188,35.66612111,2nd Era
1189,35.45090016,2nd Era
1190,34.98363339,2nd Era
1191,34.48445172,2nd Era
1192,33.71522095,2nd Era
1193,32.8396072,2nd Era
1194,33.30932897,2nd Era
1195,33.74222586,2nd Era
1196,33.76104746,2nd Era
1197,33.77168576,2nd Era
1198,34.09656301,2nd Era
1199,34.24795417,2nd Era
1200,33.7193126,2nd Era
1201,33.78723404,2nd Era
1202,33.8690671,2nd Era
1203,34.11292962,2nd Era
1204,34.11947627,2nd Era
1205,34.25859247,2nd Era
1206,33.35188216,2nd Era
1207,33.36006547,2nd Era
1208,33.75613748,2nd Era
1209,33.73322422,2nd Era
1210,34.12929624,2nd Era
1211,34.1710311,2nd Era
1212,34.11374795,2nd Era
1213,34.13338789,2nd Era
1214,34.13829787,2nd Era
1215,34.86743044,2nd Era
1216,34.54746318,2nd Era
1217,34.05646481,2nd Era
1218,33.79705401,2nd Era
1219,34.1096563,2nd Era
1220,34.11947627,2nd Era
1221,34.22749591,2nd Era
1222,34.16284779,2nd Era
1223,34.19067103,2nd Era
1224,34.50818331,2nd Era
1225,34.51800327,2nd Era
1226,34.48608838,2nd Era
1227,34.24304419,2nd Era
1228,34.15548282,2nd Era
1229,34.50327332,2nd Era
1230,34.52618658,2nd Era
1231,34.90507365,2nd Era
1232,34.79050736,2nd Era
1233,34.86170213,2nd Era
1234,35.10801964,2nd Era
1235,35.3289689,2nd Era
1236,34.94599018,2nd Era
1237,34.93453355,2nd Era
1238,35.34206219,2nd Era
1239,36.14484452,2nd Era
1240,36.95090016,2nd Era
1241,36.56873977,2nd Era
1242,36.88952537,2nd Era
1243,37.55564648,2nd Era
1244,38.17594108,2nd Era
1245,38.28559738,2nd Era
1246,36.99099836,2nd Era
1247,36.64648118,2nd Era
1248,37.27823241,2nd Era
1249,36.79050736,2nd Era
1250,37.03027823,2nd Era
1251,36.3903437,2nd Era
1252,36.97708674,2nd Era
1253,36.57283142,2nd Era
1254,36.63829787,2nd Era
1255,37.64320786,2nd Era
1256,37.45826514,2nd Era
1257,37.43453355,2nd Era
1258,37.80278232,2nd Era
1259,37.02536825,2nd Era
1260,37.03109656,2nd Era
1261,37.03927987,2nd Era
1262,37.40343699,2nd Era
1263,37.41571195,2nd Era
1264,37.44517185,2nd Era
1265,37.3608838,2nd Era
1266,37.06382979,2nd Era
1267,37.09492635,2nd Era
1268,36.22749591,2nd Era
1269,36.16121113,2nd Era
1270,36.19639935,2nd Era
1271,35.84533552,2nd Era
1272,36.16448445,2nd Era
1273,36.54255319,2nd Era
1274,36.59410802,2nd Era
1275,37.05319149,2nd Era
1276,38.61783961,2nd Era
1277,42.80769231,2nd Era
1278,42.89689034,2nd Era
1279,43.08265139,2nd Era
1280,43.20130933,2nd Era
1281,43.95008183,2nd Era
1282,43.93289689,2nd Era
1283,46.62438625,2nd Era
1284,46.91816694,2nd Era
1285,46.99345336,2nd Era
1286,47.69803601,2nd Era
1287,47.10556465,2nd Era
1288,47.58428805,2nd Era
1289,47.08919804,2nd Era
1290,47.19230769,2nd Era
1291,47.85515548,2nd Era
1292,54.84533552,2nd Era
1293,57.20294599,2nd Era
1294,56.11865794,2nd Era
1295,56.57937807,2nd Era
1296,62.76513912,2nd Era
1297,61.08837971,2nd Era
1298,61.53191489,2nd Era
1299,62.34369885,2nd Era
1300,60.18248773,2nd Era
1301,54.52373159,2nd Era
1302,50.98772504,2nd Era
1303,50.95581015,2nd Era
1304,53.80196399,2nd Era
1305,54.11947627,2nd Era
1306,51.12929624,2nd Era
1307,52.88952537,2nd Era
1308,52.86661211,2nd Era
1309,51.83633388,2nd Era
1310,54.69967267,2nd Era
1311,55.33306056,2nd Era
1312,57.26841244,2nd Era
1313,54.21194763,2nd Era
1314,55.26677578,2nd Era
1315,54.75286416,2nd Era
1316,55.29705401,2nd Era
1317,52.2405892,2nd Era
1318,54.12111293,2nd Era
0,1,3rd Era
1,0.9906690977,3rd Era
2,0.9916650068,3rd Era
3,1.024974336,3rd Era
4,1.014310448,3rd Era
5,1.013835476,3rd Era
6,1.023151056,3rd Era
7,1.015934546,3rd Era
8,1.035622903,3rd Era
9,1.033600441,3rd Era
10,1.027624987,3rd Era
11,1.023794567,3rd Era
12,1.021312455,3rd Era
13,1.001287021,3rd Era
14,1.002068427,3rd Era
15,1.014800742,3rd Era
16,1.002420825,3rd Era
17,1.001654741,3rd Era
18,1.002344217,3rd Era
19,1.001976497,3rd Era
20,1.005408553,3rd Era
21,1.00173135,3rd Era
22,0.9662003769,3rd Era
23,0.9410115372,3rd Era
24,0.8533255703,3rd Era
25,0.8702407036,3rd Era
26,0.8811803821,3rd Era
27,0.8819311444,3rd Era
28,0.9013130679,3rd Era
29,0.9095254876,3rd Era
30,0.9037951798,3rd Era
31,0.8992752846,3rd Era
32,0.9124366066,3rd Era
33,0.9029065224,3rd Era
34,0.9009759909,3rd Era
35,0.8952303614,3rd Era
36,0.8716196546,3rd Era
37,0.8687238574,3rd Era
38,0.8838310325,3rd Era
39,0.8727994239,3rd Era
40,0.8784990884,3rd Era
41,0.8797707877,3rd Era
42,0.8851793402,3rd Era
43,0.8843672913,3rd Era
44,0.8932691866,3rd Era
45,0.8926716411,3rd Era
46,0.8830189836,3rd Era
47,0.8820690395,3rd Era
48,0.8836778157,3rd Era
49,0.8725849204,3rd Era
50,0.8739485498,3rd Era
51,0.880659445,3rd Era
52,0.8821762912,3rd Era
53,0.8739791932,3rd Era
54,0.8729066757,3rd Era
55,0.8739179064,3rd Era
56,0.9135550891,3rd Era
57,0.923621432,3rd Era
58,0.92533746,3rd Era
59,0.9332587678,3rd Era
60,0.9431565722,3rd Era
61,0.9558582438,3rd Era
62,0.9555671319,3rd Era
63,0.9563178942,3rd Era
64,0.923621432,3rd Era
65,0.9304549006,3rd Era
66,0.9334119846,3rd Era
67,0.9342546769,3rd Era
68,0.9303170055,3rd Era
69,0.932155607,3rd Era
70,0.9248165229,3rd Era
71,0.9336418098,3rd Era
72,0.9335958448,3rd Era
73,0.9340708168,3rd Era
74,0.9128656136,3rd Era
75,0.9130035087,3rd Era
76,0.9231158166,3rd Era
77,0.9233456417,3rd Era
78,0.9162057395,3rd Era
79,0.9246020194,3rd Era
80,0.9235141802,3rd Era
81,0.9239431872,3rd Era
82,0.9246633061,3rd Era
83,0.9267010894,3rd Era
84,0.9363537469,3rd Era
85,0.9328604042,3rd Era
86,0.9347909357,3rd Era
87,0.9330442643,3rd Era
88,0.9346070756,3rd Era
89,0.9346530406,3rd Era
90,0.9444742366,3rd Era
91,0.9463894464,3rd Era
92,0.9404906002,3rd Era
93,0.9462055863,3rd Era
94,0.9779674261,3rd Era
95,0.9750716288,3rd Era
96,0.9751942023,3rd Era
97,0.978258538,3rd Era
98,0.9786109366,3rd Era
99,0.9793004122,3rd Era
100,0.9779980695,3rd Era
101,0.9744894051,3rd Era
102,0.9582943907,3rd Era
103,0.9604394257,3rd Era
104,0.9664302021,3rd Era
105,1.000383042,3rd Era
106,0.9977477132,3rd Era
107,0.9922165872,3rd Era
108,1.002911119,3rd Era
109,1.026399252,3rd Era
110,1.042609588,3rd Era
111,1.049519665,3rd Era
112,1.094504114,3rd Era
113,1.070127323,3rd Era
114,1.073298911,3rd Era
115,1.109611289,3rd Era
116,1.117884995,3rd Era
117,1.051542127,3rd Era
118,1.069698316,3rd Era
119,1.074539967,3rd Era
120,1.086521519,3rd Era
121,1.084514379,3rd Era
122,1.085923974,3rd Era
123,1.100816645,3rd Era
124,1.090214044,3rd Era
125,1.09775231,3rd Era
126,1.075597162,3rd Era
127,1.072732009,3rd Era
128,1.083089463,3rd Era
129,1.090520477,3rd Era
130,1.131414038,3rd Era
131,1.13389615,3rd Era
132,1.142430325,3rd Era
133,1.149616192,3rd Era
134,1.110040296,3rd Era
135,1.125928877,3rd Era
136,1.147915486,3rd Era
137,1.135566213,3rd Era
138,1.124396709,3rd Era
139,1.124641856,3rd Era
140,1.121975884,3rd Era
141,1.12166945,3rd Era
142,1.122144422,3rd Era
143,1.123293548,3rd Era
144,1.136684695,3rd Era
145,1.151286255,3rd Era
146,1.176812172,3rd Era
147,1.167588521,3rd Era
148,1.165060444,3rd Era
149,1.151301577,3rd Era
150,1.161291311,3rd Era
151,1.175019535,3rd Era
152,1.176291234,3rd Era
153,1.176873458,3rd Era
154,1.181898969,3rd Era
155,1.176490416,3rd Era
156,1.189284018,3rd Era
157,1.189988815,3rd Era
158,1.189069514,3rd Era
159,1.189069514,3rd Era
160,1.190984724,3rd Era
161,1.204758913,3rd Era
162,1.204743592,3rd Era
163,1.207670032,3rd Era
164,1.216096956,3rd Era
165,1.26278211,3rd Era
166,1.319656182,3rd Era
167,1.39503884,3rd Era
168,1.367214672,3rd Era
169,1.364609987,3rd Era
170,1.379855057,3rd Era
171,1.428118345,3rd Era
172,1.482617556,3rd Era
173,1.479936262,3rd Era
174,1.464369436,3rd Era
175,1.478036374,3rd Era
176,1.530926808,3rd Era
177,1.551427214,3rd Era
178,1.569598725,3rd Era
179,1.7081067,3rd Era
180,1.4835675,3rd Era
181,1.364303553,3rd Era
182,1.371290239,3rd Era
183,1.394824337,3rd Era
184,1.369083917,3rd Era
185,1.386565952,3rd Era
186,1.206689445,3rd Era
187,1.250432837,3rd Era
188,1.263318369,3rd Era
189,1.264038488,3rd Era
190,1.250478802,3rd Era
191,1.273966936,3rd Era
192,1.382444421,3rd Era
193,1.336203594,3rd Era
194,1.382229917,3rd Era
195,1.370493511,3rd Era
196,1.413578072,3rd Era
197,1.409778295,3rd Era
198,1.412306372,3rd Era
199,1.383133896,3rd Era
200,1.36692356,3rd Era
201,1.397919316,3rd Era
202,1.410988708,3rd Era
203,1.400830435,3rd Era
204,1.398087855,3rd Era
205,1.409609757,3rd Era
206,1.466039499,3rd Era
207,1.496667535,3rd Era
208,1.535875711,3rd Era
209,1.549772473,3rd Era
210,1.581304488,3rd Era
211,1.549420074,3rd Era
212,1.567560942,3rd Era
213,1.604945838,3rd Era
214,1.619486111,3rd Era
215,1.496131276,3rd Era
216,1.528490661,3rd Era
217,1.550875634,3rd Era
218,1.533531494,3rd Era
219,1.532183186,3rd Era
220,1.548822529,3rd Era
221,1.550155515,3rd Era
222,1.585134907,3rd Era
223,1.621677111,3rd Era
224,1.623868111,3rd Era
225,1.606631223,3rd Era
226,1.624649517,3rd Era
227,1.70335698,3rd Era
228,1.737554967,3rd Era
229,1.702468322,3rd Era
230,1.805154213,3rd Era
231,1.760522163,3rd Era
232,1.800894786,3rd Era
233,1.820797647,3rd Era
234,1.823708766,3rd Era
235,1.867130403,3rd Era
236,1.925444712,3rd Era
237,1.957313803,3rd Era
238,1.928769516,3rd Era
239,1.939418083,3rd Era
240,1.952135076,3rd Era
241,1.904469334,3rd Era
242,1.782830527,3rd Era
243,1.835307276,3rd Era
244,1.911057655,3rd Era
245,1.799408583,3rd Era
246,1.881946466,3rd Era
247,1.904591907,3rd Era
248,1.908069928,3rd Era
249,1.912314033,3rd Era
250,1.801185898,3rd Era
251,1.696094504,3rd Era
252,1.476412276,3rd Era
253,1.584629292,3rd Era
254,1.59547704,3rd Era
255,1.699082231,3rd Era
256,1.551672361,3rd Era
257,1.577045061,3rd Era
258,1.434277659,3rd Era
259,1.455329646,3rd Era
260,1.466024178,3rd Era
261,1.571988907,3rd Era
262,1.591554691,3rd Era
263,1.587126726,3rd Era
264,1.573444467,3rd Era
265,1.6420243,3rd Era
266,1.643433895,3rd Era
267,1.663306112,3rd Era
268,1.757197359,3rd Era
269,1.738857309,3rd Era
270,1.723413057,3rd Era
271,1.822161276,3rd Era
272,1.821992738,3rd Era
273,1.803913157,3rd Era
274,1.855010955,3rd Era
275,1.844822039,3rd Era
276,1.869597193,3rd Era
277,1.863683025,3rd Era
278,1.797937702,3rd Era
279,1.801875373,3rd Era
280,1.805077604,3rd Era
281,1.800343206,3rd Era
282,1.813565814,3rd Era
283,1.842784255,3rd Era
284,1.842692325,3rd Era
285,1.885930103,3rd Era
286,1.906997411,3rd Era
287,1.906108753,3rd Era
288,1.907119984,3rd Era
289,1.91629767,3rd Era
290,1.950510978,3rd Era
291,1.987788622,3rd Era
292,2.039667826,3rd Era
293,2.030903826,3rd Era
294,2.043023274,3rd Era
295,2.063155959,3rd Era
296,2.150290346,3rd Era
297,2.197833515,3rd Era
298,2.189697703,3rd Era
299,2.347189238,3rd Era
300,2.33251107,3rd Era
301,2.372286148,3rd Era
302,2.348414972,3rd Era
303,2.50273492,3rd Era
304,2.635880307,3rd Era
305,2.696661406,3rd Era
306,2.814638332,3rd Era
307,2.618704705,3rd Era
308,2.713408001,3rd Era
309,2.727825701,3rd Era
310,2.651263272,3rd Era
311,2.645318461,3rd Era
312,2.73403098,3rd Era
313,2.879280494,3rd Era
314,2.993993902,3rd Era
315,3.056674889,3rd Era
316,3.08561754,3rd Era
317,3.269109964,3rd Era
318,3.430876247,3rd Era
319,3.758285198,3rd Era
320,3.848192808,3rd Era
321,3.847135612,3rd Era
322,3.848866962,3rd Era
323,3.846461458,3rd Era
324,3.528138263,3rd Era
325,3.84830006,3rd Era
326,3.5186235,3rd Era
327,3.671258063,3rd Era
328,3.719766498,3rd Era
329,3.920970782,3rd Era
330,3.848284738,3rd Era
331,4.075336694,3rd Era
332,4.373925567,3rd Era
333,4.129238359,3rd Era
334,4.255872033,3rd Era
335,4.323256776,3rd Era
336,4.388894847,3rd Era
337,4.521733801,3rd Era
338,4.038595309,3rd Era
339,4.153170821,3rd Era
340,3.873427613,3rd Era
341,3.677739133,3rd Era
342,3.800787534,3rd Era
343,4.051465519,3rd Era
344,3.830082584,3rd Era
345,3.945623362,3rd Era
346,4.213890634,3rd Era
347,4.04965756,3rd Era
348,4.126740926,3rd Era
349,4.148421101,3rd Era
350,3.932906369,3rd Era
351,3.832181654,3rd Era
352,3.688969924,3rd Era
353,3.841619808,3rd Era
354,3.926210796,3rd Era
355,3.916818607,3rd Era
356,3.799316653,3rd Era
357,3.705057686,3rd Era
358,3.844852682,3rd Era
359,3.924264942,3rd Era
360,3.958784684,3rd Era
361,3.98357516,3rd Era
362,3.981077727,3rd Era
363,3.835506458,3rd Era
364,3.889346837,3rd Era
365,3.851303109,3rd Era
366,3.563424089,3rd Era
367,3.584184963,3rd Era
368,3.637397153,3rd Era
369,3.590114453,3rd Era
370,3.362924602,3rd Era
371,3.119325233,3rd Era
372,2.948473195,3rd Era
373,3.31553465,3rd Era
374,3.519435549,3rd Era
375,3.472336709,3rd Era
376,4.26497311,3rd Era
377,4.058344952,3rd Era
378,4.320115832,3rd Era
379,4.245759725,3rd Era
380,4.220785389,3rd Era
381,3.892089417,3rd Era
382,3.817809919,3rd Era
383,4.06333982,3rd Era
384,4.252792376,3rd Era
385,4.152665206,3rd Era
386,4.167236122,3rd Era
387,4.371857141,3rd Era
388,4.177011353,3rd Era
389,4.119355877,3rd Era
390,4.263854628,3rd Era
391,4.364441448,3rd Era
392,4.957788775,3rd Era
393,4.975577244,3rd Era
394,5.137634639,3rd Era
395,5.254125362,3rd Era
396,5.117854352,3rd Era
397,5.2489926,3rd Era
398,5.523511116,3rd Era
399,5.878207976,3rd Era
400,6.232184718,3rd Era
401,6.534052431,3rd Era
402,6.380728393,3rd Era
403,6.621600503,3rd Era
404,6.615517796,3rd Era
405,6.297072027,3rd Era
406,6.368317833,3rd Era
407,6.313420258,3rd Era
408,6.146046241,3rd Era
409,6.231449278,3rd Era
410,6.345703035,3rd Era
411,6.463113059,3rd Era
412,6.674077252,3rd Era
413,6.62696309,3rd Era
414,6.683683944,3rd Era
415,6.667504252,3rd Era
416,7.02290591,3rd Era
417,7.003677203,3rd Era
418,7.247966047,3rd Era
419,7.491458164,3rd Era
420,6.956486433,3rd Era
421,7.031118329,3rd Era
422,6.650298007,3rd Era
423,6.814592367,3rd Era
424,7.011598511,3rd Era
425,7.072716687,3rd Era
426,6.604761978,3rd Era
427,6.603199167,3rd Era
428,6.538710221,3rd Era
429,6.44624389,3rd Era
430,6.384129805,3rd Era
431,5.988999035,3rd Era
432,5.079718694,3rd Era
433,5.701135336,3rd Era
434,5.68190663,3rd Era
435,5.685997518,3rd Era
436,6.176934745,3rd Era
437,6.017190923,3rd Era
438,6.050776043,3rd Era
439,5.566764215,3rd Era
440,5.512203717,3rd Era
441,5.756538526,3rd Era
442,5.633153048,3rd Era
443,6.026583112,3rd Era
444,5.973416888,3rd Era
445,6.399252302,3rd Era
446,6.390610875,3rd Era
447,6.387898938,3rd Era
448,6.618091838,3rd Era
449,6.651539063,3rd Era
450,6.700675686,3rd Era
451,6.561003264,3rd Era
452,6.456049765,3rd Era
453,6.617570901,3rd Era
454,6.670476657,3rd Era
455,6.693980112,3rd Era
456,7.031118329,3rd Era
457,7.328098426,3rd Era
458,7.357255581,3rd Era
459,7.35432914,3rd Era
460,8.130969709,3rd Era
461,8.544609067,3rd Era
462,8.753305652,3rd Era
463,8.700016854,3rd Era
464,8.732498813,3rd Era
465,8.533332312,3rd Era
466,8.486432654,3rd Era
467,8.719551994,3rd Era
468,9.144161674,3rd Era
469,9.287526621,3rd Era
470,9.066128365,3rd Era
471,9.019397245,3rd Era
472,8.448082492,3rd Era
473,8.714235372,3rd Era
474,9.012854888,3rd Era
475,8.814883479,3rd Era
476,8.804556667,3rd Era
477,9.463204989,3rd Era
478,9.341014602,3rd Era
479,9.783949009,3rd Era
480,10.1515314,3rd Era
481,10.84370356,3rd Era
482,11.01973432,3rd Era
483,11.36877748,3rd Era
484,11.36215852,3rd Era
485,10.89673189,3rd Era
486,10.85294253,3rd Era
487,11.27958999,3rd Era
488,10.95881533,3rd Era
489,10.190617,3rd Era
490,9.774173778,3rd Era
491,9.506687913,3rd Era
492,9.915975914,3rd Era
493,10.1070066,3rd Era
494,11.08774725,3rd Era
495,11.96318201,3rd Era
496,11.83501616,3rd Era
497,11.91266643,3rd Era
498,12.29644384,3rd Era
499,12.63039515,3rd Era
500,12.41267409,3rd Era
501,12.60155975,3rd Era
502,12.46855225,3rd Era
503,12.61225428,3rd Era
504,13.34089203,3rd Era
505,14.29861952,3rd Era
506,14.76810639,3rd Era
507,15.17131169,3rd Era
508,15.07803331,3rd Era
509,15.07835506,3rd Era
510,16.59068136,3rd Era
511,16.80630334,3rd Era
512,17.01461688,3rd Era
513,17.58939433,3rd Era
514,18.00447393,3rd Era
515,20.45752065,3rd Era
516,25.12110255,3rd Era
517,24.11338042,3rd Era
518,21.90370325,3rd Era
519,23.40691314,3rd Era
520,26.10830895,3rd Era
521,26.36732192,3rd Era
522,25.1747131,3rd Era
523,25.25119892,3rd Era
524,26.96451499,3rd Era
525,29.70236107,3rd Era
526,29.63155959,3rd Era
527,28.78283053,3rd Era
528,26.8765992,3rd Era
529,25.60517566,3rd Era
530,23.56688679,3rd Era
531,21.97963749,3rd Era
532,24.22974857,3rd Era
533,21.88475033,3rd Era
534,21.8725696,3rd Era
535,24.16973356,3rd Era
536,23.28646943,3rd Era
537,21.51355202,3rd Era
538,22.12059693,3rd Era
539,20.14837514,3rd Era
540,21.38986011,3rd Era
541,20.69442444,3rd Era
542,22.73012395,3rd Era
543,22.89883096,3rd Era
544,22.85006205,3rd Era
545,25.81937273,3rd Era
546,25.7853586,3rd Era
547,25.02589364,3rd Era
548,22.81915823,3rd Era
549,21.96947922,3rd Era
550,22.10539783,3rd Era
551,20.43600901,3rd Era
552,20.98947401,3rd Era
553,21.84174238,3rd Era
554,20.69682994,3rd Era
555,21.17042303,3rd Era
556,16.95446397,3rd Era
557,17.03009178,3rd Era
558,17.07054101,3rd Era
559,17.40181102,3rd Era
560,19.66784133,3rd Era
561,17.35993687,3rd Era
562,16.16385003,3rd Era
563,16.97835047,3rd Era
564,17.06920802,3rd Era
565,17.17258339,3rd Era
566,16.65299462,3rd Era
567,17.57133007,3rd Era
568,17.98889178,3rd Era
569,17.06652673,3rd Era
570,15.52268375,3rd Era
571,15.31365008,3rd Era
572,13.93638439,3rd Era
573,10.97818193,3rd Era
574,13.98801845,3rd Era
575,12.71768275,3rd Era
576,10.98484686,3rd Era
577,11.74023626,3rd Era
578,11.77158441,3rd Era
579,12.61583955,3rd Era
580,13.07146031,3rd Era
581,13.05152681,3rd Era
582,12.72044065,3rd Era
583,13.65685569,3rd Era
584,13.06531632,3rd Era
585,14.47314876,3rd Era
586,15.47419063,3rd Era
587,15.6290162,3rd Era
588,16.96814623,3rd Era
589,16.04342164,3rd Era
590,17.04253298,3rd Era
591,17.38599905,3rd Era
592,16.02187936,3rd Era
593,15.16458547,3rd Era
594,15.5025817,3rd Era
595,14.80437281,3rd Era
596,14.71765211,3rd Era
597,15.77091026,3rd Era
598,16.37651493,3rd Era
599,16.12257343,3rd Era
600,16.77690104,3rd Era
601,16.89365223,3rd Era
602,17.48278609,3rd Era
603,17.5586284,3rd Era
604,17.75496039,3rd Era
605,16.38639741,3rd Era
606,15.2234054,3rd Era
607,14.29650513,3rd Era
608,14.15261924,3rd Era
609,13.48896073,3rd Era
610,14.59684067,3rd Era
611,14.00134831,3rd Era
612,14.01501525,3rd Era
613,12.59962922,3rd Era
614,12.66702928,3rd Era
615,13.03785987,3rd Era
616,12.12027518,3rd Era
617,12.56576831,3rd Era
618,13.04074034,3rd Era
619,13.66065546,3rd Era
620,13.59586008,3rd Era
621,13.34345075,3rd Era
622,13.34740374,3rd Era
623,13.2132318,3rd Era
624,13.1703311,3rd Era
625,12.52495135,3rd Era
626,12.14681232,3rd Era
627,12.1772565,3rd Era
628,10.96335054,3rd Era
629,10.45954311,3rd Era
630,10.61959336,3rd Era
631,10.42502337,3rd Era
632,10.74633429,3rd Era
633,11.37132088,3rd Era
634,10.36686227,3rd Era
635,10.41851165,3rd Era
636,10.12908514,3rd Era
637,10.59976711,3rd Era
638,10.73681953,3rd Era
639,10.28063187,3rd Era
640,10.4680926,3rd Era
641,10.61058422,3rd Era
642,12.03430524,3rd Era
643,12.16225658,3rd Era
644,12.31751115,3rd Era
645,12.75365805,3rd Era
646,12.31400248,3rd Era
647,12.06294146,3rd Era
648,12.50157047,3rd Era
649,12.68133973,3rd Era
650,13.50723949,3rd Era
651,13.50261235,3rd Era
652,13.507883,3rd Era
653,13.66059417,3rd Era
654,14.66614062,3rd Era
655,13.9669205,3rd Era
656,14.11742535,3rd Era
657,13.81895905,3rd Era
658,14.30428854,3rd Era
659,14.41137175,3rd Era
660,14.13254784,3rd Era
661,13.93056215,3rd Era
662,14.13161322,3rd Era
663,14.9315121,3rd Era
664,14.81891308,3rd Era
665,15.01221138,3rd Era
666,14.67426111,3rd Era
667,14.30081052,3rd Era
668,14.129269,3rd Era
669,14.262491,3rd Era
670,13.9392189,3rd Era
671,12.90266138,3rd Era
672,13.0163942,3rd Era
673,13.34918106,3rd Era
674,13.2846155,3rd Era
675,13.01691513,3rd Era
676,12.74187568,3rd Era
677,12.32518731,3rd Era
678,12.60611029,3rd Era
679,12.60148314,3rd Era
680,13.04800282,3rd Era
681,12.89017421,3rd Era
682,12.28329784,3rd Era
683,11.4998238,3rd Era
684,11.62460355,3rd Era
685,11.36465595,3rd Era
686,11.22987114,3rd Era
687,11.23557081,3rd Era
688,10.88950005,3rd Era
689,11.39476305,3rd Era
690,11.26786891,3rd Era
691,11.468016,3rd Era
692,11.4994714,3rd Era
693,11.68215178,3rd Era
694,11.76540978,3rd Era
695,11.48706084,3rd Era
696,11.63888336,3rd Era
697,11.74141603,3rd Era
698,11.75027196,3rd Era
699,11.67314263,3rd Era
700,11.63076287,3rd Era
701,10.29311903,3rd Era
702,10.39730645,3rd Era
703,10.00145556,3rd Era
704,9.658341888,3rd Era
705,10.1571851,3rd Era
706,9.839091731,3rd Era
707,9.943815404,3rd Era
708,9.904362082,3rd Era
709,10.24942161,3rd Era
710,10.32701059,3rd Era
711,10.3458869,3rd Era
712,10.26644399,3rd Era
713,9.315917692,3rd Era
714,9.458884275,3rd Era
715,9.435932401,3rd Era
716,9.55905741,3rd Era
717,9.395161414,3rd Era
718,9.43921124,3rd Era
719,9.06599047,3rd Era
720,9.558934837,3rd Era
721,9.727197512,3rd Era
722,9.780991925,3rd Era
723,10.14308916,3rd Era
724,10.11181761,3rd Era
725,10.22004995,3rd Era
726,10.00830435,3rd Era
727,10.11531095,3rd Era
728,10.36025863,3rd Era
729,10.26299661,3rd Era
730,10.24189866,3rd Era
731,9.756354666,3rd Era
732,9.777284079,3rd Era
733,9.446795471,3rd Era
734,9.519634731,3rd Era
735,9.564542571,3rd Era
736,9.754087058,3rd Era
737,10.23724087,3rd Era
738,11.22639312,3rd Era
739,11.26635206,3rd Era
740,11.46689751,3rd Era
741,11.22757289,3rd Era
742,11.365468,3rd Era
743,11.35586131,3rd Era
744,11.81666079,3rd Era
745,12.74852529,3rd Era
746,12.61220831,3rd Era
747,12.15306357,3rd Era
748,12.56789802,3rd Era
749,12.56587556,3rd Era
750,12.59324008,3rd Era
751,12.48375136,3rd Era
752,11.77611963,3rd Era
753,11.62359232,3rd Era
754,11.53909326,3rd Era
755,11.36298589,3rd Era
756,10.72802488,3rd Era
757,10.75299922,3rd Era
758,10.59903167,3rd Era
759,10.28610171,3rd Era
760,9.576095117,3rd Era
761,10.04933581,3rd Era
762,9.362878637,3rd Era
763,9.780639527,3rd Era
764,9.670124259,3rd Era
765,9.573950082,3rd Era
766,9.451008933,3rd Era
767,9.66949607,3rd Era
768,9.631222517,3rd Era
769,10.02172614,3rd Era
770,9.790935695,3rd Era
771,9.953835782,3rd Era
772,9.625109167,3rd Era
773,9.900133299,3rd Era
774,9.776671212,3rd Era
775,9.992844776,3rd Era
776,10.24231235,3rd Era
777,10.31406377,3rd Era
778,10.23835935,3rd Era
779,10.34708199,3rd Era
780,10.85833576,3rd Era
781,10.80403573,3rd Era
782,10.62768321,3rd Era
783,10.74380621,3rd Era
784,10.98590406,3rd Era
785,11.11967763,3rd Era
786,11.1042487,3rd Era
787,11.23501923,3rd Era
788,10.59415938,3rd Era
789,9.914459068,3rd Era
790,9.799822269,3rd Era
791,9.460401122,3rd Era
792,9.565094152,3rd Era
793,9.654664685,3rd Era
794,9.598771201,3rd Era
795,9.666018049,3rd Era
796,9.912130173,3rd Era
797,9.992523021,3rd Era
798,10.00585288,3rd Era
799,9.921660257,3rd Era
800,9.565124795,3rd Era
801,9.689199749,3rd Era
802,9.781620114,3rd Era
803,9.917615334,3rd Era
804,10.32540181,3rd Era
805,10.24612745,3rd Era
806,10.25109167,3rd Era
807,10.11570932,3rd Era
808,9.795930562,3rd Era
809,9.896272236,3rd Era
810,10.23861982,3rd Era
811,10.14049979,3rd Era
812,10.1126603,3rd Era
813,10.12746104,3rd Era
814,10.04654726,3rd Era
815,10.01231863,3rd Era
816,9.902600089,3rd Era
817,10.01824812,3rd Era
818,10.10662356,3rd Era
819,10.03121026,3rd Era
820,10.01572004,3rd Era
821,10.13961114,3rd Era
822,10.12599016,3rd Era
823,10.03320208,3rd Era
824,9.514486647,3rd Era
825,9.544394564,3rd Era
826,9.546125914,3rd Era
827,9.553878683,3rd Era
828,9.901665466,3rd Era
829,9.912635788,3rd Era
830,9.911149586,3rd Era
831,9.818744542,3rd Era
832,9.852850598,3rd Era
833,9.881226347,3rd Era
834,9.972206475,3rd Era
835,9.865705487,3rd Era
836,9.847150934,3rd Era
837,9.88243676,3rd Era
838,9.864816829,3rd Era
839,9.872247843,3rd Era
840,9.870547137,3rd Era
841,9.84830006,3rd Era
842,9.62851058,3rd Era
843,9.645364426,3rd Era
844,9.672024147,3rd Era
845,9.749030904,3rd Era
846,9.758867422,3rd Era
847,9.691023028,3rd Era
848,9.862120214,3rd Era
849,9.813627101,3rd Era
850,9.887355019,3rd Era
851,9.999463741,3rd Era
852,9.873688081,3rd Era
853,9.70737126,3rd Era
854,9.781635436,3rd Era
855,9.703740022,3rd Era
856,9.74798903,3rd Era
857,9.757702974,3rd Era
858,8.526483522,3rd Era
859,8.512127109,3rd Era
860,8.448036527,3rd Era
861,8.504604164,3rd Era
862,8.568112522,3rd Era
863,7.48877687,3rd Era
864,7.700016854,3rd Era
865,6.973493496,3rd Era
866,6.829255213,3rd Era
867,6.611932523,3rd Era
868,5.90607811,3rd Era
869,6.114452939,3rd Era
870,5.704383532,3rd Era
871,5.862825011,3rd Era
872,6.473393905,3rd Era
873,6.494583787,3rd Era
874,6.099652198,3rd Era
875,6.414221582,3rd Era
876,6.321402853,3rd Era
877,5.929382383,3rd Era
878,6.014433021,3rd Era
879,5.737447715,3rd Era
880,5.545773515,3rd Era
881,5.199748724,3rd Era
882,5.158686626,3rd Era
883,5.488577689,3rd Era
884,5.304457076,3rd Era
885,5.14540273,3rd Era
886,5.304824797,3rd Era
887,5.05357991,3rd Era
888,4.930546831,3rd Era
889,4.945087104,3rd Era
890,4.956639649,3rd Era
891,5.419737386,3rd Era
892,5.485467388,3rd Era
893,5.739899183,3rd Era
894,6.238558536,3rd Era
895,5.929290453,3rd Era
896,6.105857478,3rd Era
897,6.075551197,3rd Era
898,6.245652474,3rd Era
899,5.813259381,3rd Era
900,5.87358083,3rd Era
901,5.542984969,3rd Era
902,5.982410713,3rd Era
903,6.024468721,3rd Era
904,5.89175234,3rd Era
905,5.677877028,3rd Era
906,5.873442934,3rd Era
907,5.993733433,3rd Era
908,5.824689353,3rd Era
909,5.890020991,3rd Era
910,5.88107313,3rd Era
911,6.214610753,3rd Era
912,6.162731549,3rd Era
913,6.152511989,3rd Era
914,6.161934822,3rd Era
915,5.572264697,3rd Era
916,5.570441418,3rd Era
917,5.566411816,3rd Era
918,5.38216863,3rd Era
919,5.630808831,3rd Era
920,5.499946374,3rd Era
921,5.521795088,3rd Era
922,5.57319932,3rd Era
923,5.558705012,3rd Era
924,5.676038427,3rd Era
925,5.438276618,3rd Era
926,5.427765946,3rd Era
927,5.498077129,3rd Era
928,5.453797478,3rd Era
929,5.489006696,3rd Era
930,5.484088437,3rd Era
931,5.458700415,3rd Era
932,5.442612653,3rd Era
933,5.26414574,3rd Era
934,5.229288921,3rd Era
935,5.295616468,3rd Era
936,5.256530866,3rd Era
937,5.306847258,3rd Era
938,5.304732867,3rd Era
939,5.2489926,3rd Era
940,5.254799516,3rd Era
941,5.280294789,3rd Era
942,5.188272787,3rd Era
943,5.180918381,3rd Era
944,5.553357746,3rd Era
945,5.569246327,3rd Era
946,5.597468859,3rd Era
947,5.540533501,3rd Era
948,5.518853326,3rd Era
949,5.511192486,3rd Era
950,5.492637933,3rd Era
951,5.505554109,3rd Era
952,5.524598955,3rd Era
953,5.55220862,3rd Era
954,5.940153523,3rd Era
955,5.994545482,3rd Era
956,6.072440897,3rd Era
957,6.005730308,3rd Era
958,6.086215086,3rd Era
959,6.325095377,3rd Era
960,5.782799884,3rd Era
961,5.889132333,3rd Era
962,5.846721927,3rd Era
963,5.868601284,3rd Era
964,5.835445171,3rd Era
965,5.880873949,3rd Era
966,5.844301102,3rd Era
967,5.823494262,3rd Era
968,5.696860588,3rd Era
969,5.896410131,3rd Era
970,5.916741998,3rd Era
971,5.937349656,3rd Era
972,5.897758438,3rd Era
973,6.019673035,3rd Era
974,6.016072441,3rd Era
975,5.932661222,3rd Era
976,5.947523251,3rd Era
977,5.921261893,3rd Era
978,5.918932998,3rd Era
979,5.999846783,3rd Era
980,6.145295479,3rd Era
981,6.107558184,3rd Era
982,6.105980051,3rd Era
983,6.149631514,3rd Era
984,6.178911242,3rd Era
985,6.103007646,3rd Era
986,6.108201695,3rd Era
987,6.115663352,3rd Era
988,6.103007646,3rd Era
989,6.005010189,3rd Era
990,6.022538189,3rd Era
991,6.166439395,3rd Era
992,6.164355647,3rd Era
993,6.263226439,3rd Era
994,6.259074264,3rd Era
995,6.294344768,3rd Era
996,6.345595783,3rd Era
997,7.343634609,3rd Era
998,7.602754838,3rd Era
999,7.502290591,3rd Era
1000,7.685905588,3rd Era
1001,7.762559946,3rd Era
1002,7.947845006,3rd Era
1003,8.055372547,3rd Era
1004,7.954234146,3rd Era
1005,8.113778786,3rd Era
1006,7.721436561,3rd Era
1007,7.768581366,3rd Era
1008,7.768091072,3rd Era
1009,7.862825011,3rd Era
1010,7.72964898,3rd Era
1011,7.948718342,3rd Era
1012,7.976128825,3rd Era
1013,8.048692295,3rd Era
1014,8.080392848,3rd Era
1015,8.129575436,3rd Era
1016,8.099836058,3rd Era
1017,8.231250096,3rd Era
1018,8.513429451,3rd Era
1019,8.329722524,3rd Era
1020,7.877533823,3rd Era
1021,7.864755543,3rd Era
1022,7.979622167,3rd Era
1023,7.859607459,3rd Era
1024,7.877319319,3rd Era
1025,8.048125393,3rd Era
1026,8.135979898,3rd Era
1027,8.247245928,3rd Era
1028,8.690808525,3rd Era
1029,8.53066634,3rd Era
1030,8.794643541,3rd Era
1031,8.718341582,3rd Era
1032,9.014095944,3rd Era
1033,9.065178421,3rd Era
1034,9.441938499,3rd Era
1035,9.740481407,3rd Era
1036,11.24108661,3rd Era
1037,10.62020623,3rd Era
1038,11.92184412,3rd Era
1039,12.1549941,3rd Era
1040,12.56610538,3rd Era
1041,12.04283941,3rd Era
1042,11.11391668,3rd Era
1043,11.12533133,3rd Era
1044,12.60292338,3rd Era
1045,12.20269049,3rd Era
1046,12.19786416,3rd Era
1047,11.77284079,3rd Era
1048,12.09373803,3rd Era
1049,12.28374217,3rd Era
1050,12.31847641,3rd Era
1051,13.32206169,3rd Era
1052,13.48842447,3rd Era
1053,13.34718924,3rd Era
1054,13.24068825,3rd Era
1055,12.65857171,3rd Era
1056,13.05203242,3rd Era
1057,13.10722111,3rd Era
1058,13.35560084,3rd Era
1059,12.96333522,3rd Era
1060,11.73478174,3rd Era
1061,11.9025388,3rd Era
1062,11.88042962,3rd Era
1063,12.30597392,3rd Era
1064,12.16464676,3rd Era
1065,11.64695788,3rd Era
1066,12.18831875,3rd Era
1067,12.16173564,3rd Era
1068,12.45405795,3rd Era
1069,12.55142721,3rd Era
1070,13.32086659,3rd Era
1071,13.51220372,3rd Era
1072,13.83069545,3rd Era
1073,14.30004443,3rd Era
1074,13.81943402,3rd Era
1075,14.2426341,3rd Era
1076,14.61531861,3rd Era
1077,15.14560191,3rd Era
1078,16.35926272,3rd Era
1079,16.52838341,3rd Era
1080,16.81186511,3rd Era
1081,17.37584078,3rd Era
1082,19.45355233,3rd Era
1083,16.97093478,3rd Era
1084,18.888259,3rd Era
1085,18.36606555,3rd Era
1086,16.79591524,3rd Era
1087,16.12736911,3rd Era
1088,16.43948703,3rd Era
1089,18.230055,3rd Era
1090,17.13604118,3rd Era
1091,16.82419906,3rd Era
1092,17.17304304,3rd Era
1093,17.56728515,3rd Era
1094,18.88145617,3rd Era
1095,19.26285872,3rd Era
1096,18.56631989,3rd Era
1097,17.27644905,3rd Era
1098,18.0903979,3rd Era
1099,17.3704169,3rd Era
1100,16.15669481,3rd Era
1101,16.7083212,3rd Era
1102,14.53538542,3rd Era
1103,14.82580784,3rd Era
1104,16.2769087,3rd Era
1105,16.10118437,3rd Era
1106,16.82568526,3rd Era
1107,16.21116338,3rd Era
1108,15.81862197,3rd Era
1109,15.14814531,3rd Era
1110,14.9686212,3rd Era
1111,15.16070909,3rd Era
1112,15.01213477,3rd Era
1113,14.46847565,3rd Era
1114,14.62158518,3rd Era
1115,14.57885302,3rd Era
1116,14.65631943,3rd Era
1117,15.34665298,3rd Era
1118,15.89587387,3rd Era
1119,16.06433573,3rd Era
1120,16.58858229,3rd Era
1121,16.81410207,3rd Era
1122,18.01722157,3rd Era
1123,17.38388466,3rd Era
1124,18.2663827,3rd Era
1125,18.14126588,3rd Era
1126,18.18801232,3rd Era
1127,17.33605038,3rd Era
1128,17.60663122,3rd Era
1129,17.43718878,3rd Era
1130,16.6155178,3rd Era
1131,15.39750563,3rd Era
1132,15.83544517,3rd Era
1133,15.89323854,3rd Era
1134,15.65196807,3rd Era
1135,15.86097109,3rd Era
1136,16.57793372,3rd Era
1137,16.51787274,3rd Era
1138,15.47576877,3rd Era
1139,15.50245913,3rd Era
1140,15.92587372,3rd Era
1141,15.49769409,3rd Era
1142,15.4584093,3rd Era
1143,15.84273829,3rd Era
1144,15.51865414,3rd Era
1145,14.88228354,3rd Era
1146,14.4978473,3rd Era
1147,14.65887815,3rd Era
1148,14.71670216,3rd Era
1149,14.97075092,3rd Era
1150,15.88940812,3rd Era
1151,16.26953897,3rd Era
1152,16.22201112,3rd Era
1153,16.21298665,3rd Era
1154,15.86199764,3rd Era
1155,16.05800788,3rd Era
1156,15.92519956,3rd Era
1157,15.84250847,3rd Era
1158,15.46895062,3rd Era
1159,15.48975746,3rd Era
1160,15.89785037,3rd Era
1161,15.80944428,3rd Era
1162,15.86700783,3rd Era
1163,15.80129315,3rd Era
1164,15.71238145,3rd Era
1165,15.66306096,3rd Era
1166,15.55539553,3rd Era
1167,15.6816768,3rd Era
1168,15.52093707,3rd Era
1169,15.32959995,3rd Era
1170,15.34239355,3rd Era
1171,14.84580263,3rd Era
1172,13.34751099,3rd Era
1173,12.9110883,3rd Era
1174,12.43873627,3rd Era
1175,12.57964975,3rd Era
1176,12.54433328,3rd Era
1177,12.34626994,3rd Era
1178,12.62418987,3rd Era
1179,12.75203395,3rd Era
1180,12.74984295,3rd Era
1181,12.62956778,3rd Era
1182,12.51991052,3rd Era
1183,12.46075352,3rd Era
1184,12.04809475,3rd Era
1185,12.60623286,3rd Era
1186,12.56941487,3rd Era
1187,13.18651079,3rd Era
1188,13.15949867,3rd Era
1189,12.73986854,3rd Era
1190,12.75911257,3rd Era
1191,12.67859715,3rd Era
1192,12.74910751,3rd Era
1193,12.46360335,3rd Era
1194,12.25289963,3rd Era
1195,12.33220464,3rd Era
1196,12.18027487,3rd Era
1197,12.17164877,3rd Era
1198,12.59578347,3rd Era
1199,12.59895506,3rd Era
1200,12.31346622,3rd Era
1201,11.39335346,3rd Era
1202,11.44100388,3rd Era
1203,13.21111741,3rd Era
1204,14.12660303,3rd Era
1205,14.66165137,3rd Era
1206,14.46669833,3rd Era
1207,14.46482909,3rd Era
1208,14.05670553,3rd Era
1209,14.00137895,3rd Era
1210,14.13227205,3rd Era
1211,14.29068289,3rd Era
1212,14.12096465,3rd Era
1213,14.44327148,3rd Era
1214,14.30448772,3rd Era
1215,14.30436515,3rd Era
1216,14.12465718,3rd Era
1217,13.51209647,3rd Era
1218,13.49469104,3rd Era
1219,13.85154826,3rd Era
1220,13.34996246,3rd Era
1221,13.4319028,3rd Era
1222,13.38941578,3rd Era
1223,13.21609696,3rd Era
1224,12.99592443,3rd Era
1225,13.00321755,3rd Era
1226,13.05204774,3rd Era
1227,12.58528812,3rd Era
1228,12.45252578,3rd Era
1229,12.33608102,3rd Era
1230,11.63427153,3rd Era
1231,11.10098518,3rd Era
1232,11.21948305,3rd Era
1233,10.71441923,3rd Era
1234,10.9930746,3rd Era
1235,10.96145066,3rd Era
1236,11.50923131,3rd Era
1237,11.36447209,3rd Era
1238,11.8712979,3rd Era
1239,11.55931788,3rd Era
1240,11.34804725,3rd Era
1241,11.22706728,3rd Era
1242,11.22319089,3rd Era
1243,11.07211914,3rd Era
1244,11.35295019,3rd Era
1245,11.49800052,3rd Era
1246,11.50210673,3rd Era
1247,11.51460922,3rd Era
1248,11.23118881,3rd Era
1249,11.0956992,3rd Era
1250,10.9884781,3rd Era
1251,10.99045459,3rd Era
1252,11.09611289,3rd Era
1253,10.84834602,3rd Era
1254,10.8746227,3rd Era
1255,10.53949163,3rd Era
1256,10.13201158,3rd Era
1257,11.11489727,3rd Era
1258,10.96609313,3rd Era
1259,10.98196638,3rd Era
1260,10.96117487,3rd Era
1261,11.39958938,3rd Era
1262,11.21261893,3rd Era
1263,11.09297195,3rd Era
1264,10.99665987,3rd Era
1265,10.98809506,3rd Era
1266,11.09631207,3rd Era
1267,11.22149019,3rd Era
1268,11.35912483,3rd Era
1269,11.09963688,3rd Era
1270,10.97853433,3rd Era
1271,10.97603689,3rd Era
1272,10.62313267,3rd Era
1273,11.21955965,3rd Era
1274,11.23399268,3rd Era
1275,11.23333384,3rd Era
1276,11.8793571,3rd Era
1277,12.42776595,3rd Era
1278,12.3112599,3rd Era
1279,11.99013284,3rd Era
1280,12.35040679,3rd Era
1281,12.31731196,3rd Era
1282,12.46233165,3rd Era
1283,12.45168309,3rd Era
1284,13.47484946,3rd Era
1285,13.48961956,3rd Era
1286,13.34584093,3rd Era
1287,13.65541545,3rd Era
1288,13.64956257,3rd Era
1289,13.27750624,3rd Era
1290,13.26455943,3rd Era
1291,13.34067752,3rd Era
1292,13.20546371,3rd Era
1293,12.77852514,3rd Era
1294,12.90745706,3rd Era
1295,12.75883678,3rd Era
1296,13.11353364,3rd Era
1297,13.64674338,3rd Era
1298,13.96341183,3rd Era
1299,14.29400769,3rd Era
1300,14.601667,3rd Era
1301,14.32020776,3rd Era
1302,14.32439058,3rd Era
1303,14.33750594,3rd Era
1304,14.16815542,3rd Era
1305,13.99128196,3rd Era
1306,14.78105321,3rd Era
1307,14.9141986,3rd Era
1308,14.97412168,3rd Era
1309,15.14734858,3rd Era
1310,15.50570733,3rd Era
1311,15.12450396,3rd Era
1312,15.68389845,3rd Era
1313,15.85514885,3rd Era
1314,15.67285152,3rd Era
1315,15.85190065,3rd Era
1316,15.16882958,3rd Era
1317,15.12703204,3rd Era
1318,14.80015935,3rd Era
1319,15.56979791,3rd Era
1320,14.79225336,3rd Era
1321,14.73259074,3rd Era
1322,14.81117563,3rd Era
1323,14.80497035,3rd Era
1324,15.25996292,3rd Era
1325,14.78310632,3rd Era
1326,14.32268987,3rd Era
1327,13.49199442,3rd Era
1328,13.43003355,3rd Era
1329,13.37317481,3rd Era
1330,13.19588766,3rd Era
1331,13.06278824,3rd Era
1332,13.6435105,3rd Era
1333,13.3957896,3rd Era
1334,13.36686227,3rd Era
1335,13.92587372,3rd Era
1336,13.98227282,3rd Era
1337,13.65141649,3rd Era
1338,12.58614614,3rd Era
1339,12.03493343,3rd Era
1340,12.16833928,3rd Era
1341,12.13023427,3rd Era
1342,8.517305836,3rd Era
1343,8.624051971,3rd Era
1344,8.081174253,3rd Era
1345,8.222961068,3rd Era
1346,7.67387807,3rd Era
1347,8.32439058,3rd Era
1348,8.211883494,3rd Era
1349,9.558888872,3rd Era
1350,9.507637857,3rd Era
1351,9.459650359,3rd Era
1352,9.034933427,3rd Era
1353,9.887829991,3rd Era
1354,10.35779184,3rd Era
1355,10.21269554,3rd Era
1356,10.33814945,3rd Era
1357,10.20858933,3rd Era
1358,9.544700997,3rd Era
1359,9.035668868,3rd Era
1360,9.901956578,3rd Era
1361,9.868187599,3rd Era
1362,10.21413578,3rd Era
1363,10.42588138,3rd Era
1364,10.3455345,3rd Era
1365,10.48324574,3rd Era
1366,10.37334334,3rd Era
1367,11.10653163,3rd Era
1368,10.97727795,3rd Era
1369,11.26508036,3rd Era
1370,11.21575988,3rd Era
1371,10.48750517,3rd Era
1372,10.50284217,3rd Era
1373,10.73367858,3rd Era
1374,10.48912927,3rd Era
1375,10.53677969,3rd Era
1376,10.14267547,3rd Era
1377,10.93831492,3rd Era
1378,10.84728883,3rd Era
1379,11.10162869,3rd Era
1380,10.98188978,3rd Era
1381,10.49125898,3rd Era
1382,10.58905726,3rd Era
1383,10.88805982,3rd Era
1384,11.54129958,3rd Era
1385,11.49554905,3rd Era
1386,11.51298512,3rd Era
1387,11.71867866,3rd Era
1388,11.8857156,3rd Era
1389,11.88738566,3rd Era
1390,13.37815435,3rd Era
1391,13.33353762,3rd Era
1392,13.55660594,3rd Era
1393,13.67922534,3rd Era
1394,13.64855134,3rd Era
1395,13.64036956,3rd Era
1396,13.72886757,3rd Era
1397,14.26434492,3rd Era
1398,15.16084698,3rd Era
1399,15.17419216,3rd Era
1400,14.65854107,3rd Era
1401,13.35950787,3rd Era
0,1,4th Era
1,1.02509872,4th Era
2,1.084593793,4th Era
3,1.136572621,4th Era
4,1.089429817,4th Era
5,1.095113511,4th Era
6,1.133643564,4th Era
7,1.127293594,4th Era
8,1.126974991,4th Era
9,1.109940186,4th Era
10,1.057382291,4th Era
11,1.069302003,4th Era
12,1.071245017,4th Era
13,1.049071865,4th Era
14,1.035770764,4th Era
15,1.025431277,4th Era
16,1.060179953,4th Era
17,1.109180888,4th Era
18,1.097065828,4th Era
19,1.123928493,4th Era
20,1.097948382,4th Era
21,1.187744476,4th Era
22,1.106557644,4th Era
23,1.116697132,4th Era
24,1.137541221,4th Era
25,1.123626169,4th Era
26,1.123583146,4th Era
27,1.134986581,4th Era
28,1.134488909,4th Era
29,1.135983088,4th Era
30,1.149457444,4th Era
31,1.081769387,4th Era
32,1.097394896,4th Era
33,1.098048381,4th Era
34,1.08622518,4th Era
35,1.097787917,4th Era
36,1.10587974,4th Era
37,1.097637918,4th Era
38,1.086929828,4th Era
39,1.083435658,4th Era
40,1.085584486,4th Era
41,1.081878689,4th Era
42,1.12322152,4th Era
43,1.119257585,4th Era
44,1.078479868,4th Era
45,1.074482212,4th Era
46,1.062674127,4th Era
47,1.04803466,4th Era
48,1.060836926,4th Era
49,1.071226413,4th Era
50,1.06089274,4th Era
51,1.072756638,4th Era
52,1.062502035,4th Era
53,1.053790447,4th Era
54,1.060556695,4th Era
55,1.05396254,4th Era
56,1.084276352,4th Era
57,1.07370082,4th Era
58,1.097733266,4th Era
59,1.07380082,4th Era
60,1.075326394,4th Era
61,1.073115939,4th Era
62,1.080643811,4th Era
63,1.073147334,4th Era
64,1.074712443,4th Era
65,1.072292687,4th Era
66,1.060818322,4th Era
67,1.062056688,4th Era
68,1.062390407,4th Era
69,1.069590374,4th Era
70,1.063010172,4th Era
71,1.087133316,4th Era
72,1.110182046,4th Era
73,1.113892494,4th Era
74,1.110454137,4th Era
75,1.124042446,4th Era
76,1.150812089,4th Era
77,1.301563714,4th Era
78,1.275441742,4th Era
79,1.305760206,4th Era
80,1.291293994,4th Era
81,1.317492709,4th Era
82,1.358372752,4th Era
83,1.290352138,4th Era
84,1.304934628,4th Era
85,1.303752076,4th Era
86,1.353683239,4th Era
87,1.367092479,4th Era
88,1.350887903,4th Era
89,1.366245971,4th Era
90,1.355301836,4th Era
91,1.382095897,4th Era
92,1.320635718,4th Era
93,1.34829838,4th Era
94,1.366027367,4th Era
95,1.367141316,4th Era
96,1.382258687,4th Era
97,1.382101711,4th Era
98,1.432317757,4th Era
99,1.399057446,4th Era
100,1.36695527,4th Era
101,1.380920321,4th Era
102,1.361425063,4th Era
103,1.352868126,4th Era
104,1.352239059,4th Era
105,1.366666899,4th Era
106,1.320269441,4th Era
107,1.335189139,4th Era
108,1.318660146,4th Era
109,1.335650764,4th Era
110,1.335362394,4th Era
111,1.354979744,4th Era
112,1.353775099,4th Era
113,1.395776066,4th Era
114,1.322688034,4th Era
115,1.247139548,4th Era
116,1.218212939,4th Era
117,1.175027093,4th Era
118,1.189738652,4th Era
119,1.204321143,4th Era
120,1.175470114,4th Era
121,1.190743299,4th Era
122,1.203542077,4th Era
123,1.204069981,4th Era
124,1.215710625,4th Era
125,1.201910689,4th Era
126,1.239682606,4th Era
127,1.257098804,4th Era
128,1.276732434,4th Era
129,1.274870815,4th Era
130,1.272191757,4th Era
131,1.288876563,4th Era
132,1.262385989,4th Era
133,1.218833866,4th Era
134,1.219312933,4th Era
135,1.190314231,4th Era
136,1.244439561,4th Era
137,1.245220952,4th Era
138,1.246490714,4th Era
139,1.246438389,4th Era
140,1.261242971,4th Era
141,1.254867419,4th Era
142,1.248210473,4th Era
143,1.232559383,4th Era
144,1.229876838,4th Era
145,1.230888461,4th Era
146,1.239002377,4th Era
147,1.246661643,4th Era
148,1.231948921,4th Era
149,1.235461696,4th Era
150,1.262268548,4th Era
151,1.288488193,4th Era
152,1.318725262,4th Era
153,1.320155488,4th Era
154,1.351680922,4th Era
155,1.332286827,4th Era
156,1.321582225,4th Era
157,1.333951935,4th Era
158,1.320222929,4th Era
159,1.320008977,4th Era
160,1.334493793,4th Era
161,1.365183185,4th Era
162,1.383508681,4th Era
163,1.499783722,4th Era
164,1.520352231,4th Era
165,1.501572086,4th Era
166,1.517773173,4th Era
167,1.515013884,4th Era
168,1.51433598,4th Era
169,1.588571681,4th Era
170,1.538652146,4th Era
171,1.568350845,4th Era
172,1.581521714,4th Era
173,1.604384398,4th Era
174,1.601348366,4th Era
175,1.585451928,4th Era
176,1.617888987,4th Era
177,1.642090037,4th Era
178,1.815319464,4th Era
179,1.820067116,4th Era
180,1.722532686,4th Era
181,1.799981163,4th Era
182,1.780490556,4th Era
183,1.779401026,4th Era
184,1.826790341,4th Era
185,1.887835405,4th Era
186,1.892883056,4th Era
187,1.865093651,4th Era
188,1.860716927,4th Era
189,1.950418835,4th Era
190,2.049192794,4th Era
191,2.067006665,4th Era
192,2.069281073,4th Era
193,2.165562021,4th Era
194,2.16670969,4th Era
195,2.163182962,4th Era
196,2.140207487,4th Era
197,2.224671048,4th Era
198,2.18438984,4th Era
199,1.993296543,4th Era
200,1.975280348,4th Era
201,2.067012479,4th Era
202,2.114445979,4th Era
203,2.268298752,4th Era
204,2.19217585,4th Era
205,2.227289641,4th Era
206,2.265374347,4th Era
207,2.186653783,4th Era
208,2.215738531,4th Era
209,2.243005846,4th Era
210,2.220231534,4th Era
211,2.185223557,4th Era
212,2.163241101,4th Era
213,2.136280761,4th Era
214,2.097622802,4th Era
215,2.188723541,4th Era
216,2.218730378,4th Era
217,2.239264003,4th Era
218,2.264122027,4th Era
219,2.484193097,4th Era
220,2.64723885,4th Era
221,2.665527137,4th Era
222,2.780091721,4th Era
223,2.731266366,4th Era
224,2.690782834,4th Era
225,2.746663969,4th Era
226,2.723174543,4th Era
227,2.741967479,4th Era
228,2.85514486,4th Era
229,3.077138013,4th Era
230,3.075119418,4th Era
231,3.123621518,4th Era
232,3.155998112,4th Era
233,3.35068209,4th Era
234,3.3730878,4th Era
235,3.408220194,4th Era
236,3.719401305,4th Era
237,3.886567969,4th Era
238,3.646000484,4th Era
239,3.949367677,4th Era
240,4.220752462,4th Era
241,4.553123009,4th Era
242,4.741710504,4th Era
243,4.688579355,4th Era
244,4.47215013,4th Era
245,4.072834545,4th Era
246,3.902728359,4th Era
247,4.332832173,4th Era
248,4.523926633,4th Era
249,4.249338375,4th Era
250,4.180411952,4th Era
251,4.219840838,4th Era
252,4.224076865,4th Era
253,4.229803582,4th Era
254,4.074240352,4th Era
255,3.619654095,4th Era
256,3.893551658,4th Era
257,3.719819908,4th Era
258,3.727624523,4th Era
259,3.768666192,4th Era
260,3.797970707,4th Era
261,3.52538244,4th Era
262,3.895233045,4th Era
263,4.002608127,4th Era
264,3.986946572,4th Era
265,3.84616932,4th Era
266,3.912992265,4th Era
267,4.134841233,4th Era
268,4.361672736,4th Era
269,4.324957791,4th Era
270,4.417128292,4th Era
271,4.577061269,4th Era
272,4.514708071,4th Era
273,5.203338589,4th Era
274,5.431837526,4th Era
275,5.247388384,4th Era
276,5.560903205,4th Era
277,5.552050921,4th Era
278,5.498319775,4th Era
279,5.69557816,4th Era
280,5.619944791,4th Era
281,5.697732801,4th Era
282,6.059025307,4th Era
283,6.028181264,4th Era
284,6.468371077,4th Era
285,6.471079204,4th Era
286,6.687143316,4th Era
287,6.313118311,4th Era
288,5.631544737,4th Era
289,5.753246497,4th Era
290,5.600596044,4th Era
291,5.361075065,4th Era
292,5.447752569,4th Era
293,5.27094874,4th Era
294,5.739784931,4th Era
295,5.576111274,4th Era
296,5.905299278,4th Era
297,5.621614551,4th Era
298,5.69106539,4th Era
299,5.677517779,4th Era
300,5.93053637,4th Era
301,6.027464989,4th Era
302,6.340799578,4th Era
303,6.583889145,4th Era
304,6.703332775,4th Era
305,6.662757383,4th Era
306,7.097920475,4th Era
307,7.006270901,4th Era
308,6.54783815,4th Era
309,6.549296282,4th Era
310,6.819838047,4th Era
311,6.702575802,4th Era
312,6.775477788,4th Era
313,6.778163822,4th Era
314,6.693752587,4th Era
315,6.327284524,4th Era
316,6.337090293,4th Era
317,6.109327398,4th Era
318,6.065318301,4th Era
319,6.337479826,4th Era
320,6.528858005,4th Era
321,6.462925754,4th Era
322,6.699028144,4th Era
323,6.84221585,4th Era
324,6.844522816,4th Era
325,6.847535593,4th Era
326,6.862384361,4th Era
327,6.690772369,4th Era
328,6.769290608,4th Era
329,6.84452863,4th Era
330,6.765353417,4th Era
331,6.546023042,4th Era
332,6.707792057,4th Era
333,6.763363891,4th Era
334,6.900229534,4th Era
335,6.957702522,4th Era
336,6.968215264,4th Era
337,7.339886791,4th Era
338,7.329076376,4th Era
339,7.344818164,4th Era
340,7.185074721,4th Era
341,7.084890303,4th Era
342,6.549010237,4th Era
343,6.536289366,4th Era
344,6.559145074,4th Era
345,6.329891489,4th Era
346,6.033470775,4th Era
347,5.899244655,4th Era
348,5.845972809,4th Era
349,5.639860977,4th Era
350,6.244469793,4th Era
351,6.393502821,4th Era
352,6.364219236,4th Era
353,6.206830433,4th Era
354,6.636534249,4th Era
355,6.700029302,4th Era
356,6.560505533,4th Era
357,6.671653853,4th Era
358,6.262769708,4th Era
359,6.656538807,4th Era
360,6.561629946,4th Era
361,6.677745685,4th Era
362,6.843154218,4th Era
363,6.769926652,4th Era
364,6.482315199,4th Era
365,6.556184622,4th Era
366,6.09179841,4th Era
367,5.731329157,4th Era
368,5.832733336,4th Era
369,5.623804075,4th Era
370,5.325026395,4th Era
371,5.022770824,4th Era
372,4.976750108,4th Era
373,4.563647378,4th Era
374,4.772406873,4th Era
375,4.31722178,4th Era
376,4.376350575,4th Era
377,3.994448863,4th Era
378,4.47281408,4th Era
379,4.444844443,4th Era
380,4.524949884,4th Era
381,4.516994107,4th Era
382,4.088439124,4th Era
383,4.027370803,4th Era
384,4.148995819,4th Era
385,4.312250873,4th Era
386,4.250103488,4th Era
387,4.372644778,4th Era
388,4.530657997,4th Era
389,4.289687025,4th Era
390,4.10576695,4th Era
391,4.157474849,4th Era
392,3.9469642,4th Era
393,3.896360947,4th Era
394,4.328655448,4th Era
395,4.273228962,4th Era
396,4.322296175,4th Era
397,4.163000405,4th Era
398,4.522777801,4th Era
399,4.685277045,4th Era
400,4.676535225,4th Era
401,4.463416449,4th Era
402,4.41110739,4th Era
403,4.127922661,4th Era
404,4.137757499,4th Era
405,4.131888921,4th Era
406,3.682039851,4th Era
407,3.772612686,4th Era
408,3.893421426,4th Era
409,4.032787057,4th Era
410,3.686336343,4th Era
411,3.671429435,4th Era
412,3.807941591,4th Era
413,3.99033958,4th Era
414,4.185049139,4th Era
415,4.037078897,4th Era
416,3.89136911,4th Era
417,3.899374887,4th Era
418,4.025924298,4th Era
419,4.131134274,4th Era
420,3.943733983,4th Era
421,3.95129325,4th Era
422,3.961785061,4th Era
423,3.805261371,4th Era
424,3.940729345,4th Era
425,3.899003958,4th Era
426,3.987144246,4th Era
427,3.849615816,4th Era
428,3.797148618,4th Era
429,3.810986926,4th Era
430,3.68332124,4th Era
431,3.666412017,4th Era
432,3.676672434,4th Era
433,3.678445682,4th Era
434,3.59411933,4th Era
435,3.450280464,4th Era
436,3.721225715,4th Era
437,3.759787164,4th Era
438,3.857276245,4th Era
439,3.971374552,4th Era
440,4.0534451,4th Era
441,4.357935544,4th Era
442,4.526891735,4th Era
443,4.631435435,4th Era
444,4.652064409,4th Era
445,4.815678764,4th Era
446,4.853290217,4th Era
447,4.682163106,4th Era
448,4.575405463,4th Era
449,4.470191999,4th Era
450,4.626780806,4th Era
451,4.754775559,4th Era
452,4.96269436,4th Era
453,5.140981902,4th Era
454,5.127384291,4th Era
455,5.370644788,4th Era
456,5.2789894,4th Era
457,5.318647355,4th Era
458,5.148924889,4th Era
459,5.543280031,4th Era
460,5.458511821,4th Era
461,5.472951289,4th Era
462,5.34214492,4th Era
463,5.19812466,4th Era
464,5.222068735,4th Era
465,5.427666616,4th Era
466,5.696218855,4th Era
467,5.709237399,4th Era
468,5.7419512,4th Era
469,5.76209413,4th Era
470,5.579610095,4th Era
471,5.694623513,4th Era
472,5.497194199,4th Era
473,5.695067697,4th Era
474,5.684824722,4th Era
475,5.700574648,4th Era
476,5.516384808,4th Era
477,5.469389677,4th Era
478,5.633359845,4th Era
479,5.756234855,4th Era
480,5.772435942,4th Era
481,5.787480058,4th Era
482,6.026998712,4th Era
483,6.104886721,4th Era
484,5.440766555,4th Era
485,5.404364398,4th Era
486,5.38729471,4th Era
487,5.199088609,4th Era
488,5.256305785,4th Era
489,5.372738964,4th Era
490,5.242577941,4th Era
491,5.44902233,4th Era
492,5.60024372,4th Era
493,5.561345064,4th Era
494,5.495786066,4th Era
495,5.58338217,4th Era
496,5.499595351,4th Era
497,4.97674662,4th Era
498,4.738517495,4th Era
499,5.068304333,4th Era
500,5.196107227,4th Era
501,4.966008298,4th Era
502,4.960703671,4th Era
503,5.020165022,4th Era
504,5.005746485,4th Era
505,4.824877559,4th Era
506,4.794439328,4th Era
507,5.080571718,4th Era
508,5.576439179,4th Era
509,5.589807722,4th Era
510,5.58155776,4th Era
511,5.712007153,4th Era
512,5.97057223,4th Era
513,6.411855061,4th Era
514,6.255770903,4th Era
515,6.282521942,4th Era
516,6.391676085,4th Era
517,6.385709834,4th Era
518,6.636897038,4th Era
519,6.527332431,4th Era
520,6.683660774,4th Era
521,6.684296817,4th Era
522,7.123452914,4th Era
523,7.082765894,4th Era
524,7.113576216,4th Era
525,7.177667778,4th Era
526,7.476401273,4th Era
527,7.683884028,4th Era
528,7.255689508,4th Era
529,7.068534565,4th Era
530,7.096229785,4th Era
531,7.086607737,4th Era
532,7.331192646,4th Era
533,7.011855759,4th Era
534,6.808768331,4th Era
535,7.030660323,4th Era
536,7.250083721,4th Era
537,7.170703857,4th Era
538,7.148448147,4th Era
539,7.0894647,4th Era
540,7.327812429,4th Era
541,7.329806606,4th Era
542,7.144735373,4th Era
543,7.088334473,4th Era
544,7.150451626,4th Era
545,7.329320561,4th Era
546,7.699810699,4th Era
547,7.82904033,4th Era
548,7.514698769,4th Era
549,7.577547314,4th Era
550,7.429624746,4th Era
551,7.496756992,4th Era
552,7.528604518,4th Era
553,7.424646862,4th Era
554,7.042650964,4th Era
555,6.982805894,4th Era
556,6.607792522,4th Era
557,6.736455877,4th Era
558,6.931213111,4th Era
559,6.86628318,4th Era
560,6.552812545,4th Era
561,6.691679341,4th Era
562,6.626398249,4th Era
563,6.850870461,4th Era
564,6.279897535,4th Era
565,6.3564309,4th Era
566,6.6474935,4th Era
567,6.76409412,4th Era
568,6.679279399,4th Era
569,6.622600593,4th Era
570,6.605047186,4th Era
571,6.238462844,4th Era
572,5.70293394,4th Era
573,5.717973405,4th Era
574,5.887278431,4th Era
575,5.872377338,4th Era
576,5.883854029,4th Era
577,5.574757792,4th Era
578,5.522771987,4th Era
579,5.70504207,4th Era
580,5.829310096,4th Era
581,5.438366566,4th Era
582,5.619032005,4th Era
583,5.688359589,4th Era
584,5.564698536,4th Era
585,5.386238901,4th Era
586,5.44081888,4th Era
587,5.44804559,4th Era
588,5.447222339,4th Era
589,5.698254892,4th Era
590,5.66157483,4th Era
591,5.896713271,4th Era
592,5.900142325,4th Era
593,5.892449337,4th Era
594,5.897707453,4th Era
595,5.903302775,4th Era
596,5.550011395,4th Era
597,5.495881415,4th Era
598,5.491475621,4th Era
599,5.381257529,4th Era
600,5.503720913,4th Era
601,5.500988367,4th Era
602,5.376792434,4th Era
603,5.371880828,4th Era
604,5.055657881,4th Era
605,5.017673174,4th Era
606,4.841285622,4th Era
607,4.855430905,4th Era
608,4.857605313,4th Era
609,4.849339073,4th Era
610,4.964069935,4th Era
611,5.100194883,4th Era
612,4.960509486,4th Era
613,5.017160385,4th Era
614,5.019383631,4th Era
615,5.018324333,4th Era
616,4.899826047,4th Era
617,4.942860731,4th Era
618,4.852356501,4th Era
619,4.743669797,4th Era
620,4.240529114,4th Era
621,4.075119418,4th Era
622,4.12864475,4th Era
623,4.261006926,4th Era
624,4.276183599,4th Era
625,4.273618495,4th Era
626,4.279061493,4th Era
627,4.380461021,4th Era
628,4.422356175,4th Era
629,4.41808759,4th Era
630,4.47220478,4th Era
631,4.506411598,4th Era
632,4.298183497,4th Era
633,4.303634634,4th Era
634,4.724687327,4th Era
635,4.843635611,4th Era
636,4.866861084,4th Era
637,5.109570421,4th Era
638,5.132874963,4th Era
639,5.173891052,4th Era
640,5.083822866,4th Era
641,4.923244543,4th Era
642,4.902758592,4th Era
643,4.906146948,4th Era
644,4.956488574,4th Era
645,5.134816815,4th Era
646,5.131851712,4th Era
647,4.735046581,4th Era
648,4.643076079,4th Era
649,4.649140004,4th Era
650,4.480139627,4th Era
651,4.35090767,4th Era
652,4.422785243,4th Era
653,4.345121651,4th Era
654,4.449721164,4th Era
655,4.56991014,4th Era
656,4.558048567,4th Era
657,4.371557574,4th Era
658,5.017620848,4th Era
659,5.102751848,4th Era
660,5.12631918,4th Era
661,4.944347933,4th Era
662,4.527988242,4th Era
663,4.575998484,4th Era
664,4.475417556,4th Era
665,4.435231697,4th Era
666,4.47912219,4th Era
667,4.871721527,4th Era
668,4.57945777,4th Era
669,4.521975479,4th Era
670,4.53068009,4th Era
671,4.383874959,4th Era
672,4.604275096,4th Era
673,4.578628704,4th Era
674,4.774803373,4th Era
675,4.74809652,4th Era
676,4.850982088,4th Era
677,4.899899303,4th Era
678,4.795661416,4th Era
679,4.785069604,4th Era
680,4.950093255,4th Era
681,4.950935112,4th Era
682,5.116370389,4th Era
683,5.141753992,4th Era
684,5.176158483,4th Era
685,5.43416426,4th Era
686,5.504725559,4th Era
687,5.501479063,4th Era
688,5.480510556,4th Era
689,5.314454351,4th Era
690,5.37575988,4th Era
691,5.369469212,4th Era
692,5.391326087,4th Era
693,5.433297985,4th Era
694,5.317557825,4th Era
695,5.065575276,4th Era
696,5.07166362,4th Era
697,4.906358575,4th Era
698,4.95713392,4th Era
699,4.905800438,4th Era
700,4.623093614,4th Era
701,4.641601667,4th Era
702,4.791775387,4th Era
703,4.630515672,4th Era
704,4.691672364,4th Era
705,4.691602597,4th Era
706,4.622684313,4th Era
707,4.739297724,4th Era
708,4.803620681,4th Era
709,4.81396947,4th Era
710,4.688471216,4th Era
711,4.624398259,4th Era
712,4.629464514,4th Era
713,4.586807736,4th Era
714,4.689693304,4th Era
715,4.432113106,4th Era
716,4.556869503,4th Era
717,4.627528477,4th Era
718,4.477845452,4th Era
719,4.383005195,4th Era
720,4.470508277,4th Era
721,4.477751266,4th Era
722,4.374911047,4th Era
723,4.611619248,4th Era
724,4.226245459,4th Era
725,4.179091027,4th Era
726,4.117356431,4th Era
727,3.971078041,4th Era
728,3.615244813,4th Era
729,3.596299552,4th Era
730,3.346627458,4th Era
731,3.375724997,4th Era
732,3.420488742,4th Era
733,3.491501202,4th Era
734,3.619927349,4th Era
735,3.481561714,4th Era
736,3.544209097,4th Era
737,3.362219245,4th Era
738,3.510555765,4th Era
739,3.394699327,4th Era
740,3.423085241,4th Era
741,3.513851098,4th Era
742,3.390853996,4th Era
743,3.43210613,4th Era
744,3.440567718,4th Era
745,3.424139888,4th Era
746,3.342228641,4th Era
747,3.361166925,4th Era
748,3.41037251,4th Era
749,3.677884056,4th Era
750,3.695245604,4th Era
751,3.467692011,4th Era
752,3.547897452,4th Era
753,3.440804926,4th Era
754,3.469159446,4th Era
755,3.475979181,4th Era
756,3.637009828,4th Era
757,3.632854033,4th Era
758,3.513379008,4th Era
759,3.491695387,4th Era
760,3.389880745,4th Era
761,3.296938154,4th Era
762,3.143022591,4th Era
763,2.600046046,4th Era
764,2.57240664,4th Era
765,2.611306459,4th Era
766,2.363443658,4th Era
767,2.378148241,4th Era
768,2.214396677,4th Era
769,2.379616839,4th Era
770,2.374166864,4th Era
771,2.42470035,4th Era
772,2.324195004,4th Era
773,2.454514165,4th Era
774,2.483484961,4th Era
775,2.487860522,4th Era
776,2.456814154,4th Era
777,2.412271338,4th Era
778,2.357084386,4th Era
779,2.342585616,4th Era
780,2.211294366,4th Era
781,2.245291882,4th Era
782,2.241634923,4th Era
783,2.240846554,4th Era
784,2.343748401,4th Era
785,2.358363449,4th Era
786,2.37997614,4th Era
787,2.514872024,4th Era
788,2.539998651,4th Era
789,2.513452263,4th Era
790,2.424351515,4th Era
791,2.32355896,4th Era
792,2.24710699,4th Era
793,2.312098548,4th Era
794,2.383756355,4th Era
795,2.42941777,4th Era
796,2.459128097,4th Era
797,2.429387538,4th Era
798,2.519044097,4th Era
799,2.725725694,4th Era
800,2.707683918,4th Era
801,2.691099111,4th Era
802,2.63540751,4th Era
803,2.606773922,4th Era
804,2.635901693,4th Era
805,2.516363877,4th Era
806,2.457032758,4th Era
807,2.655064395,4th Era
808,2.777721964,4th Era
809,2.787803313,4th Era
810,2.753326729,4th Era
811,2.709051353,4th Era
812,2.706209506,4th Era
813,2.68165962,4th Era
814,2.662425989,4th Era
815,2.631665667,4th Era
816,2.694281655,4th Era
817,2.675151511,4th Era
818,2.693785145,4th Era
819,2.765138302,4th Era
820,2.692699104,4th Era
821,2.782825429,4th Era
822,2.797936986,4th Era
823,2.823845005,4th Era
824,2.843385612,4th Era
825,2.822106641,4th Era
826,2.790330045,4th Era
827,2.77722778,4th Era
828,2.718059451,4th Era
829,2.70465835,4th Era
830,2.432785196,4th Era
831,2.456224622,4th Era
832,2.510702276,4th Era
833,2.461039716,4th Era
834,2.503359287,4th Era
835,2.495197697,4th Era
836,2.513155753,4th Era
837,2.351229762,4th Era
838,2.3240764,4th Era
839,2.293610262,4th Era
840,2.347575128,4th Era
841,2.302114874,4th Era
842,2.328396147,4th Era
843,2.332178688,4th Era
844,2.320004326,4th Era
845,2.295748624,4th Era
846,2.314012493,4th Era
847,2.295456765,4th Era
848,2.191609574,4th Era
849,2.241841898,4th Era
850,2.241584923,4th Era
851,2.483993098,4th Era
852,2.517180153,4th Era
853,2.5154383,4th Era
854,2.601033251,4th Era
855,2.346037925,4th Era
856,2.34945884,4th Era
857,2.293153288,4th Era
858,2.29271608,4th Era
859,2.343646076,4th Era
860,2.262961568,4th Era
861,2.268180148,4th Era
862,2.191304924,4th Era
863,2.14718885,4th Era
864,2.247062804,4th Era
865,2.241825619,4th Era
866,2.192235152,4th Era
867,2.188231683,4th Era
868,2.225946624,4th Era
869,2.216402482,4th Era
870,2.267131316,4th Era
871,2.267217362,4th Era
872,2.257774382,4th Era
873,2.242111665,4th Era
874,2.21289087,4th Era
875,2.274360352,4th Era
876,2.359915768,4th Era
877,2.34339724,4th Era
878,2.319725257,4th Era
879,2.268069683,4th Era
880,2.257338338,4th Era
881,2.259195306,4th Era
882,2.221030367,4th Era
883,2.214805978,4th Era
884,2.222838498,4th Era
885,2.247626755,4th Era
886,2.223416403,4th Era
887,2.215943182,4th Era
888,2.240201208,4th Era
889,2.268625495,4th Era
890,2.243544216,4th Era
891,2.219436189,4th Era
892,2.214416445,4th Era
893,2.226624527,4th Era
894,2.232289617,4th Era
895,2.26922898,4th Era
896,2.245379091,4th Era
897,2.337207734,4th Era
898,2.422202687,4th Era
899,2.351670457,4th Era
900,2.400938833,4th Era
901,2.412628313,4th Era
902,2.399528374,4th Era
903,2.375401742,4th Era
904,2.376006391,4th Era
905,2.345530951,4th Era
906,2.347334431,4th Era
907,2.45753043,4th Era
908,2.481139623,4th Era
909,2.451767666,4th Era
910,2.395893507,4th Era
911,2.156291134,4th Era
912,1.828943819,4th Era
913,2.061111344,4th Era
914,1.957128106,4th Era
915,1.951176971,4th Era
916,1.904701606,4th Era
917,1.909998093,4th Era
918,1.954230445,4th Era
919,1.930277068,4th Era
920,1.935832857,4th Era
921,1.931011949,4th Era
922,1.945688625,4th Era
923,1.886257506,4th Era
924,1.829219399,4th Era
925,1.872940126,4th Era
926,1.925777089,4th Era
927,1.928535216,4th Era
928,1.920215487,4th Era
929,1.909136469,4th Era
930,1.912017851,4th Era
931,1.885435417,4th Era
932,1.90924112,4th Era
933,1.993483751,4th Era
934,1.973637332,4th Era
935,1.976344296,4th Era
936,1.96853503,4th Era
937,1.992246548,4th Era
938,1.973644309,4th Era
939,1.976480342,4th Era
940,1.954172306,4th Era
941,1.998274427,4th Era
942,1.994729094,4th Era
943,1.995344208,4th Era
944,1.98946284,4th Era
945,1.996727922,4th Era
946,2.067399687,4th Era
947,2.068092707,4th Era
948,2.018868517,4th Era
949,1.933297985,4th Era
950,1.951082786,4th Era
951,1.951287436,4th Era
952,1.907850429,4th Era
953,1.960075767,4th Era
954,1.951711853,4th Era
955,1.950766508,4th Era
956,1.95161883,4th Era
957,1.952710685,4th Era
958,1.952719987,4th Era
959,1.953728122,4th Era
960,1.941261901,4th Era
961,1.921341064,4th Era
962,1.929675908,4th Era
963,1.929241027,4th Era
964,1.922907335,4th Era
965,1.929661955,4th Era
966,1.940668881,4th Era
967,1.930639857,4th Era
968,1.952781615,4th Era
969,1.952336268,4th Era
970,1.973354775,4th Era
971,1.973214078,4th Era
972,1.973158264,4th Era
973,1.997383733,4th Era
974,2.018962702,4th Era
975,2.04420212,4th Era
976,2.190809578,4th Era
977,2.303885796,4th Era
978,2.438725866,4th Era
979,2.427721266,4th Era
980,2.457728104,4th Era
981,2.466345505,4th Era
982,2.405334161,4th Era
983,2.450006046,4th Era
984,2.631204041,4th Era
985,2.676557318,4th Era
986,2.634094725,4th Era
987,2.663730634,4th Era
988,2.634770303,4th Era
989,2.689688653,4th Era
990,2.668252706,4th Era
991,2.681461947,4th Era
992,2.666416668,4th Era
993,2.758744145,4th Era
994,2.637898196,4th Era
995,2.686232855,4th Era
996,2.756948805,4th Era
997,2.729686141,4th Era
998,2.725569881,4th Era
999,2.722043153,4th Era
1000,2.664182957,4th Era
1001,2.660275999,4th Era
1002,2.696710713,4th Era
1003,2.663313194,4th Era
1004,2.542062595,4th Era
1005,2.515560393,4th Era
1006,2.540280045,4th Era
1007,2.53581495,4th Era
1008,2.537697499,4th Era
1009,2.575512439,4th Era
1010,2.820870601,4th Era
1011,2.773828959,4th Era
1012,2.85529951,4th Era
1013,2.85722392,4th Era
1014,2.835811229,4th Era
1015,2.884585421,4th Era
1016,2.824326398,4th Era
1017,2.801591621,4th Era
1018,2.77113246,4th Era
1019,2.692475849,4th Era
1020,2.685806113,4th Era
1021,2.728226845,4th Era
1022,2.725850112,4th Era
1023,2.694497933,4th Era
1024,2.732588453,4th Era
1025,2.725673369,4th Era
1026,2.598466984,4th Era
1027,2.599647211,4th Era
1028,2.60304487,4th Era
1029,2.603757657,4th Era
1030,2.572098502,4th Era
1031,2.541276552,4th Era
1032,2.369299445,4th Era
1033,2.34698327,4th Era
1034,2.383542402,4th Era
1035,2.544524212,4th Era
1036,2.813395054,4th Era
1037,2.873126172,4th Era
1038,2.837929824,4th Era
1039,2.910679485,4th Era
1040,3.201253715,4th Era
1041,3.154971372,4th Era
1042,3.277956847,4th Era
1043,3.240808182,4th Era
1044,3.27591267,4th Era
1045,3.169477119,4th Era
1046,3.291985851,4th Era
1047,3.197194432,4th Era
1048,3.199973488,4th Era
1049,3.258603448,4th Era
1050,3.160387626,4th Era
1051,3.164960861,4th Era
1052,3.302357896,4th Era
1053,3.247331408,4th Era
1054,3.315293882,4th Era
1055,3.31435784,4th Era
1056,3.273825471,4th Era
1057,3.237433779,4th Era
1058,3.274838257,4th Era
1059,3.276163832,4th Era
1060,3.255649974,4th Era
1061,3.241876782,4th Era
1062,3.243482588,4th Era
1063,3.30009279,4th Era
1064,3.432041014,4th Era
1065,3.511987154,4th Era
1066,3.472145478,4th Era
1067,3.516890619,4th Era
1068,3.545316068,4th Era
1069,3.517331315,4th Era
1070,3.518665029,4th Era
1071,3.430909624,4th Era
1072,3.51726271,4th Era
1073,3.357086711,4th Era
1074,3.280377766,4th Era
1075,3.167545732,4th Era
1076,3.23790587,4th Era
1077,3.203228125,4th Era
1078,3.197579314,4th Era
1079,3.279413817,4th Era
1080,3.292105618,4th Era
1081,3.429716606,4th Era
1082,3.414300399,4th Era
1083,3.394645839,4th Era
1084,3.419336422,4th Era
1085,3.273561518,4th Era
1086,3.322545011,4th Era
1087,3.386905177,4th Era
1088,3.35121232,4th Era
1089,3.432539849,4th Era
1090,3.353501844,4th Era
1091,3.351132088,4th Era
1092,3.206512993,4th Era
1093,3.203258357,4th Era
1094,3.205744392,4th Era
1095,3.131236599,4th Era
1096,3.102146037,4th Era
1097,3.128577309,4th Era
1098,3.128821494,4th Era
1099,3.168556193,4th Era
1100,3.133495891,4th Era
1101,3.174916628,4th Era
1102,3.130394742,4th Era
1103,3.128441263,4th Era
1104,3.150430696,4th Era
1105,3.11508086,4th Era
1106,3.128362194,4th Era
1107,3.165543416,4th Era
1108,3.060419486,4th Era
1109,3.070038046,4th Era
1110,3.098337915,4th Era
1111,3.12580174,4th Era
1112,3.270862694,4th Era
1113,3.229139632,4th Era
1114,3.225453603,4th Era
1115,3.163317845,4th Era
1116,3.125312208,4th Era
1117,3.166003879,4th Era
1118,3.146351645,4th Era
1119,3.163649239,4th Era
1120,2.991041902,4th Era
1121,3.159138795,4th Era
1122,3.058507867,4th Era
1123,3.092208873,4th Era
1124,3.075565928,4th Era
1125,3.001591853,4th Era
1126,3.018433635,4th Era
1127,3.016452249,4th Era
1128,2.998134892,4th Era
1129,2.918908517,4th Era
1130,2.971809433,4th Era
1131,3.058764843,4th Era
1132,3.091249576,4th Era
1133,3.059850884,4th Era
1134,3.102450686,4th Era
1135,3.278688239,4th Era
1136,3.499037214,4th Era
1137,3.47820359,4th Era
1138,3.558698564,4th Era
1139,3.551819526,4th Era
1140,3.547945126,4th Era
1141,3.512203432,4th Era
1142,3.554081144,4th Era
1143,3.508309264,4th Era
1144,3.546504435,4th Era
1145,3.54947884,4th Era
1146,3.552445105,4th Era
1147,3.552799754,4th Era
1148,3.610259952,4th Era
1149,3.586382156,4th Era
1150,3.547630011,4th Era
1151,3.508080195,4th Era
1152,3.516733643,4th Era
1153,3.511677853,4th Era
1154,3.510591811,4th Era
1155,3.519602234,4th Era
1156,3.551906735,4th Era
1157,3.526911503,4th Era
1158,3.636958665,4th Era
1159,3.511829015,4th Era
1160,3.514651095,4th Era
1161,3.515002256,4th Era
1162,3.509208097,4th Era
1163,3.467948986,4th Era
1164,3.470297813,4th Era
1165,3.470131534,4th Era
1166,3.470779206,4th Era
1167,3.469464096,4th Era
1168,3.487322152,4th Era
1169,3.392223757,4th Era
1170,3.392997009,4th Era
1171,3.428036381,4th Era
1172,3.393251659,4th Era
1173,3.397181874,4th Era
1174,3.413059707,4th Era
1175,3.393515612,4th Era
1176,3.393079567,4th Era
1177,3.402735336,4th Era
1178,3.391208646,4th Era
1179,3.393163288,4th Era
1180,3.374378491,4th Era
1181,3.373361054,4th Era
1182,3.380658695,4th Era
1183,3.389924931,4th Era
1184,3.46724899,4th Era
1185,3.432497988,4th Era
1186,3.429093353,4th Era
1187,3.415913182,4th Era
1188,3.426750341,4th Era
1189,3.397107455,4th Era
1190,3.426548016,4th Era
1191,3.392491198,4th Era
1192,3.352229757,4th Era
1193,3.095948391,4th Era
1194,3.024349887,4th Era
1195,3.025295231,4th Era
1196,3.043040497,4th Era
1197,3.028139404,4th Era
1198,3.021042925,4th Era
1199,3.068485728,4th Era
1200,3.026367319,4th Era
1201,3.024049888,4th Era
1202,3.023565007,4th Era
1203,3.025421975,4th Era
1204,3.02563709,4th Era
1205,3.205082767,4th Era
1206,3.166621318,4th Era
1207,3.022889428,4th Era
1208,2.991611667,4th Era
1209,3.001608132,4th Era
1210,3.020989437,4th Era
1211,2.989762838,4th Era
1212,2.989047725,4th Era
1213,2.988117497,4th Era
1214,3.046576528,4th Era
1215,3.00436277,4th Era
1216,3.007849963,4th Era
1217,2.99428491,4th Era
1218,2.919886419,4th Era
1219,3.01204413,4th Era
1220,3.056303226,4th Era
1221,3.093311194,4th Era
1222,3.094475142,4th Era
1223,3.092822824,4th Era
1224,3.07776708,4th Era
1225,3.120434324,4th Era
1226,3.165003884,4th Era
1227,3.155619044,4th Era
1228,3.092946079,4th Era
1229,3.094256538,4th Era
1230,3.092115851,4th Era
1231,3.07174269,4th Era
1232,3.058698564,4th Era
1233,3.039028888,4th Era
1234,3.058420659,4th Era
1235,3.1345517,4th Era
1236,3.129469165,4th Era
1237,3.132454035,4th Era
1238,3.240539579,4th Era
1239,3.202111851,4th Era
1240,3.186597969,4th Era
1241,3.234993093,4th Era
1242,3.194616537,4th Era
1243,3.243076776,4th Era
1244,3.244044214,4th Era
1245,3.240959344,4th Era
1246,3.203425798,4th Era
1247,3.193573518,4th Era
1248,3.118993633,4th Era
1249,3.099404189,4th Era
1250,3.126329645,4th Era
1251,3.127779638,4th Era
1252,3.158432984,4th Era
1253,3.31470435,4th Era
1254,3.312415989,4th Era
1255,3.280253348,4th Era
1256,3.326791503,4th Era
1257,3.441279343,4th Era
1258,3.473397798,4th Era
1259,3.477586151,4th Era
1260,3.845142581,4th Era
1261,3.947436291,4th Era
1262,4.018547588,4th Era
1263,3.982161711,4th Era
1264,3.939659583,4th Era
1265,3.969321073,4th Era
1266,4.028151032,4th Era
1267,4.013445286,4th Era
1268,4.028371961,4th Era
1269,4.108089032,4th Era
1270,4.038766099,4th Era
1271,4.03076381,4th Era
1272,4.077327547,4th Era
1273,4.057221827,4th Era
1274,4.077326385,4th Era
1275,4.119620374,4th Era
1276,4.164428305,4th Era
1277,4.263953423,4th Era
1278,4.335296115,4th Era
1279,4.274545235,4th Era
1280,4.316419459,4th Era
1281,4.256979037,4th Era
1282,4.129221492,4th Era
1283,4.374023842,4th Era
1284,4.207078107,4th Era
1285,4.237794243,4th Era
1286,4.243155846,4th Era
1287,4.324203143,4th Era
1288,4.367658755,4th Era
1289,4.189177027,4th Era
1290,4.359206469,4th Era
1291,4.326742666,4th Era
1292,4.37385175,4th Era
1293,4.375165697,4th Era
1294,4.36621225,4th Era
1295,4.316018298,4th Era
1296,4.418528286,4th Era
1297,4.381254041,4th Era
1298,4.374387794,4th Era
1299,4.495677927,4th Era
1300,4.578222892,4th Era
1301,4.633494728,4th Era
1302,4.850704183,4th Era
1303,5.12880754,4th Era
1304,5.077898475,4th Era
1305,5.024780117,4th Era
1306,5.142087711,4th Era
1307,5.0854403,4th Era
1308,5.077969405,4th Era
1309,4.790877717,4th Era
1310,4.800220697,4th Era
1311,5.005248813,4th Era
1312,5.011653434,4th Era
1313,4.895512114,4th Era
1314,4.904287654,4th Era
1315,4.841573993,4th Era
1316,4.952250222,4th Era
1317,4.905921368,4th Era
1318,5.073962447,4th Era
1319,5.093667006,4th Era
1320,5.116001786,4th Era
1321,5.079831024,4th Era
1322,5.015312719,4th Era
1323,5.075234534,4th Era
1324,4.938168892,4th Era
1325,5.036950991,4th Era
1326,4.959866466,4th Era
1327,4.852114641,4th Era
1328,4.902744638,4th Era
1329,4.91851317,4th Era
1330,5.086021693,4th Era
1331,5.24389654,4th Era
1332,4.963831564,4th Era
1333,5.149190004,4th Era
1334,5.130763345,4th Era
1335,5.085106581,4th Era
1336,5.096693736,4th Era
1337,5.447503733,4th Era
1338,5.353028591,4th Era
1339,5.446957223,4th Era
1340,5.377971498,4th Era
1341,4.959238562,4th Era
1342,4.971828038,4th Era
1343,4.906192297,4th Era
1344,4.955923461,4th Era
1345,5.027077781,4th Era
1346,4.956489737,4th Era
1347,4.790342836,4th Era
1348,4.844635606,4th Era
1349,4.846991409,4th Era
1350,4.843905377,4th Era
1351,4.606111134,4th Era
1352,4.597205362,4th Era
1353,4.639530746,4th Era
1354,4.630804043,4th Era
1355,4.853053009,4th Era
1356,4.900512091,4th Era
1357,4.856442528,4th Era
1358,5.013768541,4th Era
1359,5.017526663,4th Era
1360,4.954918814,4th Era
1361,4.997958149,4th Era
1362,5.014704583,4th Era
1363,5.011276692,4th Era
1364,4.958003684,4th Era
1365,4.953863005,4th Era
1366,5.01292087,4th Era
1367,5.133920307,4th Era
1368,5.261661574,4th Era
1369,5.499116283,4th Era
1370,5.559564839,4th Era
1371,5.584191469,4th Era
1372,5.824058958,4th Era
1373,5.758559263,4th Era
1374,6.024649885,4th Era
1375,6.028002195,4th Era
1376,6.037734708,4th Era
1377,6.019635955,4th Era
1378,6.049367212,4th Era
1379,6.030352184,4th Era
1380,6.085555416,4th Era
1381,5.973875703,4th Era
1382,5.965360626,4th Era
1383,5.896741178,4th Era
1384,5.991038414,4th Era
1385,6.028370798,4th Era
1386,6.321883387,4th Era
1387,6.616485505,4th Era
1388,7.245009326,4th Era
1389,7.138471449,4th Era
1390,7.255425556,4th Era
1391,7.188030521,4th Era
1392,7.321838038,4th Era
1393,7.867611081,4th Era
1394,7.406329505,4th Era
1395,7.687488663,4th Era
1396,7.788074242,4th Era
1397,7.946607225,4th Era
1398,7.952204873,4th Era
1399,7.979839629,4th Era
1400,8.413550402,4th Era
1401,8.274398724,4th Era
1402,8.509468561,4th Era
1403,8.3089474,4th Era
1404,8.023055707,4th Era
1405,7.663515519,4th Era
1406,7.946258389,4th Era
1407,7.859716932,4th Era
1408,7.18284915,4th Era
1409,7.859639025,4th Era
1410,7.595035604,4th Era
1411,7.339176329,4th Era
1412,7.508484844,4th Era
1413,7.793816075,4th Era
1414,8.136219134,4th Era
1415,8.13875982,4th Era
1416,8.042927707,4th Era
1417,8.232773336,4th Era
1418,8.132637755,4th Era
1419,8.11720992,4th Era
1420,8.242207013,4th Era
1421,8.132454035,4th Era
1422,7.614090167,4th Era
1423,7.683125892,4th Era
1424,7.95014093,4th Era
1425,7.862426221,4th Era
1426,8.034502165,4th Era
1427,8.049848605,4th Era
1428,8.327019409,4th Era
1429,8.036611458,4th Era
1430,8.224996628,4th Era
1431,8.144357468,4th Era
1432,7.777777778,4th Era
1433,7.531634737,4th Era
1434,7.599658839,4th Era
1435,7.345032116,4th Era
1436,7.422022456,4th Era
1437,7.156232994,4th Era
1438,7.408429496,4th Era
1439,7.411636458,4th Era
0,1,5th Era
1,1.004903011,5th Era
2,1.034525481,5th Era
3,1.024465233,5th Era
4,0.9899428464,5th Era
5,0.9988032982,5th Era
6,0.9874405111,5th Era
7,0.976979815,5th Era
8,0.9770013228,5th Era
9,0.9873759876,5th Era
10,0.9348792459,5th Era
11,0.8931306935,5th Era
12,0.9133463505,5th Era
13,0.9741913791,5th Era
14,0.9873238428,5th Era
15,0.9891085283,5th Era
16,0.9773568983,5th Era
17,0.969509326,5th Era
18,0.9434286852,5th Era
19,0.9698932175,5th Era
20,0.9429310652,5th Era
21,0.943012764,5th Era
22,0.9471690359,5th Era
23,0.9732930018,5th Era
24,0.9540376152,5th Era
25,1.021849788,5th Era
26,1.010518102,5th Era
27,1.034073816,5th Era
28,1.034154896,5th Era
29,1.023368798,5th Era
30,1.083657253,5th Era
31,1.082866105,5th Era
32,1.069859285,5th Era
33,1.045919833,5th Era
34,1.061476338,5th Era
35,1.070256019,5th Era
36,1.058587635,5th Era
37,1.071469277,5th Era
38,1.05810425,5th Era
39,1.045568126,5th Era
40,1.057829291,5th Era
41,1.044180484,5th Era
42,1.046070543,5th Era
43,1.046974026,5th Era
44,1.068284416,5th Era
45,1.092692862,5th Era
46,1.09743851,5th Era
47,1.095700709,5th Era
48,1.070843074,5th Era
49,1.070990999,5th Era
50,1.078915473,5th Era
51,1.07238483,5th Era
52,1.041516918,5th Era
53,1.057198601,5th Era
54,1.034163871,5th Era
55,1.021974966,5th Era
56,1.022622986,5th Era
57,1.033394231,5th Era
58,1.029369482,5th Era
59,1.009057736,5th Era
60,1.001483576,5th Era
61,1.002106839,5th Era
62,0.988618645,5th Era
63,0.9956859009,5th Era
64,0.9843254348,5th Era
65,0.932200206,5th Era
66,0.9552451482,5th Era
67,0.9427983047,5th Era
68,0.9537854011,5th Era
69,0.9321434192,5th Era
70,0.9430336529,5th Era
71,0.9709121315,5th Era
72,0.975798277,5th Era
73,0.9572495541,5th Era
74,0.9323620563,5th Era
75,0.899395042,5th Era
76,0.8789786969,5th Era
77,0.9009213242,5th Era
78,0.8707769417,5th Era
79,0.8787999808,5th Era
80,0.8976716305,5th Era
81,0.8903434955,5th Era
82,0.8882459406,5th Era
83,0.8920833086,5th Era
84,0.9179426818,5th Era
85,0.9433697321,5th Era
86,0.9979923448,5th Era
87,1.003699501,5th Era
88,0.9948085672,5th Era
89,0.9881722415,5th Era
90,1.033683736,5th Era
91,1.035494726,5th Era
92,1.053233424,5th Era
93,1.04560062,5th Era
94,1.021771803,5th Era
95,1.010505569,5th Era
96,1.015563622,5th Era
97,1.047845635,5th Era
98,1.058008007,5th Era
99,1.054184565,5th Era
100,1.0343986,5th Era
101,1.022991559,5th Era
102,0.9998875094,5th Era
103,1.007383839,5th Era
104,0.957497281,5th Era
105,0.9373546578,5th Era
106,0.9043963085,5th Era
107,0.8476111533,5th Era
108,0.8693975007,5th Era
109,0.8517931108,5th Era
110,0.9619336188,5th Era
111,0.9357482241,5th Era
112,0.9430432464,5th Era
113,0.9108155444,5th Era
114,0.9132894089,5th Era
115,0.9354557795,5th Era
116,0.9112867051,5th Era
117,0.8902517391,5th Era
118,0.9115249933,5th Era
119,0.9208990025,5th Era
120,0.9127993708,5th Era
121,0.9138046684,5th Era
122,0.9143448398,5th Era
123,0.9452310103,5th Era
124,0.932988259,5th Era
125,0.9923196936,5th Era
126,0.9879378216,5th Era
127,0.9988152126,5th Era
128,0.9760715347,5th Era
129,0.9212387952,5th Era
130,0.912457876,5th Era
131,0.9176712808,5th Era
132,0.9130802104,5th Era
133,0.9111632285,5th Era
134,0.8897309092,5th Era
135,0.913572879,5th Era
136,0.8908692768,5th Era
137,0.9000425979,5th Era
138,0.8689500141,5th Era
139,0.8312319359,5th Era
140,0.8340870615,5th Era
141,0.8493384331,5th Era
142,0.8841297445,5th Era
143,0.8907657607,5th Era
144,0.889681859,5th Era
145,0.9004704335,5th Era
146,0.9335677326,5th Era
147,0.9306386448,5th Era
148,0.9145277337,5th Era
149,0.8994159309,5th Era
150,0.9321229945,5th Era
151,0.939304443,5th Era
152,0.9756443181,5th Era
153,0.9764551168,5th Era
154,0.9772290892,5th Era
155,0.9845330859,5th Era
156,0.9772892801,5th Era
157,0.9974235478,5th Era
158,0.9761903694,5th Era
159,1.005101224,5th Era
160,1.019722679,5th Era
161,1.015324251,5th Era
162,1.014465485,5th Era
163,0.9806723533,5th Era
164,0.9425347951,5th Era
165,0.9411310611,5th Era
166,0.9425985449,5th Era
167,0.9626842265,5th Era
168,0.9572343903,5th Era
169,0.968649477,5th Era
170,0.973195056,5th Era
171,0.9637891719,5th Era
172,0.9402411941,5th Era
173,0.932351225,5th Era
174,0.9653952961,5th Era
175,0.9760990771,5th Era
176,0.9690774673,5th Era
177,1.022222693,5th Era
178,1.033480108,5th Era
179,1.046286704,5th Era
180,1.04252268,5th Era
181,1.05811632,5th Era
182,1.058243974,5th Era
183,1.069680259,5th Era
184,1.045932676,5th Era
185,1.046299392,5th Era
186,1.028644714,5th Era
187,1.055068088,5th Era
188,1.028339117,5th Era
189,1.034503045,5th Era
190,1.049600612,5th Era
191,1.082336456,5th Era
192,1.122066522,5th Era
193,1.120942699,5th Era
194,1.086153244,5th Era
195,1.071550821,5th Era
196,1.071111381,5th Era
197,1.061059179,5th Era
198,1.046147754,5th Era
199,1.074460567,5th Era
200,1.173117906,5th Era
201,1.17388832,5th Era
202,1.185504404,5th Era
203,1.187193929,5th Era
204,1.242893635,5th Era
205,1.37682273,5th Era
206,1.364647288,5th Era
207,1.393317069,5th Era
208,1.35243177,5th Era
209,1.411073406,5th Era
210,1.399644703,5th Era
211,1.38210298,5th Era
212,1.403837028,5th Era
213,1.425882088,5th Era
214,1.458568108,5th Era
215,1.526200017,5th Era
216,1.530044812,5th Era
217,1.511668926,5th Era
218,1.513009529,5th Era
219,1.447981924,5th Era
220,1.42269243,5th Era
221,1.48567184,5th Era
222,1.47804863,5th Era
223,1.509769428,5th Era
224,1.494186001,5th Era
225,1.507503989,5th Era
226,1.477834635,5th Era
227,1.481302038,5th Era
228,1.52863984,5th Era
229,1.495709962,5th Era
230,1.55169778,5th Era
231,1.546881264,5th Era
232,1.551529122,5th Era
233,1.505267329,5th Era
234,1.49663975,5th Era
235,1.565615976,5th Era
236,1.548939208,5th Era
237,1.565419156,5th Era
238,1.565104739,5th Era
239,1.615777029,5th Era
240,1.638560937,5th Era
241,1.639740928,5th Era
242,1.563474786,5th Era
243,1.511993864,5th Era
244,1.511007134,5th Era
245,1.497867243,5th Era
246,1.473834334,5th Era
247,1.463637147,5th Era
248,1.529109918,5th Era
249,1.529434237,5th Era
250,1.47755132,5th Era
251,1.460513406,5th Era
252,1.472108137,5th Era
253,1.444497965,5th Era
254,1.428878949,5th Era
255,1.444792576,5th Era
256,1.461616185,5th Era
257,1.494925003,5th Era
258,1.515712243,5th Era
259,1.516794442,5th Era
260,1.527316103,5th Era
261,1.582502716,5th Era
262,1.49653252,5th Era
263,1.466831911,5th Era
264,1.427982118,5th Era
265,1.462571349,5th Era
266,1.462089821,5th Era
267,1.459140618,5th Era
268,1.461030213,5th Era
269,1.494838508,5th Era
270,1.546518726,5th Era
271,1.545466544,5th Era
272,1.618521985,5th Era
273,1.614892423,5th Era
274,1.564079017,5th Era
275,1.595291364,5th Era
276,1.63967625,5th Era
277,1.605451105,5th Era
278,1.610399762,5th Era
279,1.621004824,5th Era
280,1.620836166,5th Era
281,1.601772028,5th Era
282,1.576867046,5th Era
283,1.564278467,5th Era
284,1.60475976,5th Era
285,1.622059636,5th Era
286,1.581857636,5th Era
287,1.554870881,5th Era
288,1.50446829,5th Era
289,1.569083069,5th Era
290,1.500160999,5th Era
291,1.494695844,5th Era
292,1.494625286,5th Era
293,1.485006026,5th Era
294,1.494877965,5th Era
295,1.481418551,5th Era
296,1.508260012,5th Era
297,1.480335423,5th Era
298,1.512428044,5th Era
299,1.494359146,5th Era
300,1.509374706,5th Era
301,1.511807256,5th Era
302,1.493988871,5th Era
303,1.479289431,5th Era
304,1.477257328,5th Era
305,1.494899782,5th Era
306,1.519649258,5th Era
307,1.479560832,5th Era
308,1.494751393,5th Era
309,1.479909909,5th Era
310,1.429446198,5th Era
311,1.376106628,5th Era
312,1.301575967,5th Era
313,1.302279226,5th Era
314,1.301549353,5th Era
315,1.330186795,5th Era
316,1.46021276,5th Era
317,1.333954378,5th Era
318,1.349138596,5th Era
319,1.396181478,5th Era
320,1.396543398,5th Era
321,1.335923815,5th Era
322,1.33275582,5th Era
323,1.246117489,5th Era
324,1.227347653,5th Era
325,1.282656195,5th Era
326,1.28855553,5th Era
327,1.257272934,5th Era
328,1.302066469,5th Era
329,1.302270716,5th Era
330,1.273567977,5th Era
331,1.301032546,5th Era
332,1.274929469,5th Era
333,1.337499147,5th Era
334,1.301729307,5th Era
335,1.302034904,5th Era
336,1.299373813,5th Era
337,1.321345066,5th Era
338,1.34882944,5th Era
339,1.356112548,5th Era
340,1.345686667,5th Era
341,1.348501562,5th Era
342,1.301687838,5th Era
343,1.273648593,5th Era
344,1.272467983,5th Era
345,1.273315608,5th Era
346,1.317218193,5th Era
347,1.27595906,5th Era
348,1.282144959,5th Era
349,1.299144035,5th Era
350,1.286861208,5th Era
351,1.201726259,5th Era
352,1.231565973,5th Era
353,1.183231073,5th Era
354,1.285240693,5th Era
355,1.229917452,5th Era
356,1.287835095,5th Era
357,1.31759017,5th Era
358,1.288851069,5th Era
359,1.306798965,5th Era
360,1.297316488,5th Era
361,1.302350558,5th Era
362,1.315839371,5th Era
363,1.303556234,5th Era
364,1.31700296,5th Era
365,1.316148217,5th Era
366,1.347998372,5th Era
367,1.443562916,5th Era
368,1.445451891,5th Era
369,1.445726077,5th Era
370,1.464067768,5th Era
371,1.462099105,5th Era
372,1.449095689,5th Era
373,1.467286051,5th Era
374,1.459699358,5th Era
375,1.459947085,5th Era
376,1.494201164,5th Era
377,1.494901794,5th Era
378,1.485541556,5th Era
379,1.465422142,5th Era
380,1.465776635,5th Era
381,1.492192426,5th Era
382,1.500599821,5th Era
383,1.589686485,5th Era
384,1.588479262,5th Era
385,1.60617711,5th Era
386,1.604106324,5th Era
387,1.589323328,5th Era
388,1.607648772,5th Era
389,1.602063545,5th Era
390,1.602307403,5th Era
391,1.602140447,5th Era
392,1.598116626,5th Era
393,1.637362224,5th Era
394,1.634895323,5th Era
395,1.654162314,5th Era
396,1.694783021,5th Era
397,1.716927265,5th Era
398,1.665564868,5th Era
399,1.67354845,5th Era
400,1.677743714,5th Era
401,1.69526687,5th Era
402,1.688073507,5th Era
403,1.665692986,5th Era
404,1.638575328,5th Era
405,1.604968185,5th Era
406,1.620212129,5th Era
407,1.637401062,5th Era
408,1.637493902,5th Era
409,1.637075505,5th Era
410,1.62062217,5th Era
411,1.568239776,5th Era
412,1.618515177,5th Era
413,1.638005757,5th Era
414,1.638336421,5th Era
415,1.698872293,5th Era
416,1.698094608,5th Era
417,1.677707043,5th Era
418,1.639472003,5th Era
419,1.638326827,5th Era
420,1.629681299,5th Era
421,1.627905124,5th Era
422,1.662791595,5th Era
423,1.619706772,5th Era
424,1.620650486,5th Era
425,1.620183658,5th Era
426,1.60029588,5th Era
427,1.567901995,5th Era
428,1.561629136,5th Era
429,1.62786969,5th Era
430,1.639272553,5th Era
431,1.658659462,5th Era
432,1.657738029,5th Era
433,1.657976627,5th Era
434,1.65864306,5th Era
435,1.676777873,5th Era
436,1.658173447,5th Era
437,1.636988545,5th Era
438,1.682638989,5th Era
439,1.697128921,5th Era
440,1.675516184,5th Era
441,1.676665228,5th Era
442,1.691219994,5th Era
443,1.675902861,5th Era
444,1.680056193,5th Era
445,1.718369527,5th Era
446,1.794683481,5th Era
447,1.818596938,5th Era
448,1.817828536,5th Era
449,1.838192581,5th Era
450,1.859050224,5th Era
451,1.818780605,5th Era
452,1.842172613,5th Era
453,1.856192932,5th Era
454,1.820400036,5th Era
455,1.820036415,5th Era
456,1.817655235,5th Era
457,1.818013905,5th Era
458,1.855191502,5th Era
459,1.837018934,5th Era
460,1.835533192,5th Era
461,1.817482554,5th Era
462,1.821773288,5th Era
463,1.842867826,5th Era
464,1.822059234,5th Era
465,1.820294663,5th Era
466,1.818032009,5th Era
467,1.796760766,5th Era
468,1.755886143,5th Era
469,1.738252354,5th Era
470,1.765997918,5th Era
471,1.779148794,5th Era
472,1.759107057,5th Era
473,1.776792991,5th Era
474,1.81738337,5th Era
475,1.805866005,5th Era
476,1.798723085,5th Era
477,1.839674764,5th Era
478,1.837948413,5th Era
479,1.859203564,5th Era
480,1.90523759,5th Era
481,1.836678213,5th Era
482,1.817378728,5th Era
483,1.817802386,5th Era
484,1.819387157,5th Era
485,1.798982262,5th Era
486,1.753438738,5th Era
487,1.769444741,5th Era
488,1.736340788,5th Era
489,1.802036683,5th Era
490,1.778949344,5th Era
491,1.756512965,5th Era
492,1.700287787,5th Era
493,1.734833228,5th Era
494,1.718299743,5th Era
495,1.736723442,5th Era
496,1.677194414,5th Era
497,1.677664646,5th Era
498,1.679835853,5th Era
499,1.680343376,5th Era
500,1.716907923,5th Era
501,1.731596378,5th Era
502,1.715963126,5th Era
503,1.715527244,5th Era
504,1.701104775,5th Era
505,1.71823197,5th Era
506,1.735618651,5th Era
507,1.719195954,5th Era
508,1.758223224,5th Era
509,1.779315287,5th Era
510,1.797187364,5th Era
511,1.796154524,5th Era
512,1.791735052,5th Era
513,1.779894296,5th Era
514,1.80624216,5th Era
515,1.799475549,5th Era
516,1.811006067,5th Era
517,1.789855825,5th Era
518,1.795253671,5th Era
519,1.780807682,5th Era
520,1.739076615,5th Era
521,1.735498733,5th Era
522,1.754951559,5th Era
523,1.695709714,5th Era
524,1.696175459,5th Era
525,1.696331584,5th Era
526,1.733858104,5th Era
527,1.764131997,5th Era
528,1.759306507,5th Era
529,1.821817232,5th Era
530,1.860301391,5th Era
531,1.894323836,5th Era
532,1.888233407,5th Era
533,1.905610959,5th Era
534,1.929088379,5th Era
535,1.883052342,5th Era
536,1.904787627,5th Era
537,1.88136096,5th Era
538,1.759759719,5th Era
539,1.716672575,5th Era
540,1.778119204,5th Era
541,1.783822801,5th Era
542,1.755427671,5th Era
543,1.716542909,5th Era
544,1.675470228,5th Era
545,1.655562489,5th Era
546,1.658362994,5th Era
547,1.681140249,5th Era
548,1.715885295,5th Era
549,1.684318766,5th Era
550,1.659206906,5th Era
551,1.698761814,5th Era
552,1.716162422,5th Era
553,1.723942685,5th Era
554,1.775088611,5th Era
555,1.761260161,5th Era
556,1.751360525,5th Era
557,1.714815474,5th Era
558,1.664481894,5th Era
559,1.697076622,5th Era
560,1.698497686,5th Era
561,1.700158276,5th Era
562,1.642492538,5th Era
563,1.564509638,5th Era
564,1.603173441,5th Era
565,1.565476252,5th Era
566,1.602556987,5th Era
567,1.58317178,5th Era
568,1.619329534,5th Era
569,1.638659966,5th Era
570,1.592184643,5th Era
571,1.573972154,5th Era
572,1.543773615,5th Era
573,1.464420249,5th Era
574,1.478033157,5th Era
575,1.456662576,5th Era
576,1.425127302,5th Era
577,1.440893779,5th Era
578,1.409263963,5th Era
579,1.349058599,5th Era
580,1.31348496,5th Era
581,1.314135765,5th Era
582,1.347683027,5th Era
583,1.366350894,5th Era
584,1.350427983,5th Era
585,1.395939941,5th Era
586,1.411556327,5th Era
587,1.410089926,5th Era
588,1.407103432,5th Era
589,1.407177395,5th Era
590,1.336202024,5th Era
591,1.41521962,5th Era
592,1.445242228,5th Era
593,1.427478464,5th Era
594,1.379494343,5th Era
595,1.379178689,5th Era
596,1.393517138,5th Era
597,1.407202925,5th Era
598,1.432303954,5th Era
599,1.42725534,5th Era
600,1.429198471,5th Era
601,1.395276912,5th Era
602,1.395222446,5th Era
603,1.363863413,5th Era
604,1.332920146,5th Era
605,1.359291529,5th Era
606,1.332319629,5th Era
607,1.318873832,5th Era
608,1.36326011,5th Era
609,1.363524703,5th Era
610,1.364809912,5th Era
611,1.365640516,5th Era
612,1.348805457,5th Era
613,1.356901839,5th Era
614,1.351458811,5th Era
615,1.349546316,5th Era
616,1.356784552,5th Era
617,1.355606573,5th Era
618,1.347853078,5th Era
619,1.364037796,5th Era
620,1.350689481,5th Era
621,1.368593433,5th Era
622,1.394842268,5th Era
623,1.39724836,5th Era
624,1.411642822,5th Era
625,1.457714603,5th Era
626,1.443987347,5th Era
627,1.410722782,5th Era
628,1.410588939,5th Era
629,1.39669844,5th Era
630,1.395648734,5th Era
631,1.39872915,5th Era
632,1.411176768,5th Era
633,1.477304367,5th Era
634,1.502290584,5th Era
635,1.477917108,5th Era
636,1.477561377,5th Era
637,1.472576358,5th Era
638,1.475245495,5th Era
639,1.430001688,5th Era
640,1.368083744,5th Era
641,1.390333206,5th Era
642,1.380327269,5th Era
643,1.380576698,5th Era
644,1.379319495,5th Era
645,1.333029696,5th Era
646,1.363024453,5th Era
647,1.379267351,5th Era
648,1.378771587,5th Era
649,1.302267467,5th Era
650,1.301087631,5th Era
651,1.214490304,5th Era
652,1.188970878,5th Era
653,1.215641514,5th Era
654,1.173300336,5th Era
655,1.127942801,5th Era
656,0.9896802652,5th Era
657,1.096529302,5th Era
658,1.070510245,5th Era
659,1.09421899,5th Era
660,1.085141293,5th Era
661,1.059359286,5th Era
662,1.040161925,5th Era
663,1.023091826,5th Era
664,1.066330453,5th Era
665,1.082029466,5th Era
666,1.060393983,5th Era
667,1.059984561,5th Era
668,1.045755507,5th Era
669,1.024780268,5th Era
670,1.034299417,5th Era
671,1.047821652,5th Era
672,1.054475462,5th Era
673,1.045816008,5th Era
674,1.000387296,5th Era
675,0.9894984545,5th Era
676,1.057119842,5th Era
677,1.045818174,5th Era
678,1.014427575,5th Era
679,1.035313843,5th Era
680,1.016230055,5th Era
681,1.069446768,5th Era
682,1.058361571,5th Era
683,1.126641655,5th Era
684,1.099090281,5th Era
685,1.057977524,5th Era
686,1.042737448,5th Era
687,1.024081341,5th Era
688,1.060344933,5th Era
689,1.080168498,5th Era
690,1.088255132,5th Era
691,1.086739836,5th Era
692,1.096230049,5th Era
693,1.097136472,5th Era
694,1.121405659,5th Era
695,1.150913626,5th Era
696,1.147115715,5th Era
697,1.099052062,5th Era
698,1.083018208,5th Era
699,1.093516658,5th Era
700,1.084242452,5th Era
701,1.055984569,5th Era
702,1.095050523,5th Era
703,1.085836352,5th Era
704,1.102482019,5th Era
705,1.060759307,5th Era
706,1.022262305,5th Era
707,1.026546541,5th Era
708,1.023085482,5th Era
709,1.032764005,5th Era
710,1.056312602,5th Era
711,1.056156786,5th Era
712,1.034547143,5th Era
713,1.034148552,5th Era
714,1.042735746,5th Era
715,1.063511381,5th Era
716,1.06233108,5th Era
717,1.112533757,5th Era
718,1.097540479,5th Era
719,1.109557011,5th Era
720,1.128430982,5th Era
721,1.133957875,5th Era
722,1.09513315,5th Era
723,1.155870175,5th Era
724,1.147128558,5th Era
725,1.159701044,5th Era
726,1.160020567,5th Era
727,1.190551317,5th Era
728,1.173887392,5th Era
729,1.146488584,5th Era
730,1.173907352,5th Era
731,1.174452939,5th Era
732,1.21482824,5th Era
733,1.211787435,5th Era
734,1.200734113,5th Era
735,1.20100211,5th Era
736,1.214196312,5th Era
737,1.189025499,5th Era
738,1.177260871,5th Era
739,1.173819928,5th Era
740,1.177611186,5th Era
741,1.208562653,5th Era
742,1.215799342,5th Era
743,1.217081765,5th Era
744,1.235477458,5th Era
745,1.256260519,5th Era
746,1.257954376,5th Era
747,1.234803442,5th Era
748,1.242699446,5th Era
749,1.245090374,5th Era
750,1.271167146,5th Era
751,1.263088249,5th Era
752,1.243957886,5th Era
753,1.228875483,5th Era
754,1.257672918,5th Era
755,1.224501502,5th Era
756,1.211348459,5th Era
757,1.202423174,5th Era
758,1.188579869,5th Era
759,1.187411793,5th Era
760,1.19797616,5th Era
761,1.201242874,5th Era
762,1.173247882,5th Era
763,1.186567727,5th Era
764,1.187970687,5th Era
765,1.193334182,5th Era
766,1.17392004,5th Era
767,1.147679096,5th Era
768,1.134704615,5th Era
769,1.134245678,5th Era
770,1.141401596,5th Era
771,1.142620888,5th Era
772,1.103836393,5th Era
773,1.034444556,5th Era
774,1.001922088,5th Era
775,0.9787957566,5th Era
776,0.9520199023,5th Era
777,0.9401367496,5th Era
778,0.9758361865,5th Era
779,0.9783423901,5th Era
780,0.9543809668,5th Era
781,0.9491972706,5th Era
782,0.9788322734,5th Era
783,0.9799058081,5th Era
784,0.9977698393,5th Era
785,1.011414468,5th Era
786,1.022711803,5th Era
787,1.012717007,5th Era
788,0.9974763116,5th Era
789,0.9720115065,5th Era
790,0.9765584782,5th Era
791,0.9946468716,5th Era
792,0.9804201392,5th Era
793,0.9882000934,5th Era
794,0.9655012879,5th Era
795,0.9424852807,5th Era
796,0.9260610361,5th Era
797,0.9252199098,5th Era
798,0.9302050841,5th Era
799,0.92014824,5th Era
800,0.9323335855,5th Era
801,0.9031245614,5th Era
802,0.9322070142,5th Era
803,0.9515587992,5th Era
804,0.965917828,5th Era
805,0.9759967989,5th Era
806,0.9837184189,5th Era
807,0.9882734366,5th Era
808,0.9826886736,5th Era
809,0.964496764,5th Era
810,0.9762703661,5th Era
811,0.9888799883,5th Era
812,0.9882090679,5th Era
813,0.9875031778,5th Era
814,0.9617736253,5th Era
815,0.9994852047,5th Era
816,1.00032401,5th Era
817,0.9887795669,5th Era
818,0.9879082677,5th Era
819,0.9994298104,5th Era
820,0.9991426268,5th Era
821,1.009788538,5th Era
822,1.023633081,5th Era
823,1.02181683,5th Era
824,1.009602704,5th Era
825,0.9893554815,5th Era
826,0.9964812264,5th Era
827,1.010352693,5th Era
828,0.989238349,5th Era
829,0.9866665388,5th Era
830,0.9880693443,5th Era
831,0.9999791111,5th Era
832,0.9749602453,5th Era
833,0.9683752909,5th Era
834,0.9778082532,5th Era
835,0.9818723045,5th Era
836,0.9906417735,5th Era
837,0.9991610399,5th Era
838,0.9938595923,5th Era
839,1.000899151,5th Era
840,1.000538779,5th Era
841,1.002435027,5th Era
842,0.9879424636,5th Era
843,0.9854961415,5th Era
844,0.9780383406,5th Era
845,0.9792020843,5th Era
846,0.9740891009,5th Era
847,0.9756334868,5th Era
848,0.9719064431,5th Era
849,0.9970865402,5th Era
850,0.9991539222,5th Era
851,1.071001521,5th Era
852,1.123416873,5th Era
853,1.213980615,5th Era
854,1.188937765,5th Era
855,1.201117541,5th Era
856,1.217167023,5th Era
857,1.215905024,5th Era
858,1.2153893,5th Era
859,1.242078195,5th Era
860,1.200817824,5th Era
861,1.211413911,5th Era
862,1.214549876,5th Era
863,1.21533143,5th Era
864,1.194922667,5th Era
865,1.189628646,5th Era
866,1.257372273,5th Era
867,1.22974183,5th Era
868,1.231404122,5th Era
869,1.241870544,5th Era
870,1.224860481,5th Era
871,1.215168187,5th Era
872,1.206775337,5th Era
873,1.188034591,5th Era
874,1.18971932,5th Era
875,1.195763174,5th Era
876,1.187867016,5th Era
877,1.214949395,5th Era
878,1.17265015,5th Era
879,1.173489574,5th Era
880,1.182705137,5th Era
881,1.25472062,5th Era
882,1.257512924,5th Era
883,1.257113869,5th Era
884,1.333798563,5th Era
885,1.332824521,5th Era
886,1.303951267,5th Era
887,1.302483938,5th Era
888,1.300901333,5th Era
889,1.302018657,5th Era
890,1.303175592,5th Era
891,1.288617268,5th Era
892,1.292797059,5th Era
893,1.289642062,5th Era
894,1.308602373,5th Era
895,1.30492407,5th Era
896,1.312678339,5th Era
897,1.334510333,5th Era
898,1.330977478,5th Era
899,1.319066783,5th Era
900,1.286946156,5th Era
901,1.263383788,5th Era
