date,BTC Price,Electricity Cost,Metcalfe Value,Power Law Price,STH Realized Price,LTH Realized Price,Realized Price,3x Realized Price,50-day MA,3-month MA,200-day MA,1-year MA,200-week MA
2010-08-16,0.06,,0.2280922018,0.1972127723,,,0.0007960313958,0.002388094187,,,,,
2010-08-17,0.07,,0.2286145161,0.1990998799,,,0.001230781142,0.003692343426,,,,,
2010-08-18,0.07,,0.2282758753,0.2010018087,,,0.001617548535,0.004852645605,,,,,
2010-08-19,0.07,,0.2288213352,0.20291865,,,0.001861212492,0.005583637476,,,,,
2010-08-20,0.07,,0.2288330627,0.204850495,,,0.002122175199,0.006366525597,,,,,
2010-08-21,0.07,,0.229304542,0.2067974358,,,0.002491857048,0.007475571144,,,,,
2010-08-22,0.06,,0.2292595458,0.2087595646,,,0.002728718883,0.008186156649,,,,,
2010-08-23,0.07,,0.2291546044,0.2107369742,,,0.002977697927,0.008933093781,,,,,
2010-08-24,0.07,,0.2292184658,0.2127297575,,,0.003260357002,0.009781071006,,,,,
2010-08-25,0.07,,0.2298088567,0.2147380082,,,0.003475611863,0.01042683559,,,,,
2010-08-26,0.07,,0.2291954532,0.2167618202,,,0.003680173854,0.01104052156,,,,,
2010-08-27,0.06,,0.2292777314,0.2188012878,,,0.003907411411,0.01172223423,,,,,
2010-08-28,0.06,,0.2296021063,0.2208565057,,,0.004026230232,0.0120786907,,,,,
2010-08-29,0.06,,0.2302550655,0.2229275692,,,0.004156130137,0.01246839041,,,,,
2010-08-30,0.06,,0.2304774274,0.2250145738,,,0.004274393022,0.01282317907,,,,,
2010-08-31,0.06,,0.2299791724,0.2271176156,0.01,,0.004682278056,0.01404683417,,,,,
2010-09-01,0.06,,0.2302194608,0.2292367909,0.01,,0.004824136376,0.01447240913,,,,,
2010-09-02,0.06,,0.2300526959,0.2313721965,0.01,,0.004955828458,0.01486748537,,,,,
2010-09-03,0.06,,0.2306169985,0.2335239299,0.01,,0.005107515816,0.01532254745,,,,,
2010-09-04,0.06,,0.2308686772,0.2356920885,0.01,,0.005255268211,0.01576580463,,,,,
2010-09-05,0.06,,0.2308320256,0.2378767706,0.01,,0.006174349409,0.01852304823,,,,,
2010-09-06,0.06,,0.23080021,0.2400780746,0.01,,0.00637108615,0.01911325845,,,,,
2010-09-07,0.06,,0.2310735506,0.2422960996,0.01,,0.006512778492,0.01953833548,,,,,
2010-09-08,0.06,,0.2313894793,0.2445309448,0.01,,0.00663684959,0.01991054877,,,,,
2010-09-09,0.06,,0.2317363861,0.2467827101,0.01,,0.006927539832,0.0207826195,,,,,
2010-09-10,0.06,,0.2320743398,0.2490514958,0.01,,0.007050666498,0.02115199949,,,,,
2010-09-11,0.06,,0.232445902,0.2513374024,0.01,,0.007153181876,0.02145954563,,,,,
2010-09-12,0.06,,0.2317078667,0.2536405311,0.01,,0.007316201342,0.02194860403,,,,,
2010-09-13,0.06,,0.2317872221,0.2559609834,0.01,,0.007466239413,0.02239871824,,,,,
2010-09-14,0.06,,0.2319283521,0.2582988613,0.01,,0.007620939823,0.02286281947,,,,,
2010-09-15,0.06,,0.2321686077,0.2606542671,0.01,,0.00784961601,0.02354884803,,,,,
2010-09-16,0.06,,0.2316640199,0.2630273036,0.01,,0.008147316294,0.02444194888,,,,,
2010-09-17,0.06,,0.228003455,0.2654180742,0.01,,0.008677629173,0.02603288752,,,,,
2010-09-18,0.06,,0.2283589301,0.2678266825,0.02,,0.008840092292,0.02652027688,,,,,
2010-09-19,0.06,,0.2278724586,0.2702532327,0.02,,0.008977790975,0.02693337293,,,,,
2010-09-20,0.06,,0.2281966458,0.2726978293,0.02,,0.009153609952,0.02746082986,,,,,
2010-09-21,0.06,,0.2279607956,0.2751605774,0.02,,0.009274915638,0.02782474691,,,,,
2010-09-22,0.06,,0.228358877,0.2776415824,0.02,,0.009406734503,0.02822020351,,,,,
2010-09-23,0.06,,0.2282617994,0.2801409502,0.02,,0.009587679827,0.02876303948,,,,,
2010-09-24,0.06,,0.2285569552,0.2826587871,0.02,,0.009741242027,0.02922372608,,,,,
2010-09-25,0.06,,0.2283857197,0.2851952,0.02,,0.009941061177,0.02982318353,,,,,
2010-09-26,0.06,,0.2284277576,0.2877502961,0.02,,0.01,0.03,,,,,
2010-09-27,0.06,,0.2257384025,0.290324183,0.02,,0.01,0.03,,,,,
2010-09-28,0.06,,0.2180196603,0.2929169689,0.02,,0.01,0.03,,,,,
2010-09-29,0.06,,0.2179590609,0.2955287625,0.02,,0.01,0.03,,,,,
2010-09-30,0.06,,0.2184254627,0.2981596726,0.02,,0.01,0.03,,,,,
2010-10-01,0.06,,0.2185847627,0.3008098088,0.02,,0.01,0.03,,,,,
2010-10-02,0.06,,0.2187624333,0.3034792811,0.02,,0.01,0.03,,,,,
2010-10-03,0.06,,0.2189750423,0.3061681998,0.02,,0.01,0.03,,,,,
2010-10-04,0.06,,0.2182039506,0.3088766758,0.02,,0.01,0.03,0.0618,,,,
2010-10-05,0.06,,0.2182832062,0.3116048203,0.03,,0.01,0.03,0.0618,,,,
2010-10-06,0.06,,0.2184069338,0.3143527452,0.03,,0.01,0.03,0.0616,,,,
2010-10-07,0.06,,0.2180599612,0.3171205627,0.03,,0.01,0.03,0.0614,,,,
2010-10-08,0.08,,0.2169866551,0.3199083854,0.03,,0.01,0.03,0.0616,,,,
2010-10-09,0.09,,0.2166563571,0.3227163266,0.03,,0.01,0.03,0.062,,,,
2010-10-10,0.1,,0.2170165849,0.3255444997,0.03,,0.01,0.03,0.0626,,,,
2010-10-11,0.1,,0.2172041178,0.3283930189,0.03,,0.01,0.03,0.0634,,,,
2010-10-12,0.09,,0.2173333261,0.3312619987,0.03,,0.01,0.03,0.0638,,,,
2010-10-13,0.1,,0.2155523559,0.3341515541,0.03,,0.01,0.03,0.0644,,,,
2010-10-14,0.1,,0.2156854118,0.3370618007,0.03,,0.01,0.03,0.065,,,,
2010-10-15,0.1,,0.2159806075,0.3399928542,0.04,,0.01,0.03,0.0656,,,,
2010-10-16,0.1,,0.2148007625,0.3429448311,0.04,,0.01,0.03,0.0664,,,,
2010-10-17,0.1,,0.215082425,0.3459178484,0.04,,0.02,0.06,0.0672,,,,
2010-10-18,0.1,,0.2153641935,0.3489120233,0.04,,0.02,0.06,0.068,,,,
2010-10-19,0.1,,0.2164731163,0.3519274736,0.04,,0.02,0.06,0.0688,,,,
2010-10-20,0.1,,0.2167398765,0.3549643178,0.04,,0.02,0.06,0.0696,,,,
2010-10-21,0.1,,0.2164862869,0.3580226745,0.04,,0.02,0.06,0.0704,,,,
2010-10-22,0.11,,0.2166518444,0.361102663,0.04,,0.02,0.06,0.0714,,,,
2010-10-23,0.11,,0.2172240846,0.364204403,0.04,,0.02,0.06,0.0724,,,,
2010-10-24,0.11,,0.2179775113,0.3673280147,0.04,,0.02,0.06,0.0734,,,,
2010-10-25,0.15,,0.2179908331,0.3704736188,0.05,,0.02,0.06,0.0752,,,,
2010-10-26,0.16,,0.2190758884,0.3736413366,0.05,,0.02,0.06,0.0772,,,,
2010-10-27,0.18,,0.2189214672,0.3768312895,0.05,,0.02,0.06,0.0796,,,,
2010-10-28,0.19,,0.2185206273,0.3800435998,0.06,,0.02,0.06,0.0822,,,,
2010-10-29,0.19,,0.2182242465,0.3832783901,0.06,,0.02,0.06,0.0848,,,,
2010-10-30,0.19,,0.2184488021,0.3865357835,0.06,,0.03,0.09,0.0874,,,,
2010-10-31,0.19,,0.2181731807,0.3898159036,0.06,,0.03,0.09,0.09,,,,
2010-11-01,0.19,,0.2183064286,0.3931188745,0.06,,0.03,0.09,0.0926,,,,
2010-11-02,0.19,,0.2187108937,0.3964448206,0.06,,0.03,0.09,0.0952,,,,
2010-11-03,0.19,,0.2189467876,0.3997938672,0.06,,0.03,0.09,0.0978,,,,
2010-11-04,0.21,,0.218902553,0.4031661397,0.07,,0.03,0.09,0.1008,,,,
2010-11-05,0.24,,0.21798278,0.4065617643,0.07,,0.03,0.09,0.1044,,,,
2010-11-06,0.29,,0.2184710984,0.4099808673,0.08,,0.04,0.12,0.109,,,,
2010-11-07,0.36,,0.2188146117,0.413423576,0.09,,0.04,0.12,0.115,,,,
2010-11-08,0.32,,0.213551536,0.4168900177,0.11,,0.05,0.15,0.1202,,,,
2010-11-09,0.27,,0.2137207841,0.4203803207,0.11,,0.05,0.15,0.1244,,,,
2010-11-10,0.2,,0.2142522107,0.4238946132,0.11,,0.05,0.15,0.1272,,,,
2010-11-11,0.22,,0.2149142202,0.4274330245,0.11,,0.05,0.15,0.1304,,,,
2010-11-12,0.26,,0.2152550593,0.4309956841,0.11,,0.05,0.15,0.1344,,,,
2010-11-13,0.29,,0.2153226562,0.4345827219,0.11,,0.05,0.15,0.139,0.1048888889,,,
2010-11-14,0.28,,0.2137641585,0.4381942686,0.11,,0.05,0.15,0.1434,0.1073333333,,,
2010-11-15,0.27,,0.2143700292,0.4418304551,0.12,,0.05,0.15,0.1476,0.1095555556,,,
2010-11-16,0.25,,0.2144279765,0.4454914131,0.12,,0.06,0.18,0.1514,0.1115555556,,,
2010-11-17,0.26,,0.2150529956,0.4491772745,0.12,,0.06,0.18,0.1554,0.1136666667,,,
2010-11-18,0.27,,0.2156039023,0.4528881721,0.12,,0.06,0.18,0.1596,0.1158888889,,,
2010-11-19,0.27,,0.2154953591,0.4566242387,0.12,,0.06,0.18,0.1638,0.1181111111,,,
2010-11-20,0.28,,0.2164100773,0.4603856081,0.13,,0.06,0.18,0.1682,0.1205555556,,,
2010-11-21,0.28,,0.2170441935,0.4641724143,0.13,,0.06,0.18,0.1726,0.1228888889,,,
2010-11-22,0.28,,0.2174720697,0.467984792,0.13,,0.06,0.18,0.177,0.1252222222,,,
2010-11-23,0.28,,0.2173425892,0.4718228762,0.13,,0.06,0.18,0.1814,0.1275555556,,,
2010-11-24,0.28,,0.2172076203,0.4756868027,0.13,,0.06,0.18,0.1858,0.1298888889,,,
2010-11-25,0.28,,0.21795673,0.4795767077,0.13,,0.06,0.18,0.1902,0.1323333333,,,
2010-11-26,0.28,,0.2186031666,0.4834927277,0.13,,0.06,0.18,0.1946,0.1347777778,,,
2010-11-27,0.28,,0.2188970065,0.487435,0.13,,0.06,0.18,0.1986,0.1372222222,,,
2010-11-28,0.28,,0.219674633,0.4914036623,0.13,,0.06,0.18,0.2024,0.1396666667,,,
2010-11-29,0.25,,0.219385249,0.4953988529,0.14,,0.06,0.18,0.2054,0.1417777778,,,
2010-11-30,0.21,,0.2201800298,0.4994207105,0.14,,0.06,0.18,0.2076,0.1434444444,,,
2010-12-01,0.21,,0.2198385104,0.5034693745,0.14,,0.06,0.18,0.21,0.1451111111,,,
2010-12-02,0.24,,0.2200561291,0.5075449847,0.14,,0.06,0.18,0.2128,0.1471111111,,,
2010-12-03,0.25,,0.2191861799,0.5116476814,0.14,,0.06,0.18,0.2158,0.1492222222,,,
2010-12-04,0.23,,0.220206662,0.5157776055,0.14,,0.06,0.18,0.2184,0.1511111111,,,
2010-12-05,0.21,,0.2211104719,0.5199348984,0.14,,0.07,0.21,0.2206,0.1527777778,,,
2010-12-06,0.2,,0.2223071406,0.5241197021,0.14,,0.07,0.21,0.2226,0.1543333333,,,
2010-12-07,0.22,,0.2223779728,0.528332159,0.14,,0.07,0.21,0.225,0.1561111111,,,
2010-12-08,0.23,,0.2233207493,0.5325724121,0.14,,0.07,0.21,0.2276,0.158,,,
2010-12-09,0.21,,0.2240374485,0.536840605,0.15,,0.07,0.21,0.2298,0.1596666667,,,
2010-12-10,0.19,,0.2251265931,0.5411368817,0.15,,0.07,0.21,0.2316,0.1611111111,,,
2010-12-11,0.22,,0.2269745717,0.545461387,0.15,,0.07,0.21,0.2338,0.1628888889,,,
2010-12-12,0.21,,0.2291290957,0.5498142658,0.15,,0.07,0.21,0.2358,0.1645555556,,,
2010-12-13,0.22,,0.2275789918,0.554195664,0.16,,0.07,0.21,0.238,0.1663333333,,,
2010-12-14,0.23,,0.2292722012,0.5586057277,0.16,,0.07,0.21,0.2396,0.1682222222,,,
2010-12-15,0.24,,0.2309324957,0.5630446037,0.16,,0.07,0.21,0.2412,0.1702222222,,,
2010-12-16,0.25,,0.2319601882,0.5675124393,0.16,,0.07,0.21,0.2426,0.1723333333,,,
2010-12-17,0.25,,0.2329024946,0.5720093825,0.16,,0.07,0.21,0.2438,0.1744444444,,,
2010-12-18,0.25,,0.2343429227,0.5765355816,0.16,,0.07,0.21,0.245,0.1765555556,,,
2010-12-19,0.24,,0.2347065199,0.5810911855,0.16,,0.07,0.21,0.246,0.1785555556,,,
2010-12-20,0.26,,0.2349163127,0.5856763438,0.16,,0.07,0.21,0.2474,0.1807777778,,,
2010-12-21,0.25,,0.2360458017,0.5902912065,0.17,,0.07,0.21,0.2486,0.1828888889,,,
2010-12-22,0.25,,0.2364228538,0.5949359243,0.17,,0.07,0.21,0.2498,0.185,,,
2010-12-23,0.25,,0.2377646993,0.5996106483,0.17,,0.07,0.21,0.251,0.1871111111,,,
2010-12-24,0.25,,0.2387612005,0.6043155301,0.17,,0.07,0.21,0.2518,0.1892222222,,,
2010-12-25,0.25,,0.2405251852,0.6090507221,0.17,,0.08,0.24,0.252,0.1913333333,,,
2010-12-26,0.25,,0.2417247016,0.6138163771,0.17,,0.08,0.24,0.2512,0.1934444444,,,
2010-12-27,0.26,,0.2406703484,0.6186126485,0.17,,0.08,0.24,0.2492,0.1956666667,,,
2010-12-28,0.27,,0.2421000027,0.6234396902,0.18,,0.08,0.24,0.2482,0.198,,,
2010-12-29,0.29,,0.2423531947,0.6282976566,0.18,,0.08,0.24,0.2486,0.2005555556,,,
2010-12-30,0.3,,0.2427673385,0.633186703,0.18,,0.08,0.24,0.2506,0.2032222222,,,
2010-12-31,0.29,,0.243643766,0.6381069848,0.18,,0.08,0.24,0.252,0.2057777778,,,
2011-01-01,0.3,,0.244600838,0.6430586582,0.18,,0.08,0.24,0.2528,0.2084444444,,,
2011-01-02,0.3,,0.2449037806,0.64804188,0.18,,0.08,0.24,0.253,0.2111111111,,,
2011-01-03,0.3,,0.2449557641,0.6530568076,0.19,,0.08,0.24,0.2534,0.2137777778,,,
2011-01-04,0.29,,0.2460325542,0.6581035987,0.19,,0.08,0.24,0.2538,0.2163333333,,,
2011-01-05,0.3,,0.2453241339,0.6631824119,0.19,,0.08,0.24,0.2548,0.219,,,
2011-01-06,0.3,,0.2453683766,0.6682934062,0.19,,0.08,0.24,0.2556,0.2214444444,,,
2011-01-07,0.31,,0.246024615,0.6734367411,0.19,,0.08,0.24,0.2564,0.2238888889,,,
2011-01-08,0.31,,0.2469783509,0.6786125768,0.19,,0.08,0.24,0.2572,0.2262222222,,,
2011-01-09,0.32,,0.2476523062,0.683821074,0.19,,0.08,0.24,0.258,0.2286666667,,,
2011-01-10,0.32,,0.2486264338,0.6890623941,0.2,,0.08,0.24,0.2588,0.2312222222,,,
2011-01-11,0.32,,0.2492565757,0.694336699,0.2,,0.09,0.27,0.2596,0.2336666667,,,
2011-01-12,0.34,,0.2501597773,0.699644151,0.2,,0.09,0.27,0.2608,0.2363333333,,,
2011-01-13,0.36,,0.2488686955,0.7049849133,0.21,,0.09,0.27,0.2624,0.2392222222,,,
2011-01-14,0.39,,0.2477930559,0.7103591495,0.21,,0.09,0.27,0.2646,0.2424444444,,,
2011-01-15,0.39,,0.2488881741,0.7157670237,0.21,,0.09,0.27,0.2668,0.2456666667,,,
2011-01-16,0.39,,0.2493124621,0.7212087008,0.21,,0.09,0.27,0.269,0.2488888889,,,
2011-01-17,0.35,,0.2504914606,0.7266843461,0.22,,0.09,0.27,0.2704,0.2516666667,,,
2011-01-18,0.32,,0.2509735687,0.7321941256,0.22,,0.09,0.27,0.2718,0.2541111111,,,
2011-01-19,0.31,,0.2513505818,0.7377382058,0.22,,0.1,0.3,0.2738,0.2564444444,,,
2011-01-20,0.35,,0.2523401885,0.7433167539,0.22,,0.1,0.3,0.2766,0.2591111111,,,
2011-01-21,0.4,,0.2526529713,0.7489299375,0.22,,0.1,0.3,0.2798,0.2623333333,,,
2011-01-22,0.43,,0.2532478519,0.7545779249,0.23,,0.1,0.3,0.2834,0.2658888889,,,
2011-01-23,0.44,,0.2527606038,0.7602608851,0.23,,0.1,0.3,0.2876,0.2691111111,,,
2011-01-24,0.41,,0.2536707537,0.7659789876,0.23,,0.1,0.3,0.2916,0.2718888889,,,
2011-01-25,0.42,,0.2545848262,0.7717324024,0.23,,0.1,0.3,0.296,0.2745555556,,,
2011-01-26,0.41,,0.2549052801,0.7775213003,0.24,,0.1,0.3,0.2998,0.277,,,
2011-01-27,0.44,,0.2541009762,0.7833458524,0.27,,0.12,0.36,0.304,0.2797777778,,,
2011-01-28,0.43,,0.255128209,0.7892062307,0.28,,0.12,0.36,0.3084,0.2824444444,,,
2011-01-29,0.44,,0.2557475237,0.7951026076,0.28,,0.12,0.36,0.3134,0.2852222222,,,
2011-01-30,0.46,,0.2561932702,0.8010351563,0.28,,0.13,0.39,0.3182,0.2882222222,,,
2011-01-31,0.51,,0.2564266563,0.8070040503,0.29,,0.13,0.39,0.3242,0.2917777778,,,
2011-02-01,0.74,,0.2560437509,0.813009464,0.3,,0.13,0.39,0.3346,0.2978888889,,,
2011-02-02,0.73,,0.2560470104,0.8190515722,0.31,,0.14,0.42,0.3446,0.3036666667,,,
2011-02-03,0.71,,0.2561790627,0.8251305505,0.32,,0.14,0.42,0.354,0.3088888889,,,
2011-02-04,0.8,,0.2563698894,0.8312465749,0.32,,0.15,0.45,0.365,0.3145555556,,,
2011-02-05,0.86,,0.2555618115,0.8373998221,0.33,,0.15,0.45,0.3772,0.3201111111,,,
2011-02-06,0.87,,0.2557868563,0.8435904695,0.34,,0.15,0.45,0.3896,0.3262222222,,,
2011-02-07,0.86,,0.2559348972,0.8498186949,0.36,,0.16,0.48,0.402,0.3327777778,,,
2011-02-08,0.9,,0.2561743267,0.8560846769,0.37,,0.16,0.48,0.4148,0.3405555556,,,
2011-02-09,0.96,,0.2579883628,0.8623885947,0.38,,0.17,0.51,0.429,0.3487777778,,,
2011-02-10,0.96,,0.26231823,0.868730628,0.39,,0.17,0.51,0.4432,0.3565555556,,,
2011-02-11,0.99,,0.2684815978,0.8751109571,0.39,,0.18,0.54,0.458,0.3643333333,,,
2011-02-12,1.06,,0.2736463984,0.8815297632,0.4,,0.18,0.54,0.4742,0.373,,,
2011-02-13,1.05,,0.2760946436,0.8879872277,0.41,,0.19,0.57,0.4902,0.3816666667,,,
2011-02-14,1.06,,0.2737707008,0.894483533,0.42,,0.19,0.57,0.5064,0.3906666667,,,
2011-02-15,1.05,,0.2758046585,0.9010188619,0.43,,0.2,0.6,0.5222,0.3994444444,,,
2011-02-16,1.04,,0.2771692223,0.9075933978,0.43,,0.2,0.6,0.5376,0.408,,,
2011-02-17,1.04,,0.2822025767,0.9142073249,0.44,,0.2,0.6,0.5526,0.4165555556,,,
2011-02-18,0.89,,0.2852201045,0.9208608279,0.44,,0.2,0.6,0.5644,0.4233333333,,,
2011-02-19,0.91,,0.2872607267,0.9275540922,0.44,,0.2,0.6,0.5768,0.4303333333,,,
2011-02-20,0.85,,0.2904417867,0.9342873036,0.45,,0.21,0.63,0.5878,0.4366666667,,,
2011-02-21,0.84,,0.2947392511,0.941060649,0.45,,0.21,0.63,0.5986,0.4428888889,,,
2011-02-22,0.88,,0.2985665061,0.9478743153,0.45,,0.21,0.63,0.6102,0.4495555556,,,
2011-02-23,0.9,,0.3029560873,0.9547284907,0.46,,0.21,0.63,0.6224,0.4564444444,,,
2011-02-24,0.95,,0.3060456664,0.9616233635,0.46,,0.21,0.63,0.6354,0.4638888889,,,
2011-02-25,0.96,,0.3098532284,0.9685591228,0.47,,0.22,0.66,0.6486,0.4714444444,,,
2011-02-26,0.94,,0.3114427372,0.9755359586,0.47,,0.22,0.66,0.6612,0.4787777778,,,
2011-02-27,0.93,,0.3144059713,0.9825540611,0.48,,0.22,0.66,0.6736,0.4863333333,,,
2011-02-28,0.88,,0.3175250167,0.9896136215,0.49,,0.23,0.69,0.6848,0.4937777778,,,
2011-03-01,0.95,0.5251886751,0.3249027789,0.9967148314,0.56,,0.26,0.78,0.6974,0.502,,,
2011-03-02,0.92,0.5251982439,0.3266208642,1.003857883,0.56,,0.26,0.78,0.7094,0.5095555556,,,
2011-03-03,0.92,0.5276456146,0.3321665222,1.01104297,0.57,,0.26,0.78,0.721,0.517,0.30625,,
2011-03-04,0.91,0.5275649494,0.3349660502,1.018270285,0.57,,0.27,0.81,0.732,0.5245555556,0.3105,,
2011-03-05,0.88,0.5308190121,0.3364053544,1.025540022,0.58,,0.27,0.81,0.7418,0.532,0.31455,,
2011-03-06,0.85,0.525023448,0.33910337,1.032852378,0.58,,0.27,0.81,0.751,0.5392222222,0.31845,,
2011-03-07,0.89,0.5249253893,0.3415493415,1.040207546,0.58,,0.27,0.81,0.761,0.5466666667,0.32255,,
2011-03-08,0.87,0.5250021151,0.344489717,1.047605724,0.58,,0.27,0.81,0.7714,0.5537777778,0.32655,,
2011-03-09,0.85,0.7240910328,0.3459344499,1.055047108,0.59,,0.27,0.81,0.782,0.5608888889,0.33045,,
2011-03-10,0.89,0.7195941641,0.3479855883,1.062531896,0.59,,0.27,0.81,0.7936,0.5686666667,0.3346,,
2011-03-11,0.89,0.7246894345,0.3491079012,1.070060285,0.59,,0.27,0.81,0.8044,0.5761111111,0.3387,,
2011-03-12,0.9,0.7197266563,0.3499989746,1.077632476,0.6,,0.28,0.84,0.8144,0.5837777778,0.34285,,
2011-03-13,0.9,0.7319718072,0.3511543558,1.085248666,0.6,,0.28,0.84,0.8238,0.5913333333,0.347,,
2011-03-14,0.89,0.7196574207,0.3500208881,1.092909057,0.61,,0.28,0.84,0.8328,0.5986666667,0.3511,,
2011-03-15,0.88,0.7196505121,0.3509898768,1.100613849,0.61,,0.28,0.84,0.8422,0.6057777778,0.3552,,
2011-03-16,0.85,0.7196941437,0.3507043104,1.108363243,0.62,,0.29,0.87,0.8508,0.6124444444,0.35915,,
2011-03-17,0.84,0.7197438643,0.3522203848,1.116157442,0.62,,0.29,0.87,0.8594,0.619,0.36305,,
2011-03-18,0.77,0.731718997,0.3523858591,1.123996649,0.62,,0.29,0.87,0.866,0.6247777778,0.3666,,
2011-03-19,0.76,0.7259918272,0.3537405024,1.131881066,0.62,,0.29,0.87,0.8726,0.6305555556,0.3701,,
2011-03-20,0.77,0.7196244301,0.3551458373,1.139810898,0.62,,0.29,0.87,0.8792,0.6362222222,0.37365,,
2011-03-21,0.75,0.748193878,0.361371981,1.14778635,0.63,,0.29,0.87,0.885,0.6417777778,0.3771,,
2011-03-22,0.78,0.7186139197,0.3650949101,1.155807627,0.63,,0.29,0.87,0.8904,0.6476666667,0.3807,,
2011-03-23,0.83,0.7182320771,0.3759411187,1.163874935,0.63,,0.29,0.87,0.8922,0.6541111111,0.38455,,
2011-03-24,0.88,0.7238341316,0.38189089,1.171988481,0.64,,0.3,0.9,0.8952,0.6611111111,0.38865,,
2011-03-25,0.88,0.6550929161,0.3849613218,1.180148472,0.64,0.01,0.3,0.9,0.8986,0.6681111111,0.39275,,
2011-03-26,0.87,0.6512906655,0.3875105114,1.188355117,0.65,0.01,0.3,0.9,0.9,0.675,0.3968,,
2011-03-27,0.83,0.6693564661,0.3935625865,1.196608624,0.65,0.01,0.3,0.9,0.8994,0.6813333333,0.40065,,
2011-03-28,0.81,0.6513762889,0.393007796,1.204909203,0.65,0.01,0.3,0.9,0.8982,0.6873333333,0.4044,,
2011-03-29,0.79,0.6514448864,0.3948898824,1.213257064,0.65,0.01,0.3,0.9,0.8968,0.6928888889,0.40805,,
2011-03-30,0.79,0.6555487623,0.3969305257,1.221652418,0.65,0.01,0.3,0.9,0.8946,0.6983333333,0.4117,,
2011-03-31,0.79,0.6611875036,0.3992789834,1.230095476,0.65,0.01,0.3,0.9,0.8912,0.7038888889,0.41535,,
2011-04-01,0.78,0.6279038695,0.4006013561,1.23858645,0.66,0.01,0.3,0.9,0.8876,0.7092222222,0.41895,,
2011-04-02,0.79,0.6279552634,0.4027613758,1.247125553,0.66,0.01,0.3,0.9,0.8836,0.7146666667,0.4226,,
2011-04-03,0.78,0.6314292469,0.406231007,1.255712999,0.66,0.01,0.3,0.9,0.878,0.72,0.4262,,
2011-04-04,0.69,0.6312726541,0.409128896,1.264349003,0.66,0.01,0.31,0.93,0.8708,0.7244444444,0.42935,,
2011-04-05,0.67,0.7610634832,0.4123526178,1.273033778,0.66,0.01,0.31,0.93,0.863,0.7285555556,0.4324,,
2011-04-06,0.72,0.7493857015,0.4151638019,1.281767541,0.66,0.01,0.31,0.93,0.8564,0.7332222222,0.4357,,
2011-04-07,0.75,0.7546751405,0.4167256853,1.290550507,0.67,0.02,0.31,0.93,0.8506,0.7381111111,0.43915,,
2011-04-08,0.76,0.7675693346,0.4187341624,1.299382895,0.67,0.02,0.31,0.93,0.845,0.7431111111,0.44265,,
2011-04-09,0.74,0.749476409,0.4215658142,1.308264921,0.67,0.02,0.31,0.93,0.842,0.7477777778,0.44605,,
2011-04-10,0.74,0.7494257607,0.4240346773,1.317196803,0.67,0.02,0.31,0.93,0.8386,0.7524444444,0.44945,,
2011-04-11,0.77,0.7494793327,0.4253024422,1.326178762,0.67,0.02,0.31,0.93,0.837,0.7574444444,0.453,,
2011-04-12,0.85,0.7540469951,0.425864268,1.335211016,0.68,0.02,0.31,0.93,0.8372,0.7631111111,0.45695,,
2011-04-13,0.93,0.7534308996,0.4260428144,1.344293787,0.68,0.02,0.32,0.96,0.8382,0.7694444444,0.4613,,
2011-04-14,0.95,0.7485519643,0.4374965079,1.353427295,0.68,0.02,0.32,0.96,0.8392,0.7756666667,0.46575,,
2011-04-15,1,0.760628947,0.4374981139,1.362611762,0.69,0.02,0.32,0.96,0.8402,0.7824444444,0.47045,,
2011-04-16,1.04,0.7582291772,0.4259925352,1.371847411,0.7,0.02,0.32,0.96,0.8418,0.7896666667,0.47535,,
2011-04-17,1.08,0.7497007976,0.4277221607,1.381134464,0.7,0.02,0.33,0.99,0.8446,0.7977777778,0.48045,,
2011-04-18,1.15,0.8576306809,0.4293694066,1.390473147,0.71,0.02,0.33,0.99,0.849,0.807,0.4859,,
2011-04-19,1.18,0.8403469444,0.4330746168,1.399863683,0.73,0.02,0.34,1.02,0.855,0.8166666667,0.4915,,
2011-04-20,1.16,0.8576327095,0.4338235207,1.409306298,0.73,0.02,0.34,1.02,0.8592,0.8256666667,0.497,,
2011-04-21,1.18,0.8405778677,0.4373751014,1.418801219,0.74,0.02,0.34,1.02,0.8644,0.8343333333,0.5026,,
2011-04-22,1.29,0.8404584724,0.4393493223,1.428348671,0.75,0.02,0.35,1.05,0.8718,0.8438888889,0.50875,,
2011-04-23,1.55,0.8453348951,0.4403254516,1.437948882,0.77,0.02,0.36,1.08,0.8846,0.8562222222,0.5162,,
2011-04-24,1.67,0.8610211251,0.4419877897,1.447602082,0.79,0.02,0.37,1.11,0.9004,0.8702222222,0.52425,,
2011-04-25,1.58,0.8533292516,0.445640147,1.457308497,0.8,0.03,0.37,1.11,0.915,0.8831111111,0.53185,,
2011-04-26,1.67,0.8405224173,0.4477728641,1.467068359,0.81,0.03,0.38,1.14,0.9306,0.8971111111,0.5398,,
2011-04-27,1.89,0.8447087298,0.4495658946,1.476881897,0.83,0.03,0.39,1.17,0.951,0.9132222222,0.5488,,
2011-04-28,2.03,0.8402842508,0.4532120579,1.486749344,0.85,0.03,0.4,1.2,0.9746,0.931,0.55845,,
2011-04-29,2.59,0.8445417379,0.4564545155,1.496670929,1.11,0.03,0.51,1.53,1.0086,0.9548888889,0.5709,,
2011-04-30,3.29,0.9976199987,0.4605445507,1.506646886,1.25,0.03,0.58,1.74,1.0566,0.9863333333,0.5869,,
2011-05-01,3.14,0.9831510532,0.4644520579,1.516677449,1.28,0.03,0.59,1.77,1.1014,1.015555556,0.6021,,
2011-05-02,3.24,0.9784488129,0.4665342985,1.526762851,1.3,0.03,0.6,1.8,1.1482,1.043333333,0.6178,,
2011-05-03,3.32,0.9784461282,0.4694270832,1.536903326,1.34,0.03,0.62,1.86,1.1968,1.072111111,0.6339,,
2011-05-04,3.44,0.9832609,0.470549059,1.547099111,1.45,0.03,0.68,2.04,1.248,1.102444444,0.6506,,
2011-05-05,3.41,0.9780792379,0.4740155622,1.557350442,1.47,0.03,0.69,2.07,1.2992,1.131444444,0.66715,,
2011-05-06,3.48,0.9872207574,0.4792654022,1.567657554,1.54,0.03,0.72,2.16,1.352,1.160555556,0.68405,,
2011-05-07,3.61,0.978318503,0.480937139,1.578020687,1.56,0.03,0.73,2.19,1.4088,1.191,0.7016,,
2011-05-08,3.77,0.9827301599,0.4863588646,1.588440078,1.62,0.03,0.76,2.28,1.469,1.223333333,0.71995,,
2011-05-09,3.8,1.421457374,0.4883063783,1.598915966,1.64,0.03,0.77,2.31,1.5296,1.255555556,0.73845,,
2011-05-10,4.74,1.403862971,0.4904302265,1.609448591,1.78,0.03,0.84,2.52,1.6094,1.297555556,0.7616,,
2011-05-11,5.35,1.411290569,0.4937630579,1.620038194,1.88,0.03,0.88,2.64,1.7008,1.346333333,0.7878,,
2011-05-12,5.83,1.403913355,0.4967226432,1.630685016,1.99,0.03,0.95,2.85,1.8008,1.400111111,0.8164,,
2011-05-13,7.48,1.403550105,0.5010387937,1.641389299,2.35,0.03,1.12,3.36,1.9328,1.471444444,0.85305,,
2011-05-14,7.86,1.409231909,0.5083178616,1.652151286,2.54,0.03,1.22,3.66,2.0724,1.547111111,0.89155,,
2011-05-15,6.74,1.415971363,0.5165630438,1.66297122,2.67,0.03,1.28,3.84,2.1898,1.610222222,0.92435,,
2011-05-16,7.77,1.414814834,0.5450637152,1.673849346,2.85,0.03,1.39,4.17,2.3286,1.684888889,0.96225,,
2011-05-17,7.52,1.403609382,0.5619870127,1.684785907,2.95,0.03,1.44,4.32,2.4628,1.756888889,0.9989,,
2011-05-18,7.14,2.191116178,0.5798325276,1.695781152,3.04,0.03,1.47,4.41,2.5898,1.824666667,1.03365,,
2011-05-19,6.96,2.174847012,0.6043788619,1.706835325,3.09,0.03,1.5,4.5,2.7132,1.892111111,1.0675,,
2011-05-20,6.28,2.185412361,0.6212139441,1.717948673,3.14,0.03,1.53,4.59,2.823,1.951777778,1.09795,,
2011-05-21,5.97,2.174803493,0.6321305063,1.729121446,3.02,0.03,1.47,4.41,2.9268,2.008666667,1.12685,,
2011-05-22,6.47,2.184357308,0.642357088,1.740353892,3.09,0.03,1.51,4.53,3.0404,2.071222222,1.15825,,
2011-05-23,7.1,2.191469256,0.6512026733,1.751646259,3.17,0.03,1.54,4.62,3.1668,2.140333333,1.1927,,
2011-05-24,7.23,2.18317835,0.6721770952,1.762998799,3.22,0.03,1.58,4.74,3.2976,2.210666667,1.22765,,
2011-05-25,7.98,2.183106754,0.6994584326,1.774411762,3.28,0.03,1.61,4.83,3.4438,2.288777778,1.2661,,
2011-05-26,8.55,3.876203651,0.7127547293,1.785885401,3.37,0.04,1.66,4.98,3.6004,2.373111111,1.30705,,
2011-05-27,8.67,3.875335259,0.7216285141,1.797419967,3.61,0.04,1.77,5.31,3.7588,2.459,1.3488,,
2011-05-28,8.45,3.899781507,0.7358644163,1.809015714,3.63,0.04,1.79,5.37,3.9126,2.542555556,1.3897,,
2011-05-29,8.3,4.005008884,0.7406726074,1.820672896,3.66,0.04,1.81,5.43,4.0638,2.625,1.4302,,
2011-05-30,8.72,3.872355765,0.7634738753,1.832391768,3.72,0.04,1.84,5.52,4.2234,2.711333333,1.4727,,
2011-05-31,8.88,3.87145782,0.7812945497,1.844172585,3.79,0.04,1.87,5.61,4.3856,2.799777778,1.5158,,
2011-06-01,9.21,3.764477968,0.7914600646,1.856015603,3.85,0.04,1.91,5.73,4.5528,2.891888889,1.5604,,
2011-06-02,10.11,3.764533948,0.7980692778,1.867921081,3.97,0.04,1.98,5.94,4.7364,2.994111111,1.60955,,
2011-06-03,13.08,3.744421906,0.810143354,1.879889275,4.29,0.04,2.16,6.48,4.979,3.129666667,1.6736,,
2011-06-04,16.41,3.76011439,0.839689804,1.891920444,4.54,0.04,2.29,6.87,5.2872,3.302555556,1.7544,,
2011-06-05,17.32,3.745628858,0.858010721,1.904014848,4.84,0.04,2.46,7.38,5.6128,3.485111111,1.8397,,
2011-06-06,18.46,4.926704255,0.8747045883,1.916172746,5.92,0.04,3.01,9.03,5.9604,3.680555556,1.93065,,
2011-06-07,19.9,4.880370427,0.8897748008,1.928394401,6.14,0.04,3.12,9.36,6.3354,3.892222222,2.0288,,
2011-06-08,27.25,5.005392159,0.8833283992,1.940680073,7.32,0.04,3.79,11.37,6.8568,4.185111111,2.16365,,
2011-06-09,29.58,4.878019045,0.9082137732,1.953030025,8.17,0.04,4.25,12.75,7.4252,4.503888889,2.31015,,
2011-06-10,24.67,4.880250761,0.9315947778,1.96544452,8.8,0.04,4.61,13.83,7.895,4.768,2.4321,,
2011-06-11,17.61,4.902736076,0.9501074008,1.977923822,8.77,0.04,4.64,13.92,8.2214,4.953666667,2.51875,,
2011-06-12,16.21,4.87850618,0.966662099,1.990468197,9.34,0.04,4.95,14.85,8.5146,5.123888889,2.5984,,
2011-06-13,20.11,4.881342329,0.9877499449,2.00307791,9.66,0.04,5.15,15.45,8.8834,5.337555556,2.69755,,
2011-06-14,19.25,4.882739157,1.016765858,2.015753226,10.23,0.05,5.57,16.71,9.2368,5.542,2.7924,,
2011-06-15,19.68,7.548791075,1.039843489,2.028494415,10.73,0.04,5.96,17.88,9.597,5.751333333,2.8894,,
2011-06-16,18.86,7.585658547,1.064490397,2.041301742,10.95,0.04,6.11,18.33,9.9364,5.952333333,2.9823,,
2011-06-17,15.51,7.545387229,1.089452707,2.054175478,10.99,0.05,6.14,18.42,10.206,6.116222222,3.0586,,
2011-06-18,16.04,7.587081532,1.129365729,2.067115891,11.05,0.05,6.18,18.54,10.475,6.285888889,3.13775,,
2011-06-19,17.77,7.552935889,1.165466164,2.080123253,11.56,0.05,6.48,19.44,10.7646,6.475,3.22555,,
2011-06-20,17.51,7.589674709,1.211581315,2.093197833,11.62,0.05,6.53,19.59,11.052,6.660888889,3.3119,,
2011-06-21,17.51,7.619542034,1.267455696,2.106339905,11.75,0.05,6.61,19.83,11.3374,6.846222222,3.3982,,
2011-06-22,17.51,7.560171887,1.326686941,2.119549741,11.79,0.05,6.63,19.89,11.6212,7.031,3.4846,,
2011-06-23,17.51,7.592815534,1.374042055,2.132827614,11.81,0.05,6.65,19.95,11.9026,7.215777778,3.5711,,
2011-06-24,17.51,11.94312213,1.409666239,2.146173799,11.87,0.05,6.69,20.07,12.1846,7.400666667,3.65765,,
2011-06-25,17.51,12.03324868,1.44249513,2.159588571,11.92,0.05,6.71,20.13,12.4652,7.586,3.7441,,
2011-06-26,15.59,12.26410234,1.474871446,2.173072206,11.91,0.05,6.73,20.19,12.7048,7.750222222,3.8209,,
2011-06-27,17.01,11.86887825,1.526169951,2.18662498,12.06,0.05,6.88,20.64,12.9696,7.930444444,3.9049,,
2011-06-28,16.93,11.87667097,1.56233065,2.200247171,12.15,0.05,6.96,20.88,13.2322,8.109777778,3.9886,,
2011-06-29,16.88,11.87854059,1.616780657,2.213939058,12.21,0.05,7.01,21.03,13.475,8.288555556,4.0719,,
2011-06-30,16.51,12.00855293,1.651085317,2.227700919,12.32,0.05,7.07,21.21,13.6982,8.463333333,4.1534,,
2011-07-01,15.9,11.5004998,1.797133766,2.241533035,12.33,0.05,7.07,21.21,13.8996,8.631222222,4.2318,,
2011-07-02,15.53,11.50525352,2.057149706,2.255435686,12.31,0.05,7.06,21.18,14.0606,8.795111111,4.3083,,
2011-07-03,15.48,11.57643712,2.128314567,2.269409154,12.35,0.06,7.07,21.21,14.213,8.959444444,4.3845,,
2011-07-04,14.48,11.77433455,2.181781629,2.283453722,12.33,0.06,7.06,21.18,14.3678,9.112888889,4.45565,,
2011-07-05,12.8,11.49421459,2.217207138,2.297569672,12.32,0.06,7.07,21.21,14.4684,9.247111111,4.5184,,
2011-07-06,14.8,13.03331562,2.284049615,2.311757288,12.35,0.06,7.09,21.27,14.614,9.403222222,4.59115,,
2011-07-07,15.16,13.33214558,2.368091537,2.326016856,12.38,0.06,7.11,21.33,14.7744,9.563222222,4.66575,,
2011-07-08,14.35,13.11968169,2.479401481,2.340348661,12.37,0.06,7.11,21.33,14.9222,9.714444444,4.7362,,
2011-07-09,14.39,13.03885115,2.586558949,2.354752989,12.38,0.06,7.11,21.33,15.0844,9.866111111,4.8069,,
2011-07-10,15.08,13.41840531,2.817086746,2.369230128,12.43,0.07,7.16,21.48,15.2666,10.02511111,4.88105,,
2011-07-11,14.37,13.0368613,2.915180434,2.383780367,12.44,0.07,7.17,21.51,15.4246,10.17533333,4.95165,,
2011-07-12,14.15,13.03790484,3.020111381,2.398403993,12.47,0.07,7.17,21.51,15.5656,10.32222222,5.02115,,
2011-07-13,14.03,13.10942504,3.181153646,2.413101296,12.49,0.07,7.19,21.57,15.7016,10.46755556,5.09005,,
2011-07-14,13.93,13.39944936,3.398472199,2.427872569,12.51,0.07,7.19,21.57,15.8206,10.61122222,5.15845,,
2011-07-15,13.9,13.51811736,3.555956696,2.4427181,12.53,0.08,7.21,21.63,15.9276,10.75411111,5.22665,,
2011-07-16,13.62,13.04302559,3.672927078,2.457638184,12.53,0.08,7.21,21.63,16.0266,10.89344444,5.2934,,
2011-07-17,13.34,13.04293576,3.831275941,2.472633113,12.54,0.08,7.22,21.66,16.1244,11.02888889,5.35865,,
2011-07-18,13.03,13.19513415,3.871551354,2.487703181,12.08,0.08,6.95,20.85,16.219,11.16055556,5.4223,,
2011-07-19,14.04,14.10059859,4.008839898,2.502848682,12.11,0.08,6.98,20.94,16.3254,11.30366667,5.49105,,
2011-07-20,13.69,14.20476172,4.141249799,2.518069913,12.01,0.08,6.9,20.7,16.4216,11.44266667,5.558,,
2011-07-21,13.66,14.20622335,4.315791892,2.53336717,12.01,0.09,6.91,20.73,16.5106,11.58011111,5.6248,,
2011-07-22,13.65,14.19820087,4.448524012,2.54874075,12.02,0.09,6.91,20.73,16.5814,11.71455556,5.69155,,
2011-07-23,13.64,14.21186369,4.588953542,2.564190951,12.04,0.09,6.92,20.76,16.5926,11.84755556,5.7583,,
2011-07-24,13.86,14.11273876,4.742072737,2.579718073,12.06,0.09,6.93,20.79,16.5416,11.984,5.8261,,
2011-07-25,14.2,14.19489462,4.920922543,2.595322414,12.09,0.09,6.95,20.85,16.4792,12.12322222,5.8956,,
2011-07-26,13.91,14.11752118,5.03747252,2.611004276,12.1,0.09,6.96,20.88,16.3882,12.25677778,5.9636,,
2011-07-27,13.96,14.19678941,5.200538908,2.62676396,12.16,0.1,6.97,20.91,16.2694,12.38933333,6.03185,,
2011-07-28,13.61,14.20742857,5.371926262,2.642601768,12.22,0.1,6.97,20.91,15.9966,12.51177778,6.0983,,
2011-07-29,13.51,14.29000879,5.548915688,2.658518005,12.77,0.15,6.98,20.94,15.6752,12.62533333,6.16425,,
2011-07-30,13.53,14.11947546,5.719172826,2.674512972,13.26,0.18,6.99,20.97,15.4524,12.74077778,6.2303,,
2011-07-31,13.52,14.11911583,5.916685098,2.690586977,13.26,0.19,7,21,15.3706,12.855,6.2962,,
2011-08-01,13.17,17.01946171,6.097689006,2.706740324,13.26,0.19,6.99,20.97,15.3098,12.96444444,6.36025,,
2011-08-02,12.39,16.82354635,6.171674259,2.72297332,13.24,0.19,6.99,20.97,15.1554,13.06388889,6.42025,,
2011-08-03,10.45,16.71368666,6.186644388,2.739286272,13.16,0.19,6.94,20.82,14.9794,13.14211111,6.47055,,
2011-08-04,10.58,16.84052682,6.200544192,2.755679489,13.12,0.19,6.93,20.79,14.7974,13.221,6.5215,,
2011-08-05,10.27,17.07410436,6.369290354,2.77215328,13.07,0.19,6.91,20.73,14.6256,13.295,6.5711,,
2011-08-06,7.82,16.66530377,6.517364608,2.788707955,12.93,0.19,6.84,20.52,14.4718,13.34,6.6086,,
2011-08-07,7.72,16.84643691,6.686142635,2.805343825,12.82,0.19,6.79,20.37,14.3054,13.38355556,6.64565,,
2011-08-08,7.74,16.71160996,6.725904092,2.822061201,12.61,0.19,6.68,20.04,14.1048,13.41688889,6.6826,,
2011-08-09,9.72,16.81880393,6.871501831,2.838860397,12.7,0.2,6.7,20.1,13.949,13.46544444,6.7292,,
2011-08-10,10,16.70751099,6.900603278,2.855741725,12.69,0.2,6.7,20.1,13.7988,13.51177778,6.77705,,
2011-08-11,9.47,16.71378425,6.93141514,2.872705501,12.71,0.2,6.69,20.07,13.638,13.53388889,6.8222,,
2011-08-12,9.32,16.71561565,6.938244475,2.889752039,12.73,0.2,6.69,20.07,13.4742,13.55011111,6.86675,,
2011-08-13,9.8,17.22767183,7.012127716,2.906881656,12.75,0.2,6.69,20.07,13.32,13.58411111,6.91365,,
2011-08-14,10.61,16.70502382,7.145941138,2.924094668,12.77,0.2,6.7,20.1,13.182,13.61566667,6.96465,3.910714286,
2011-08-15,11.3,16.09482858,7.178895582,2.941391393,12.83,0.21,6.72,20.16,13.0962,13.65766667,7.01895,3.941593407,
2011-08-16,11.05,15.9735678,7.206348628,2.958772151,12.86,0.21,6.73,20.19,12.977,13.70111111,7.07205,3.971758242,
2011-08-17,10.88,16.096805,7.290520688,2.97623726,12.86,0.21,6.74,20.22,12.856,13.74466667,7.12425,4.001456044,
2011-08-18,10.9,16.42595662,7.411893615,2.993787042,12.88,0.21,6.75,20.25,12.7364,13.796,7.17645,4.031208791,
2011-08-19,11.4,15.97620472,7.603617749,3.011421817,12.9,0.21,6.76,20.28,12.6342,13.85633333,7.2309,4.062335165,
2011-08-20,11.49,15.98375698,7.791086974,3.029141908,12.91,0.21,6.77,20.31,12.546,13.91211111,7.28465,4.093708791,
2011-08-21,11.38,15.98378639,8.009950116,3.046947639,12.94,0.21,6.77,20.31,12.463,13.95966667,7.3379,4.124807692,
2011-08-22,11.03,16.35911332,8.276953104,3.064839332,12.95,0.21,6.77,20.31,12.374,14.00188889,7.3895,4.154917582,
2011-08-23,11.03,16.08388964,8.498056681,3.082817313,12.94,0.21,6.78,20.34,12.305,14.03577778,7.44065,4.185027473,
2011-08-24,10.94,15.97441777,8.690249959,3.100881908,12.95,0.21,6.78,20.34,12.2678,14.06233333,7.49105,4.21489011,
2011-08-25,10.01,16.09932829,8.919001887,3.119033443,12.93,0.21,6.84,20.52,12.172,14.07722222,7.53675,4.242197802,
2011-08-26,8.65,16.20243444,9.029985966,3.137272246,12.88,0.21,6.85,20.55,12.0418,14.07944444,7.5757,4.265796703,
2011-08-27,8.63,15.98197555,9.133080411,3.155598646,12.22,0.21,6.5,19.5,11.9274,14.08311111,7.61435,4.289340659,
2011-08-28,8.97,15.98271371,9.323590388,3.174012972,12.22,0.21,6.5,19.5,11.819,14.08588889,7.6544,4.313818681,
2011-08-29,8.93,15.98274707,9.414510928,3.192515554,12.19,0.21,6.51,19.53,11.696,14.08644444,7.69425,4.338186813,
2011-08-30,8.78,15.72661225,9.43015442,3.211106723,12.24,0.22,6.5,19.5,11.5842,14.08166667,7.7332,4.362142857,
2011-08-31,8.35,16.04032798,9.445709961,3.229786812,12.23,0.22,6.5,19.5,11.4682,14.06211111,7.76965,4.384917582,
2011-09-01,8.22,15.7340866,9.446731657,3.248556153,12.21,0.22,6.49,19.47,11.352,14.00811111,7.8055,4.407335165,
2011-09-02,8.44,15.93570241,9.459126393,3.26741508,12.21,0.22,6.49,19.47,11.2422,13.91955556,7.8424,4.430357143,
2011-09-03,8.53,15.73946068,9.475031132,3.286363928,12.21,0.22,6.5,19.5,11.1348,13.82188889,7.8798,4.453626374,
2011-09-04,8.17,15.72460406,9.525948114,3.305403033,12.19,0.22,6.49,19.47,11.0258,13.70755556,7.91545,4.475906593,
2011-09-05,7.62,15.83416423,9.578293987,3.324532731,12.17,0.22,6.48,19.44,10.9114,13.57111111,7.94835,4.496675824,
2011-09-06,6.73,15.7341778,9.577937901,3.343753359,12.1,0.22,6.46,19.38,10.7854,13.34311111,7.97755,4.515,
2011-09-07,7.03,15.72894775,9.590892865,3.363065257,12.07,0.22,6.45,19.35,10.6452,13.09255556,8.00815,4.534148352,
2011-09-08,6.8,15.736384,9.598486063,3.382468763,12.02,0.22,6.43,19.29,10.5074,12.894,8.0379,4.552664835,
2011-09-09,5.31,15.83425318,9.551248467,3.401964218,11.92,0.22,6.41,19.23,10.3404,12.75733333,8.06025,4.567087912,
2011-09-10,5.03,15.97169766,9.498070444,3.421551963,11.88,0.22,6.4,19.2,10.168,12.63311111,8.081,4.580741758,
2011-09-11,6.06,15.86082122,9.508595487,3.441232339,11.44,0.22,6.16,18.48,10.0164,12.477,8.1068,4.597225275,
2011-09-12,6.04,15.73505767,9.50605165,3.461005691,11.41,0.22,6.15,18.45,9.86,12.33022222,8.13225,4.613653846,
2011-09-13,5.79,15.75958449,9.518201374,3.480872361,11.37,0.22,6.13,18.39,9.6918,12.17588889,8.1564,4.629395604,
2011-09-14,5.55,16.39335563,9.523644929,3.500832694,11.32,0.22,6.12,18.36,9.5246,12.028,8.17945,4.644478022,
2011-09-15,4.97,15.53522169,9.531250522,3.520887037,11.29,0.22,6.11,18.33,9.3448,11.91088889,8.19965,4.657967033,
2011-09-16,4.81,15.66739007,9.538309102,3.541035735,11.26,0.22,6.09,18.27,9.1688,11.78611111,8.2193,4.671016484,
2011-09-17,4.77,15.53784184,9.543922731,3.561279137,11.25,0.22,6.08,18.24,8.994,11.64166667,8.2384,4.683956044,
2011-09-18,5.11,15.63757303,9.554676501,3.581617591,11.24,0.22,6.08,18.24,8.8256,11.50388889,8.25935,4.69782967,
2011-09-19,5.26,15.65762577,9.556237092,3.602051446,11.23,0.23,6.07,18.21,8.6604,11.36777778,8.28105,4.712115385,
2011-09-20,6.1,15.53522206,9.73194262,3.622581053,11.22,0.23,6.07,18.21,8.519,11.241,8.307,4.728708791,
2011-09-21,5.62,15.53878417,9.684700743,3.643206763,11.23,0.23,6.07,18.21,8.3836,11.10888889,8.3307,4.743983516,
2011-09-22,5.49,15.85689197,9.815811795,3.663928928,11.21,0.23,6.06,18.18,8.2844,10.97533333,8.3539,4.758901099,
2011-09-23,5.59,15.53991849,10.06355647,3.684747901,11.2,0.24,6.05,18.15,8.1846,10.84288889,8.3774,4.774093407,
2011-09-24,5.41,15.65404488,10.29223846,3.705664037,11.21,0.24,6.05,18.15,8.0874,10.72977778,8.4001,4.788791209,
2011-09-25,5.32,15.76905391,10.55958293,3.726677691,11.15,0.25,6.01,18.03,8.0374,10.59988889,8.42245,4.803241758,
2011-09-26,4.95,15.54297997,10.75917672,3.747789218,11.13,0.25,6,18,7.982,10.46677778,8.44275,4.816675824,
2011-09-27,4.84,14.95383952,10.95403501,3.768998975,11.12,0.25,5.99,17.97,7.924,10.333,8.4625,4.829807692,
2011-09-28,4.74,15.05718688,10.96628845,3.79030732,11.11,0.26,5.99,17.97,7.8244,10.20222222,8.4817,4.842664835,
2011-09-29,4.7,15.19551254,10.97935737,3.811714613,11.1,0.26,5.98,17.94,7.7184,10.07777778,8.5007,4.855412088,
2011-09-30,5.01,15.20068739,10.98388871,3.833221212,11.1,0.27,5.98,17.94,7.6292,9.960888889,8.5213,4.869010989,
2011-10-01,5.05,12.84425374,10.97740493,3.854827478,11.26,0.35,5.97,17.91,7.5438,9.845,8.54215,4.88271978,
2011-10-02,4.98,12.95019416,10.98217938,3.876533774,11.25,0.36,5.96,17.88,7.4474,9.739444444,8.5628,4.896236264,
2011-10-03,4.94,13.10033772,10.98808895,3.898340461,11.23,0.36,5.96,17.88,7.334,9.652111111,8.5833,4.909642857,
2011-10-04,4.9,12.84237108,10.99657279,3.920247903,11.22,0.37,5.95,17.85,7.206,9.542111111,8.60395,4.92293956,
2011-10-05,4.86,12.93235192,11.00868566,3.942256465,11.21,0.37,5.95,17.85,7.0822,9.427666667,8.62445,4.936126374,
2011-10-06,4.68,13.33592463,11.00148619,3.964366512,11.17,0.38,5.94,17.82,6.9582,9.320222222,8.644,4.948818681,
2011-10-07,4.29,12.84280502,11.00590808,3.98657841,11.15,0.39,5.92,17.76,6.826,9.208,8.6617,4.960384615,
2011-10-08,4.03,12.8436408,11.01272396,4.008892527,11.14,0.41,5.92,17.76,6.6786,9.085222222,8.67795,4.971208791,
2011-10-09,4.19,13.04713328,11.02896063,4.031309231,11.11,0.42,5.91,17.73,6.5326,8.972111111,8.69475,4.982445055,
2011-10-10,4.1,13.26149366,11.03880424,4.053828892,11.1,0.43,5.9,17.7,6.387,8.860444444,8.71085,4.993434066,
2011-10-11,3.95,12.83633812,11.06081142,4.076451878,11.06,0.44,5.88,17.64,6.2454,8.748444444,8.7262,5.004038462,
2011-10-12,4.07,12.94789706,11.06968707,4.099178563,11.03,0.45,5.87,17.61,6.1062,8.638888889,8.7422,5.014945055,
2011-10-13,4.08,12.83978363,11.09222921,4.122009318,11.02,0.47,5.86,17.58,5.969,8.529777778,8.75845,5.025879121,
2011-10-14,4,11.16311373,11.07586711,4.144944515,11,0.5,5.85,17.55,5.8488,8.422888889,8.7744,5.036593407,
2011-10-15,3.89,11.24626988,11.08423804,4.16798453,10.98,0.5,5.85,17.55,5.7536,8.317888889,8.7899,5.047005495,
2011-10-16,3.64,11.16256742,11.08321423,4.191129736,10.95,0.52,5.84,17.52,5.6538,8.213555556,8.80415,5.056730769,
2011-10-17,2.85,11.53878183,11.08444281,4.214380511,10.83,0.53,5.8,17.4,5.5314,8.089222222,8.81445,5.064285714,
2011-10-18,2.62,11.53529304,11.09413892,4.237737231,10.78,0.54,5.78,17.34,5.4052,7.966222222,8.82365,5.071208791,
2011-10-19,2.28,11.1631122,11.09319368,4.261200274,10.69,0.53,5.74,17.22,5.2752,7.839777778,8.8311,5.077197802,
2011-10-20,2.31,11.2539402,11.10465361,4.284770019,10.67,0.54,5.73,17.19,5.1544,7.713777778,8.83875,5.083269231,
2011-10-21,2.54,11.16364843,11.12116601,4.308446846,10.65,0.56,5.72,17.16,5.0408,7.590444444,8.848,5.089945055,
2011-10-22,3.01,11.50387677,11.13856485,4.332231136,10.63,0.58,5.71,17.13,4.9322,7.469888889,8.8597,5.097912088,
2011-10-23,3.08,11.16213646,11.16146788,4.356123271,10.61,0.59,5.71,17.13,4.8232,7.346333333,8.8715,5.106071429,
2011-10-24,2.81,11.1624555,11.17076853,4.380123633,10.59,0.61,5.7,17.1,4.716,7.223,8.8818,5.113379121,
2011-10-25,2.74,11.2503853,11.19355906,4.404232607,10.57,0.62,5.69,17.07,4.6184,7.098333333,8.8917,5.120467033,
2011-10-26,2.75,11.35351149,11.20060309,4.428450577,10.53,0.65,5.67,17.01,4.5388,6.977666667,8.90175,5.127527473,
2011-10-27,2.92,11.72072426,11.20960882,4.452777929,10.52,0.68,5.67,17.01,4.4566,6.86,8.91265,5.135027473,
2011-10-28,3.11,11.16211631,11.20620601,4.47721505,10.52,0.72,5.67,17.01,4.3828,6.744222222,8.92435,5.143049451,
2011-10-29,3.54,11.65560684,11.20981079,4.501762328,10.51,0.74,5.67,17.01,4.3474,6.633333333,8.9378,5.152252747,
2011-10-30,3.38,11.16198387,11.21602831,4.526420151,10.49,0.76,5.66,16.98,4.3144,6.524555556,8.95005,5.161016484,
2011-10-31,3.19,9.290094874,11.22297948,4.55118891,10.42,0.99,5.66,16.98,4.257,6.422333333,8.96125,5.169258242,
2011-11-01,3.19,7.603050388,11.24207065,4.576068995,10.37,1.06,5.65,16.95,4.2,6.341666667,8.9722,5.1775,
2011-11-02,3.23,7.455649908,11.2440304,4.601060797,10.31,1.16,5.65,16.95,4.1488,6.26,8.98315,5.185851648,
2011-11-03,3.21,7.515016836,11.24182392,4.62616471,10.24,1.2,5.63,16.89,4.102,6.181555556,8.9938,5.194093407,
2011-11-04,3.13,7.506367866,11.21168675,4.651381127,10.19,1.25,5.63,16.89,4.0652,6.129444444,9.0037,5.202032967,
2011-11-05,3.01,7.455144809,11.21070103,4.676710443,9.84,1.7,5.62,16.86,4.0292,6.077111111,9.01285,5.209505495,
2011-11-06,2.96,7.663515674,11.22664925,4.702153055,9.63,1.95,5.62,16.86,3.993,6.024,9.02185,5.216648352,
2011-11-07,3,7.454912884,11.23480347,4.727709357,9.52,2.08,5.61,16.83,3.9508,5.949333333,9.03095,5.224010989,
2011-11-08,3.09,7.504704858,11.23286437,4.753379749,9.46,2.14,5.6,16.8,3.9074,5.872555556,9.03995,5.231758242,
2011-11-09,3,7.455804319,11.24047905,4.77916463,9.03,2.22,5.43,16.29,3.8454,5.800666667,9.0472,5.239450549,
2011-11-10,2.87,7.508188793,11.24752192,4.805064398,8.95,2.28,5.43,16.29,3.7904,5.729,9.0532,5.246730769,
2011-11-11,2.97,7.586985623,11.24416245,4.831079455,8.35,3.05,5.42,16.26,3.74,5.653111111,9.06015,5.254175824,
2011-11-12,3.06,7.456302575,11.24341851,4.857210203,8.21,3.19,5.42,16.26,3.6894,5.569222222,9.0671,5.261785714,
2011-11-13,3,7.663009173,11.25665993,4.883457044,7.98,3.44,5.41,16.23,3.6412,5.477,9.07265,5.269258242,
2011-11-14,2.51,7.388045155,11.24616028,4.909820382,7.89,3.49,5.4,16.2,3.585,5.382111111,9.07505,5.275412088,
2011-11-15,2.3,7.433085724,11.22995086,4.936300622,7.82,3.53,5.39,16.17,3.532,5.286777778,9.0736,5.281043956,
2011-11-16,2.46,7.441481279,11.2280679,4.96289817,6.71,3.79,5.03,15.09,3.4844,5.193,9.06945,5.287087912,
2011-11-17,2.23,7.387862673,11.21425263,4.989613433,6.58,3.84,5,15,3.4342,5.091111111,9.0649,5.292472527,
2011-11-18,2.14,7.442703401,11.21949319,5.016446819,6.36,3.95,4.96,14.88,3.383,4.987222222,9.0594,5.29760989,
2011-11-19,2.17,7.387129991,11.22049894,5.043398737,6.27,4.01,4.95,14.85,3.3262,4.884888889,9.05365,5.302802198,
2011-11-20,2.28,7.386824173,11.19225131,5.070469596,6.23,4.04,4.95,14.85,3.2708,4.787666667,9.04785,5.308296703,
2011-11-21,2.23,7.5126295,11.20224634,5.097659807,6.09,4.13,4.94,14.82,3.2158,4.689888889,9.04195,5.313653846,
2011-11-22,2.31,7.440537478,11.20382117,5.124969784,6.03,4.17,4.94,14.82,3.1632,4.594,9.0361,5.319230769,
2011-11-23,2.32,7.442144334,11.20055805,5.152399938,5.92,4.24,4.93,14.79,3.1116,4.508555556,9.02965,5.324835165,
2011-11-24,2.42,7.516381932,11.19091433,5.179950683,5.72,4.4,4.94,14.82,3.0628,4.439333333,9.0229,5.330714286,
2011-11-25,2.47,7.386199461,11.20693599,5.207622436,5.64,4.46,4.94,14.82,3.0186,4.370888889,9.01625,5.336730769,
2011-11-26,2.48,7.387400221,11.21422883,5.235415611,5.55,4.48,4.92,14.76,2.9824,4.298777778,9.00495,5.342774725,
2011-11-27,2.46,7.517190937,11.23161084,5.263330627,5.47,4.54,4.91,14.73,2.951,4.226888889,8.9905,5.348763736,
2011-11-28,2.51,7.561853544,11.24764813,5.291367901,5.26,4.59,4.86,14.58,2.9174,4.157222222,8.9739,5.354972527,
2011-11-29,2.79,6.902638205,11.25927679,5.319527852,5.14,4.7,4.88,14.64,2.8912,4.095444444,8.95045,5.36206044,
2011-11-30,2.91,6.757013796,11.20516989,5.347810902,5.13,4.73,4.88,14.64,2.8704,4.036444444,8.9257,5.369478022,
2011-12-01,3.05,6.165219042,11.24066823,5.37621747,5.11,4.75,4.89,14.67,2.85,3.976555556,8.90725,5.377197802,
2011-12-02,3.1,6.073123641,11.2654945,5.404747981,5.06,4.79,4.89,14.67,2.8304,3.916222222,8.8839,5.385027473,
2011-12-03,2.93,6.031913667,11.24884386,5.433402856,4.99,4.81,4.88,14.64,2.809,3.858,8.86095,5.392445055,
2011-12-04,2.75,6.033084562,11.27252038,5.46218252,4.92,4.83,4.86,14.58,2.7862,3.803888889,8.839,5.399423077,
2011-12-05,2.87,6.03331413,11.29968169,5.4910874,4.91,4.84,4.86,14.58,2.7708,3.761,8.81855,5.406758242,
2011-12-06,2.98,6.138443793,11.32136952,5.520117921,4.91,4.84,4.87,14.61,2.7734,3.716,8.80205,5.414340659,
2011-12-07,3,6.032223965,11.34009621,5.549274511,4.8,4.87,4.84,14.52,2.781,3.673777778,8.7872,5.421950549,
2011-12-08,2.95,6.033591594,11.26229899,5.578557599,4.73,4.9,4.84,14.52,2.7944,3.647555556,8.7696,5.429478022,
2011-12-09,2.99,6.074177578,11.2803066,5.607967614,4.7,4.92,4.84,14.52,2.808,3.624888889,8.74905,5.43717033,
2011-12-10,3.04,6.116981216,11.28106918,5.637504988,4.67,4.94,4.84,14.52,2.818,3.591333333,8.7281,5.444917582,
2011-12-11,3.2,5.865654649,11.26006685,5.667170152,4.65,4.97,4.84,14.52,2.8218,3.559777778,8.7042,5.453131868,
2011-12-12,3.18,6.266869397,11.25867607,5.696963538,4.63,4.98,4.84,14.52,2.8238,3.530777778,8.67735,5.461263736,
2011-12-13,3.21,6.436011468,11.30806693,5.726885582,4.61,4.99,4.84,14.52,2.8318,3.504777778,8.65005,5.469450549,
2011-12-14,3.12,6.388318494,11.31755989,5.756936717,4.57,5,4.83,14.49,2.8394,3.484222222,8.6234,5.477362637,
2011-12-15,3.17,6.610570801,11.3248671,5.787117381,4.55,5.02,4.83,14.49,2.8478,3.466,8.59775,5.485384615,
2011-12-16,3.18,6.442759409,11.33049112,5.81742801,4.52,5.03,4.83,14.49,2.853,3.448333333,8.57005,5.493434066,
2011-12-17,3.19,6.388464105,11.3326879,5.847869042,4.5,5.04,4.83,14.49,2.8546,3.427,8.5416,5.501510989,
2011-12-18,3.2,6.477525466,11.34573504,5.878440917,4.47,5.06,4.83,14.49,2.8478,3.404111111,8.51155,5.509642857,
2011-12-19,3.41,6.388203497,11.34898408,5.909144074,4.45,5.08,4.83,14.49,2.8484,3.374222222,8.47805,5.518296703,
2011-12-20,3.97,6.385914252,11.34591675,5.939978956,4.48,5.09,4.85,14.55,2.864,3.355888889,8.4325,5.528516484,
2011-12-21,3.93,6.430762521,11.34896151,5.970946005,4.48,5.1,4.86,14.58,2.8788,3.338555556,8.3701,5.538626374,
2011-12-22,3.79,6.474894567,11.36123508,6.002045665,4.46,5.12,4.86,14.58,2.89,3.318555556,8.30245,5.548351648,
2011-12-23,3.9,6.389156896,11.39117091,6.033278379,4.44,5.13,4.86,14.58,2.9038,3.301777778,8.22965,5.558379121,
2011-12-24,3.92,6.477696729,11.40576091,6.064644595,4.42,5.14,4.86,14.58,2.9196,3.286222222,8.14975,5.568461538,
2011-12-25,4.14,6.389395677,11.422026,6.096144758,4.39,5.16,4.86,14.58,2.9422,3.277222222,8.0342,5.579148352,
2011-12-26,4.04,6.524999113,11.44922728,6.127779316,4.37,5.17,4.86,14.58,2.9638,3.268333333,7.9065,5.589532967,
2011-12-27,4.02,6.415957903,11.46721687,6.159548719,4.33,5.2,4.87,14.61,2.9842,3.260333333,7.80325,5.599835165,
2011-12-28,4.14,6.416002779,11.46674476,6.191453417,4.32,5.21,4.87,14.61,3.0052,3.254111111,7.7359,5.610412088,
2011-12-29,4.22,6.461226173,11.4813967,6.22349386,4.32,5.22,4.87,14.61,3.0296,3.245333333,7.67595,5.621181319,
2011-12-30,4.19,6.41559329,11.48743691,6.255670501,4.29,5.23,4.87,14.61,3.056,3.235777778,7.59635,5.631895604,
2011-12-31,4.58,6.457742655,11.47914125,6.287983793,4.29,5.25,4.88,14.64,3.0882,3.231333333,7.523,5.643653846,
2012-01-01,5,6.537999009,11.4809261,6.320434191,4.29,5.25,4.88,14.64,3.127,3.232,7.4496,5.656565934,
2012-01-02,5,6.622801732,11.48463289,6.35302215,4.3,5.23,4.88,14.64,3.167,3.233111111,7.3803,5.669478022,
2012-01-03,5.29,6.577746917,11.46201344,6.385748127,4.32,5.24,4.89,14.67,3.2226,3.237888889,7.3292,5.683214286,
2012-01-04,5.57,6.528596486,11.46603676,6.418612579,4.35,5.24,4.9,14.7,3.288,3.247777778,7.27685,5.697692308,
2012-01-05,6.65,6.580431794,11.48059436,6.451615966,4.42,5.27,4.95,14.85,3.3718,3.274,7.22125,5.715137363,
2012-01-06,6,6.536075921,11.47503795,6.484758746,4.5,5.27,4.98,14.94,3.4472,3.295888889,7.1637,5.730769231,
2012-01-07,6.8,6.644448425,11.47050034,6.518041382,4.52,5.27,4.99,14.97,3.5404,3.324888889,7.11015,5.748598901,
2012-01-08,7,7.050011447,11.47281506,6.551464335,4.58,5.27,5.01,15.03,3.637,3.357111111,7.0576,5.766950549,
2012-01-09,6.3,7.176680147,11.45558126,6.585028068,4.65,5.27,5.04,15.12,3.7174,3.383222222,7.00155,5.783379121,
2012-01-10,7.14,7.04833733,11.45008033,6.618733046,4.7,5.25,5.04,15.12,3.8156,3.417333333,6.9497,5.802115385,
2012-01-11,7,7.09404402,11.39772027,6.652579734,4.73,5.26,5.06,15.18,3.9094,3.449777778,6.89715,5.820412088,
2012-01-12,6.51,7.061182479,11.40784602,6.686568599,4.77,5.28,5.09,15.27,3.9932,3.477666667,6.85175,5.837307692,
2012-01-13,6.72,7.09369261,11.41774821,6.720700108,4.8,5.29,5.1,15.3,4.0792,3.509111111,6.8003,5.854697802,
2012-01-14,6.3,7.041228509,11.43530928,6.75497473,4.81,5.29,5.11,15.33,4.1558,3.538666667,6.74715,5.870934066,
2012-01-15,7.15,7.039630755,11.43535826,6.789392934,4.84,5.28,5.12,15.36,4.2492,3.586444444,6.6985,5.889505495,
2012-01-16,7.1,7.062106105,11.44954678,6.823955193,4.8,5.33,5.13,15.39,4.342,3.636222222,6.65145,5.908049451,
2012-01-17,6,7.091003578,11.46766428,6.858661978,4.84,5.33,5.14,15.42,4.4118,3.677555556,6.60195,5.923653846,
2012-01-18,7.1,7.04132,11.48822064,6.893513761,4.84,5.33,5.15,15.45,4.498,3.730777778,6.5598,5.942307692,
2012-01-19,6.22,7.074392045,11.5029035,6.928511019,4.87,5.34,5.16,15.48,4.5642,3.771666667,6.5135,5.958434066,
2012-01-20,6.95,7.029596574,11.5237897,6.963654225,4.88,5.34,5.16,15.48,4.6422,3.815444444,6.47585,5.976428571,
2012-01-21,6.77,7.092494009,11.52899273,6.998943856,4.88,5.34,5.17,15.51,4.7156,3.856444444,6.4457,5.993846154,
2012-01-22,6.79,7.425630113,11.54053969,7.034380391,4.79,5.4,5.17,15.51,4.7928,3.900666667,6.40565,6.011291209,
2012-01-23,6.52,7.500409303,11.56214609,7.069964308,4.79,5.4,5.17,15.51,4.8682,3.942666667,6.36245,6.028076923,
2012-01-24,6.55,7.365343362,11.57500629,7.105696087,4.8,5.4,5.18,15.54,4.9418,3.984888889,6.32345,6.044917582,
2012-01-25,6.31,7.416853238,11.5931224,7.141576209,4.8,5.41,5.18,15.54,5.0084,4.022555556,6.28305,6.061126374,
2012-01-26,5.5,7.365683794,11.60328739,7.177605157,4.79,5.41,5.18,15.54,5.0584,4.049111111,6.23515,6.075027473,
2012-01-27,5.88,7.351987412,11.61063507,7.213783413,4.77,5.41,5.17,15.51,5.117,4.075111111,6.1927,6.09,
2012-01-28,4.91,7.520036508,11.62339432,7.250111462,4.72,5.41,5.15,15.45,5.1554,4.092111111,6.1465,6.10228022,
2012-01-29,5.5,7.185761093,11.59417548,7.28658979,4.71,5.41,5.15,15.45,5.2046,4.117777778,6.10385,6.116126374,
2012-01-30,5.58,7.392635183,11.61627324,7.323218884,4.68,5.42,5.15,15.45,5.2522,4.144333333,6.0621,6.130054945,
2012-01-31,5.3,7.416623494,11.63580249,7.359999231,4.67,5.42,5.14,15.42,5.2946,4.167333333,6.0191,6.142582418,
2012-02-01,5.88,7.490477706,11.65012126,7.396931321,4.66,5.42,5.14,15.42,5.348,4.197,5.9804,6.156730769,
2012-02-02,6.28,7.531588969,11.66637452,7.434015643,4.68,5.42,5.14,15.42,5.4112,4.232,5.9451,6.172032967,
2012-02-03,6.3,7.536273958,11.68157728,7.47125269,4.69,5.42,5.15,15.45,5.4738,4.268555556,5.91145,6.187142857,
2012-02-04,5.94,7.898764937,11.67721661,7.508642953,4.69,5.43,5.15,15.45,5.529,4.301666667,5.87095,6.201098901,
2012-02-05,5.6,7.958389023,11.68089029,7.546186926,4.68,5.43,5.15,15.45,5.5772,4.330555556,5.8305,6.214093407,
2012-02-06,5.6,8.011091078,11.68096125,7.583885105,4.67,5.42,5.14,15.42,5.6252,4.358444444,5.7902,6.227115385,
2012-02-07,5.69,7.899822345,11.68523186,7.621737984,4.66,5.42,5.14,15.42,5.6708,4.388333333,5.7504,6.240274725,
2012-02-08,5.87,7.956399538,11.70506787,7.659746062,4.66,5.42,5.14,15.42,5.7088,4.421666667,5.71155,6.253763736,
2012-02-09,5.89,7.899395009,11.73275876,7.697909835,4.66,5.42,5.14,15.42,5.748,4.454111111,5.6717,6.267307692,
2012-02-10,5.88,8.017228533,11.73631294,7.736229805,4.67,5.41,5.13,15.39,5.7898,4.485444444,5.6301,6.280741758,
2012-02-11,5.5,7.903501104,11.72941501,7.77470647,4.67,5.43,5.14,15.42,5.8218,4.513222222,5.58805,6.29293956,
2012-02-12,5.67,7.903637502,11.7306064,7.813340334,4.66,5.43,5.14,15.42,5.8568,4.548333333,5.5466,6.305631868,
2012-02-13,5.79,8.074442298,11.73591965,7.852131899,4.69,5.36,5.1,15.3,5.8898,4.587111111,5.5075,6.318626374,
2012-02-14,4.89,7.889800277,11.74468275,7.891081668,4.71,5.3,5.08,15.24,5.9068,4.614111111,5.4644,6.329175824,
2012-02-15,4.69,8.195081018,11.77477452,7.930190148,4.68,5.3,5.06,15.18,5.9202,4.641444444,5.4202,6.339203297,
2012-02-16,4.51,7.896115538,11.80704612,7.969457844,4.64,5.3,5.05,15.15,5.9276,4.667777778,5.37515,6.348736264,
2012-02-17,4.67,7.903736281,11.82668052,8.008885265,4.62,5.3,5.04,15.12,5.9366,4.695555556,5.33265,6.359120879,
2012-02-18,4.23,7.977444634,11.85002639,8.048472918,4.58,5.29,5.02,15.06,5.9374,4.717222222,5.29185,6.368241758,
2012-02-19,4.38,7.88565799,11.89232199,8.088221314,4.56,5.29,5.01,15.03,5.9334,4.741111111,5.2615,6.37793956,
2012-02-20,4.44,7.883667462,11.92737526,8.128130963,4.55,5.29,5,15,5.9222,4.764777778,5.2308,6.38782967,
2012-02-21,4.58,7.884114829,11.94630239,8.168202379,4.53,5.29,5,15,5.9138,4.789888889,5.20235,6.397994505,
2012-02-22,4.51,7.934509748,11.96024121,8.208436074,4.52,5.29,4.99,14.97,5.8982,4.813111111,5.1858,6.407912088,
2012-02-23,5.2,7.88354688,11.97734241,8.248832564,4.53,5.28,4.99,14.97,5.8908,4.843444444,5.1732,6.419587912,
2012-02-24,4.95,7.883634514,11.9878104,8.289392363,4.54,5.28,5,15,5.8568,4.870888889,5.15925,6.430549451,
2012-02-25,5,7.980899767,11.9635353,8.330115989,4.55,5.28,5,15,5.8368,4.899111111,5.13565,6.441703297,
2012-02-26,4.98,7.884709634,11.98136458,8.37100396,4.55,5.28,5,15,5.8004,4.926555556,5.11055,6.45282967,
2012-02-27,5.04,7.984879328,12.00297125,8.412056795,4.56,5.28,5,15,5.7612,4.951555556,5.0884,6.464258242,
2012-02-28,4.88,7.884512874,12.00606616,8.453275015,4.56,5.28,5,15,5.7328,4.973444444,5.0662,6.475054945,
2012-02-29,4.99,7.885307442,12.02485099,8.494659142,4.56,5.22,4.97,14.91,5.6898,4.995,5.04215,6.486236264,
2012-03-01,5,6.676567695,12.02372458,8.536209698,4.57,5.22,4.97,14.91,5.6498,5.016111111,5.0141,6.497445055,
2012-03-02,4.79,7.22210551,12.01545892,8.577927207,4.55,5.22,4.96,14.88,5.6154,5.036777778,4.98155,6.508104396,
2012-03-03,4.65,7.297238132,12.02952491,8.619812195,4.54,5.22,4.95,14.85,5.574,5.057888889,4.94955,6.518461538,
2012-03-04,4.81,7.168387829,12.07090092,8.661865189,4.54,5.21,4.95,14.85,5.5442,5.079444444,4.9192,6.529340659,
2012-03-05,5.04,7.366045362,12.09383964,8.704086716,4.55,5.21,4.95,14.85,5.502,5.102333333,4.8899,6.540741758,
2012-03-06,4.98,7.168412524,12.11630887,8.746477304,4.56,5.21,4.96,14.88,5.4596,5.124333333,4.8578,6.552032967,
2012-03-07,4.93,7.216241905,12.15485197,8.789037484,4.56,5.21,4.96,14.88,5.4382,5.146333333,4.825,6.563241758,
2012-03-08,5.01,7.169684436,12.18388561,8.831767788,4.56,5.2,4.96,14.88,5.3964,5.168777778,4.79315,6.57456044,
2012-03-09,4.93,7.16989867,12.18763178,8.874668747,4.57,5.2,4.96,14.88,5.3706,5.189777778,4.76265,6.585659341,
2012-03-10,4.94,7.29997809,12.20308277,8.917740896,4.57,5.2,4.95,14.85,5.3304,5.209111111,4.7322,6.596758242,
2012-03-11,5,7.170320814,12.22385854,8.960984769,4.57,5.19,4.95,14.85,5.295,5.229333333,4.7025,6.608021978,
2012-03-12,4.99,7.256564689,12.23605338,9.004400902,4.57,5.19,4.95,14.85,5.259,5.249111111,4.6774,6.619285714,
2012-03-13,5.3,7.163296472,12.26372851,9.047989833,4.58,5.19,4.95,14.85,5.2346,5.273333333,4.66065,6.631428571,
2012-03-14,5.27,7.272652343,12.27562141,9.0917521,4.6,5.18,4.96,14.88,5.209,5.296666667,4.64385,6.643571429,
2012-03-15,5.39,7.169145012,12.31225138,9.135688244,4.63,5.17,4.96,14.88,5.1906,5.321222222,4.62595,6.656071429,
2012-03-16,5.26,7.218335678,12.33860058,9.179798804,4.65,5.17,4.97,14.91,5.1858,5.344222222,4.6076,6.668406593,
2012-03-17,5.42,7.176728124,12.37364884,9.224084323,4.66,5.16,4.97,14.91,5.1766,5.368888889,4.5908,6.681208791,
2012-03-18,5.25,7.311404254,12.42269205,9.268545345,4.68,5.15,4.97,14.91,5.1834,5.389333333,4.5753,6.693516484,
2012-03-19,4.86,7.326029577,12.43014683,9.313182414,4.68,5.14,4.96,14.88,5.1706,5.399222222,4.5585,6.704807692,
2012-03-20,4.79,7.175411374,12.4666619,9.357996076,4.67,5.14,4.96,14.88,5.1548,5.408777778,4.54025,6.715824176,
2012-03-21,4.96,7.176665402,12.50034194,9.402986878,4.67,5.12,4.95,14.85,5.148,5.421777778,4.5224,6.72717033,
2012-03-22,4.91,7.222082274,12.52229842,9.448155368,4.66,5.12,4.94,14.82,5.1286,5.433,4.5061,6.738241758,
2012-03-23,4.78,7.402694693,12.54004214,9.493502096,4.66,5.12,4.94,14.82,5.0986,5.442555556,4.4919,6.748956044,
2012-03-24,4.83,7.246395707,12.57043418,9.539027613,4.66,5.11,4.93,14.79,5.0692,5.450222222,4.4824,6.759835165,
2012-03-25,4.54,7.173465113,12.57239755,9.584732471,4.65,5.11,4.93,14.79,5.0412,5.455777778,4.46995,6.770027473,
2012-03-26,4.73,7.319006901,12.57552342,9.630617222,4.65,5.1,4.92,14.76,5.0238,5.463666667,4.4596,6.780796703,
2012-03-27,4.82,7.175806428,12.58556141,9.676682421,4.65,5.09,4.92,14.76,5.0082,5.471222222,4.45715,6.791868132,
2012-03-28,4.82,7.222841193,12.60883888,9.722928624,4.65,5.09,4.92,14.76,4.9908,5.477888889,4.4561,6.80293956,
2012-03-29,4.84,7.955142576,12.62004872,9.769356389,4.65,5.09,4.92,14.76,4.9702,5.485111111,4.45,6.814065934,
2012-03-30,4.88,7.789897027,12.63519208,9.815966272,4.66,4.96,4.84,14.52,4.95,5.488444444,4.4442,6.82532967,
2012-03-31,4.9,7.790204507,12.65352318,9.862758833,4.66,4.96,4.84,14.52,4.9304,5.487333333,4.43975,6.836620879,
2012-04-01,4.89,6.169331058,12.6627083,9.909734634,4.66,4.96,4.84,14.52,4.9182,5.486111111,4.43645,6.847912088,
2012-04-02,5.04,6.23066501,12.67533205,9.956894236,4.67,4.96,4.84,14.52,4.9056,5.483333333,4.4368,6.859862637,
2012-04-03,4.99,6.216909834,12.66963792,10.0042382,4.67,4.93,4.83,14.49,4.8896,5.476888889,4.4377,6.871730769,
2012-04-04,5.01,6.125072632,12.69740636,10.0517671,4.68,4.93,4.83,14.49,4.892,5.458666667,4.4389,6.883516484,
2012-04-05,5,6.229067133,12.71622517,10.09948148,4.68,4.93,4.83,14.49,4.8982,5.447555556,4.43835,6.895192308,
2012-04-06,4.99,6.125146282,12.71006088,10.14738193,4.69,4.93,4.83,14.49,4.9078,5.427444444,4.437,6.906813187,
2012-04-07,4.71,6.315913591,12.73068854,10.19546901,4.74,4.89,4.83,14.49,4.9086,5.402,4.43005,6.91771978,
2012-04-08,4.76,6.126304782,12.75764689,10.24374329,4.74,4.89,4.83,14.49,4.9192,5.384888889,4.42575,6.928763736,
2012-04-09,4.75,6.168215947,12.77366488,10.29220533,4.75,4.89,4.83,14.49,4.9266,5.358333333,4.42205,6.939697802,
2012-04-10,4.8,6.123659073,12.81809951,10.34085572,4.75,4.88,4.83,14.49,4.9338,5.333888889,4.4181,6.950549451,
2012-04-11,4.92,6.298683462,12.84362998,10.38969502,4.76,4.88,4.83,14.49,4.9406,5.316222222,4.41565,6.961510989,
2012-04-12,4.93,5.940323517,12.86774679,10.43872381,4.76,4.88,4.83,14.49,4.949,5.296333333,4.4137,6.972445055,
2012-04-13,4.93,6.183776215,12.88465041,10.48794267,4.77,4.88,4.84,14.52,4.9436,5.281111111,4.4136,6.983241758,
2012-04-14,4.96,5.940987183,12.92273484,10.53735216,4.93,4.79,4.84,14.52,4.9438,5.256777778,4.4142,6.994010989,
2012-04-15,4.98,5.942082832,12.96099827,10.58695288,4.94,4.79,4.84,14.52,4.9434,5.233222222,4.4154,7.004725275,
2012-04-16,4.98,5.941453397,12.97073192,10.63674539,4.95,4.78,4.84,14.52,4.9434,5.221888889,4.4168,7.015247253,
2012-04-17,4.98,5.984275878,12.96978616,10.68673029,4.96,4.78,4.84,14.52,4.9422,5.198333333,4.41665,7.025686813,
2012-04-18,5.16,6.031902755,12.98459436,10.73690814,4.98,4.78,4.85,14.55,4.9478,5.186555556,4.4172,7.036675824,
2012-04-19,5.13,5.941762028,12.98174508,10.78727954,5,4.77,4.85,14.55,4.9506,5.166333333,4.41795,7.047527473,
2012-04-20,5.38,5.940618198,12.98668743,10.83784507,5.02,4.77,4.86,14.58,4.9582,5.150888889,4.42015,7.058763736,
2012-04-21,5.24,5.980970841,12.99698681,10.88860532,5.03,4.76,4.86,14.58,4.9672,5.133666667,4.42185,7.068901099,
2012-04-22,5.17,5.984501786,13.01948079,10.93956087,5.05,4.76,4.86,14.58,4.9776,5.118666667,4.4234,7.078516484,
2012-04-23,5.15,6.030456848,13.0406302,10.99071231,5.05,4.75,4.86,14.58,4.9844,5.103111111,4.42575,7.088324176,
2012-04-24,5.1,5.940545086,13.06496133,11.04206023,5.08,4.73,4.86,14.58,4.9856,5.089666667,4.4298,7.097747253,
2012-04-25,5.14,5.941017269,13.09339036,11.09360522,5.09,4.76,4.88,14.64,4.9888,5.085666667,4.43535,7.106675824,
2012-04-26,4.98,5.936684047,13.15385305,11.14534788,5.09,4.75,4.88,14.64,4.9898,5.075666667,4.4393,7.11478022,
2012-04-27,5.04,5.679157202,13.16547513,11.1972888,5.1,4.74,4.87,14.61,4.9904,5.077111111,4.444,7.121510989,
2012-04-28,4.88,5.866654759,13.1882781,11.24942856,5.1,4.74,4.87,14.61,4.9894,5.070222222,4.44865,7.125879121,
2012-04-29,4.91,5.682371514,13.20731376,11.30176778,5.1,4.74,4.87,14.61,4.9888,5.062777778,4.45285,7.130741758,
2012-04-30,5,5.713432721,13.2275012,11.35430704,5.1,4.71,4.86,14.58,4.9888,5.059444444,4.45745,7.135576923,
2012-05-01,4.97,5.041328641,13.24749641,11.40704695,5.1,4.71,4.86,14.58,4.9884,5.049333333,4.4623,7.14010989,
2012-05-02,5.06,5.040659881,13.27720661,11.4599881,5.11,4.71,4.86,14.58,4.9836,5.035777778,4.46815,7.14456044,
2012-05-03,5.1,5.166429419,13.33552279,11.5131311,5.12,4.71,4.86,14.58,4.9802,5.022444444,4.47545,7.149203297,
2012-05-04,5.07,5.038775368,13.3581893,11.56647655,5.13,4.7,4.86,14.58,4.9738,5.012777778,4.48655,7.153571429,
2012-05-05,5.04,5.100935367,13.39492965,11.62002505,5.13,4.7,4.86,14.58,4.9694,5.006555556,4.49865,7.1575,
2012-05-06,5.08,5.040794415,13.27697277,11.67377721,5.14,4.68,4.85,14.55,4.9626,5.000777778,4.51265,7.161098901,
2012-05-07,5.05,5.066955048,13.27869288,11.72773363,5.14,4.68,4.85,14.55,4.9586,4.993666667,4.52635,7.164532967,
2012-05-08,5.02,5.038235774,13.31178365,11.78189493,5.14,4.68,4.85,14.55,4.9618,4.984222222,4.53875,7.165302198,
2012-05-09,5.02,5.786679846,13.32439089,11.8362617,5.14,4.68,4.85,14.55,4.9664,4.974555556,4.5488,7.164395604,
2012-05-10,5,6.102716555,13.33654136,11.89083457,5.14,4.68,4.85,14.55,4.9672,4.964777778,4.5584,7.162115385,
2012-05-11,4.95,5.786585623,13.34588631,11.94561415,5.14,4.67,4.85,14.55,4.968,4.958666667,4.5691,7.155164835,
2012-05-12,4.91,5.877062816,13.36924536,12.00060104,5.14,4.69,4.86,14.58,4.9706,4.950222222,4.57995,7.14706044,
2012-05-13,4.94,5.786771301,13.410514,12.05579586,5.15,4.68,4.85,14.55,4.9728,4.940777778,4.5909,7.142115385,
2012-05-14,4.93,5.773426154,13.44114461,12.11119923,5.14,4.68,4.85,14.55,4.9806,4.941222222,4.60095,7.134313187,
2012-05-15,4.95,6.000641706,13.45487388,12.16681176,5.15,4.67,4.85,14.55,4.985,4.944111111,4.61015,7.127252747,
2012-05-16,5.04,5.784095296,13.41278524,12.22263407,5.15,4.66,4.85,14.55,4.9894,4.95,4.61765,7.121483516,
2012-05-17,5.02,5.784847902,13.44218772,12.27866679,5.15,4.65,4.84,14.52,4.9934,4.953888889,4.62585,7.116153846,
2012-05-18,5.07,5.862637531,13.47298384,12.33491053,5.17,4.63,4.83,14.49,4.998,4.963222222,4.63525,7.11282967,
2012-05-19,5.07,5.810595697,13.49921239,12.39136591,5.18,4.63,4.83,14.49,5.0018,4.970888889,4.64465,7.110357143,
2012-05-20,5.03,5.821656421,13.53480364,12.44803357,5.19,4.6,4.81,14.43,5.0044,4.977444444,4.65365,7.106401099,
2012-05-21,5.08,5.778584333,13.59373424,12.50491412,5.19,4.57,4.8,14.4,5.0082,4.983,4.663,7.100851648,
2012-05-22,5.03,5.833981837,13.65416307,12.56200819,5.19,4.57,4.8,14.4,5.008,4.988777778,4.6725,7.094807692,
2012-05-23,5.1,5.779549944,13.69345827,12.6193164,5.19,4.57,4.8,14.4,5.0102,4.987666667,4.68295,7.086895604,
2012-05-24,5.12,5.347134943,13.75614687,12.6768394,5.2,4.54,4.79,14.37,5.0124,4.989555556,4.69375,7.077472527,
2012-05-25,5.08,5.39195708,13.79176926,12.7345778,5.2,4.54,4.79,14.37,5.014,4.990444444,4.70415,7.06760989,
2012-05-26,5.07,5.309525193,13.82311671,12.79253224,5.2,4.52,4.78,14.34,5.0156,4.991444444,4.71405,7.058324176,
2012-05-27,5.07,5.309456114,13.89269218,12.85070335,5.2,4.52,4.78,14.34,5.0228,4.991777778,4.7244,7.049450549,
2012-05-28,5.07,5.418728245,13.95329663,12.90909177,5.21,4.52,4.78,14.34,5.029,4.993888889,4.7354,7.039423077,
2012-05-29,5.11,5.306886273,13.929802,12.96769814,5.21,4.52,4.78,14.34,5.0362,4.995222222,4.7461,7.029065934,
2012-05-30,5.11,5.305898532,13.96790325,13.02652308,5.21,4.52,4.78,14.34,5.0424,4.996444444,4.75635,7.017802198,
2012-05-31,5.16,5.350029821,14.02826788,13.08556723,5.22,4.48,4.76,14.28,5.0472,5.000555556,4.76715,7.004203297,
2012-06-01,5.22,5.17120479,14.07771854,13.14483125,5.23,4.48,4.76,14.28,5.053,5.006888889,4.7807,6.98260989,
2012-06-02,5.19,5.307202538,14.09179398,13.20431576,5.23,4.48,4.76,14.28,5.0582,5.011111111,4.79515,6.951785714,
2012-06-03,5.19,5.270715464,14.20689506,13.26402142,5.23,4.49,4.76,14.28,5.0628,5.012777778,4.8088,6.918461538,
2012-06-04,5.22,5.163215667,14.16985719,13.32394886,5.22,4.49,4.76,14.28,5.0676,5.015444444,4.82375,6.882087912,
2012-06-05,5.36,5.161210846,14.28288777,13.38409873,5.23,4.49,4.77,14.31,5.0752,5.020222222,4.83985,6.842142857,
2012-06-06,5.41,5.242393795,14.33353204,13.44447167,5.24,4.5,4.77,14.31,5.0838,5.024666667,4.85605,6.782142857,
2012-06-07,5.53,5.140816009,14.28151391,13.50506834,5.23,4.51,4.77,14.31,5.0912,5.031333333,4.8723,6.716071429,
2012-06-08,5.61,5.144617069,14.32005155,13.56588939,5.24,4.52,4.78,14.34,5.1008,5.038777778,4.8892,6.663708791,
2012-06-09,5.48,5.17306869,14.35660907,13.62693545,5.25,4.52,4.79,14.37,5.1028,5.044111111,4.90505,6.630384615,
2012-06-10,5.42,5.14096156,14.48357056,13.6882072,5.25,4.52,4.79,14.37,5.1064,5.048888889,4.92055,6.600741758,
2012-06-11,5.52,5.179981841,14.57976821,13.74970527,5.24,4.54,4.79,14.37,5.1134,5.051333333,4.93605,6.560659341,
2012-06-12,5.71,5.182227896,14.58926085,13.81143032,5.26,4.54,4.8,14.4,5.1246,5.056222222,4.95225,6.523461538,
2012-06-13,5.86,5.164902385,14.80493444,13.87338302,5.28,4.54,4.81,14.43,5.1398,5.061444444,4.96915,6.485494505,
2012-06-14,5.91,5.196972542,14.87447131,13.93556401,5.29,4.54,4.81,14.43,5.1552,5.068666667,4.9864,6.449917582,
2012-06-15,6.33,5.134977139,14.82752509,13.99797396,5.32,4.55,4.82,14.46,5.1822,5.078777778,5.0055,6.424697802,
2012-06-16,6.41,5.171406681,14.91464842,14.06061353,5.36,4.55,4.84,14.52,5.2096,5.091666667,5.0236,6.398241758,
2012-06-17,6.19,5.171374872,15.00508711,14.12348337,5.37,4.56,4.85,14.55,5.2358,5.106444444,5.04,6.366428571,
2012-06-18,6.06,5.14027413,15.09426865,14.18658415,5.37,4.56,4.85,14.55,5.2588,5.120555556,5.05505,6.334972527,
2012-06-19,6.46,5.243890695,15.11094904,14.24991654,5.4,4.56,4.86,14.58,5.288,5.137222222,5.07185,6.304615385,
2012-06-20,6.64,5.68424738,15.14333699,14.3134812,5.44,4.54,4.86,14.58,5.3214,5.156444444,5.0904,6.274752747,
2012-06-21,6.64,5.597797712,15.19665201,14.3772788,5.46,4.55,4.87,14.61,5.353,5.177111111,5.10985,6.24489011,
2012-06-22,6.59,5.606872099,15.26277739,14.44131001,5.48,4.55,4.88,14.64,5.3828,5.196666667,5.12845,6.21489011,
2012-06-23,6.45,5.611558789,15.26805686,14.50557549,5.49,4.55,4.89,14.67,5.4104,5.217888889,5.1458,6.184505495,
2012-06-24,6.4,5.653983824,15.32917453,14.57007592,5.5,4.55,4.89,14.67,5.4376,5.236444444,5.1628,6.159258242,
2012-06-25,6.26,5.684821772,15.37946262,14.63481197,5.5,4.56,4.89,14.67,5.4612,5.252444444,5.17935,6.129725275,
2012-06-26,6.38,5.685230465,15.45984837,14.69978431,5.51,4.56,4.89,14.67,5.4878,5.269777778,5.1963,6.100741758,
2012-06-27,6.49,5.611179451,15.4570991,14.76499362,5.53,4.56,4.9,14.7,5.5172,5.288111111,5.21355,6.072197802,
2012-06-28,6.5,5.651733178,15.50795258,14.83044058,5.54,4.56,4.9,14.7,5.5468,5.306111111,5.23005,6.044697802,
2012-06-29,6.52,5.614591089,15.57816684,14.89612586,5.56,4.56,4.91,14.73,5.5772,5.324111111,5.24675,6.018928571,
2012-06-30,6.58,5.611840877,15.67824043,14.96205015,5.57,4.56,4.91,14.73,5.6098,5.342888889,5.2636,5.994340659,
2012-07-01,6.52,5.645747109,15.7849038,15.02821412,5.57,4.56,4.92,14.76,5.642,5.359333333,5.2806,5.969725275,
2012-07-02,6.61,5.600356287,15.87511082,15.09461846,5.59,4.57,4.92,14.76,5.6754,5.377333333,5.2978,5.948104396,
2012-07-03,6.44,5.605235281,15.92749428,15.16126385,5.59,4.57,4.92,14.76,5.7056,5.393222222,5.3141,5.930631868,
2012-07-04,6.44,5.722647666,15.91796226,15.22815098,5.6,4.57,4.93,14.79,5.7354,5.409222222,5.33035,5.907664835,
2012-07-05,6.6,5.724301142,15.94676135,15.29528054,5.62,4.57,4.93,14.79,5.7666,5.427111111,5.34735,5.884148352,
2012-07-06,6.54,5.719463753,16.0265009,15.3626532,5.62,4.57,4.94,14.82,5.797,5.447444444,5.363,5.862692308,
2012-07-07,6.76,5.733811067,16.12732601,15.43026966,5.64,4.56,4.93,14.79,5.8308,5.469666667,5.37695,5.841730769,
2012-07-08,6.73,5.686263149,16.19344639,15.49813062,5.66,4.56,4.94,14.82,5.864,5.491666667,5.39095,5.818791209,
2012-07-09,6.94,5.753469598,16.22842188,15.56623676,5.68,4.56,4.95,14.85,5.9022,5.515444444,5.4067,5.798379121,
2012-07-10,7.08,5.676625179,16.34402269,15.63458878,5.73,4.45,4.9,14.7,5.9422,5.539444444,5.4226,5.778956044,
2012-07-11,7.15,5.720941042,16.40781565,15.70318737,5.76,4.45,4.92,14.76,5.9846,5.564111111,5.43875,5.760054945,
2012-07-12,7.59,5.684558032,16.45596151,15.77203323,5.78,4.45,4.92,14.76,6.0344,5.593666667,5.456,5.742637363,
2012-07-13,7.59,5.894023473,16.4640508,15.84112706,5.85,4.45,4.95,14.85,6.0838,5.622888889,5.47375,5.725302198,
2012-07-14,7.55,5.719304905,16.52463247,15.91046955,5.9,4.37,4.92,14.76,6.1332,5.651444444,5.4914,5.708626374,
2012-07-15,7.57,5.842829798,16.56414462,15.98006142,5.91,4.37,4.92,14.76,6.1832,5.680222222,5.50855,5.692774725,
2012-07-16,8.3,5.678697651,16.57978069,16.04990335,5.98,4.37,4.95,14.85,6.2478,5.717111111,5.52895,5.67978022,
2012-07-17,8.55,6.054346583,16.64405978,16.11999606,6.14,4.35,5,15,6.3174,5.754777778,5.55075,5.664697802,
2012-07-18,9,6.125958156,16.67199369,16.19034024,6.24,4.35,5.03,15.09,6.3952,5.797777778,5.57285,5.651813187,
2012-07-19,8.9,6.09524754,16.57968027,16.26093661,6.33,4.35,5.07,15.21,6.471,5.836888889,5.59235,5.638736264,
2012-07-20,8.44,6.037955055,16.65327511,16.33178588,6.33,4.35,5.07,15.21,6.5366,5.872444444,5.60955,5.624423077,
2012-07-21,8.8,6.051349424,16.75063004,16.40288875,6.39,4.35,5.09,15.27,6.6082,5.912777778,5.6271,5.611126374,
2012-07-22,8.42,6.093444591,16.90024192,16.47424593,6.42,4.35,5.1,15.3,6.6728,5.949111111,5.64135,5.596181319,
2012-07-23,8.59,6.049887935,16.96799597,16.54585814,6.45,4.35,5.11,15.33,6.7408,5.987888889,5.65105,5.580769231,
2012-07-24,8.57,6.131735546,16.9176265,16.61772608,6.49,4.35,5.12,15.36,6.8078,6.026,5.6639,5.566098901,
2012-07-25,8.62,6.057095642,16.98039009,16.68985049,6.51,4.35,5.13,15.39,6.873,6.066444444,5.673,5.551428571,
2012-07-26,8.75,6.198824564,17.06215126,16.76223206,6.56,4.35,5.15,15.45,6.9398,6.107666667,5.68175,5.538076923,
2012-07-27,8.83,6.056831386,17.13492928,16.83487152,6.6,4.35,5.17,15.51,7.0058,6.151555556,5.6944,5.52521978,
2012-07-28,8.88,6.052260755,17.36586116,16.9077696,6.65,4.35,5.18,15.54,7.0712,6.195666667,5.7031,5.512445055,
2012-07-29,8.71,6.091532101,17.36382935,16.980927,6.69,4.35,5.19,15.57,7.1358,6.236888889,5.71165,5.499230769,
2012-07-30,9,6.607188148,17.33889986,17.05434446,6.73,4.35,5.2,15.6,7.2074,6.281666667,5.7241,5.487774725,
2012-07-31,9.28,6.702318605,17.46349361,17.12802269,6.81,4.35,5.23,15.69,7.2826,6.328555556,5.7369,5.479230769,
2012-08-01,9.45,6.701000442,17.50188725,17.20196243,6.86,4.35,5.25,15.75,7.3574,6.376888889,5.75265,5.476483516,
2012-08-02,10.39,6.646358115,17.54626201,17.27616439,6.98,4.35,5.3,15.9,7.448,6.436,5.76885,5.475961538,
2012-08-03,10.79,6.601983099,17.61525141,17.35062931,7.1,4.35,5.34,16.02,7.5456,6.499888889,5.7873,5.47739011,
2012-08-04,10.51,6.650685264,17.68295609,17.42535792,7.19,4.35,5.37,16.11,7.6292,6.560222222,5.80985,5.48478022,
2012-08-05,10.7,6.597812264,17.786201,17.50035095,7.25,4.35,5.4,16.2,7.715,6.623,5.82785,5.492967033,
2012-08-06,10.82,6.645755978,17.93854077,17.57560913,7.33,4.35,5.42,16.26,7.8076,6.687444444,5.85085,5.501428571,
2012-08-07,10.74,6.606934958,18.09041813,17.65113319,7.37,4.34,5.44,16.32,7.9012,6.751,5.8698,5.504230769,
2012-08-08,10.99,6.58050578,18.13113849,17.72692387,7.47,4.33,5.47,16.41,7.9918,6.817555556,5.8909,5.506950549,
2012-08-09,11,6.64754853,18.11767189,17.80298191,7.54,4.33,5.5,16.5,8.079,6.884777778,5.91195,5.511153846,
2012-08-10,11.32,6.584598588,18.24462961,17.87930805,7.59,4.33,5.52,16.56,8.1726,6.956,5.93595,5.516648352,
2012-08-11,11.38,6.607137447,18.36155109,17.95590303,7.63,4.33,5.53,16.59,8.2684,7.027555556,5.9601,5.520989011,
2012-08-12,11.49,7.197564693,18.57002091,18.03276758,7.67,4.33,5.55,16.65,8.3692,7.100444444,5.986,5.523406593,
2012-08-13,11.89,7.145246844,18.88829285,18.10990245,7.74,4.33,5.58,16.74,8.479,7.177555556,6.01795,5.525027473,
2012-08-14,12.25,7.104833901,19.02184674,18.18730839,7.83,4.33,5.61,16.83,8.5988,7.257666667,6.0498,5.528324176,
2012-08-15,13.01,7.09468301,19.00798052,18.26498614,7.93,4.33,5.65,16.95,8.7314,7.346444444,6.0903,5.534175824,
2012-08-16,13.35,7.235680913,19.11145277,18.34293645,8.09,4.33,5.71,17.13,8.8686,7.438444444,6.12955,5.540906593,
2012-08-17,12.75,7.091824774,19.22206723,18.42116007,8.33,4.33,5.82,17.46,8.9936,7.523777778,6.1654,5.544615385,
2012-08-18,11.54,7.247608292,19.38541587,18.49965775,8.3,4.32,5.81,17.43,9.094,7.596111111,6.1966,5.544752747,
2012-08-19,7.85,7.106548881,18.8513088,18.57843024,8.17,4.32,5.77,17.31,9.1194,7.626888889,6.20645,5.535054945,
2012-08-20,9.89,7.386730958,18.72755405,18.65747829,8.25,4.31,5.8,17.4,9.1868,7.680888889,6.2245,5.531923077,
2012-08-21,10.18,7.103376565,18.77879481,18.73680266,8.29,4.31,5.81,17.43,9.2582,7.737333333,6.2439,5.529587912,
2012-08-22,9.96,7.148277862,18.84659816,18.8164041,8.35,4.32,5.83,17.49,9.3286,7.791111111,6.264,5.526895604,
2012-08-23,10.02,7.105606713,19.02162722,18.89628338,8.35,4.31,5.83,17.49,9.4002,7.846,6.2861,5.526923077,
2012-08-24,10.37,7.105067359,19.1195793,18.97644125,8.37,4.31,5.83,17.49,9.4756,7.904888889,6.30995,5.531648352,
2012-08-25,10.57,7.965592886,19.22105832,19.05687847,8.43,4.31,5.85,17.55,9.5562,7.966,6.33435,5.536978022,
2012-08-26,10.31,7.961716583,19.27232566,19.13759581,8.46,4.31,5.86,17.58,9.6272,8.024222222,6.35655,5.540659341,
2012-08-27,10.78,8.067808429,19.38576256,19.21859403,8.63,4.31,5.93,17.79,9.7082,8.087222222,6.381,5.545741758,
2012-08-28,11,7.909394337,19.53613612,19.29987389,8.69,4.31,5.96,17.88,9.7894,8.152666667,6.4066,5.551840659,
2012-08-29,10.82,7.912938512,19.67907044,19.38143617,8.7,4.31,5.96,17.88,9.8642,8.215555556,6.4332,5.558626374,
2012-08-30,10.58,7.957157325,19.77228669,19.46328162,8.71,4.31,5.96,17.88,9.9328,8.275111111,6.45775,5.56510989,
2012-08-31,10.16,7.901280278,19.85849422,19.54541103,8.82,4.3,6.02,18.06,9.9842,8.330333333,6.4796,5.569835165,
2012-09-01,9.91,7.950088553,20.05183618,19.62782516,8.78,4.3,6.01,18.03,10.0306,8.382777778,6.5047,5.573626374,
2012-09-02,10.18,7.906237111,20.13984866,19.71052478,8.79,4.3,6.01,18.03,10.0832,8.437888889,6.53215,5.579148352,
2012-09-03,10.55,7.952002578,20.20818664,19.79351068,8.81,4.3,6.02,18.06,10.1428,8.495555556,6.56235,5.587197802,
2012-09-04,10.37,7.905037462,20.07413487,19.87678361,8.83,4.3,6.03,18.09,10.1842,8.550666667,6.59085,5.597197802,
2012-09-05,10.99,7.956614835,20.21054719,19.96034438,8.87,4.3,6.05,18.15,10.233,8.611333333,6.62465,5.608076923,
2012-09-06,11.02,8.733531239,20.2693149,20.04419374,8.91,4.29,6.06,18.18,10.2734,8.671444444,6.65785,5.61967033,
2012-09-07,11.01,8.738865041,20.24982928,20.12833249,8.94,4.29,6.08,18.24,10.3156,8.732888889,6.6907,5.63532967,
2012-09-08,10.97,8.853295306,20.32889964,20.2127614,8.96,4.29,6.08,18.24,10.3662,8.794555556,6.72265,5.651648352,
2012-09-09,10.98,8.735391779,20.45823977,20.29748126,9.02,4.29,6.1,18.3,10.4098,8.855222222,6.755,5.665164835,
2012-09-10,10.95,8.731624378,20.5544455,20.38249285,9.21,4.29,6.19,18.57,10.4604,8.913444444,6.78375,5.678653846,
2012-09-11,11.04,8.782743008,20.68943128,20.46779696,9.22,4.29,6.19,18.57,10.5094,8.971,6.8142,5.693076923,
2012-09-12,11.14,8.792884242,20.86547944,20.55339439,9.27,4.29,6.21,18.63,10.5608,9.029111111,6.8449,5.708434066,
2012-09-13,11.3,8.934719573,20.91032517,20.63928591,9.31,4.29,6.23,18.69,10.6144,9.084333333,6.8765,5.725824176,
2012-09-14,11.5,8.737819177,20.97311355,20.72547232,9.34,4.29,6.24,18.72,10.6694,9.140888889,6.9088,5.744203297,
2012-09-15,11.62,8.802449448,21.07591003,20.81195441,9.39,4.28,6.26,18.78,10.7252,9.201222222,6.9425,5.763021978,
2012-09-16,11.75,8.797904625,21.16577524,20.89873298,9.44,4.28,6.28,18.84,10.7826,9.264444444,6.9763,5.781263736,
2012-09-17,11.79,8.796457327,21.2174735,20.98580883,9.48,4.27,6.3,18.9,10.8442,9.323666667,7.01025,5.799203297,
2012-09-18,12.07,8.736195726,21.39545994,21.07318274,9.54,4.25,6.32,18.96,10.9056,9.384,7.04665,5.815604396,
2012-09-19,12.32,9.284443636,21.64515943,21.16085553,9.63,4.25,6.36,19.08,10.9664,9.447111111,7.085,5.834010989,
2012-09-20,12.28,9.351815741,21.92293641,21.24882798,9.74,4.25,6.41,19.23,11.023,9.510333333,7.12235,5.852664835,
2012-09-21,12.19,9.28048622,21.99291083,21.33710091,9.78,4.24,6.43,19.29,11.059,9.574111111,7.1581,5.870796703,
2012-09-22,11.97,9.353847717,22.03934612,21.42567511,9.8,4.24,6.44,19.32,11.0826,9.636,7.19305,5.888818681,
2012-09-23,11.99,9.408912911,22.13818851,21.5145514,9.81,4.24,6.45,19.35,11.1122,9.699666667,7.22835,5.907142857,
2012-09-24,11.9,9.278445635,22.20972347,21.60373057,9.83,4.23,6.46,19.38,11.1362,9.761,7.2628,5.926236264,
2012-09-25,11.8,9.494036787,22.47615907,21.69321344,9.86,4.22,6.47,19.41,11.1558,9.82,7.29715,5.945357143,
2012-09-26,12.2,9.286744293,22.56428659,21.78300082,9.9,4.22,6.48,19.44,11.185,9.883333333,7.33345,5.965851648,
2012-09-27,12.22,9.294076954,22.74147924,21.87309351,9.95,4.22,6.5,19.5,11.2096,9.946666667,7.36955,5.986510989,
2012-09-28,12.15,9.301694228,22.92415319,21.96349234,9.99,4.23,6.53,19.59,11.2326,10.00855556,7.40535,6.006126374,
2012-09-29,12.28,9.296859961,22.96710721,22.05419811,10.03,4.23,6.55,19.65,11.2518,10.07255556,7.44025,6.025989011,
2012-09-30,12.22,9.416255001,23.01783014,22.14521164,10.06,4.23,6.56,19.68,11.2686,10.13488889,7.475,6.045879121,
2012-10-01,12.15,9.430973569,23.18502271,22.23653375,10.08,4.23,6.57,19.71,11.2818,10.19833333,7.5088,6.065686813,
2012-10-02,12.48,9.273982134,23.254625,22.32816526,10.14,4.23,6.59,19.77,11.2936,10.26544444,7.5449,6.086510989,
2012-10-03,12.9,9.979124575,23.19183551,22.420107,10.32,4.23,6.63,19.89,11.3066,10.33544444,7.5823,6.108598901,
2012-10-04,12.57,9.960696229,23.2444372,22.51235977,10.37,4.23,6.65,19.95,11.2978,10.40244444,7.6189,6.130274725,
2012-10-05,12.5,9.892046108,23.42865742,22.60492441,10.39,4.23,6.65,19.95,11.2808,10.46622222,7.6571,6.15282967,
2012-10-06,12.39,9.967398544,23.64164616,22.69780175,10.4,4.23,6.66,19.98,11.2736,10.52911111,7.6951,6.175796703,
2012-10-07,11.71,9.890226199,23.76050645,22.7909926,10.4,4.23,6.66,19.98,11.277,10.58211111,7.72885,6.196456044,
2012-10-08,11.61,10.01299375,24.0096289,22.8844978,10.37,4.22,6.66,19.98,11.3522,10.63244444,7.76235,6.217087912,
2012-10-09,11.99,9.896168569,24.09817242,22.97831818,10.44,4.23,6.67,20.01,11.3942,10.68622222,7.7984,6.239175824,
2012-10-10,12.24,10.16669005,24.23823765,23.07245457,10.45,4.23,6.68,20.04,11.4354,10.73788889,7.83545,6.261620879,
2012-10-11,12.09,9.971446647,24.4508449,23.16690781,10.48,4.23,6.68,20.04,11.478,10.78788889,7.8732,6.283626374,
2012-10-12,11.9,9.904858903,24.78868609,23.26167872,10.49,4.23,6.69,20.07,11.5156,10.83622222,7.90905,6.30532967,
2012-10-13,11.85,9.903881519,24.81976125,23.35676816,10.5,4.23,6.7,20.1,11.5452,10.88377778,7.9442,6.327197802,
2012-10-14,11.82,10.29532358,25.11143785,23.45217694,10.5,4.23,6.7,20.1,11.5702,10.92288889,7.9792,6.34967033,
2012-10-15,11.6,9.906577781,25.13956895,23.54790592,10.54,4.23,6.7,20.1,11.596,10.95677778,8.013,6.373708791,
2012-10-16,11.92,10.08592912,25.16439694,23.64395594,10.57,4.23,6.72,20.16,11.6188,10.98922222,8.0482,6.399258242,
2012-10-17,11.77,10.03590322,25.4916646,23.74032784,10.58,4.24,6.73,20.19,11.6342,11.02111111,8.08255,6.42532967,
2012-10-18,11.69,9.967954565,25.33046634,23.83702246,10.6,4.24,6.74,20.22,11.6516,11.05722222,8.11655,6.451098901,
2012-10-19,11.67,10.11508993,25.09783262,23.93404065,10.61,4.24,6.75,20.25,11.6734,11.08911111,8.1497,6.476181319,
2012-10-20,11.6,9.966874373,25.03066555,24.03138326,10.61,4.24,6.75,20.25,11.7022,11.12444444,8.18275,6.49978022,
2012-10-21,11.32,9.958917798,25.09306772,24.12905113,10.63,4.24,6.77,20.31,11.7304,11.15477778,8.2143,6.522417582,
2012-10-22,11.48,10.021011,25.20291206,24.22704513,10.63,4.24,6.77,20.31,11.7564,11.18711111,8.2467,6.546236264,
2012-10-23,11.6,9.957407535,25.12533375,24.3253661,10.64,4.24,6.78,20.34,11.7774,11.22022222,8.27975,6.570576923,
2012-10-24,11.4,10.0248768,25.25853082,24.42401489,10.66,4.24,6.78,20.34,11.798,11.24966667,8.3132,6.594340659,
2012-10-25,10.55,9.96634556,25.22557009,24.52299237,10.64,4.24,6.78,20.34,11.7892,11.26877778,8.34215,6.615302198,
2012-10-26,9.88,10.14876132,25.17728187,24.62229939,10.59,4.24,6.77,20.31,11.7664,11.27988889,8.3678,6.633901099,
2012-10-27,10.37,9.975279778,25.16125616,24.7219368,10.57,4.24,6.76,20.28,11.7536,11.29833333,8.39565,6.652664835,
2012-10-28,10.54,10.0343942,25.20482368,24.82190548,10.57,4.24,6.76,20.28,11.745,11.31544444,8.42375,6.672335165,
2012-10-29,10.8,9.967658367,24.88486241,24.92220628,10.58,4.24,6.76,20.28,11.7414,11.33233333,8.4531,6.693241758,
2012-10-30,10.74,11.32523804,24.98289721,25.02284007,10.58,4.24,6.76,20.28,11.7372,11.34666667,8.48215,6.713983516,
2012-10-31,10.98,10.70953229,25.09275321,25.12380771,10.59,4.24,6.77,20.31,11.736,11.35322222,8.51225,6.735274725,
2012-11-01,10.84,10.71241604,25.09710859,25.22511007,10.6,4.24,6.77,20.31,11.73,11.35377778,8.54155,6.756236264,
2012-11-02,10.52,10.77835976,25.22390487,25.32674801,10.6,4.24,6.77,20.31,11.7144,11.35388889,8.56925,6.776538462,
2012-11-03,10.66,10.71650682,25.41094507,25.42872242,10.6,4.24,6.77,20.31,11.6976,11.35344444,8.59765,6.797554945,
2012-11-04,10.64,10.85392686,25.43102058,25.53103416,10.6,4.24,6.78,20.34,11.678,11.35144444,8.62505,6.818653846,
2012-11-05,10.78,10.70954577,25.4801476,25.63368411,10.61,4.24,6.78,20.34,11.6586,11.35188889,8.6533,6.840027473,
2012-11-06,10.74,10.78259022,25.58219175,25.73667314,10.61,4.24,6.78,20.34,11.6376,11.34911111,8.6801,6.861043956,
2012-11-07,10.8,10.7723333,25.70422145,25.84000212,10.62,4.24,6.79,20.37,11.6122,11.34688889,8.7079,6.882472527,
2012-11-08,10.78,10.91755003,25.78452791,25.94367194,10.63,4.24,6.79,20.37,11.5814,11.34088889,8.73595,6.904203297,
2012-11-09,10.8,10.71667699,25.86153552,26.04768349,10.64,4.24,6.8,20.4,11.5518,11.33444444,8.7642,6.925714286,
2012-11-10,10.81,10.78636093,25.77450426,26.15203763,10.68,4.25,6.8,20.4,11.5242,11.32688889,8.79275,6.947005495,
2012-11-11,10.82,10.7915213,25.94127088,26.25673525,10.69,4.25,6.8,20.4,11.5012,11.315,8.82115,6.968489011,
2012-11-12,10.87,11.00667876,26.02724785,26.36177725,10.7,4.25,6.82,20.46,11.4788,11.29966667,8.8506,6.991456044,
2012-11-13,10.87,10.92142733,26.19396886,26.4671645,10.72,4.25,6.83,20.49,11.4582,11.27588889,8.87975,7.015,
2012-11-14,10.96,10.994675,26.35526112,26.57289789,10.74,4.25,6.83,20.49,11.4414,11.24933333,8.91015,7.038351648,
2012-11-15,11.05,10.98290026,26.47797661,26.67897833,10.76,4.26,6.84,20.52,11.4184,11.23044444,8.94085,7.062582418,
2012-11-16,11.46,10.9054336,26.42177941,26.78540669,10.81,4.26,6.86,20.58,11.4032,11.22955556,8.97315,7.088186813,
2012-11-17,11.57,11.14740599,26.93228072,26.89218387,10.84,4.26,6.87,20.61,11.3916,11.27088889,9.00615,7.114010989,
2012-11-18,11.59,10.91281633,27.04561478,26.99931076,10.86,4.26,6.88,20.64,11.3778,11.28977778,9.0388,7.139587912,
2012-11-19,11.65,10.98708864,27.16084252,27.10678827,10.89,4.27,6.9,20.7,11.3664,11.30611111,9.07155,7.165467033,
2012-11-20,11.65,11.05854953,27.28000186,27.2146173,10.91,4.27,6.91,20.73,11.3564,11.32488889,9.10445,7.191126374,
2012-11-21,11.63,10.90926998,27.242468,27.32279873,10.93,4.27,6.92,20.76,11.3394,11.34277778,9.1374,7.216703297,
2012-11-22,11.96,10.92026909,27.41238344,27.43133348,10.97,4.27,6.93,20.79,11.3206,11.36044444,9.1718,7.242912088,
2012-11-23,12.1,11.05179349,27.45214598,27.54022245,11,4.28,6.94,20.82,11.3112,11.37744444,9.20705,7.269368132,
2012-11-24,12.25,10.9219898,27.51239056,27.64946655,11.04,4.28,6.96,20.88,11.3062,11.399,9.2432,7.296208791,
2012-11-25,12.26,11.13352257,27.62321058,27.75906667,11.07,4.28,6.98,20.94,11.3036,11.41544444,9.2794,7.323131868,
2012-11-26,12.2,11.14390445,27.79486741,27.86902373,11.11,4.28,7,21,11.3134,11.42877778,9.3154,7.349752747,
2012-11-27,12.07,11.20840409,27.83809158,27.97933865,11.13,4.28,7,21,11.3226,11.44266667,9.351,7.375247253,
2012-11-28,12.22,13.49221703,27.88925135,28.09001232,11.16,4.28,7.02,21.06,11.3272,11.46088889,9.38755,7.400824176,
2012-11-29,12.37,22.20435127,27.90256419,28.20104567,11.18,4.29,7.03,21.09,11.3298,11.48544444,9.4247,7.426428571,
2012-11-30,12.43,22.73585398,28.05116377,28.31243962,11.22,4.29,7.04,21.12,11.3366,11.51344444,9.4622,7.45206044,
2012-12-01,12.39,21.66766769,28.17042077,28.42419507,11.25,4.29,7.05,21.15,11.3464,11.538,9.4994,7.478049451,
2012-12-02,12.42,21.71251943,28.1973156,28.53631295,11.27,4.29,7.06,21.18,11.3578,11.55877778,9.5363,7.504615385,
2012-12-03,12.57,21.84454959,28.24774807,28.64879417,11.3,4.3,7.07,21.21,11.3728,11.58322222,9.57405,7.531263736,
2012-12-04,12.59,21.58784585,28.11805453,28.76163967,11.37,4.32,7.11,21.33,11.3926,11.601,9.61165,7.557664835,
2012-12-05,13.2,21.61202842,28.17395013,28.87485036,11.44,4.32,7.14,21.42,11.4182,11.62522222,9.6523,7.585686813,
2012-12-06,13.35,21.76612696,28.29945855,28.98842717,11.5,4.32,7.17,21.51,11.4498,11.65122222,9.6939,7.614258242,
2012-12-07,13.37,21.80941579,28.35181424,29.10237102,11.56,4.33,7.2,21.6,11.4834,11.67788889,9.73535,7.642774725,
2012-12-08,13.36,21.64315588,28.53696546,29.21668285,11.59,4.33,7.2,21.6,11.5172,11.70433333,9.777,7.671126374,
2012-12-09,13.2,21.98131099,28.51856567,29.33136359,11.62,4.33,7.22,21.66,11.5492,11.72933333,9.8175,7.698598901,
2012-12-10,13.29,21.18668763,28.4834591,29.44641417,11.66,4.34,7.23,21.69,11.5886,11.75433333,9.85835,7.726373626,
2012-12-11,13.35,21.47804069,28.55548745,29.56183552,11.75,4.37,7.25,21.75,11.626,11.77888889,9.8997,7.754230769,
2012-12-12,13.49,21.67134928,28.5230193,29.67762857,11.78,4.37,7.27,21.81,11.6638,11.80322222,9.9418,7.78271978,
2012-12-13,13.52,21.07865688,28.60344243,29.79379428,11.85,4.38,7.29,21.87,11.7062,11.82566667,9.98405,7.811153846,
2012-12-14,13.51,21.51168891,28.73251515,29.91033357,11.91,4.4,7.31,21.93,11.7654,11.84666667,10.02625,7.839532967,
2012-12-15,13.38,21.1912925,28.86896596,30.02724738,11.92,4.41,7.31,21.93,11.8354,11.86477778,10.0676,7.867527473,
2012-12-16,13.27,21.9194522,29.00911922,30.14453667,11.94,4.41,7.32,21.96,11.8934,11.88122222,10.1084,7.895192308,
2012-12-17,13.23,21.15934327,29.2075355,30.26220236,11.94,4.42,7.32,21.96,11.9472,11.89411111,10.14875,7.92217033,
2012-12-18,13.09,21.43653887,29.4811231,30.38024542,11.97,4.43,7.33,21.99,11.993,11.90266667,10.1881,7.947225275,
2012-12-19,13.4,21.16054143,29.60566048,30.49866679,12,4.44,7.34,22.02,12.0462,11.91511111,10.22915,7.973241758,
2012-12-20,13.38,21.7184063,29.76975816,30.61746741,12.03,4.45,7.36,22.08,12.0942,11.92833333,10.2701,7.999587912,
2012-12-21,13.26,21.12141204,29.91675224,30.73664824,12.06,4.46,7.37,22.11,12.1426,11.94266667,10.3103,8.025302198,
2012-12-22,13.2,21.14305888,30.37316263,30.85621023,12.07,4.47,7.37,22.11,12.1962,11.95611111,10.3495,8.050796703,
2012-12-23,13.14,22.19127376,30.45674147,30.97615433,12.09,4.48,7.37,22.11,12.2458,11.96988889,10.38815,8.075521978,
2012-12-24,13.23,21.18910966,30.57370598,31.09648151,12.11,4.49,7.38,22.14,12.2976,11.98577778,10.42665,8.100769231,
2012-12-25,13.24,21.38069102,30.75528094,31.21719272,12.11,4.5,7.38,22.14,12.3468,11.99733333,10.4648,8.126098901,
2012-12-26,13.18,18.99393604,30.42036234,31.33828892,12.12,4.5,7.38,22.14,12.3956,12.008,10.5033,8.150934066,
2012-12-27,13.19,18.83555818,30.45920487,31.45977107,12.14,4.51,7.39,22.17,12.4434,12.01955556,10.54215,8.175576923,
2012-12-28,13.21,18.72709899,30.62279424,31.58164013,12.16,4.52,7.39,22.17,12.492,12.02988889,10.5806,8.200357143,
2012-12-29,13.11,18.73732936,30.56803485,31.70389708,12.17,4.52,7.4,22.2,12.5382,12.03977778,10.6176,8.223791209,
2012-12-30,13.2,18.84753001,31.07058356,31.82654287,12.18,4.53,7.4,22.2,12.586,12.05144444,10.6543,8.246318681,
2012-12-31,13.24,18.89559503,31.26405081,31.94957848,12.21,4.55,7.42,22.26,12.6344,12.05988889,10.69095,8.268956044,
2013-01-01,13.22,19.14613116,31.4055577,32.07300488,12.21,4.56,7.43,22.29,12.6814,12.06344444,10.7254,8.290741758,
2013-01-02,13.02,18.98884017,31.62955421,32.19682303,12.22,4.57,7.43,22.29,12.7244,12.06844444,10.75845,8.311208791,
2013-01-03,13.19,19.32293205,32.01364207,32.32103391,12.23,4.57,7.44,22.32,12.769,12.07611111,10.79345,8.329175824,
2013-01-04,13.15,19.08112817,32.27518616,32.44563851,12.25,4.58,7.45,22.35,12.811,12.08455556,10.8289,8.348818681,
2013-01-05,13.15,18.97925019,32.63462473,32.57063778,12.26,4.61,7.45,22.35,12.8448,12.10055556,10.86235,8.366263736,
2013-01-06,13.15,19.22721536,32.79763918,32.69603272,12.26,4.62,7.45,22.35,12.8764,12.11766667,10.8949,8.383159341,
2013-01-07,13.2,18.98557072,32.84986667,32.82182431,12.27,4.63,7.46,22.38,12.9086,12.13111111,10.9277,8.402115385,
2013-01-08,13.5,20.68101309,33.0112273,32.94801353,12.31,4.64,7.48,22.44,12.9456,12.14511111,10.96225,8.419587912,
2013-01-09,13.58,20.67402206,33.22679535,33.07460135,12.34,4.63,7.49,22.47,12.9842,12.16166667,10.9979,8.437664835,
2013-01-10,14,20.4549626,33.2430748,33.20158878,12.4,4.64,7.51,22.53,13.0316,12.185,11.0359,8.458241758,
2013-01-11,14,20.58327704,33.5261748,33.32897679,12.45,4.65,7.53,22.59,13.0724,12.20888889,11.0746,8.478241758,
2013-01-12,13.89,20.97279353,33.63857377,33.45676637,12.47,4.66,7.54,22.62,13.1082,12.23188889,11.11215,8.499093407,
2013-01-13,13.63,20.79460037,33.7179408,33.58495853,12.47,4.69,7.55,22.65,13.1358,12.25444444,11.14785,8.516895604,
2013-01-14,13.97,20.69864965,33.74707108,33.71355424,12.48,4.74,7.56,22.68,13.17,12.27722222,11.1852,8.535769231,
2013-01-15,14.27,20.65337241,34.13434981,33.84255451,12.53,4.77,7.58,22.74,13.2114,12.305,11.22395,8.558489011,
2013-01-16,14.42,20.93786484,34.39093761,33.97196033,12.59,4.77,7.61,22.83,13.2584,12.33533333,11.26315,8.578598901,
2013-01-17,15.43,20.60142066,34.41697217,34.1017727,12.71,4.78,7.65,22.95,13.3226,12.37711111,11.3077,8.603901099,
2013-01-18,15.56,20.79662575,34.57576551,34.23199262,12.82,4.79,7.69,23.07,13.3864,12.42111111,11.35245,8.627554945,
2013-01-19,15.5,21.47731368,34.79002725,34.3626211,12.87,4.8,7.71,23.13,13.4478,12.46755556,11.39775,8.651538462,
2013-01-20,15.5,20.67274588,35.00946509,34.49365913,12.91,4.81,7.72,23.16,13.51,12.51222222,11.44305,8.675467033,
2013-01-21,16.52,20.85371638,34.96115084,34.62510773,13.04,4.81,7.78,23.34,13.592,12.56688889,11.49265,8.70293956,
2013-01-22,17.41,20.6918883,34.92634448,34.75696789,13.27,4.8,7.88,23.64,13.6888,12.63366667,11.547,8.732774725,
2013-01-23,17.5,19.11164921,35.00729354,34.88924064,13.4,4.82,7.92,23.76,13.787,12.71088889,11.6007,8.763516484,
2013-01-24,17.25,18.86529149,34.63437176,35.02192697,13.62,4.82,8.01,24.03,13.868,12.79277778,11.6533,8.795796703,
2013-01-25,17.49,18.85029908,34.86951782,35.15502791,13.64,4.83,8.02,24.06,13.9508,12.87188889,11.70605,8.827692308,
2013-01-26,17.28,19.08834498,34.96339717,35.28854446,13.68,4.83,8.03,24.09,14.029,12.94677778,11.75705,8.861675824,
2013-01-27,17.48,18.84007956,35.44563022,35.42247766,13.84,4.84,8.1,24.3,14.1114,13.021,11.8087,8.894587912,
2013-01-28,18.67,18.85685613,35.53665691,35.5568285,13.97,4.84,8.15,24.45,14.2208,13.10911111,11.8641,8.930549451,
2013-01-29,19.41,18.96081992,35.48785017,35.69159801,14.29,4.84,8.27,24.81,14.3432,13.20277778,11.9232,8.969313187,
2013-01-30,19.45,18.90579149,35.58662674,35.82678722,14.52,4.84,8.38,25.14,14.4652,13.29844444,11.9827,9.006593407,
2013-01-31,20.46,18.89110216,35.76042769,35.96239715,14.83,4.83,8.5,25.5,14.6046,13.40888889,12.04715,9.045549451,
2013-02-01,20.49,18.05312573,36.06167053,36.09842882,15.18,4.84,8.69,26.07,14.744,13.51811111,12.1081,9.084532967,
2013-02-02,19.82,17.84161922,36.41402637,36.23488326,15.25,4.83,8.72,26.16,14.8702,13.62011111,12.16445,9.122664835,
2013-02-03,20.29,17.98492752,36.67345357,36.3717615,15.32,4.83,8.75,26.25,15.0084,13.72577778,12.2209,9.163021978,
2013-02-04,20.29,18.20722876,36.86042832,36.50906457,15.42,4.82,8.79,26.37,15.1488,13.83188889,12.27785,9.203379121,
2013-02-05,20.56,19.86346031,37.0474258,36.64679351,15.52,4.83,8.84,26.52,15.2954,13.94033333,12.33845,9.244230769,
2013-02-06,20.91,19.88929045,37.33840966,36.78494934,15.66,4.84,8.89,26.67,15.4518,14.05288889,12.399,9.285549451,
2013-02-07,21.71,20.0723946,37.57930746,36.92353311,15.79,4.84,8.94,26.82,15.618,14.17411111,12.46545,9.329010989,
2013-02-08,22.5,19.80651965,37.65505179,37.06254585,16.04,4.84,9.04,27.12,15.8004,14.304,12.535,9.37467033,
2013-02-09,23.14,19.81477801,37.80941502,37.2019886,16.23,4.82,9.12,27.36,15.998,14.44088889,12.60785,9.423131868,
2013-02-10,23.65,19.96537206,38.03541401,37.3418624,16.35,4.83,9.17,27.51,16.207,14.58288889,12.683,9.472527473,
2013-02-11,23.94,19.94637369,37.99408019,37.4821683,16.49,4.83,9.23,27.69,16.423,14.72811111,12.75895,9.52239011,
2013-02-12,25.11,20.07364453,38.1056639,37.62290735,16.74,4.85,9.33,27.99,16.6606,14.88533333,12.84035,9.57793956,
2013-02-13,25.42,19.80498445,38.07806362,37.76408058,17.08,4.84,9.46,28.38,16.9042,15.045,12.92305,9.63489011,
2013-02-14,27.4,19.83665068,38.04477969,37.90568906,17.39,4.87,9.58,28.74,17.1886,15.22211111,13.0165,9.697774725,
2013-02-15,27.14,20.03264769,38.13699003,38.04773382,17.76,4.9,9.74,29.22,17.4676,15.39511111,13.1072,9.759505495,
2013-02-16,27.54,19.95668475,38.30367793,38.19021593,17.99,4.91,9.83,29.49,17.7542,15.57233333,13.1985,9.823543956,
2013-02-17,26.98,19.9727832,38.47870373,38.33313644,18.18,4.92,9.91,29.73,18.0316,15.74266667,13.28615,9.885631868,
2013-02-18,26.9,22.11776043,38.73859648,38.4764964,18.33,4.92,9.97,29.91,18.3056,15.91211111,13.3687,9.947335165,
2013-02-19,29.39,22.10741334,38.95654989,38.62029687,18.62,4.94,10.09,30.27,18.6286,16.10944444,13.4617,10.01549451,
2013-02-20,30,22.36588762,39.07113802,38.76453891,18.96,4.94,10.22,30.66,18.9642,16.30988889,13.55915,10.08552198,
2013-02-21,30,22.2324336,39.29784478,38.90922359,19.22,4.96,10.31,30.93,19.3038,16.50877778,13.65565,10.15365385,
2013-02-22,30.46,22.08876326,39.55872969,39.05435196,19.54,4.97,10.44,31.32,19.6492,16.71111111,13.75385,10.22373626,
2013-02-23,29.67,22.24055041,39.84971132,39.19992511,19.67,4.99,10.48,31.44,19.9796,16.90455556,13.8485,10.29151099,
2013-02-24,29.61,22.25200113,40.23072544,39.34594408,19.9,5,10.56,31.68,20.3088,17.098,13.9416,10.35917582,
2013-02-25,30.42,22.2935533,40.43579477,39.49240995,20.33,5.03,10.83,32.49,20.6542,17.30188889,14.0387,10.4289011,
2013-02-26,31.1,22.06291374,40.70207289,39.63932379,20.6,5.03,10.95,32.85,21.0122,17.51166667,14.1376,10.50093407,
2013-02-27,31.41,22.23012447,40.88404108,39.78668668,20.76,5.05,11,33,21.3704,17.72322222,14.23775,10.57351648,
2013-02-28,33.51,22.57175943,41.09429489,39.93449969,21.36,5.05,11.28,33.84,21.769,17.95744444,14.34785,10.65184066,
2013-03-01,34.65,20.72083026,41.40216943,40.0827639,21.74,5.06,11.43,34.29,22.182,18.20477778,14.46165,10.73387363,
2013-03-02,34.18,21.80216597,41.55955472,40.23148038,21.98,5.09,11.51,34.53,22.5856,18.44655556,14.5713,10.815,
2013-03-03,34.32,20.72229619,41.68922129,40.38065022,22.12,5.09,11.57,34.71,22.9942,18.68822222,14.67785,10.89607143,
2013-03-04,36.53,20.69831807,41.81956042,40.5302745,22.45,5.1,11.7,35.1,23.4522,18.95422222,14.79375,10.98258242,
2013-03-05,40.92,20.79700709,42.1272661,40.6803543,23.31,5.09,12.05,36.15,23.9912,19.26222222,14.9346,11.08131868,
2013-03-06,42.54,20.13656687,42.37916857,40.83089071,24.93,5.08,12.72,38.16,24.5566,19.58655556,15.0896,11.18464286,
2013-03-07,41.7,20.63568892,42.47777598,40.98188481,25.38,5.07,12.92,38.76,25.1022,19.90133333,15.25885,11.28543956,
2013-03-08,43.75,20.83670717,42.65033478,41.1333377,25.66,5.08,13.04,39.12,25.6686,20.239,15.42815,11.39208791,
2013-03-09,46,20.69849689,42.74662146,41.28525048,26.15,5.09,13.24,39.72,26.2774,20.60344444,15.60725,11.50489011,
2013-03-10,45.29,20.67676089,43.07158347,41.43762422,26.53,5.09,13.39,40.17,26.8732,20.959,15.7839,11.61557692,
2013-03-11,48.2,21.33291495,43.05931605,41.59046003,26.95,5.1,13.57,40.71,27.5272,21.34622222,15.9748,11.73428571,
2013-03-12,44.61,20.54803199,42.96558615,41.74375901,27.23,5.1,13.69,41.07,28.089,21.692,16.146,11.84228022,
2013-03-13,46.99,20.67621948,43.09580312,41.89752225,27.69,5.1,13.9,41.7,28.6806,22.06388889,16.3281,11.9568956,
2013-03-14,46.93,23.3704883,43.10391134,42.05175086,28.13,5.11,14.08,42.24,29.2692,22.43522222,16.5112,12.07101648,
2013-03-15,47.09,22.90901878,43.34159038,42.20644593,28.53,5.12,14.24,42.72,29.866,22.80977778,16.69275,12.18593407,
2013-03-16,46.73,23.08948062,43.5758267,42.36160858,28.82,5.13,14.34,43.02,30.4508,23.18155556,16.8714,12.29942308,
2013-03-17,47.1,23.22577138,43.90436507,42.51723991,29.03,5.14,14.43,43.29,31.0472,23.55788889,17.0528,12.4143956,
2013-03-18,50.35,23.07163906,44.16591174,42.67334103,29.39,5.14,14.58,43.74,31.7046,23.97188889,17.25165,12.53936813,
2013-03-19,59.2,23.24645619,44.29754343,42.82991305,30.66,5.15,15.09,45.27,32.5152,24.48077778,17.49685,12.68884615,
2013-03-20,64.84,23.20246929,44.59346914,42.98695709,31.96,5.15,15.62,46.86,33.4238,25.05255556,17.7715,12.85335165,
2013-03-21,72.81,23.35851395,44.56810484,43.14447425,33.92,5.14,16.47,49.41,34.491,25.71422222,18.08465,13.03989011,
2013-03-22,69.68,22.98332571,44.73954077,43.30246565,35.28,5.13,17.07,51.21,35.4754,26.34177778,18.3803,13.21818681,
2013-03-23,63.9,23.03209451,44.65455611,43.46093242,35.55,5.13,17.22,51.66,36.3436,26.90577778,18.64795,13.38046703,
2013-03-24,70.55,32.01624905,45.00289594,43.61987567,36.33,5.12,17.57,52.71,37.3582,27.54266667,18.94575,13.56181319,
2013-03-25,75.08,31.73050724,45.31752791,43.77929652,37.82,5.1,18.25,54.75,38.454,28.22977778,19.26605,13.75508242,
2013-03-26,79.81,31.74041912,45.5556126,43.9391961,38.96,5.1,18.75,56.25,39.6444,28.97011111,19.61005,13.9610989,
2013-03-27,89.3,32.02496803,45.94577888,44.09957553,40.72,5.09,19.52,58.56,41.0192,29.81577778,20.0017,14.19318681,
2013-03-28,88.87,31.69781833,45.48357131,44.26043595,42.83,5.09,20.41,61.23,42.3784,30.65644444,20.39115,14.42403846,
2013-03-29,90.11,31.67939028,45.78495243,44.42177848,44.16,5.1,20.93,62.79,43.7464,31.512,20.78695,14.65818681,
2013-03-30,92.43,31.83558827,46.15566863,44.58360425,45.53,5.08,21.62,64.86,45.145,32.39233333,21.1939,14.89865385,
2013-03-31,96.14,31.77670866,46.45552437,44.7459144,46.25,5.08,21.93,65.79,46.605,33.31344444,21.6189,15.14934066,
2013-04-01,104.38,23.31518467,46.5579083,44.90871006,48.81,5.08,23.09,69.27,48.2196,34.32633333,22.0843,15.42225275,
2013-04-02,115.64,22.9725082,46.80566939,45.07199238,51.18,5.07,24.16,72.48,50.0536,35.46655556,22.605,15.72623626,
2013-04-03,130.84,22.91255471,47.29830343,45.23576248,56.6,5,26.75,80.25,52.1682,36.77377778,23.2011,16.07192308,
2013-04-04,135.13,22.9790375,47.56373729,45.40002151,58.94,4.99,27.81,83.43,54.3624,38.12911111,23.818,16.42942308,
2013-04-05,141.4,26.46645539,48.15781423,45.56477061,63.11,4.95,29.93,89.79,56.6424,39.55411111,24.46605,16.80417582,
2013-04-06,142.3,26.75340325,48.45907326,45.73001094,64.64,4.95,30.69,92.07,58.9456,40.98911111,25.1172,17.18217033,
2013-04-07,164.96,26.33452448,48.82279962,45.89574363,66.9,4.96,31.73,95.19,61.694,42.67533333,25.8804,17.62228022,
2013-04-08,187.12,26.70648469,49.99588092,46.06196984,72.95,4.96,34.49,103.47,64.8968,44.60444444,26.7546,18.1232967,
2013-04-09,229.45,26.6854789,50.60767572,46.22869071,83.5,4.93,39.9,119.7,68.9478,47.003,27.8409,18.74046703,
2013-04-10,157,26.46242154,51.56123928,46.3959074,89.76,4.9,43.07,129.21,71.5,48.59188889,28.56605,19.15826923,
2013-04-11,82.99,26.26501319,52.01901719,46.56362107,84.29,4.86,40.85,122.55,72.5598,49.35844444,28.92105,19.37271978,
2013-04-12,105.09,26.64201556,52.31971548,46.73183287,78.03,4.86,38.09,114.27,74.0616,50.37177778,29.387,19.64788462,
2013-04-13,96.51,26.58443967,52.7841214,46.90054395,78.36,4.85,38.35,115.05,75.3826,51.29266667,29.81055,19.8993956,
2013-04-14,91.06,26.8298544,53.14751628,47.06975549,78.37,4.85,38.39,115.17,76.6104,52.14922222,30.20485,20.13587912,
2013-04-15,75.81,26.20637737,53.93127991,47.23946864,77.66,4.86,38.12,114.36,77.5344,52.833,30.5228,20.33046703,
2013-04-16,68.26,26.37102043,54.35871871,47.40968457,75.68,4.85,37.47,112.41,78.2912,53.43122222,30.80335,20.50431319,
2013-04-17,89.99,30.80146064,55.02573379,47.58040444,76.07,4.83,37.79,113.37,79.469,54.25966667,31.1919,20.73736264,
2013-04-18,103.9,31.89828874,55.23975522,47.75162943,76.75,4.84,38.12,114.36,80.9188,55.24122222,31.6503,21.00870879,
2013-04-19,117.71,30.70980924,55.62469502,47.9233607,78.44,4.84,38.94,116.82,82.6028,56.37688889,32.1781,21.31730769,
2013-04-20,126.17,31.23632637,55.9118712,48.09559942,79.54,4.84,39.5,118.5,84.4332,57.60655556,32.74655,21.64953297,
2013-04-21,118.02,30.97436572,56.22827626,48.26834678,80.52,4.82,40.02,120.06,86.11,58.73433333,33.27215,21.95956044,
2013-04-22,123.61,31.03304605,56.98415027,48.44160394,81.31,4.82,40.4,121.2,87.8958,59.91433333,33.82735,22.285,
2013-04-23,136.72,31.12376828,57.38636678,48.61537208,82.99,4.87,41.13,123.39,89.8996,61.239,34.44845,22.64659341,
2013-04-24,150,30.73187255,57.69765378,48.7896524,86.25,4.86,42.75,128.25,92.0812,62.714,35.1365,23.04456044,
2013-04-25,141.03,30.95151301,58.12187569,48.96444606,90.35,4.87,44.63,133.89,94.051,64.08666667,35.7831,23.41832418,
2013-04-26,137.32,30.91249708,58.62496477,49.13975425,90.86,4.87,44.87,134.61,95.9634,65.42044444,36.41165,23.78173077,
2013-04-27,128.77,31.0882778,59.3811164,49.31557816,91.73,4.88,45.32,135.96,97.6638,66.657,36.99555,24.12208791,
2013-04-28,135.03,31.15152193,63.1460671,49.49191898,92.18,4.88,45.54,136.62,99.4444,67.94988889,37.6095,24.47956044,
2013-04-29,142.96,31.41391175,63.53909301,49.66877789,93.59,4.89,46.18,138.54,101.3978,69.32266667,38.26385,24.85857143,
2013-04-30,139.24,34.61291196,63.63369309,49.84615609,94.33,4.89,46.54,139.62,103.2186,70.65366667,38.90055,25.22744505,
2013-05-01,116.75,28.28162674,64.10888611,50.02405478,93.58,4.89,46.3,138.9,104.6614,71.72355556,39.42505,25.53428571,
2013-05-02,105.66,28.5664784,64.3375581,50.20247514,93.09,4.9,46.08,138.24,105.8348,72.66988889,39.89425,25.81054945,
2013-05-03,94.23,30.07997856,64.52988166,50.38141838,92.38,4.91,45.79,137.37,106.7808,73.49666667,40.3074,26.05549451,
2013-05-04,111.83,28.26336236,64.90208648,50.5608857,92.56,4.92,45.85,137.55,108.0756,74.51377778,40.80695,26.34887363,
2013-05-05,116.92,28.3367526,65.22052262,50.7408783,92.78,4.92,46.04,138.12,109.4794,75.58744444,41.3327,26.65612637,
2013-05-06,112.49,28.2278105,65.40707127,50.92139739,93.25,4.92,46.26,138.78,110.7872,76.60888889,41.8367,26.95129121,
2013-05-07,111.56,28.44175884,66.15484764,51.10244416,93.19,4.93,46.25,138.75,112.0114,77.61611111,42.33615,27.24398352,
2013-05-08,113.54,28.23202421,66.72205542,51.28401984,93.31,4.94,46.3,138.9,113.0982,78.63644444,42.84585,27.54211538,
2013-05-09,111.97,28.1357808,67.10357647,51.46612562,93.49,4.95,46.34,139.02,114.0408,79.63055556,43.3491,27.83598901,
2013-05-10,117.89,28.16689855,67.50881644,51.64876272,93.37,4.96,46.3,138.9,114.9424,80.68333333,43.88115,28.14626374,
2013-05-11,115.52,28.67039773,67.56447342,51.83193235,93.73,4.96,46.53,139.59,115.8592,81.70411111,44.40075,28.45013736,
2013-05-12,114.3,31.50446704,67.9812915,52.01563574,93.99,4.97,46.62,139.86,116.8672,82.70811111,44.91525,28.75057692,
2013-05-13,115.99,31.31865684,68.37945387,52.1998741,94.33,4.99,46.72,140.16,117.776,83.71788889,45.44245,29.05568681,
2013-05-14,107.09,31.27374202,68.72957779,52.38464864,94.37,4.99,46.76,140.28,118.4162,84.62533333,45.9285,29.33629121,
2013-05-15,108.95,31.20448314,68.94434853,52.5699606,94.52,5,46.86,140.58,118.999,85.53144444,46.4214,29.62175824,
2013-05-16,113.23,31.29987277,69.50515447,52.75581119,94.79,5.02,46.89,140.67,119.4776,86.488,46.93485,29.91903846,
2013-05-17,117.43,31.5034087,69.62655878,52.94220164,95.75,5.09,47,141,120.0488,87.48677778,47.468,30.22771978,
2013-05-18,118.37,31.61710458,69.90791774,53.12913319,96.13,5.08,47.29,141.87,120.614,88.50222222,48.00615,30.53898352,
2013-05-19,116.67,31.3608174,70.10479437,53.31660705,96.49,5.1,47.36,142.08,121.0988,89.49966667,48.5346,30.84568681,
2013-05-20,118.02,31.56068732,70.31027091,53.50462447,96.68,5.11,47.45,142.35,121.5364,90.48444444,49.0705,31.15596154,
2013-05-21,117.24,31.56125954,70.55265047,53.69318668,96.82,5.11,47.52,142.56,121.7936,91.45377778,49.6041,31.46423077,
2013-05-22,118.77,31.3390199,70.86905117,53.8822949,97.01,5.11,47.62,142.86,121.8562,92.44011111,50.14465,31.77651099,
2013-05-23,123.74,31.33321335,71.11850888,54.07195039,97.3,5.12,47.76,143.28,121.7142,93.47655556,50.71015,32.10239011,
2013-05-24,128.67,31.56661233,71.14680598,54.26215439,97.81,5.12,48.01,144.03,121.585,94.57655556,51.2996,32.44192308,
2013-05-25,128.92,34.09032478,71.03279103,54.45290812,98.3,5.09,48.54,145.62,121.3354,95.68,51.8905,32.78217033,
2013-05-26,129.92,34.21629393,70.89735147,54.64421285,98.49,5.1,48.62,145.86,121.0878,96.78555556,52.4861,33.12516484,
2013-05-27,126.22,34.68340791,71.11248695,54.83606981,98.78,5.11,48.76,146.28,120.313,97.84244444,53.0633,33.45799451,
2013-05-28,125.99,34.00929816,71.35598678,55.02848025,99.03,5.12,48.86,146.58,119.0904,98.89333333,53.63925,33.79008242,
2013-05-29,130.35,34.05811453,71.53308676,55.22144543,99.42,5.11,49.1,147.3,117.1084,99.96933333,54.23695,34.13414835,
2013-05-30,126.41,34.50023483,71.67280079,55.4149666,99.85,5.12,49.28,147.84,116.4966,100.9888889,54.8149,34.46725275,
2013-05-31,127.94,34.12950652,71.85664563,55.60904501,100.1,5.13,49.46,148.38,117.3956,102.0306667,55.40025,34.8043956,
2013-06-01,128.77,32.20162242,71.97072015,55.80368192,100.35,5.14,49.59,148.77,117.8692,103.0801111,55.98975,35.1439011,
2013-06-02,122.5,32.13567722,71.94413612,55.99887859,100.64,5.15,49.69,149.07,118.389,104.0353333,56.54745,35.46618132,
2013-06-03,123.06,32.39752498,71.81970302,56.19463627,101.59,5.21,49.77,149.31,119.029,104.948,57.1075,35.78991758,
2013-06-04,120.21,32.12402737,71.84404249,56.39095624,101.81,5.23,49.9,149.7,119.917,105.811,57.65125,36.10543956,
2013-06-05,120.75,41.35482184,71.91979702,56.58783975,101.95,5.21,50.07,150.21,120.9668,106.6893333,58.19715,36.42230769,
2013-06-06,119.07,41.29238856,72.049,56.78528808,102.23,5.2,50.37,151.11,121.5484,107.5262222,58.73455,36.73423077,
2013-06-07,110.12,41.26740457,72.04685828,56.98330249,102.11,5.21,50.36,151.08,121.6728,108.2386667,59.2269,37.02134615,
2013-06-08,109.14,41.24890815,72.08210842,57.18188425,102.04,5.21,50.35,151.05,121.5014,108.9481111,59.71435,37.30612637,
2013-06-09,100.48,42.85270268,72.09819616,57.38103464,101.64,5.21,50.27,150.81,120.9876,109.529,60.1586,37.56728022,
2013-06-10,104.26,41.34125536,72.25715707,57.58075493,101.7,5.22,50.26,150.78,120.7124,110.1917778,60.6201,37.83854396,
2013-06-11,107.36,41.23215741,72.65003445,57.78104641,101.77,5.23,50.36,151.08,120.3874,110.8625556,61.0964,38.1178022,
2013-06-12,107.09,41.52604293,72.83139844,57.98191034,101.96,5.24,50.39,151.17,119.7948,111.531,61.5706,38.39590659,
2013-06-13,101.97,41.30579707,73.07603681,58.18334801,102.03,5.26,50.37,151.11,118.8342,112.1407778,62.01915,38.65980769,
2013-06-14,99.1,41.33529452,73.18759017,58.3853607,102.06,5.29,50.33,150.99,117.9956,112.7226667,62.45365,38.91467033,
2013-06-15,99.58,41.59227493,73.20048993,58.58794971,102.09,5.3,50.32,150.96,117.2408,113.3057778,62.8912,39.17063187,
2013-06-16,99.06,51.29118613,73.26431139,58.79111631,102.21,5.31,50.34,151.02,116.6466,113.847,63.3254,39.42576923,
2013-06-17,100,51.4710036,73.5544265,58.9948618,102.41,5.34,50.33,150.99,115.946,114.3003333,63.76355,39.68384615,
2013-06-18,104.32,51.08683112,73.78202091,59.19918747,102.49,5.35,50.36,151.08,115.1732,114.739,64.223,39.95269231,
2013-06-19,105.2,51.45174615,73.98554974,59.40409461,102.52,5.35,50.4,151.2,114.4924,115.0988889,64.68705,40.22346154,
2013-06-20,103.3,50.7174571,74.00312481,59.60958452,102.68,5.37,50.43,151.29,114.2234,115.4724444,65.14145,40.48901099,
2013-06-21,101.56,51.4191974,74.03539411,59.8156585,102.9,5.41,50.39,151.17,114.1414,115.8908889,65.5864,40.74991758,
2013-06-22,100.11,51.28369524,74.09592974,60.02231784,103.03,5.43,50.4,151.2,114.259,116.2193333,66.024,41.00722527,
2013-06-23,100.35,51.22959436,74.06575263,60.22956386,103.12,5.45,50.4,151.2,114.0294,116.5001111,66.45975,41.26532967,
2013-06-24,99.14,51.1040493,74.1717557,60.43739785,103.28,5.47,50.43,151.29,113.6738,116.7148889,66.8887,41.52049451,
2013-06-25,97.87,51.52342203,74.39941473,60.64582112,103.4,5.49,50.45,151.35,113.3814,116.8101111,67.3112,41.77184066,
2013-06-26,98.87,51.4582492,74.64331733,60.85483498,103.37,5.49,50.48,151.44,113.1276,116.9212222,67.73875,42.02563187,
2013-06-27,96.92,51.26066837,74.90124591,61.06444074,103.27,5.5,50.46,151.38,112.7952,116.9968889,68.15735,42.27403846,
2013-06-28,89.44,51.66121821,74.95511654,61.27463972,103.9,5.63,50.4,151.2,112.3446,116.9636667,68.5381,42.50184066,
2013-06-29,88.88,56.64096202,75.1028648,61.48543322,104.04,5.68,50.37,151.11,111.7644,116.883,68.91575,42.72793956,
2013-06-30,89.54,56.90734684,75.26811278,61.69682257,104.03,5.71,50.31,150.93,111.2448,116.7181111,69.296,42.95601648,
2013-07-01,83.66,47.09299502,75.40242651,61.90880908,104.72,5.86,50.35,151.05,110.632,116.3627778,69.6467,43.16769231,
2013-07-02,87.72,47.25260403,75.46136704,62.12139408,104.83,5.89,50.39,151.17,110.0666,115.8836667,70.01775,43.39098901,
2013-07-03,77.52,47.09404225,75.72573971,62.33457888,104.51,5.91,50.29,150.87,109.4752,115.2435556,70.33845,43.58626374,
2013-07-04,79,47.68710315,75.94302786,62.54836482,104.32,5.94,50.16,150.48,108.8762,114.5502222,70.6671,43.78516484,
2013-07-05,67.41,47.05393895,76.15102039,62.76275323,103.37,5.95,49.77,149.31,107.9598,113.7181111,70.938,43.95239011,
2013-07-06,65.68,47.08224326,75.90308059,62.97774542,102.54,5.96,49.4,148.2,106.9248,112.615,71.20095,44.11425824,
2013-07-07,71.74,47.70300608,75.93700634,63.19334274,102.44,5.97,49.35,148.05,105.9922,111.333,71.49265,44.29285714,
2013-07-08,74.4,47.06087209,76.18214612,63.40954652,103.12,6.09,49.39,148.17,105.1468,109.6102222,71.79775,44.47818681,
2013-07-09,75,47.02913534,76.26943137,63.62635809,103.14,6.12,49.35,148.05,104.2864,108.6991111,72.10645,44.66478022,
2013-07-10,85.91,47.61064033,76.5737534,63.84377879,103.03,6.1,49.52,148.56,103.6598,108.7315556,72.47,44.88115385,
2013-07-11,87.61,57.63575494,76.79547395,64.06180997,103.24,6.12,49.61,148.83,103.0366,108.5373333,72.84235,45.10098901,
2013-07-12,88.61,59.51442474,76.96406574,64.28045296,103.57,6.14,49.81,149.43,102.334,108.4495556,73.21925,45.32357143,
2013-07-13,91.61,57.61044205,76.89926091,64.49970911,103.63,6.12,49.94,149.82,101.5928,108.4556667,73.6111,45.55450549,
2013-07-14,89.99,57.79550487,76.96338955,64.71957977,103.79,6.14,50,150,100.8142,108.6132222,73.99515,45.78093407,
2013-07-15,93.75,58.14132762,76.978983,64.94006628,104.01,6.18,50.05,150.15,100.0908,108.8964444,74.39795,46.01568681,
2013-07-16,91.65,57.59970504,77.21622285,65.16117,104.05,6.21,50.05,150.15,99.3994,108.9148889,74.79015,46.24398352,
2013-07-17,91.02,58.30833289,77.48440939,65.38289228,104.08,6.25,50.01,150.03,98.7,108.7717778,75.1797,46.46931319,
2013-07-18,84.99,57.56895169,77.5924803,65.60523448,103.78,6.28,49.85,149.55,97.7928,108.4082222,75.53865,46.67835165,
2013-07-19,86.13,58.83244804,77.89679135,65.82819795,103.72,6.3,49.8,149.4,96.9872,107.9633333,75.9031,46.89178571,
2013-07-20,84.76,57.81803321,78.06011711,66.05178405,103.69,6.33,49.79,149.37,96.1236,107.5937778,76.2608,47.10046703,
2013-07-21,85.8,57.81834811,78.14169533,66.27599415,103.65,6.35,49.78,149.34,95.2642,107.1736667,76.6247,47.31304945,
2013-07-22,85.58,69.28719638,78.41008005,66.5008296,103.58,6.37,49.77,149.31,94.5258,106.6054444,76.98665,47.52456044,
2013-07-23,86.99,68.99708464,78.66033952,66.72629178,103.7,6.41,49.79,149.37,93.8044,105.9053333,77.35585,47.74,
2013-07-24,88.25,69.23309844,78.75946255,66.95238205,103.79,6.44,49.82,149.46,93.1652,105.3188889,77.73135,47.95876374,
2013-07-25,90.18,68.78028673,78.72510384,67.17910179,104.8,6.7,49.87,149.61,92.5538,104.7951111,78.1165,48.18247253,
2013-07-26,90.1,70.78374796,78.81319989,67.40645236,105.04,6.76,49.89,149.67,91.9744,104.3654444,78.501,48.40574176,
2013-07-27,88.16,68.9257419,78.66925821,67.63443515,105.08,6.79,49.91,149.73,91.5352,103.8446667,78.8743,48.62354396,
2013-07-28,92.77,70.25800151,78.81908107,67.86305152,105.22,6.82,49.95,149.85,91.2078,103.287,79.27025,48.85447802,
2013-07-29,93.38,68.94574242,78.94659018,68.09230285,105.12,6.86,49.91,149.73,91.0658,102.7774444,79.66715,49.08629121,
2013-07-30,96.72,69.23974399,79.0336551,68.32219054,105.24,6.87,49.98,149.94,90.915,102.5548889,80.08075,49.32651099,
2013-07-31,97.83,69.42780499,78.92206217,68.55271596,105.67,6.93,50.13,150.39,90.7244,102.4678889,80.50045,49.56931319,
2013-08-01,96.53,3.575842543,82.02680377,68.78388049,105.86,6.98,50.19,150.57,90.5132,102.4934444,80.91495,49.80596154,
2013-08-02,95.94,3.603740752,82.27400288,69.01568553,106.43,7.13,50.38,151.14,90.3926,102.3168889,81.3248,50.03989011,
2013-08-03,95.54,4.288180027,82.38779011,69.24813247,106.57,7.27,50.73,152.19,90.3214,102.0793333,81.73115,50.27348901,
2013-08-04,96.36,4.332557502,82.17674906,69.48122269,106.77,7.35,50.78,152.34,90.257,101.9001111,82.14085,50.50881868,
2013-08-05,97.81,4.289570455,82.34519905,69.7149576,107.1,7.45,50.89,152.67,90.232,101.7473333,82.55275,50.7478022,
2013-08-06,97.68,4.299832067,82.63877396,69.94933858,107.31,7.55,50.92,152.76,90.1856,101.5711111,82.96335,50.98664835,
2013-08-07,97.02,4.331852465,83.07652273,70.18436705,107.4,7.59,50.96,152.88,90.0396,101.405,83.37095,51.22299451,
2013-08-08,94.27,4.273898356,83.25804453,70.42004439,107.43,7.66,50.98,152.94,89.821,101.1425556,83.7648,51.45175824,
2013-08-09,92.72,4.342144415,83.41003926,70.65637201,107.49,7.71,51,153,89.6094,100.8892222,84.1458,51.67538462,
2013-08-10,93.24,4.290624329,83.62173532,70.89335132,107.56,7.78,51.03,153.09,89.443,100.6552222,84.52495,51.90027473,
2013-08-11,94.17,4.2887683,83.57081588,71.13098372,107.67,7.86,51.06,153.18,89.3242,100.4127778,84.9083,52.12741758,
2013-08-12,95.44,4.374206345,83.50036436,71.36927062,107.76,7.95,51.06,153.18,89.226,100.2833333,85.29925,52.35695055,
2013-08-13,98.01,5.825264714,83.81441376,71.60821345,107.76,7.99,51.31,153.93,89.2034,100.1617778,85.70185,52.59255495,
2013-08-14,99.17,5.802072554,84.06710074,71.8478136,107.91,8.02,51.4,154.2,89.2294,100.0055556,86.1113,52.82925824,
2013-08-15,98.05,5.777098321,84.47300273,72.0880725,108,8.06,51.52,154.56,89.213,99.79022222,86.51415,53.06195055,
2013-08-16,98.25,5.832843918,84.52550376,72.32899156,108.1,8.15,51.56,154.68,89.2396,99.56666667,86.91205,53.29684066,
2013-08-17,99.67,5.981019254,84.62047389,72.57057222,108.31,8.3,51.63,154.89,89.4442,99.37777778,87.31335,53.53895604,
2013-08-18,99.3,5.808117511,84.65218441,72.81281587,108.48,8.52,51.68,155.04,89.6526,99.16977778,87.7126,53.79019231,
2013-08-19,102.8,5.897678851,85.15074912,73.05572397,108.87,8.83,51.79,155.37,89.9178,99.00933333,88.1243,54.04543956,
2013-08-20,104.57,5.821259675,85.28248667,73.29929792,109.11,8.93,51.89,155.67,90.336,98.85155556,88.5447,54.30475275,
2013-08-21,111,5.884363696,85.46122591,73.54353917,109.41,9.01,52.02,156.06,90.8016,98.71,89.0006,54.58233516,
2013-08-22,109.76,5.82134619,85.68431118,73.78844914,109.73,9.18,52.14,156.42,91.4464,98.49988889,89.44795,54.85634615,
2013-08-23,107.78,5.852606052,85.43654987,74.03402927,109.89,9.34,52.24,156.72,92.022,98.265,89.8854,55.12395604,
2013-08-24,109.04,7.582577566,85.51629692,74.28028099,110.03,9.6,52.29,156.87,92.8546,98.033,90.3278,55.39447802,
2013-08-25,113.21,7.626415602,84.91566558,74.52720574,110.22,9.81,52.38,157.14,93.8052,97.88844444,90.7893,55.67717033,
2013-08-26,112.23,7.603722075,84.89251232,74.77480496,110.49,10.14,52.49,157.47,94.615,97.73555556,91.2419,55.95587912,
2013-08-27,117.71,7.516191991,84.23156877,75.0230801,111.11,11,52.67,158.01,95.4812,97.59511111,91.71795,56.24903846,
2013-08-28,118.3,7.166987806,84.58084611,75.2720326,111.45,11.22,52.84,158.52,96.3472,97.505,92.19375,56.54431319,
2013-08-29,119,7.583821382,84.96388223,75.52166391,111.88,11.68,53.04,159.12,97.009,97.40566667,92.6705,56.84217033,
2013-08-30,124.83,7.55931846,84.89009378,75.77197548,112.28,12.29,53.27,159.81,97.7534,97.36188889,93.17495,57.1571978,
2013-08-31,127.45,7.578652306,86.64738017,76.02296876,112.65,13,53.56,160.68,98.5302,97.41688889,93.68665,57.48010989,
2013-09-01,130.66,7.104631851,86.75839399,76.2746452,112.89,13.54,53.79,161.37,99.3112,97.50133333,94.21285,57.8110989,
2013-09-02,129.61,7.33755546,86.9397086,76.52700627,113.15,13.97,54.02,162.06,100.1036,97.60577778,94.7239,58.13818681,
2013-09-03,129.14,7.091053169,86.9172315,76.78005341,113.62,14.43,54.4,163.2,100.8114,97.699,95.2339,58.46447802,
2013-09-04,122.59,9.373731473,86.92595902,77.03378809,113.48,14.92,54.49,163.47,101.4302,97.73811111,95.70915,58.77107143,
2013-09-05,122.62,9.367691512,87.18869687,77.28821178,113.01,15.68,54.53,163.59,102.0622,97.877,96.18735,59.07766484,
2013-09-06,117.68,9.418782686,87.06356864,77.54332594,110.23,19.07,54.6,163.8,102.716,97.97188889,96.64125,59.37071429,
2013-09-07,119.57,9.501915249,87.05594327,77.79913203,108.6,21.11,54.66,163.98,103.3848,98.184,97.09215,59.66906593,
2013-09-08,118.26,9.373549341,86.96408476,78.05563153,108.76,21.84,54.7,164.1,104.0548,98.33955556,97.53345,59.96379121,
2013-09-09,121,9.37955427,86.77579019,78.31282591,109.23,22.13,54.88,164.64,104.7588,98.49111111,97.98845,60.26612637,
2013-09-10,122.2,9.434951895,86.59221617,78.57071664,109.49,22.4,55,165,105.4912,98.659,98.44715,60.57151099,
2013-09-11,127.16,9.393606744,86.72900207,78.8293052,109.74,22.6,55.16,165.48,106.2946,98.93888889,98.9346,60.89024725,
2013-09-12,127.03,9.558712334,86.73686624,79.08859307,110.25,22.89,55.5,166.5,107.0702,99.24922222,99.4217,61.20818681,
2013-09-13,127.41,9.397354064,87.11536466,79.34858173,110.73,23.04,55.62,166.86,107.8148,99.55844444,99.90665,61.52662088,
2013-09-14,124.05,12.29156864,87.35113375,79.60927266,111.13,23.34,55.85,167.55,108.4938,99.83611111,100.3714,61.83549451,
2013-09-15,125.09,12.15081723,87.41617522,79.87066736,111.37,23.71,55.92,167.76,109.2324,100.1148889,100.8398,62.14686813,
2013-09-16,126.27,12.09561419,87.62968443,80.1327673,111.56,24.07,56.06,168.18,109.9024,100.3587778,101.3036,62.46137363,
2013-09-17,126.96,11.45038359,87.87073323,80.39557398,111.67,24.22,56.14,168.42,110.574,100.6005556,101.76515,62.77700549,
2013-09-18,127.15,11.98673692,87.83472526,80.65908889,111.77,24.55,56.28,168.84,111.1826,100.8655556,102.23,63.09247253,
2013-09-19,124.12,11.99340287,88.04449642,80.92331353,112.07,24.77,56.66,169.98,111.7084,101.1162222,102.679,63.39972527,
2013-09-20,122.92,12.22016923,88.39936027,81.18824939,111.99,25.21,56.71,170.13,112.2362,101.3696667,103.11095,63.70392857,
2013-09-21,123.48,12.22053852,88.74111459,81.45389797,111.56,25.97,56.75,170.25,112.787,101.6266667,103.52375,64.01027473,
2013-09-22,123.16,12.22196229,88.78328626,81.72026078,111.14,26.95,56.87,170.61,113.3394,101.8935556,103.92685,64.31568681,
2013-09-23,122.81,12.13382228,89.00629762,81.98733931,111,27.46,56.93,170.79,113.8684,102.1706667,104.3324,64.62038462,
2013-09-24,123.75,12.15473996,89.3488983,82.25513508,111.06,27.69,57.03,171.09,114.3872,102.4471111,104.7324,64.92793956,
2013-09-25,123.96,16.4461706,89.63357243,82.52364959,111.17,27.93,57.14,171.42,114.9128,102.7475556,105.1222,65.23497253,
2013-09-26,124.65,16.04542006,89.99207483,82.79288436,111.05,28.49,57.22,171.66,115.4654,103.1387778,105.519,65.54384615,
2013-09-27,126.73,15.85886106,90.00837191,83.06284089,110.91,29.07,57.31,171.93,116.1146,103.5593333,105.91165,65.85862637,
2013-09-28,126.83,16.42153953,90.12698374,83.33352071,110.8,30.49,57.37,172.11,116.7968,103.9736667,106.32275,66.17332418,
2013-09-29,127.01,16.05566164,89.92190977,83.60492533,110.94,30.59,57.46,172.38,117.4722,104.4553333,106.72285,66.48868132,
2013-09-30,126.22,16.05186158,90.25680124,83.87705627,111.36,31.06,57.56,172.68,118.1132,104.8831111,107.1193,66.80206044,
2013-10-01,127.54,15.20959654,90.35928163,84.14991505,111.65,31.14,57.68,173.04,118.7552,105.4388889,107.52155,67.11815934,
2013-10-02,103.46,15.28939918,89.55089458,84.4235032,110.93,31.16,57.56,172.68,118.8642,105.7106667,107.8052,67.36695055,
2013-10-03,117.66,15.22491794,88.94409741,84.69782225,110.82,31.37,57.57,172.71,119.234,106.269,108.158,67.65565934,
2013-10-04,122.09,15.33770351,89.18255511,84.97287372,111.11,31.5,57.69,173.07,119.7148,106.8957778,108.5167,67.95673077,
2013-10-05,121.27,15.26427148,89.27676775,85.24865915,111.17,31.59,57.77,173.31,120.1752,107.4461111,108.82705,68.25585165,
2013-10-06,122.49,19.52298403,89.4303085,85.52518007,111.28,31.76,57.85,173.55,120.6316,107.9804444,109.1153,68.56019231,
2013-10-07,123.5,19.34525752,89.62527098,85.80243801,111.52,32.05,58.35,175.05,121.1156,108.5193333,109.36875,68.86758242,
2013-10-08,124.86,21.41518969,89.98847162,86.08043452,111.59,32.39,58.41,175.23,121.5568,108.9521111,109.64465,69.17766484,
2013-10-09,125.9,19.3822423,90.49660018,86.35917114,111.88,32.47,58.56,175.68,121.9834,109.3775556,109.95465,69.48991758,
2013-10-10,126.35,19.78522525,90.9649153,86.63864941,112.01,32.55,58.63,175.89,122.2904,109.7968889,110.23365,69.80381868,
2013-10-11,127.35,19.51621026,91.23504786,86.91887087,112.2,32.74,58.73,176.19,122.6422,110.194,110.495,70.12098901,
2013-10-12,127.77,19.39033556,91.59495099,87.19983708,112.43,33.23,58.83,176.49,123.042,110.6137778,110.7348,70.43945055,
2013-10-13,132.45,19.39869436,91.90867702,87.48154958,112.64,33.44,58.96,176.88,123.5102,111.0437778,110.95055,70.77085165,
2013-10-14,135.41,19.40428214,92.31603966,87.76400992,113.18,33.61,59.19,177.57,123.9542,111.53,111.18325,71.11098901,
2013-10-15,141.42,19.61531489,92.92611242,88.04721967,113.82,33.75,59.46,178.38,124.538,112.09,111.4398,71.46675824,
2013-10-16,138.21,27.34586354,93.47351439,88.33118038,114.92,33.79,59.93,179.79,124.948,112.6813333,111.6687,71.81412088,
2013-10-17,143.73,28.00760235,93.80561744,88.61589361,115.48,33.87,60.15,180.45,125.4566,113.3213333,111.90665,72.17686813,
2013-10-18,152.89,27.37296662,94.14425281,88.90136091,116.24,33.92,60.44,181.32,126.1344,114.0783333,112.1492,72.56483516,
2013-10-19,165.24,27.90512223,94.29384144,89.18758386,117.61,34.01,60.96,182.88,126.9426,114.961,112.3972,72.98692308,
2013-10-20,166.53,27.43461886,95.00606795,89.47456403,118.29,34.18,61.29,183.87,127.7242,115.8604444,112.57565,73.41332418,
2013-10-21,179.92,27.39609754,95.23186979,89.76230297,120.76,34.49,62.56,187.68,128.7094,116.893,112.7996,73.87607143,
2013-10-22,189.54,27.51707886,95.78009304,90.05080226,123.74,35.38,63.91,191.73,129.908,118.0184444,113.0403,74.36491758,
2013-10-23,203.68,27.48879969,95.81690245,90.34006349,127.51,34.44,65.19,195.57,131.3988,119.2795556,113.3472,74.89315934,
2013-10-24,195.11,27.33355522,95.81043455,90.63008821,128.88,34.47,65.75,197.25,132.8492,120.4463333,113.49795,75.40019231,
2013-10-25,187.52,27.47030528,95.78905343,90.92087801,132.63,33.69,67.98,203.94,134.1472,121.5503333,113.49995,75.88821429,
2013-10-26,179.96,39.97760393,96.05952974,91.21243448,133.06,33.88,68.21,204.63,135.3928,122.5191111,113.2525,76.35412088,
2013-10-27,194.49,39.99704784,96.3609032,91.50475919,133.65,34.03,68.5,205.5,136.8912,123.6425556,113.43995,76.85947802,
2013-10-28,196,40.2316011,96.4582068,91.79785373,134.51,34.11,68.83,206.49,138.446,124.7456667,114.005,77.36826923,
2013-10-29,204.27,40.69302228,96.90463518,92.09171969,136.92,34.16,69.74,209.22,140.1114,125.9283333,114.5009,77.89994505,
2013-10-30,197.52,40.04399475,97.24053288,92.38635865,137.93,34.44,70.11,210.33,141.6178,127.0504444,115.00595,78.41241758,
2013-10-31,203.02,40.25032973,97.45093299,92.68177222,138.91,34.65,70.54,211.62,143.135,128.2402222,115.56575,78.94038462,
2013-11-01,202.99,37.16961071,97.75187986,92.97796199,140.07,34.78,70.99,212.97,144.6542,129.4341111,116.20165,79.46914835,
2013-11-02,204.7,37.43506265,98.16744894,93.27492954,140.69,34.87,71.24,213.72,146.2,130.6378889,116.88385,80.00222527,
2013-11-03,210,36.92628985,98.1137018,93.57267649,141.56,35.21,71.6,214.8,147.919,131.8844444,117.4839,80.54991758,
2013-11-04,229.24,37.03797367,98.40846156,93.87120444,146.4,35.21,73.37,220.11,150.002,133.3462222,118.1106,81.15008242,
2013-11-05,243.49,48.70245678,98.5956581,94.17051499,150.21,35.19,74.9,224.7,152.3464,134.9736667,118.7395,81.78950549,
2013-11-06,261.93,47.56958442,97.5703386,94.47060974,152.97,35.09,75.97,227.91,155.0458,136.8365556,119.4183,82.47942308,
2013-11-07,290.01,46.99485301,98.24682602,94.77149031,160.84,35.05,78.99,236.97,158.303,139.0286667,120.27825,83.24653846,
2013-11-08,333.8,47.87230743,98.56922986,95.07315831,167.76,34.94,81.63,244.89,162.4966,141.7015556,121.3292,84.1339011,
2013-11-09,329.16,47.94597911,99.0017998,95.37561535,173.25,34.93,83.84,251.52,166.6214,144.3125556,122.2914,85.00848901,
2013-11-10,326.49,48.15604464,99.17860095,95.67886305,174.86,34.88,84.59,253.77,170.6816,146.8797778,123.17385,85.87571429,
2013-11-11,343.19,48.28988963,98.69624186,95.98290303,178.97,34.93,86.29,258.87,175.0822,149.604,124.18465,86.78868132,
2013-11-12,354.9,48.4552684,99.3229417,96.28773691,183.63,34.91,88.29,264.87,179.724,152.4454444,125.27255,87.73381868,
2013-11-13,392.1,48.69490401,99.70893001,96.59336631,190.76,34.89,91.18,273.54,185.091,155.7126667,126.5892,88.78090659,
2013-11-14,415.98,48.69204367,100.3582461,96.89979286,197.94,34.43,94.24,282.72,190.9314,159.243,127.99395,89.89335165,
2013-11-15,410.46,48.47009422,101.0718012,97.20701819,203.28,34.39,96.68,290.04,196.6476,162.6962222,129.33145,90.98950549,
2013-11-16,435.82,48.7797462,101.8088,97.51504392,207.52,34.41,98.58,295.74,202.8294,166.4353333,130.81435,92.15502747,
2013-11-17,479.5,58.47016998,102.2736442,97.8238717,213.95,34.52,101.32,303.96,209.8828,170.6208889,132.6281,93.44049451,
2013-11-18,650,61.3541554,103.4234558,98.13350315,229.6,34.45,107.82,323.46,220.3426,176.6812222,135.3498,95.1942033,
2013-11-19,546.46,57.60847076,104.017976,98.44393993,247.61,34.25,115.37,346.11,228.7474,181.5196667,137.61095,96.66346154,
2013-11-20,598.49,57.70492782,104.8566551,98.75518365,255.7,34.27,119.26,357.78,238.1664,186.95,140.04425,98.27571429,
2013-11-21,718.99,58.03676641,102.1102493,99.06723598,267.68,34.17,124.28,372.84,250.477,193.7412222,143.0546,100.2181044,
2013-11-22,796.5,57.74784248,102.7173012,99.38009855,300.16,34.16,137.18,411.54,264.0538,201.3796667,146.47465,102.3730495,
2013-11-23,827,58.79458384,103.7017101,99.69377302,322.12,33.96,146.24,438.72,278.152,209.3106667,150.05185,104.6113736,
2013-11-24,807.24,57.81931151,104.0024572,100.008261,331.03,33.99,150.01,450.03,291.8714,217.033,153.52035,106.7953846,
2013-11-25,816.27,58.13286905,104.9498676,100.3235642,344.02,33.95,156.37,469.11,305.747,224.7947778,157.04185,109.0043681,
2013-11-26,911.99,58.78299757,106.2472591,100.6396843,381.39,33.06,174.79,524.37,321.5168,233.6135556,161.01235,111.4766758,
2013-11-27,963.85,57.65529737,107.458746,100.9566228,402.79,32.94,184.77,554.31,338.2966,243.0007778,165.254,114.091044,
2013-11-28,1013.5,58.62479307,109.1678726,101.2743816,428.86,32.86,196.49,589.47,356.0486,252.8748889,169.75,116.8414011,
2013-11-29,1127.49,66.98524777,110.8294317,101.5929621,456.14,32.82,208.46,625.38,376.0714,263.9864444,174.8075,119.9047527,
2013-11-30,1124.86,68.6495876,112.6685064,101.9123662,471.76,32.77,215.41,646.23,396.0216,275.0331111,179.89635,122.960989,
2013-12-01,950,60.43121809,112.9507838,102.2325954,478.67,32.77,218.65,655.95,412.4662,284.1485556,184.1016,125.5367582,
2013-12-02,1042,60.34452275,114.3210657,102.5536515,489.94,32.84,223.28,669.84,430.6572,294.2914444,188.74545,128.3648626,
2013-12-03,1051.84,60.72092526,115.719181,102.875536,500.34,32.72,228.07,684.21,448.9858,304.6164444,193.4175,131.2199451,
2013-12-04,1138.58,61.43036442,116.5886087,103.1982508,514.38,32.68,234.27,702.81,468.929,315.9048889,198.51855,134.3116484,
2013-12-05,1030.99,60.34529654,117.7748475,103.5217974,525.84,32.57,239.51,718.53,486.7846,326.0527778,203.09015,137.1073626,
2013-12-06,810,60.4422213,118.7855549,103.8461775,529.65,32.54,241.48,724.44,500.11,333.7242222,206.55005,139.2959066,
2013-12-07,703.81,60.20242418,119.8219419,104.1713929,531.15,32.51,242.51,727.53,511.1284,340.2303333,209.4829,141.1927473,
2013-12-08,786.2,60.83442659,120.4654415,104.4974451,533.56,32.59,243.36,730.08,523.5476,347.6214444,212.82005,143.3163736,
2013-12-09,895,61.11806484,122.1160918,104.824336,537.42,32.62,245.04,735.12,538.117,356.2081111,216.67635,145.7386538,
2013-12-10,976.26,80.04017558,122.8874247,105.1520671,542.6,32.64,247.45,742.35,554.0438,365.6425556,220.9143,148.384011,
2013-12-11,876.88,77.56963388,123.6684275,105.4806402,550.25,32.61,251.13,753.39,567.7906,373.9742222,224.6541,150.7559615,
2013-12-12,873,78.57696291,124.3574269,105.8100569,552.73,32.7,252.04,756.12,581.177,382.2585556,228.3695,153.1171703,
2013-12-13,879.25,77.62615411,125.1453849,106.1403191,558.71,32.78,254.43,763.29,594.8598,390.6496667,232.13465,155.4955769,
2013-12-14,852.88,77.70393682,124.5358502,106.4714282,561.32,33.12,254.33,762.99,608.167,398.7362222,235.7691,157.8018956,
2013-12-15,862.49,78.13439445,123.4594934,106.8033862,563.21,33.08,255.54,766.62,621.8176,406.9164444,239.4298,160.1349176,
2013-12-16,678.79,78.42767967,124.0234901,107.1361946,562.74,33.15,256.14,768.42,631.5036,413.0478889,242.1917,161.9633791,
2013-12-17,681.56,78.04756998,124.4108859,107.4698552,562.21,33.18,256.11,768.33,641.2148,419.208,244.9598,163.7998352,
2013-12-18,520.12,77.606859,124.8694706,107.8043697,558.15,33.21,255.32,765.96,647.5318,423.608,246.91655,165.1919231,
2013-12-19,683.71,78.01469341,125.5015344,108.1397397,555.53,33.26,254.31,762.93,657.2556,429.839,249.7226,167.033489,
2013-12-20,609.74,78.05041256,125.4152963,108.4759671,555.98,33.33,255.01,765.03,665.39,435.2418889,252.156,168.6721703,
2013-12-21,597.5,102.2150253,125.5912238,108.8130535,554.54,33.94,259.75,779.25,673.2802,440.5123333,254.54245,170.2773901,
2013-12-22,614.55,100.9986853,125.2598911,109.1510007,547.11,33.95,256.58,769.74,681.4772,445.9761111,257.01145,171.9296154,
2013-12-23,659.9,101.5772177,127.1371452,109.4898103,548.12,33.98,257.14,771.42,690.4752,451.9333333,259.7156,173.7061813,
2013-12-24,649.54,103.9720635,128.0275771,109.8294841,550.4,34.02,258.25,774.75,698.8812,457.7731111,262.4127,175.4542582,
2013-12-25,678.51,100.9656819,128.5208531,110.1700238,553.64,33.49,262.95,788.85,707.5816,463.9271111,265.25955,177.2820879,
2013-12-26,747.97,102.0948485,129.1386528,110.5114312,556.54,33.52,264.18,792.54,717.3024,470.8297778,268.497,179.3007143,
2013-12-27,718.8,102.1010049,130.0322448,110.8537079,560.03,33.65,265.76,797.28,725.8782,477.4072222,271.5697,181.2391484,
2013-12-28,717.82,100.9588843,129.7398152,111.1968558,561.09,33.72,266.06,798.18,733.5586,483.9717778,274.622,183.1751648,
2013-12-29,728.09,100.9231,128.8201394,111.5408765,562.18,33.82,266.39,799.17,741.5372,490.6592222,277.727,185.1391484,
2013-12-30,736.5,100.9985655,130.0850326,111.8857718,562.31,33.82,266.55,799.65,749.7374,497.4254444,280.89965,187.1261264,
2013-12-31,731.96,102.1296418,130.377901,112.2315434,562.84,33.93,266.47,799.41,757.5128,504.4087778,284.06395,189.1006868,
2014-01-01,754.51,91.54505646,130.9020535,112.5781931,562.88,33.96,266.55,799.65,765.505,511.4848889,287.3386,191.1377473,
2014-01-02,783.84,109.7091607,131.3417688,112.9257226,565.31,34.02,267.52,802.56,773.3398,518.8376667,290.7625,193.2549176,
2014-01-03,808.39,110.4664448,131.8254266,113.2741337,568.12,34.02,269.03,807.09,781.188,526.4723333,294.30445,195.4396429,
2014-01-04,828.74,109.7788175,132.4231965,113.6234281,576.11,33.99,273.45,820.35,789.5536,534.3195556,297.92655,197.6802747,
2014-01-05,902.35,110.4133168,132.8319155,113.9736075,580.66,33.98,275.93,827.79,798.8842,542.9734444,301.9123,200.1231319,
2014-01-06,908.01,111.8209507,133.520471,114.3246738,585.12,33.97,278.13,834.39,807.4544,551.6751111,305.93585,202.5814011,
2014-01-07,810.93,109.7762056,134.4993669,114.6766287,588.69,34.06,279.48,838.44,810.673,559.2865556,309.4827,204.7721429,
2014-01-08,820.99,109.8399344,136.3731687,115.029474,593.81,34.08,281.83,845.49,816.1636,567.0047778,313.0871,206.9903022,
2014-01-09,827.07,109.8895274,137.2400362,115.3832114,597.31,34.3,282.61,847.83,820.7352,574.7794444,316.7207,209.224011,
2014-01-10,847.48,112.2169248,137.6929967,115.7378426,598.55,34.37,283.09,849.27,823.305,582.7762222,320.4624,211.5137912,
2014-01-11,886.47,109.9049469,138.0136484,116.0933695,602.88,34.48,285.4,856.2,825.1044,591.1542222,324.4054,213.910989,
2014-01-12,844.05,109.9109149,138.6434889,116.4497938,606.37,34.59,286.8,860.4,825.4454,599.028,328.1313,216.1923626,
2014-01-13,827,143.5059163,140.0162484,116.8071173,607.03,34.59,287.27,861.81,825.8406,606.6455556,331.7817,218.4259615,
2014-01-14,815.55,138.4290691,140.4753937,117.1653418,608.84,34.54,288.6,865.8,825.8262,614.1715556,335.41225,220.6272802,
2014-01-15,840.75,138.471783,141.4856364,117.5244691,612.79,34.58,290.45,871.35,824.4014,621.9162222,339.1716,222.8974176,
2014-01-16,816.55,139.3311739,141.5255891,117.8845009,615.58,34.67,291.68,875.04,821.4554,629.2902222,342.80665,225.0982967,
2014-01-17,793.98,138.4445387,142.7021631,118.245439,617.42,34.82,292.11,876.33,817.065,636.2762222,346.35825,227.2368132,
2014-01-18,809.18,140.16651,143.3334455,118.6072852,618.73,34.94,292.47,877.41,810.6988,643.4167778,349.96555,229.4172527,
2014-01-19,841.54,138.604328,143.90922,118.9700413,619.91,35,293.16,879.48,805.0324,650.7681111,353.78565,231.6865934,
2014-01-20,829.6,139.9657992,144.2893027,119.3337091,621.76,35.08,293.97,881.91,802.6244,657.8798889,357.53865,233.9203297,
2014-01-21,824.49,139.2926662,144.942735,119.6982904,623.7,35.22,294.49,883.47,798.2742,664.7777778,361.32405,236.1375824,
2014-01-22,819.5,138.5523329,145.7945005,120.063787,625.02,35.23,295.48,886.44,793.6274,671.7154444,365.09315,238.3408791,
2014-01-23,809.69,138.4534773,145.9488712,120.4302007,626.04,35.29,295.91,887.73,787.0496,678.6284444,368.7829,240.5179121,
2014-01-24,780.76,171.6252547,146.7862874,120.7975332,627.21,35.34,296.54,889.62,782.045,685.304,372.3147,242.6148077,
2014-01-25,802.55,169.8894894,147.1245147,121.1657864,628.72,35.42,297.23,891.69,781.896,692.0602222,375.95245,244.7721429,
2014-01-26,813.37,172.0873955,147.8970407,121.5349622,629.96,35.49,297.69,893.07,784.0872,698.9198889,379.58975,246.9586538,
2014-01-27,743.5,169.8521845,149.3462598,121.9050622,631.1,35.55,298.25,894.75,783.2332,704.9113333,382.8692,248.9499451,
2014-01-28,786.91,169.753411,149.9125306,122.2760884,632.57,35.7,298.65,895.95,781.0714,711.4601111,386.3607,251.0584615,
2014-01-29,793.75,170.8998209,150.8596409,122.6480424,633.66,35.72,299.31,897.93,777.4212,718.0237778,389.8714,253.1856593,
2014-01-30,798.41,171.794677,151.5549964,123.0209263,634.98,35.82,299.86,899.58,775.8518,724.6395556,393.4135,255.3228846,
2014-01-31,803,169.8467358,152.3987171,123.3947417,636.26,35.95,300.24,900.72,774.4518,731.2873333,396.95975,257.4726374,
2014-02-01,812.18,154.0377163,153.277607,123.7694905,638.78,35.99,301.54,904.62,773.1104,737.9782222,400.5624,259.6494505,
2014-02-02,815,152.4391042,153.5168818,124.1451746,639.94,36.08,301.97,905.91,772.3528,744.4866667,404.1823,261.8327198,
2014-02-03,806.77,154.0680937,154.4830836,124.5217956,641.03,36.15,302.42,907.26,771.2384,750.7453333,407.7912,263.9933791,
2014-02-04,800.21,152.2895511,155.1793271,124.8993556,641.36,36.15,302.65,907.95,773.6668,756.7262222,411.3616,266.1352747,
2014-02-05,780.39,181.9721906,155.8177173,125.2778563,646.92,36.5,312.77,938.31,775.6434,762.1748889,414.83975,268.2217582,
2014-02-06,763.61,182.9703207,156.7718918,125.6572995,647.97,36.63,313.4,940.2,780.5132,766.9505556,418.2288,270.2599451,
2014-02-07,710.1,181.8525069,157.2969698,126.0376871,646.71,36.71,312.83,938.49,781.041,771.1832222,421.3514,272.148956,
2014-02-08,680.49,182.0800671,157.9739494,126.419021,646.65,36.79,312.71,938.13,782.456,775.1165556,424.3189,273.9548626,
2014-02-09,686.77,187.2857341,158.442198,126.8013029,646.93,36.86,312.88,938.64,784.2414,778.9341111,427.3115,275.7766209,
2014-02-10,688.7,181.9579243,159.9679275,127.1845348,646.43,36.93,312.65,937.95,785.7244,782.643,430.3041,277.6028846,
2014-02-11,677,181.9896262,160.538288,127.5687184,645.93,36.95,312.62,937.86,786.0664,785.8085556,433.2386,279.3937912,
2014-02-12,651.6,181.9153778,152.9115264,127.9538556,644.45,36.95,312.3,936.9,786.1076,788.4265556,436.0558,281.1140659,
2014-02-13,615.25,184.0412469,151.9826719,128.3399483,643.74,36.97,312.17,936.51,784.8424,790.702,438.6682,282.7290385,
2014-02-14,670.27,182.8720313,151.910563,128.7269984,643.43,36.97,312.3,936.9,783.2884,793.307,441.55265,284.4958791,
2014-02-15,655.83,182.0819285,152.0410111,129.1150076,644.06,37.11,312.34,937.02,782.029,795.2662222,444.3482,286.2219505,
2014-02-16,624.31,184.0160705,152.2575719,129.5039779,645.67,37.44,312.28,936.84,780.1588,794.9807778,446.9806,287.862967,
2014-02-17,630.71,218.0434162,152.521238,129.8939111,645.66,37.51,312.23,936.69,778.2112,795.9168889,449.6515,289.5217857,
2014-02-18,626.89,219.9169629,152.7810586,130.284809,644.37,37.57,312.33,936.99,776.019,796.2324444,452.30625,291.1632692,
2014-02-19,624.42,218.4211963,153.1697463,130.6766737,644.01,37.71,311.85,935.55,773.8682,795.1816667,454.95065,292.7962912,
2014-02-20,563.51,217.235637,153.9551879,131.0695068,643.26,37.76,311.69,935.07,770.0482,792.5928889,457.2864,294.261978,
2014-02-21,574.83,221.4555399,154.5873597,131.4633104,643.1,37.84,311.57,934.71,765.868,789.791,459.6715,295.7575,
2014-02-22,605.35,217.3654314,154.9093734,131.8580862,643.07,37.93,311.42,934.26,761.8072,787.5477778,462.20985,297.3390385,
2014-02-23,605.5,217.3426066,155.4488099,132.2538363,643.28,37.99,311.59,934.77,757.3424,785.2058889,464.75225,298.9211538,
2014-02-24,545.56,220.683102,156.625358,132.6505623,640.08,38.02,310.27,930.81,750.2066,781.1344444,467.0087,300.3363736,
2014-02-25,539.85,221.0518812,157.3747258,133.0482663,631.83,38.04,306.93,920.79,742.8434,776.4233333,469.24435,301.7340385,
2014-02-26,585.34,219.6517862,157.9334421,133.4469501,632.83,38.13,307.34,922.02,738.3316,771.666,471.70485,303.2558242,
2014-02-27,586.56,217.2930868,158.8356913,133.8466156,632.52,38.2,307.16,921.48,733.643,765.6556667,474.1668,304.7751923,
2014-02-28,547.5,264.7906697,157.460378,134.2472647,632.49,38.4,307.86,923.58,728.0516,759.2405556,476.4271,306.1841209,
2014-03-01,567.11,236.332644,157.8035058,134.6488992,633.6,38.87,307.49,922.47,722.4442,754.9862222,478.7726,307.6482143,
2014-03-02,554.19,239.8055591,158.1603089,135.0515212,633.34,38.95,307.26,921.78,715.7986,749.5661111,481.0477,309.0764286,
2014-03-03,676.38,236.0599217,159.8727726,135.4551325,633.76,38.95,307.75,923.25,712.4452,745.3943333,483.93935,310.8342582,
2014-03-04,674.21,237.6421512,160.7209375,135.859735,634.84,38.98,308.27,924.81,709.3894,740.2346667,486.81915,312.5740659,
2014-03-05,670.7,239.3212139,160.9900603,136.2653306,634.44,38.94,308.73,926.19,706.4924,736.2314444,489.6743,314.2997802,
2014-03-06,669,236.3586042,161.6202946,136.6719212,639.72,39.56,309.27,927.81,703.0574,734.6647778,492.5228,316.0231319,
2014-03-07,630.79,236.370048,162.3588248,137.0795088,639.19,40.68,319.48,958.44,699.3422,733.8534444,495.16275,317.6358791,
2014-03-08,620.52,237.912729,163.5242501,137.4880951,640.21,40.81,319.7,959.1,695.873,732.0125556,497.7425,319.2142308,
2014-03-09,640,240.4743726,164.8772419,137.8976823,640.65,41.39,325.6,976.8,692.4894,729.1792222,500.3875,320.8480495,
2014-03-10,628.1,236.1283537,164.9613081,138.3082721,641.76,41.59,326.52,979.56,688.2206,725.3107778,502.9792,322.4411813,
2014-03-11,635.7,240.5187307,164.7429977,138.7198665,641.79,41.61,326.87,980.61,684.3426,722.631,505.6188,324.0650549,
2014-03-12,634.95,236.3017199,164.7052045,139.1324675,642.73,41.52,327.8,983.4,680.5518,719.986,508.24835,325.6803297,
2014-03-13,642.5,264.8373378,165.5499045,139.5460769,643.31,41.58,328.13,984.39,677.0118,717.3554444,510.8948,327.316511,
2014-03-14,629.48,263.0842899,162.8696398,139.9606967,644.14,41.78,328.1,984.3,673.4076,714.8732222,513.48105,328.9164835,
2014-03-15,634.91,268.2580009,162.8226587,140.3763289,644.65,41.94,328.09,984.27,670.4906,712.3445556,516.06705,330.5323626,
2014-03-16,634.98,266.4824859,163.403856,140.7929752,645.02,42.03,328.25,984.75,667.1392,711.8577778,518.65045,332.1474176,
2014-03-17,622.39,263.3089602,164.9601565,141.2106378,645.95,42.28,328.34,985.02,663.3196,711.2003333,521.1674,333.718956,
2014-03-18,611.05,265.266128,165.8395625,141.6293185,646.64,42.51,328.58,985.74,660.6706,712.2106667,523.5985,335.2350275,
2014-03-19,611.24,263.277401,167.3835857,142.0490193,646.69,42.62,328.66,985.98,657.1572,711.4054444,526.01745,336.7361264,
2014-03-20,585.6,263.3473754,167.6260761,142.4697422,646.2,42.81,328.49,985.47,652.9942,711.1372222,528.29215,338.1448901,
2014-03-21,570.93,268.9966444,167.4571424,142.891489,646.59,42.76,329.69,989.07,648.4446,710.842,530.49875,339.5219505,
2014-03-22,563.73,264.6240943,166.7503937,143.3142617,652.58,44.78,329.71,989.13,643.6592,710.2773333,532.6717,340.8951099,
2014-03-23,561.47,269.7753675,167.1109622,143.7380623,653.94,45.28,329.73,989.19,638.645,709.1836667,534.8661,342.2437912,
2014-03-24,584.4,310.3343057,168.2762183,144.1628928,665.71,48.43,329.82,989.46,634.033,708.4598889,537.175,343.643022,
2014-03-25,583.48,313.992462,168.9034833,144.5887551,672.25,49.96,330.13,990.39,629.5672,707.404,539.504,345.0267308,
2014-03-26,581.92,311.9608673,169.5127294,145.0156511,672.31,50.06,330.25,990.75,625.2014,705.559,541.81575,346.3800824,
2014-03-27,475.43,310.2054972,170.1351393,145.4435829,671.33,50.12,330.01,990.03,619.1022,702.8548889,543.6016,347.4420604,
2014-03-28,500.37,312.09672,170.9114575,145.8725523,671.27,50.69,329.35,988.05,613.8374,700.4387778,545.49845,348.5691484,
2014-03-29,491.99,310.4938021,171.7665,146.3025614,671.19,50.89,329.24,987.72,609.4752,697.8154444,547.3474,349.6668407,
2014-03-30,460.92,316.8809629,173.1353273,146.7336122,669.83,51.05,328.65,985.95,605.0838,694.7534444,549.0162,350.6689835,
2014-03-31,455.24,310.3214543,173.6296102,147.1657066,667.61,51.14,327.79,983.37,600.4532,691.6787778,550.65725,351.6328846,
2014-04-01,479.2,194.3748713,174.4309875,147.5988466,667.3,51.27,327.65,982.95,596.2632,688.6197778,552.4162,352.6316758,
2014-04-02,439.21,196.393548,175.0818366,148.0330342,665.96,51.35,327.14,981.42,591.5074,684.7905556,553.992,353.4788462,
2014-04-03,450.96,194.4242006,173.2174321,148.4682714,664.71,51.78,326.87,980.61,587.4946,680.8191111,555.62135,354.346511,
2014-04-04,451.73,195.392519,173.6849007,148.9045601,665.98,52.6,326.62,979.86,584.2242,676.6301111,557.24865,355.1990659,
2014-04-05,463.25,237.6418945,173.6607923,149.3419023,663.42,52.99,325.29,975.87,580.0838,671.7512222,558.9301,356.0807967,
2014-04-06,457.47,239.1848466,175.3293424,149.7803001,664.09,53.82,325.35,976.05,576.1166,666.7452222,560.5817,356.8843956,
2014-04-07,449.05,237.3700688,175.5919791,150.2197554,665.27,55,325.23,975.69,572.6114,662.7243333,562.20635,357.6039835,
2014-04-08,453.28,238.9874869,176.1985276,150.6602702,666.2,56.27,324.98,974.94,569.0628,658.6386667,563.85815,358.2189011,
2014-04-09,441.93,238.5418643,176.3631286,151.1018466,665.2,56.95,325.06,975.18,565.3636,654.3593333,565.4504,359.0016758,
2014-04-10,370.26,240.4447188,176.8651064,151.5444865,662.31,58.07,323.68,971.04,560.2804,649.0568889,566.6859,359.7908791,
2014-04-11,423.41,237.4789119,177.3235882,151.988192,660.61,59.07,322.61,967.83,557.4784,643.9117778,568.1889,360.6653846,
2014-04-12,423.12,240.6799988,177.1917524,152.432965,661.38,60.22,322.55,967.65,554.4442,639.2347778,569.68575,361.5626648,
2014-04-13,416.38,237.7388541,178.6667986,152.8788076,662.67,62.37,322.49,967.47,550.6648,634.6723333,571.14785,362.4564011,
2014-04-14,459.82,238.7382381,178.982136,153.3257217,663.44,63.8,322.6,967.8,547.7512,630.7197778,572.8237,363.5113736,
2014-04-15,523.1,241.3149673,178.2010362,153.7737094,664.23,65.13,322.71,968.13,547.302,627.1903333,574.80555,364.7609341,
2014-04-16,528.13,237.4100825,177.30709,154.2227728,664.89,66.72,324.21,972.63,547.0676,623.9856667,576.81205,365.9646154,
2014-04-17,498.6,272.3522039,177.3374755,154.6729138,665.75,68.94,324.79,974.37,545.3328,620.7036667,578.67,367.048956,
2014-04-18,482.49,270.8875834,177.6932165,155.1241345,665.11,72.69,324.51,973.53,543.2514,617.0737778,580.45135,368.0510989,
2014-04-19,503.8,270.8516447,177.4485525,155.5764368,665.91,75.44,324.6,973.8,542.3774,613.3211111,582.33265,369.088544,
2014-04-20,501.54,272.571935,178.5312806,156.0298229,665.09,77.63,324.45,973.35,541.066,609.676,584.32305,370.1421703,
2014-04-21,496.65,282.0107293,178.678805,156.4842947,664.14,81.28,324.5,973.5,539.9152,606.0333333,586.218,371.1670055,
2014-04-22,489.26,270.6359804,179.7116613,156.9398543,660.71,88.46,324.3,972.9,536.1728,602.364,588.05385,372.135522,
2014-04-23,489.55,280.6008994,180.6417476,157.3965038,659.62,90.45,324.87,974.61,532.4796,598.8068889,589.89525,373.0683516,
2014-04-24,502.32,270.6394647,180.6439592,157.8542451,657.58,95.44,324.95,974.85,529.112,595.7131111,591.7944,374.0609066,
2014-04-25,466.7,270.8987252,181.0342625,158.3130804,650.04,112.73,324.66,973.98,525.066,591.9814444,593.5104,374.9657967,
2014-04-26,461.48,271.1030854,181.4944681,158.7730116,646.73,117.72,324.62,973.86,521.6798,588.0715556,595.1935,375.8798352,
2014-04-27,439.9,275.584664,182.0524366,159.2340409,642.94,122.61,324.59,973.77,518.0674,584.6982222,596.7635,376.7173901,
2014-04-28,440.01,274.3627704,182.8906982,159.6961702,637.59,127.88,324.22,972.66,514.0676,580.8437778,598.3318,377.5334615,
2014-04-29,448.06,310.5805045,182.8588166,160.1594016,634.63,130.21,324.09,972.27,510.4668,577.0027778,599.93535,378.3818681,
2014-04-30,448.85,312.5857277,183.0296202,160.6237373,632.3,132.66,324.04,972.12,506.7298,573.1187778,601.54075,379.2942308,
2014-05-01,460.15,171.3927537,183.6585034,161.0891792,629.56,135.74,324.05,972.15,503.2338,569.3093333,603.17925,380.2681044,
2014-05-02,450.89,170.43698,184.2192867,161.5557294,625.35,140.34,324.01,972.03,499.4016,565.295,604.75665,381.2479396,
2014-05-03,439.86,170.5866752,184.5414983,162.0233899,621.94,143.74,323.91,971.73,495.6092,561.1267778,606.24885,382.1491209,
2014-05-04,437.5,169.4410392,185.4006775,162.492163,618.28,147.62,323.81,971.43,491.661,557.0237778,607.7453,383.0298352,
2014-05-05,431.27,171.8586534,186.1946669,162.9620505,615.26,150.42,323.58,970.74,487.5868,552.9244444,609.183,383.9056044,
2014-05-06,429.5,169.3608089,186.8823231,163.4330547,613.71,152.01,323.32,969.96,483.729,549.0256667,610.56605,384.7790659,
2014-05-07,443.76,170.3727851,187.5148201,163.9051775,612.29,153.72,323.24,969.72,480.3832,545.4717778,611.95865,385.6862637,
2014-05-08,439,169.3337736,187.6307945,164.3784211,610.35,155.88,323.24,969.72,476.9384,542.4595556,613.321,386.5846978,
2014-05-09,452.61,169.2644748,187.81514,164.8527876,608.64,157.76,323.27,969.81,474.2786,539.9275556,614.68445,387.5042582,
2014-05-10,455.19,169.5022951,188.3136662,165.3282789,607.02,159.63,323.3,969.9,471.9638,537.3544444,616.0127,388.4374176,
2014-05-11,438.3,182.8299879,189.4678653,165.8048973,605.48,161.21,323.26,969.78,469.4552,534.5722222,617.1858,389.3275275,
2014-05-12,442.47,187.350432,189.8483789,166.2826448,603.46,163.36,323.18,969.54,467.0752,531.9663333,618.4226,390.2244505,
2014-05-13,438.85,187.4145216,190.1699261,166.7615235,602.18,164.25,323.05,969.15,464.1642,529.6024444,619.67925,391.1358791,
2014-05-14,446.13,187.3834083,190.6682809,167.2415355,599.68,164.68,322.86,968.58,461.4172,527.7233333,621.0101,392.0621978,
2014-05-15,446.53,187.4258076,191.1901973,167.7226829,597.8,167.14,322.87,968.61,458.7094,525.2373333,622.2703,392.9778571,
2014-05-16,447,188.54082,190.8051943,168.2049679,596.81,168.22,322.75,968.25,458.1408,522.917,623.5253,393.8832692,
2014-05-17,450.73,188.667539,189.4372665,168.6883924,596.92,169.64,322.76,968.28,457.148,520.9883333,624.7576,394.7963462,
2014-05-18,446.89,188.6975756,189.7913559,169.1729587,596.27,173.33,322.8,968.4,456.246,518.9458889,626.00445,395.703544,
2014-05-19,447.76,188.5938916,187.0752613,169.6586688,595.3,174.65,322.73,968.19,455.9828,516.9555556,627.22815,396.6094231,
2014-05-20,488.81,187.4201241,186.9673967,170.1455249,594.36,182.6,323.02,969.06,456.6542,515.4487778,628.65725,397.6302198,
2014-05-21,493.32,189.5810133,187.2747601,170.633529,594.43,183.25,323.3,969.9,456.9366,514.6688889,630.10035,398.6592033,
2014-05-22,528.16,187.4308588,187.7121619,171.1226833,594.87,185.27,323.79,971.37,458.7156,514.1503333,631.69115,399.7702473,
2014-05-23,523.06,187.4087402,188.3906847,171.61299,595.4,186.3,324.17,972.51,460.1576,513.236,633.16025,400.8537363,
2014-05-24,527,222.8006323,188.8121568,172.1044511,593.93,192.43,324.31,972.93,461.663,512.3637778,634.5778,401.9473626,
2014-05-25,572.09,221.4510717,190.0982438,172.5970687,594.85,193.69,325.4,976.2,463.8398,512.6585556,636.1286,403.1621154,
2014-05-26,584.88,221.304537,190.4974151,173.0908451,595.06,194.77,325.83,977.49,466.388,513.1588889,637.60295,404.4221703,
2014-05-27,572.7,221.2192388,190.9543733,173.5857823,595.27,196.28,328.64,985.92,468.861,513.0184444,638.79745,405.6493956,
2014-05-28,580.68,222.587425,191.1155855,174.0818825,595.48,197.06,329.01,987.03,471.409,512.9531111,640.05505,406.8865659,
2014-05-29,572.62,221.2590411,191.4649505,174.5791477,594.7,198.7,329.19,987.57,474.0228,513.2322222,641.2857,408.1124176,
2014-05-30,620.65,222.7198906,192.0503991,175.0775803,598.04,199.52,330.73,992.19,479.0306,513.8271111,642.673,409.4660165,
2014-05-31,626.42,222.9342239,192.315172,175.5771823,598.63,199.81,331.37,994.11,483.0908,514.6296667,644.0306,410.8331868,
2014-06-01,627.48,218.6963293,193.4323543,176.0779558,599.92,199.82,332.07,996.21,487.178,514.0863333,645.2075,412.2204945,
2014-06-02,663.48,218.7031767,193.7295559,176.579903,602.67,201.2,333.44,1000.32,492.12,513.9671111,646.445,413.7051648,
2014-06-03,670.32,218.5700445,194.2814529,177.0830261,604.34,201.83,334.3,1002.9,496.33,513.9628889,647.7443,415.216456,
2014-06-04,643.23,219.8579107,195.2412722,177.5873272,603.82,203.34,334.74,1004.22,498.7326,513.6765556,648.78135,416.6518407,
2014-06-05,662.37,253.7933544,195.3149187,178.0928084,603.41,205.17,335.36,1006.08,501.4174,514.0274444,649.6957,418.1444231,
2014-06-06,649.23,245.7455119,194.7954555,178.5994721,603.99,206.52,336.12,1008.36,504.43,514.3464444,649.69185,419.6254945,
2014-06-07,655.95,247.5386836,195.4334325,179.1073202,604.04,207.02,336.41,1009.23,507.8992,514.5236667,650.2393,421.1277198,
2014-06-08,656.7,245.8695987,196.4093315,179.616355,604,207.84,336.81,1010.43,510.9572,514.8414444,650.53035,422.6557967,
2014-06-09,648.82,245.810008,196.1796768,180.1265787,605.01,208.34,337.51,1012.53,513.9028,514.9872222,650.1795,424.1518407,
2014-06-10,648.53,250.2395988,195.3224431,180.6379934,604.84,210.16,338.22,1014.66,516.9404,515.1381111,649.43965,425.6385714,
2014-06-11,622.63,245.7502959,195.3816828,181.1506013,604.22,211.31,338.67,1016.01,519.6078,514.9173333,648.4178,427.0548901,
2014-06-12,571.84,247.1987743,195.479897,181.6644045,601.88,212.83,343.98,1031.94,521.2536,514.2768889,647.2408,428.3457418,
2014-06-13,591,247.3207695,195.3059159,182.1794054,599.76,215.21,344.14,1032.42,523.0272,513.789,646.11445,429.6971154,
2014-06-14,566.29,246.0068069,195.4580007,182.695606,597.2,217.52,344.01,1032.03,525.019,513.0257778,644.38595,430.9792857,
2014-06-15,584.29,251.1945611,196.9700507,183.2130085,595.94,218.83,344.04,1032.12,527.4752,512.6024444,642.48815,432.3123352,124.7781357
2014-06-16,589.06,245.8820866,196.9351828,183.7316152,595.66,219.44,344.38,1033.14,530.4584,512.3581111,640.36595,433.6559066,125.19885
2014-06-17,606.74,245.8665946,197.8149124,184.2514282,595.54,219.48,344.49,1033.47,533.793,512.3081111,637.7622,435.0361813,125.6321857
2014-06-18,607.97,283.1421191,198.3237106,184.7724498,595.44,219.98,344.73,1034.19,536.9912,512.5566667,635.17775,436.4174176,126.0664
2014-06-19,592.72,281.4908147,198.350871,185.2946821,595.07,220.39,344.86,1034.58,539.8686,512.7987778,633.39135,437.761978,126.4897214
2014-06-20,592.97,287.6886003,198.9883518,185.8181273,594.39,221.09,344.97,1034.91,542.525,513.1236667,631.1462,439.1120055,126.9132214
2014-06-21,591.69,281.724264,199.1921538,186.3427876,593.69,221.84,345.08,1035.24,545.341,513.4594444,628.84545,440.4625,127.3358071
2014-06-22,599.93,287.9765641,200.6485289,186.8686653,593.39,222.34,345.28,1035.84,548.5424,513.632,626.1522,441.8349725,127.7642857
2014-06-23,588.66,281.5582059,200.8193944,187.3957626,593.01,223.19,345.5,1036.5,551.5656,513.6895556,623.94055,443.1798077,128.1847071
2014-06-24,573.8,281.6181645,200.8213416,187.9240816,593.08,223.63,345.81,1037.43,554.4162,513.5993333,622.75955,444.4873077,128.5945143
2014-06-25,560.33,284.5477458,201.3044311,188.4536247,592.26,224.02,345.76,1037.28,557.0328,514.5426667,622.04215,445.7550549,128.9947
2014-06-26,577.34,283.2602959,201.8420758,188.9843939,590.72,225.62,346.08,1038.24,559.7044,515.3978889,620.99785,447.0748901,129.4070357
2014-06-27,599.85,281.6689556,202.2331876,189.5163916,590.4,226.3,346.34,1039.02,562.9214,516.5963333,619.5221,448.4771154,129.8354571
2014-06-28,590.79,281.7074426,202.1945362,190.04962,590.02,227.09,346.52,1039.56,565.685,518.0393333,617.59475,449.855989,130.2574071
2014-06-29,600,367.5533578,203.5014992,190.5840813,589.6,228.1,347.23,1041.69,568.5812,519.6477778,616.21035,451.2583516,130.6859357
2014-06-30,636.09,351.3805964,203.9785077,191.1197777,590.19,228.7,347.92,1043.76,572.537,521.391,615.0258,452.7760165,131.1402429
2014-07-01,644.57,354.29541,204.0763379,191.6567115,591.65,229.04,348.62,1045.86,576.579,523.6727778,613.8524,454.3058242,131.6006071
2014-07-02,650.05,344.0272474,204.2704927,192.1948848,593.36,229.54,349.5,1048.5,580.803,525.8848889,612.83825,455.8787088,132.0648857
2014-07-03,647.44,344.2205504,204.8593313,192.7343001,593.47,230.04,350.12,1050.36,584.8292,528.0594444,611.763,457.4403571,132.5273
2014-07-04,629,346.5433401,205.7123602,193.2749594,592.87,231.08,350.35,1051.05,588.4786,529.9011111,611.51405,458.9831868,132.9765429
2014-07-05,630.68,344.5557093,206.6874308,193.8168651,588.59,236.88,350.55,1051.65,592.1522,531.8256667,611.25965,460.5353846,133.4269857
2014-07-06,631.84,346.8378874,208.431544,194.3600193,586.53,239.85,350.73,1052.19,595.7744,533.8566667,611.81825,462.0741209,133.8782571
2014-07-07,623.88,348.8681845,209.263126,194.9044244,586.16,240.95,350.97,1052.91,599.3142,535.7522222,611.5191,463.5836813,134.3238429
2014-07-08,624.47,344.1809447,209.5825285,195.4500826,585.76,241.81,351.07,1053.21,602.8484,537.7804444,611.59275,465.0932143,134.76985
2014-07-09,620.84,344.3378905,210.2808663,195.9969962,585.81,242.42,351.69,1055.07,605.489,540.5646667,611.70945,466.5628022,135.2132643
2014-07-10,616.79,344.273947,210.6861477,196.5451674,585.65,243.06,351.92,1055.76,607.9584,542.7133333,611.72065,468.0165934,135.6537857
2014-07-11,633.7,344.3479437,210.9407562,197.0945985,585.45,244.05,352.12,1056.36,610.0692,545.0531111,611.58965,469.5140934,136.1063857
2014-07-12,636.18,364.2002586,211.9469523,197.6452917,585.47,244.68,352.34,1057.02,612.3316,547.4953333,611.52285,471.0101648,136.5607571
2014-07-13,629.33,355.1035343,213.2808215,198.1972494,585.58,245.18,352.53,1057.59,614.3782,549.3787778,611.27695,472.4918681,137.0102357
2014-07-14,619.9,357.3316225,214.011574,198.7504737,585.54,245.59,352.64,1057.92,615.3344,550.4543333,610.6366,473.9373352,137.4529786
2014-07-15,623.82,354.8227727,214.6104696,199.3049671,585.47,246.19,352.83,1058.49,616.1132,551.5175556,610.1617,475.3993407,137.8985214
2014-07-16,616.93,357.1605051,215.5332374,199.8607317,585.44,246.84,352.96,1058.88,616.9978,552.8323333,609.65725,476.8441484,138.3391429
2014-07-17,626.08,357.0327943,215.6746133,200.4177699,585.57,247.62,353.21,1059.63,617.9058,554.4277778,609.1472,478.3306593,138.7863
2014-07-18,631.85,354.9537774,215.2128155,200.9760838,585.39,249.45,353.45,1060.35,619.0904,555.8505556,608.62395,479.8298901,139.2375786
2014-07-19,629.31,355.1091845,216.0436777,201.5356759,585.64,249.11,353.49,1060.47,619.2636,557.2702222,608.1107,481.3259066,139.6870429
2014-07-20,626.99,357.4078629,218.0074878,202.0965485,585.9,249.45,353.64,1060.92,619.275,558.7184444,607.4731,482.8126923,140.13485
2014-07-21,622.24,361.8403738,217.8811651,202.6587037,586.93,249.68,354.06,1062.18,619.1702,560.196,606.6651,484.287033,140.5792643
2014-07-22,620,354.7695264,218.1942745,203.2221439,587.07,250.07,354.24,1062.72,618.3006,561.6454444,605.72315,485.7513462,141.0220786
2014-07-23,620.12,354.8697847,218.8684141,203.7868714,587.27,250.32,354.65,1063.95,617.2966,562.9543333,604.68005,487.2125275,141.4649786
2014-07-24,603.97,354.878204,219.0773575,204.3528885,587.12,250.82,354.78,1064.34,616.5114,564.4795556,603.18815,488.6240385,141.8963429
2014-07-25,602.58,383.7174848,219.4996719,204.9201976,588.99,252.23,354.87,1064.61,615.3156,566.0473333,601.661,490.0319505,142.3267143
2014-07-26,595.07,386.5490922,220.0554987,205.4888009,588.99,252.62,354.91,1064.73,614.2324,567.7714444,600.5817,491.4245604,142.7517214
2014-07-27,591.75,383.792782,221.1979539,206.0587007,588.91,253.01,355.02,1065.06,612.9484,569.4574444,599.4355,492.7953846,143.1743571
2014-07-28,589.97,383.6278633,221.558638,206.6298993,588.37,254.06,354.99,1064.97,611.6138,571.0342222,598.25,494.1596429,143.5957214
2014-07-29,584.38,388.7653706,222.1878807,207.2023992,588.37,254.25,354.93,1064.79,610.325,572.5401111,596.9345,495.4993681,144.0130929
2014-07-30,562.11,383.7022784,222.5833039,207.7762025,587.94,255.32,354.82,1064.46,608.5966,573.673,595.3127,496.7748626,144.4145571
2014-07-31,582.03,383.5650925,221.989093,208.3513116,587.52,256.95,354.99,1064.97,607.7846,575.1301111,594.0026,498.1086538,144.83025
2014-08-01,598.84,359.6538285,222.6777846,208.9277289,586.92,260.34,355.49,1066.47,608.3246,576.8965556,592.8618,499.4902473,145.25795
2014-08-02,590.73,357.3360906,223.0822561,209.5054567,585.6,262.75,355.63,1066.89,608.3192,578.5991111,591.7377,500.8506593,145.6798571
2014-08-03,584.74,350.9917623,224.4985226,210.0844973,584.42,264.61,355.66,1066.98,608.6882,580.3043333,590.45765,502.1923626,146.0974857
2014-08-04,588.24,348.2938811,223.3649574,210.664853,584.1,265.38,356.06,1068.18,608.7672,582.0681111,589.3161,503.5396978,146.5176143
2014-08-05,580.29,355.9917946,224.2765316,211.2465262,583.72,266.12,358.17,1074.51,608.5918,583.5851111,588.24765,504.8655495,146.9320643
2014-08-06,582.01,348.3833192,224.6711214,211.8295193,583.35,266.49,358.29,1074.87,608.0972,585.1741111,587.1118,506.1979396,147.3477429
2014-08-07,585.35,355.0804743,224.6795947,212.4138345,583.16,267.12,358.47,1075.41,607.6448,586.649,585.83085,507.5470604,147.7658071
2014-08-08,588.5,366.9848679,225.0500109,212.9994742,583.11,267.53,358.61,1075.83,607.5604,588.1302222,584.62535,508.9090934,148.1861071
2014-08-09,588.65,371.2949678,225.6598995,213.5864409,582.08,270.24,358.79,1076.37,607.474,589.8007778,583.44615,510.2701099,148.6065071
2014-08-10,589.79,367.2127087,226.5245731,214.1747367,581.82,271.11,358.94,1076.82,607.436,591.4376667,582.2976,511.6317033,149.0277143
2014-08-11,573.04,367.040004,227.0998563,214.7643642,581.46,271.52,359.03,1077.09,606.8982,592.9286667,581.11435,512.9437912,149.4369571
2014-08-12,568.42,366.971994,227.8975776,215.3553256,579.42,275.64,359.06,1077.18,606.4934,594.2874444,580.05265,514.2361264,149.8429071
2014-08-13,549.98,369.301421,228.4239343,215.9476233,578.11,276.17,358.97,1076.91,606.017,595.4368889,578.7898,515.4746154,150.2356786
2014-08-14,505.64,373.1510032,228.3417812,216.5412597,575.19,276.49,358.32,1074.96,604.9232,596.0884444,577.25115,516.5943681,150.5967786
2014-08-15,501.57,366.9576043,228.0712802,217.1362371,573.63,276.89,358.11,1074.33,603.4078,596.6533333,576.0415,517.7023901,150.9549714
2014-08-16,524.23,369.1381441,227.9505596,217.732558,572.64,277.79,358.07,1074.21,601.8954,597.5126667,574.7281,518.8687637,151.32935
2014-08-17,499.06,364.8247963,229.8840285,218.3302247,571.79,278.74,358.14,1074.42,600.0608,598.0826667,573.25465,519.9670055,151.68575
2014-08-18,474,367.1565339,230.6278193,218.9292395,567.84,280.11,357.26,1071.78,597.5408,597.9181111,571.6326,520.9867857,152.02425
2014-08-19,490,448.3368942,231.207564,219.5296049,566.95,280.3,357.14,1071.42,594.619,597.8812222,570.0676,522.0456593,152.3741786
2014-08-20,517.2,443.5323281,232.4215434,220.1313233,566.55,280.53,357.2,1071.6,592.0716,597.7594444,568.5927,523.1615934,152.7435357
2014-08-21,520.07,443.5593114,233.4134383,220.734397,566.2,280.1,357.19,1071.57,589.472,597.7262222,567.11805,524.2888187,153.1149429
2014-08-22,516.13,446.3984239,234.0632155,221.3388284,565.57,280.6,357.24,1071.72,586.8458,597.6054444,565.66485,525.4106593,153.4835286
2014-08-23,496.97,446.5832648,234.5394027,221.94462,563.33,281.11,356.96,1070.88,584.2052,596.7707778,564.14865,526.4764011,153.8384286
2014-08-24,508.23,443.6890702,235.8877364,222.5517741,563.22,281.43,356.96,1070.88,581.7562,595.9191111,562.78785,527.5616209,154.2013714
2014-08-25,503.13,442.6619979,236.2601419,223.1602931,562.64,281.83,356.94,1070.82,579.182,595.1461111,561.48545,528.635522,154.5606429
2014-08-26,512.48,448.7310298,237.1392479,223.7701794,562.43,281.93,357.03,1071.09,576.954,594.3883333,560.49735,529.7200549,154.9265857
2014-08-27,510.99,443.5767768,237.0024596,224.3814354,562.6,282.06,357.06,1071.18,574.6844,593.7035556,559.64985,530.7988736,155.29145
2014-08-28,506.4,448.851534,238.1213016,224.9940636,557.31,282.43,355.63,1066.89,572.3956,592.4341111,558.748,531.8631593,155.6530286
2014-08-29,508.86,443.6998449,238.4641795,225.6080664,557.02,281.75,355.46,1066.38,570.237,591.1278889,557.8488,532.9181868,156.0163643
2014-08-30,501,443.897276,238.8290139,226.2234461,556.93,281.81,355.47,1066.41,567.583,589.7225556,556.9688,533.9444231,156.3740857
2014-08-31,478.46,524.2576456,240.4181904,226.8402052,556.54,281.97,355.46,1066.38,564.4286,587.6667778,556.1031,534.8999176,156.7157071
2014-09-01,475.19,461.9847197,242.0686333,227.4583461,555.55,282.13,355.54,1066.62,561.3458,585.4986667,555.4028,535.8493132,157.0549929
2014-09-02,474.16,462.0095815,241.7878077,228.0778712,554.6,281.95,355.27,1065.81,558.431,583.6201111,554.42225,536.7971703,157.3935429
2014-09-03,475.47,470.4557556,242.340275,228.698783,554.17,282.15,355.2,1065.6,555.464,581.5434444,553.52045,537.7666209,157.7330286
2014-09-04,488.24,462.1574093,243.2957658,229.3210839,553.83,282.3,355.27,1065.81,552.8902,579.7546667,552.8401,538.7710714,158.0816214
2014-09-05,477.53,474.8067095,244.2933291,229.9447764,553.33,282.48,355.34,1066.02,549.9192,577.7722222,552.0742,539.7596703,158.4225429
2014-09-06,479.57,462.4739236,245.3628219,230.5698628,552.83,282.9,355.5,1066.5,546.8736,575.8041111,551.3376,540.7486813,158.7648857
2014-09-07,476.97,467.0623825,249.1521798,231.1963456,553.49,282.86,355.26,1065.78,543.8268,573.8946667,550.60035,541.7341484,159.1053214
2014-09-08,467.84,461.9016546,249.8264234,231.8242272,553.02,282.91,355.11,1065.33,540.6438,571.887,550.122,542.6870055,159.4392643
2014-09-09,473.94,461.682208,246.0846423,232.4535102,551.62,282.14,354.74,1064.22,537.6778,570.2348889,549.61755,543.6533242,159.7776
2014-09-10,477.17,464.9094698,240.4256564,233.0841969,551.08,282.04,354.65,1063.95,534.8212,569.183,548.97665,544.6148901,160.1182929
2014-09-11,477.76,465.0830126,241.4706899,233.7162898,550.69,282.13,354.57,1063.71,531.974,567.9247778,548.33795,545.5784341,160.4593929
2014-09-12,473.78,462.1824446,242.5891355,234.3497913,549.99,281.92,354.32,1062.96,529.3702,566.8968889,547.97905,546.53,160.7976214
2014-09-13,477.63,505.7573586,243.5944449,234.984704,550.07,282.96,354.32,1062.96,526.8712,565.7117778,547.66795,547.5013736,161.1385786
2014-09-14,475.48,502.6099916,246.3808294,235.6210302,550.04,283.48,354.35,1063.05,524.4794,564.4497778,547.11865,548.4639835,161.4780071
2014-09-15,470.42,502.4837495,246.5677822,236.2587725,549.53,283.38,354.24,1062.72,522.0528,562.9351111,546.53795,549.4094505,161.8138286
2014-09-16,463.42,502.3530186,247.2828929,236.8979333,548.94,283.39,354.13,1062.39,519.5218,561.329,546.11755,550.3337912,162.1446643
2014-09-17,452.63,505.4157292,247.834683,237.5385151,547.98,283.44,354.03,1062.09,516.8868,559.7724444,545.54515,551.227967,162.4677857
2014-09-18,426.19,502.652643,248.8277591,238.1805204,544.98,283.54,353.4,1060.2,514.1684,557.9193333,544.90515,552.0578297,162.7720143
2014-09-19,394.91,505.731815,249.5933605,238.8239515,541.46,283.62,352.54,1057.62,510.426,555.7328889,543.4978,552.8050549,163.0539
2014-09-20,412.18,508.5805418,249.7101185,239.4688111,539.37,282.98,351.8,1055.4,506.6928,553.6467778,542.18765,553.5981868,163.3481143
2014-09-21,400.22,502.8942008,252.0069375,240.1151016,538.18,283.14,351.59,1054.77,502.8826,551.553,540.83525,554.3593407,163.6337857
2014-09-22,399.96,502.6375125,252.0283015,240.7628255,537.16,283.2,351.33,1053.99,499.187,549.6214444,539.49005,555.1207418,163.9192714
2014-09-23,439.55,502.3323553,251.4487157,241.4119852,535.85,283.19,351.08,1053.24,496.2132,548.2794444,538.53385,555.9883242,164.2330357
2014-09-24,423.61,502.447502,253.1926604,242.0625834,535.31,283.15,350.98,1052.94,493.0796,546.5713333,537.5493,556.8115385,164.5354143
2014-09-25,409.11,594.0718968,253.7132157,242.7146224,534.42,283.17,350.79,1052.37,489.6216,544.452,536.39485,557.593022,164.8274357
2014-09-26,404.95,577.4336072,254.6776537,243.3681047,533.16,282.96,350.23,1050.69,486.0136,542.3871111,535.2791,558.3573626,165.1164857
2014-09-27,400.84,588.237005,254.5328938,244.023033,532.63,282.91,350.05,1050.15,482.2604,540.1742222,534.1048,559.1101374,165.4026
2014-09-28,375.23,588.2141373,256.682322,244.6794096,531.43,283.07,349.94,1049.82,477.992,537.2757778,532.8062,559.7920604,165.6704214
2014-09-29,372.6,592.1241563,256.9602051,245.3372371,528.56,282.32,348.99,1046.97,473.6482,534.2538889,531.4567,560.4689286,165.9363857
2014-09-30,390.21,587.6465768,257.5405895,245.996518,526.74,282.29,348.62,1045.86,469.9916,531.3667778,530.26035,561.1905495,166.2149571
2014-10-01,383.25,556.5929928,260.4906306,246.6572548,525.69,281.97,348.24,1044.72,466.2882,528.4313333,529.00205,561.9592033,166.4885571
2014-10-02,375.66,556.6203038,261.5065896,247.31945,524.62,281.8,347.96,1043.88,462.8018,525.6164444,527.70545,562.6679945,166.7567143
2014-10-03,357.98,564.1913684,264.241273,247.9831062,520.45,281.37,346.81,1040.43,459.8486,522.5864444,526.3834,563.316044,167.0122357
2014-10-04,328.8,563.8592858,265.7857404,248.6482258,517.65,281.32,346.17,1038.51,456.3932,519.2193333,524.97215,563.8861813,167.2469286
2014-10-05,323.79,556.8800942,268.4047774,249.3148115,511.48,281.94,345.65,1036.95,452.3844,515.885,523.5349,564.4392033,167.4780571
2014-10-06,328.37,560.1612934,269.5066967,249.9828657,501.48,281.45,342.78,1028.34,448.9706,512.595,522.24875,565.002033,167.7124643
2014-10-07,332.99,556.2295249,269.9919409,250.652391,499.58,281.1,342.25,1026.75,446.1504,509.3966667,521.05905,565.5738187,167.9501571
2014-10-08,355.55,560.3740175,270.903617,251.3233899,499.12,280.88,342.27,1026.81,443.4614,506.494,520.01815,566.2047253,168.2039571
2014-10-09,360.38,561.8314523,271.9144379,251.9958649,497.91,280.9,341.97,1025.91,440.325,503.4571111,519.0127,566.8476648,168.4612214
2014-10-10,360.51,565.6826108,273.2578415,252.6698187,496.39,280.55,341.63,1024.89,437.1338,500.3941111,517.89325,567.4882143,168.7185929
2014-10-11,362.61,562.3211857,273.6466978,253.3452536,496.1,280.64,341.55,1024.65,434.0634,497.4305556,516.7889,568.1333791,168.9774429
2014-10-12,378.44,562.2687225,273.6973884,254.0221724,495.25,279.81,340.96,1022.88,431.6928,494.7476667,515.7715,568.8091758,169.2476071
2014-10-13,390.95,565.6682123,275.1397633,254.7005775,496.58,279.99,341.46,1024.38,429.3472,492.1602222,515.3491,569.5112088,169.5267
2014-10-14,403.37,578.7056397,273.9021778,255.3804715,497.37,279.77,341.67,1025.01,427.352,489.7873333,514.8641,570.2308516,169.8146571
2014-10-15,395.28,562.074052,274.6591337,256.061857,494.43,279.75,340.89,1022.67,425.008,487.2228889,514.38055,570.9370879,170.0968286
2014-10-16,383.93,569.6915209,275.6764166,256.7447365,494.13,279.92,340.87,1022.61,422.4668,484.4682222,513.9956,571.596978,170.3708857
2014-10-17,383.31,562.0895495,276.5579415,257.4291126,492.93,279.82,340.47,1021.41,420.005,481.7348889,513.63595,572.23,170.6445
2014-10-18,391.63,569.3826953,276.8557712,258.1149878,492.91,280.1,340.54,1021.62,417.6604,479.1197778,513.1981,572.8519505,170.9240571
2014-10-19,388.62,579.0656595,278.8302946,258.8023648,492.67,280.33,340.55,1021.65,415.4128,476.524,512.94515,573.4620879,171.2014714
2014-10-20,381.76,561.8175629,278.9407661,259.491246,492.13,280.48,340.45,1021.35,413.4788,473.8768889,512.59915,574.0165934,171.4739714
2014-10-21,385.54,562.030357,278.808785,260.1816342,491.72,280.56,340.4,1021.2,411.6858,471.2704444,512.2682,574.5550549,171.7491786
2014-10-22,382.71,562.1507116,279.0679885,260.8735318,490.83,280.63,340.24,1020.72,409.8568,468.812,511.8655,575.0468956,172.0223643
2014-10-23,357.15,581.6512012,278.6299207,261.5669415,489.1,280.8,339.9,1019.7,407.4904,466.085,511.3639,575.4920604,172.2772929
2014-10-24,358.47,592.527742,278.8364697,262.2618658,485.64,282.49,339.36,1018.08,404.895,463.4561111,510.911,575.9617033,172.5331643
2014-10-25,347,578.1255091,280.6597986,262.9583074,484.17,282.73,339.08,1017.24,402.2844,460.7366667,510.3796,576.4206044,172.7808429
2014-10-26,353.81,591.5735087,280.9719563,263.6562688,483.42,282.91,338.95,1016.85,399.7692,458.1126667,509.939,576.8582967,173.0333857
2014-10-27,351.45,577.8167863,281.1714164,264.3557526,481.41,283.54,338.64,1015.92,397.2588,455.5245556,509.84495,577.2853571,173.2842357
2014-10-28,355.93,577.5448852,281.9288413,265.0567614,480.35,283.75,338.51,1015.53,395.0206,453.2336667,509.50755,577.7020055,173.5382786
2014-10-29,334.68,581.3817779,283.0154165,265.7592979,478.35,283.91,338.07,1014.21,392.2354,450.4853333,509.06535,578.0788187,173.7771286
2014-10-30,346.08,577.898119,283.5810323,266.4633646,476.52,284.23,337.74,1013.22,389.6136,447.6768889,508.71385,578.4718407,174.0241143
2014-10-31,337.78,578.1982577,283.6904192,267.1689642,473.66,284.82,337.24,1011.72,386.814,444.8663333,508.10365,578.8421429,174.2651786
2014-11-01,323.84,546.9521152,283.7924977,267.8760992,470.88,285.9,337,1011,383.8152,441.9674444,507.10735,579.1694505,174.4962786
2014-11-02,324.82,536.7701554,287.0645018,268.5847723,469.51,286.21,336.8,1010.4,380.759,439.0405556,506.0908,579.4848901,174.7280786
2014-11-03,325.5,536.4161667,286.6876305,269.2949862,467.76,286.48,336.47,1009.41,377.7594,436.2095556,505.2253,579.7493407,174.9603643
2014-11-04,328.03,559.9220115,287.2868362,270.0067433,465.43,286.66,336,1008,374.9116,433.3875556,504.453,579.9815934,175.1944643
2014-11-05,338.64,590.3726424,288.1724283,270.7200464,464.29,286.86,335.87,1007.61,372.416,430.6463333,503.6272,580.1923352,175.4361357
2014-11-06,349.97,590.4630988,286.2110463,271.4348981,462.29,287.95,335.87,1007.61,370.3628,427.996,502.86935,580.3570604,175.6859
2014-11-07,342.29,590.5421432,281.6991628,272.151301,456.65,291.21,336.08,1008.24,368.6848,425.2586667,502.09755,580.3803846,175.9301714
2014-11-08,345.77,602.587263,280.6778804,272.8692577,451.51,294.33,336.07,1008.21,367.702,422.5473333,501.3801,580.4260165,176.1769286
2014-11-09,365.89,590.2970062,283.827733,273.588771,440.17,300.86,335.8,1007.4,366.7762,420.2456667,500.7618,580.5342582,176.43805
2014-11-10,366.64,598.5425368,283.4296709,274.3098434,439.84,301.08,335.85,1007.55,366.1046,418.0036667,500.0834,580.5986813,176.6997071
2014-11-11,368.27,594.7930505,283.6360335,275.0324775,439.34,301.06,335.75,1007.25,365.4708,415.9846667,499.59125,580.6354121,176.9625286
2014-11-12,421.99,590.2366409,284.7272057,275.7566761,440.84,300.88,336.1,1008.3,365.1196,415.0552222,499.3938,580.7175275,177.2637071
2014-11-13,417.33,594.3929874,285.5512596,276.4824418,445.93,300.58,337.27,1011.81,364.994,414.1192222,499.28095,580.7212363,177.5615429
2014-11-14,397.99,590.6478695,287.2906459,277.2097773,444.83,300.61,337.08,1011.24,364.7716,412.7165556,499.07085,580.686978,177.8455429
2014-11-15,377,590.7746305,287.999708,277.9386851,444.18,300.76,337.02,1011.06,364.2126,411.3603333,498.71555,580.5253846,178.11455
2014-11-16,389.75,590.8353521,290.7016924,278.669168,443.48,301.06,337.02,1011.06,363.9908,410.4242222,498.42005,580.2788187,178.3926643
2014-11-17,388,598.3868533,290.3352697,279.4012287,442.67,301.08,336.85,1010.55,364.2462,409.2908889,498.0593,579.5590385,178.6695571
2014-11-18,374.72,601.0464682,291.4262004,280.1348697,441.57,301.18,336.67,1010.01,364.2886,407.7077778,497.67845,579.0872253,178.9369857
2014-11-19,378.37,605.1044688,292.4092679,280.8700939,440.7,300.9,336.39,1009.17,364.0518,406.1333333,497.371,578.4825,179.2070286
2014-11-20,356.36,600.7741892,292.5853167,281.6069037,438.31,301.03,335.91,1007.73,363.514,404.3581111,496.9653,577.4862637,179.4613214
2014-11-21,350.82,600.67743,293.2847492,282.345302,435.3,302.07,335.58,1006.74,363.0172,402.7342222,496.56305,576.2618681,179.7116214
2014-11-22,353.53,605.2723842,294.0093171,283.0852915,434.53,302.3,335.51,1006.53,362.9282,401.0153333,496.1832,574.9611264,179.9638357
2014-11-23,367.12,601.0692456,297.2004626,283.8268747,433.62,302.67,335.46,1006.38,363.6946,399.5041111,495.8,573.7520055,180.22575
2014-11-24,377.94,613.2112794,297.1287806,284.5700544,433.5,302.8,335.54,1006.62,364.7776,398.0092222,495.4947,572.5478022,180.4954143
2014-11-25,375.8,600.8674464,297.2294257,285.3148333,433.32,302.66,335.47,1006.41,365.7262,396.5071111,495.11065,571.0747527,180.7635429
2014-11-26,366.1,605.3393357,298.2701301,286.061214,431.78,303.01,335.29,1005.87,366.3884,394.9482222,494.6652,569.4325824,181.02475
2014-11-27,369.63,601.0416162,298.9401982,286.8091993,430.53,303.46,335.22,1005.66,366.67,393.4012222,494.32185,567.6637088,181.2884571
2014-11-28,376.89,609.3134643,300.318404,287.558792,425.38,298.71,331.8,995.4,367.0002,392.0222222,493.99395,565.6016209,181.5573571
2014-11-29,376.55,609.0491948,300.4010474,288.3099945,424.51,298.98,331.76,995.28,367.321,390.8898889,493.68245,563.5458242,181.8260071
2014-11-30,377.08,601.1636561,300.9515801,289.0628098,422.81,299.84,331.78,995.34,367.6104,389.7997778,493.3372,561.9718681,182.0950214
2014-12-01,377.62,501.6088467,302.1801831,289.8172405,422.03,300.09,331.73,995.19,367.594,388.7271111,492.99265,560.1466484,182.3643857
2014-12-02,379.19,490.6643073,301.7240842,290.5732893,420.44,300.26,331.45,994.35,367.3588,387.6573333,492.6536,558.2987088,182.6347071
2014-12-03,375.1,498.6644198,301.8689454,291.330959,419.87,300.38,331.42,994.26,366.7934,386.4002222,492.27545,556.2012363,182.9021143
2014-12-04,367.33,493.8897203,301.7437393,292.0902522,418.05,298.95,330.38,991.14,366.2344,385.1757778,491.87765,554.3779945,183.1639857
2014-12-05,374.94,490.963053,303.4694763,292.8511716,417.41,299.09,330.32,990.96,366.0546,384.0132222,491.51355,553.1827747,183.4312286
2014-12-06,375.07,490.9182671,303.6679888,293.6137201,416.62,299.41,330.29,990.87,365.8898,382.881,490.94485,552.2796429,183.6985214
2014-12-07,376.38,506.4035005,307.9157667,294.3779004,415.96,299.55,330.25,990.75,365.5848,381.8647778,490.36015,551.1537637,183.9667429
2014-12-08,362.94,490.6216682,306.5759941,295.1437151,413.3,295.07,327.52,982.56,365.0712,380.6314444,489.53405,549.6920604,184.2253714
2014-12-09,351.67,490.7810039,307.1344477,295.911167,411.01,295.42,327.49,982.47,364.4694,379.237,488.6771,547.9761538,184.4759214
2014-12-10,347.15,494.2374698,307.2295969,296.6802589,407.92,295.6,326.76,980.28,363.7016,377.7857778,487.77785,546.5208516,184.7232
2014-12-11,349.01,494.2513234,307.3403495,297.4509935,407.01,295.73,326.62,979.86,363.0276,376.3994444,486.66245,545.0813187,184.9718071
2014-12-12,352.21,490.9110289,308.7264107,298.2233736,406.34,295.82,326.5,979.5,362.9288,375.0058889,485.4991,543.6334066,185.2226786
2014-12-13,351.01,497.8539255,309.0913472,298.9974019,405.39,296.04,326.37,979.11,362.7796,373.6228889,484.39065,542.2546429,185.4726429
2014-12-14,357.98,494.3215024,312.5708596,299.7730811,404.88,296.22,326.35,979.05,362.9992,372.3735556,483.27715,540.8686264,185.7275929
2014-12-15,347.19,494.0316736,312.2740266,300.550414,403.93,296.21,326.09,978.27,362.8668,371.0821111,482.15,539.9576374,185.9748286
2014-12-16,330.55,490.4615802,313.0865214,301.3294035,401.72,296.93,325.88,977.64,362.4488,369.7256667,480.6995,538.9933242,186.2101857
2014-12-17,321.15,487.2364324,313.8861806,302.1100521,400.15,296.99,325.51,976.53,361.7532,368.5585556,479.17315,538.4467033,186.4388357
2014-12-18,311.7,483.6932473,313.8646119,302.8923628,397.05,297.69,325.05,975.15,361.2936,367.634,477.59425,537.4246978,186.6607357
2014-12-19,318.57,487.1853533,314.4138038,303.6763383,394.92,298.02,324.66,973.98,360.7434,366.5938889,475.8697,536.6247802,186.88765
2014-12-20,331.44,487.6116471,316.1244024,304.4619814,393.98,298.14,324.47,973.41,360.6166,365.8296667,474.1753,535.8938462,187.1237429
2014-12-21,321.53,495.0925266,317.5881708,305.2492947,390.96,298.1,323.64,970.92,360.5704,364.9582222,472.5668,535.0888462,187.3528
2014-12-22,331.77,484.1001445,315.6099491,306.0382812,390.06,298.23,323.48,970.44,360.7094,363.7606667,470.9138,534.1873901,187.5891786
2014-12-23,336.57,487.1526501,313.8683623,306.8289437,389.64,298.36,323.46,970.38,360.9308,362.7935556,469.3505,533.3275824,187.8289571
2014-12-24,322.97,487.5134292,314.4703287,307.6212848,388.18,296.2,321.92,965.76,360.8296,361.8364444,467.6856,532.3508242,188.0590071
2014-12-25,319.42,484.6107209,314.3801221,308.4153074,387.19,296.47,321.8,965.4,360.4452,360.8861111,465.9992,531.173489,188.2864857
2014-12-26,329.94,486.4782637,315.8768223,309.2110143,386.06,296.89,321.71,965.13,360.0446,360.0983333,464.4048,530.1051923,188.5214714
2014-12-27,316.31,493.1124133,316.3895999,310.0084082,385.17,297.09,321.58,964.74,359.525,359.4436667,462.7437,529.0021429,188.7467357
2014-12-28,317.17,484.3448589,318.6458551,310.8074921,384.36,297.33,321.5,964.5,358.953,358.8277778,461.2164,527.8732418,188.9726214
2014-12-29,313.09,492.9034413,318.0940503,311.6082686,382.52,297.49,321.09,963.27,357.897,357.9708889,459.92265,526.7100275,189.1956286
2014-12-30,311.87,498.5363885,319.1293194,312.4107406,378.37,296.8,319.7,959.1,356.8016,357.1777778,458.527,525.5559341,189.4177143
2014-12-31,320.98,498.8264717,319.7212846,313.214911,377.25,296.36,319.18,957.54,355.8558,356.5702222,457.30045,524.3649176,189.6463286
2015-01-01,314.39,438.0198928,320.2280631,314.0207825,376.1,296.86,319.14,957.42,353.7038,356.0858889,455.95095,523.0752198,189.8702357
2015-01-02,315.99,440.2731159,321.4825655,314.8283579,371.14,299.24,319.05,957.15,351.677,355.9435556,454.5856,521.7224725,190.0952929
2015-01-03,288.53,448.4052716,322.9406675,315.6376401,368.14,299.58,318.43,955.29,349.4878,355.5517778,452.99455,520.2383791,190.3007571
2015-01-04,264.01,436.6665575,324.0802533,316.4486319,365.29,299.74,317.79,953.37,347.228,354.8366667,451.27475,518.4846978,190.4887286
2015-01-05,276.8,442.6752688,323.5678356,317.2613361,362.8,299.67,317.08,951.24,344.969,354.2123333,449.69515,516.7506044,190.6858071
2015-01-06,281,437.4524666,323.6275337,318.0757556,361.21,300,316.95,950.85,342.829,353.384,448.1353,515.2947527,190.8859
2015-01-07,300,449.7716695,324.5825895,318.8918931,360.37,300.13,316.82,950.46,341.3346,352.7131111,446.67685,513.8634615,191.0995786
2015-01-08,288.99,436.9398247,325.6915764,319.7097516,357.94,300.19,316.25,948.75,339.547,351.9184444,445.12215,512.3852198,191.3053643
2015-01-09,288.99,436.9768873,326.4208225,320.5293339,354.86,300.29,315.46,946.38,338.1996,351.1004444,443.6238,510.8509066,191.51115
2015-01-10,288.99,445.9800795,329.9707942,321.3506427,353.32,300.61,315.24,945.72,336.963,350.1065556,442.19975,509.209478,191.7169286
2015-01-11,288.99,437.3473681,329.85177,322.1736811,352.18,300.96,315.16,945.48,335.6722,348.9736667,440.84305,507.6845879,191.9227071
2015-01-12,288.99,470.4763534,330.0254293,322.9984518,351.13,300.96,314.87,944.61,334.1096,347.7027778,439.4013,506.2065385,192.1284929
2015-01-13,260,472.5347033,329.7176923,323.8249576,347.74,301.03,314.03,942.09,331.7508,346.1996667,437.70205,504.6803022,192.3135786
2015-01-14,120,482.6401815,331.978829,324.6532015,335.98,300.94,310.75,932.25,326.6348,343.2671111,435.3481,502.7002198,192.3986857
2015-01-15,211.91,472.6828343,333.2263498,325.4831863,331.86,301.27,309.83,929.49,323.551,341.3626667,433.40765,501.0391209,192.54945
2015-01-16,199.46,472.8570354,334.1851386,326.3149148,330.42,301.23,309.41,928.23,320.1476,339.2274444,431.2245,499.4058242,192.6913714
2015-01-17,184,473.0136166,338.025836,327.14839,329.71,301.26,309.23,927.69,316.2898,336.9538889,428.92165,497.6882967,192.8222571
2015-01-18,184,482.4033801,339.0989074,327.9836147,327.34,301.81,308.93,926.79,312.4388,334.7565556,426.5914,495.8818681,192.9531357
2015-01-19,225.51,472.9579651,337.9800924,328.8205918,327.19,301.96,308.99,926.97,309.4074,332.9784444,424.48175,494.2222802,193.1136786
2015-01-20,208,476.5450945,338.9666115,329.6593242,326.17,302.14,308.82,926.46,306.015,331.0372222,422.37675,492.5286264,193.2616929
2015-01-21,225.51,473.1408323,339.5051047,330.4998147,320.5,301.87,307.08,921.24,302.9414,329.5745556,420.3509,490.8967857,193.4221786
2015-01-22,231.69,486.978251,340.6312136,331.3420662,320.22,301.9,307.02,921.06,300.0732,328.1658889,418.35015,489.3088736,193.5870429
2015-01-23,234.26,472.7563203,341.427123,332.1860817,319.54,301.98,306.88,920.64,297.4118,326.9132222,416.40205,487.8075,193.7537429
2015-01-24,247.56,476.8632664,341.4273649,333.031864,319.16,302.18,306.91,920.73,294.8642,325.7326667,414.5175,486.2828022,193.92995
2015-01-25,252.82,476.6122164,344.1656296,333.879416,318.69,302.32,306.88,920.64,292.4192,324.6367778,412.6774,484.7428297,194.1099429
2015-01-26,272.26,472.4593152,344.6584548,334.7287406,318.82,301.27,306.21,918.63,290.3368,323.7071111,410.95475,483.4482143,194.3038357
2015-01-27,262.91,447.0067442,345.0656845,335.5798408,317.56,301.47,305.99,917.97,288.3362,322.9096667,409.1008,482.0086538,194.4910643
2015-01-28,235.14,449.862517,344.5197865,336.4327194,317.99,301.46,306.1,918.3,286.0056,321.677,407.0956,480.474011,194.6584571
2015-01-29,235.56,444.3734484,345.4507986,337.2873793,315.79,301.66,305.62,916.86,283.7738,320.5412222,405.12675,478.9277198,194.82615
2015-01-30,230.81,444.2550761,346.4525474,338.1438235,314.15,301.8,305.26,915.78,281.4098,319.5075556,403.1813,477.3557692,194.9904571
2015-01-31,228.22,447.0352752,349.9337989,339.0020549,312.27,301.9,304.8,914.4,278.93,318.4342222,401.2033,475.7514835,195.1529071
2015-02-01,227.69,279.9446064,351.0147362,339.8620764,311.65,302,304.7,914.1,276.4636,317.3474444,399.2571,474.1379945,195.3149857
2015-02-02,226.88,279.8774505,350.1249592,340.7238909,310.36,302.03,304.36,913.08,273.8416,316.2235556,397.2611,472.5448901,195.47655
2015-02-03,228.89,281.8049613,351.1124852,341.5875013,309.42,302.35,304.32,912.96,271.4756,315.0041111,395.2463,470.9753297,195.6395643
2015-02-04,226.46,279.8692631,352.2755725,342.4529106,307.95,302.38,303.94,911.82,269.3938,313.6317778,393.23205,469.453544,195.8008071
2015-02-05,217.89,283.4238536,351.6089372,343.3201218,306.8,302.3,303.56,910.68,267.3286,312.2495556,391.18655,467.9543132,195.9559071
2015-02-06,223.38,280.0139007,353.7121051,344.1891377,305.55,302.56,303.4,910.2,265.5622,310.8896667,389.19225,466.6171703,196.1149214
2015-02-07,228.93,281.6868656,353.2217319,345.0599613,304.89,302.64,303.27,909.81,263.7694,309.3678889,387.2369,465.3766209,196.2779143
2015-02-08,223.71,286.1165905,356.5028734,345.9325955,304.21,302.73,303.14,909.42,261.6148,307.7797778,385.25485,464.104478,196.4371786
2015-02-09,221.2,301.2892949,356.6159523,346.8070433,302.91,302.8,302.83,908.49,259.6082,306.1456667,383.341,462.8201374,196.5946286
2015-02-10,221.22,305.3875628,357.0034081,347.6833077,302.56,302.86,302.77,908.31,257.3972,303.9148889,381.4342,461.5679945,196.7520357
2015-02-11,219.68,301.3047967,357.0687519,348.5613916,301.19,302.87,302.4,907.2,255.0594,301.7187778,379.55725,460.3814011,196.9082857
2015-02-12,221.74,316.316279,360.6639286,349.4412979,300.03,303.07,302.22,906.66,253.0348,299.7604444,377.7072,459.3003297,197.0659929
2015-02-13,237.16,300.9671076,366.5084962,350.3230297,299.86,303.07,302.17,906.51,251.3896,298.2066667,375.94315,458.110467,197.2346786
2015-02-14,257.18,305.0386825,365.9456575,351.2065899,299.73,303.03,302.11,906.33,249.9344,296.7336667,374.30715,457.0152747,197.4176357
2015-02-15,233.52,301.2142924,368.1313362,352.0919814,299.17,303.3,302.15,906.45,248.2786,295.0172222,372.6642,455.9416758,197.5836643
2015-02-16,237.29,305.0608895,369.9006702,352.9792073,298.29,303.34,301.94,905.82,246.681,293.4902222,370.9405,454.8608516,197.7523357
2015-02-17,242.61,301.1129115,372.0478433,353.8682704,297.27,303.59,301.84,905.52,245.2714,291.9817778,369.15935,453.8051374,197.9247857
2015-02-18,234.91,301.3235662,372.0501231,354.7591739,296.89,303.62,301.76,905.28,243.7322,290.6323333,367.38025,452.7350549,198.09175
2015-02-19,242.3,303.233045,372.7212793,355.6519206,296.22,302.96,301.09,903.27,242.1586,289.4265556,365.66805,451.8526099,198.2639786
2015-02-20,245.4,301.2517273,371.907954,356.5465136,295.5,303.82,301.5,904.5,240.7788,288.2251111,363.95385,450.9475824,198.4383429
2015-02-21,245.69,303.4266975,373.6799959,357.4429559,295.27,303.86,301.46,904.38,239.3728,286.8758889,362.28085,449.9595055,198.6127286
2015-02-22,236.11,318.626022,375.0574895,358.3412504,294.76,303.86,301.32,903.96,238.3244,285.3,360.55135,448.9446978,198.7801857
2015-02-23,239.58,318.4992634,375.7436816,359.2414002,294.07,303.76,301.05,903.15,237.8358,283.7864444,358.8225,448.1040934,198.9501857
2015-02-24,239.97,318.6040001,376.4498644,360.1434082,293.69,303.67,300.88,902.64,237.0992,282.385,357.07985,447.2802473,199.1204
2015-02-25,238.67,316.3536393,377.2853647,361.0472774,293.12,303.34,300.47,901.41,236.2526,280.9298889,355.32995,446.3278571,199.2895286
2015-02-26,237.38,318.4858521,378.2413442,361.953011,292.53,303.39,300.35,901.05,235.0002,279.3797778,353.5679,445.3685714,199.4576357
2015-02-27,254.07,326.7747662,379.1109725,362.8606118,292.67,303.36,300.37,901.11,234.3018,278.0188889,351.97305,444.5624451,199.6372643
2015-02-28,252.29,318.5908637,381.5285128,363.7700829,292.46,303.28,300.25,900.75,233.5678,276.6323333,350.3924,443.6975549,199.8151214
2015-03-01,257.53,177.5981232,381.4656041,364.6814273,292.15,303.54,300.34,901.02,232.9386,275.298,348.93015,442.8825549,199.9968286
2015-03-02,272.95,178.7389648,379.3564588,365.594648,292.38,303.46,300.34,901.02,232.6178,274.1175556,347.7667,441.7742308,200.1894786
2015-03-03,279.84,177.6036239,378.5750269,366.5097481,292.97,302.73,299.97,899.91,232.4348,273.0591111,346.65805,440.6907967,200.3869929
2015-03-04,270.26,180.1063274,378.9698265,367.4267306,293.25,302.8,300.1,900.3,232.64,271.9805556,345.3882,439.5906868,200.5775786
2015-03-05,277.88,177.5060642,379.555241,368.3455985,292.66,302.63,299.82,899.46,235.7976,270.9021111,344.2823,438.5161813,200.7736286
2015-03-06,272.63,177.5026886,379.3347761,369.2663549,292.56,302.79,299.9,899.7,237.012,269.7638889,343.27545,437.5322253,200.9658786
2015-03-07,276.38,180.1814916,381.8800753,370.1890027,292.08,302.42,299.5,898.5,238.5504,268.6527778,342.20735,436.5867857,201.1607143
2015-03-08,275.83,180.5337819,381.710061,371.1135452,291.26,302.05,299,897,240.387,267.6848889,341.0005,435.5863187,201.3550429
2015-03-09,286.77,181.6104331,382.4730072,372.0399852,289.45,302.14,298.57,895.71,242.4424,266.9637778,339.834,434.6485989,201.5571643
2015-03-10,292.05,180.4163989,382.6938696,372.9683258,289.95,302.83,299.16,897.48,243.7732,266.3515556,338.7136,433.7045055,201.7623857
2015-03-11,295.27,185.1138936,383.9531872,373.8985701,290.61,302.88,299.39,898.17,245.5186,265.7544444,337.7051,432.7713187,201.9694714
2015-03-12,295.43,180.3740454,382.33961,374.8307212,292.32,302.97,299.95,899.85,246.917,265.1235556,336.6411,431.8178297,202.1763286
2015-03-13,287.83,182.9401245,381.94881,375.7647822,292.25,302.5,299.58,898.74,248.0398,264.4215556,335.5646,430.8792308,202.3765786
2015-03-14,284.39,183.2202268,385.5110088,376.700756,291.23,302.82,299.55,898.65,249.0424,263.6038889,334.42415,429.9162637,202.5741
2015-03-15,286.6,184.3284022,387.624223,377.6386457,291.09,302.83,299.52,898.56,249.8232,262.9306667,333.3022,428.9591758,202.774
2015-03-16,289.54,180.3600535,387.7163589,378.5784545,290.63,302.84,299.39,898.17,250.5576,262.475,332.2179,428.0447527,202.9752643
2015-03-17,285.85,181.7597373,389.4939916,379.5201853,290.67,302.87,299.43,898.29,250.8294,262.0827778,331.10285,427.1513462,203.1740714
2015-03-18,256.73,181.6095001,386.8211241,380.4638414,289.91,302.76,299.12,897.36,250.7058,261.472,329.8815,426.1774176,203.35235
2015-03-19,262.71,180.2778214,381.4860558,381.4094257,289.04,302.68,298.82,896.46,251.2572,260.8513333,328.80275,425.2903571,203.5350286
2015-03-20,263.19,180.2919803,382.9886412,382.3569413,288.62,302.63,298.67,896.01,251.8098,260.093,327.74275,424.4449176,203.7185357
2015-03-21,260.92,181.7070753,386.3982605,383.3063914,288.22,302.69,298.59,895.77,252.412,259.4195556,326.67655,423.613022,203.9006429
2015-03-22,268.37,177.775751,387.2743358,384.2577791,287.96,302.66,298.49,895.47,253.215,258.7151111,325.64105,422.8078022,204.0877143
2015-03-23,266.21,177.5729501,389.0060565,385.2111073,287.7,302.63,298.4,895.2,253.9854,257.9333333,324.5309,421.9336538,204.2727929
2015-03-24,248.65,178.8991254,389.5747706,386.1663793,286.85,302.59,298.14,894.42,254.4208,257.1075556,323.3865,421.0137912,204.4452357
2015-03-25,245.63,178.8386996,390.9498865,387.1235981,286.18,302.47,297.85,893.55,254.7556,256.2876667,322.2168,420.0899176,204.6149857
2015-03-26,251.1,178.9367918,391.345733,388.0827669,285.44,302.47,297.65,892.95,255.2484,255.4116667,321.08745,419.4736264,204.7882357
2015-03-27,248.62,177.852195,392.6120381,389.0438887,284.93,302.44,297.48,892.44,255.863,254.6595556,319.99135,418.7820055,204.9596286
2015-03-28,251.33,180.2318687,395.487671,390.0069667,284.59,302.46,297.4,892.2,256.422,253.928,318.8783,418.1208516,205.1331143
2015-03-29,242.83,179.0026179,395.6293651,390.972004,284.21,302.47,297.31,891.93,256.7,253.1473333,317.7066,417.5217033,205.3006357
2015-03-30,248.38,177.6601357,395.1597037,391.9390037,283.48,302.47,297.11,891.33,257.1934,252.4418889,316.5597,416.9534066,205.4718214
2015-03-31,244.13,177.66134,396.8933935,392.9079689,283.07,302.45,296.98,890.94,257.652,251.588,315.41145,416.3076099,205.6398571
2015-04-01,245.84,171.7528692,397.8154178,393.8789028,282.36,301.71,296.22,888.66,258.1444,250.8263333,314.2525,415.7763736,205.8088786
2015-04-02,251.35,170.6858866,398.5632709,394.8518085,282.07,301.84,296.21,888.63,258.7778,250.1081111,313.13185,415.2279945,205.9811929
2015-04-03,253.65,174.1390339,399.0979384,395.8266891,281.94,301.71,296.08,888.24,259.416,249.7205556,312.048,414.6838187,206.1530286
2015-04-04,253.57,170.7177643,402.4332089,396.8035478,281.75,301.76,296.07,888.21,259.7442,249.6045556,310.99875,414.1077747,206.3224286
2015-04-05,258.83,181.834988,402.231337,397.7823878,281.56,301.78,296.05,888.15,259.7772,249.4048889,310.02975,413.5620604,206.4949357
2015-04-06,256.83,180.4176704,402.1886505,398.7632121,281.56,301.76,296.03,888.09,260.2434,249.1363333,309.18295,413.0339835,206.6652
2015-04-07,254.12,181.7812525,402.8413883,399.7460239,281.36,301.71,295.94,887.82,260.58,248.6265556,308.479,412.4868407,206.8325
2015-04-08,245.9,187.6227697,404.0964897,400.7308264,280.78,301.78,295.83,887.49,260.6458,248.1477778,307.6476,411.9482967,206.9886786
2015-04-09,242.93,180.3152526,404.9670134,401.7176227,279.91,301.72,295.55,886.65,260.8062,247.636,306.86115,411.598489,207.1410714
2015-04-10,235.12,180.0218118,406.4485505,402.7064161,278.64,301.24,294.79,884.37,260.6626,247.0374444,306.03695,411.0812088,207.2913929
2015-04-11,237.18,181.771394,409.9481332,403.6972095,277.92,301.36,294.69,884.07,260.4982,246.4617778,305.0251,410.5703846,207.4482286
2015-04-12,237.13,180.5434008,412.023021,404.6900064,277.37,301.37,294.54,883.62,260.327,245.8855556,304.0927,410.0779396,207.6060286
2015-04-13,224.14,181.6964001,410.8482504,405.6848097,276.12,301.35,294.17,882.51,260.0876,245.4871111,303.16785,409.430467,207.7517643
2015-04-14,216.29,180.5623889,411.1332322,406.6816227,275.03,301.32,293.84,881.52,259.6218,246.557,302.22455,408.5875824,207.8925071
2015-04-15,221.17,180.4234209,411.9577072,407.6804486,273.93,300.42,292.83,878.49,259.2458,246.6598889,301.3262,407.7442857,208.0364286
2015-04-16,228.69,181.9131656,413.7079708,408.6812905,273.46,300.42,292.7,878.1,259.0462,246.9846667,300.5935,407.0027747,208.1863071
2015-04-17,223.5,180.4985754,414.8782959,409.6841517,272.78,300.42,292.5,877.5,258.7686,247.4235556,299.848,406.2912637,208.3348714
2015-04-18,223.79,180.6793009,418.3164845,410.6890353,272.31,300.47,292.42,877.26,258.163,247.8656667,299.0159,405.5220055,208.4832643
2015-04-19,223.68,175.1824793,417.9931929,411.6959445,271.71,300.59,292.37,877.11,257.5908,247.8453333,298.21805,404.7586538,208.6303429
2015-04-20,223.93,173.8379709,419.0926485,412.7048825,271.09,300.57,292.18,876.54,256.9188,248.0223333,297.4594,404.0094231,208.7777857
2015-04-21,234.05,176.178046,419.4610577,413.7158526,270.7,300.52,292.01,876.03,256.1408,248.1172222,296.83975,403.3082967,208.9324571
2015-04-22,233.57,173.8804165,420.6257265,414.7288579,270.63,300.46,291.95,875.85,255.2154,248.1381111,296.3636,402.6050549,209.0867857
2015-04-23,234.71,175.0952285,421.4620317,415.7439016,269.86,300.95,291.93,875.79,254.5044,248.1431111,295.9182,401.8698626,209.2419286
2015-04-24,231.52,173.7318608,419.6443778,416.760987,269.4,300.95,291.8,875.4,253.5772,247.9648889,295.43395,401.2237637,209.3947929
2015-04-25,226.9,172.5418105,423.9759454,417.7801172,269.06,300.98,291.72,875.16,252.6626,247.6768889,294.9035,400.5793132,209.5443571
2015-04-26,219.37,177.5810599,423.8323668,418.8012955,268.44,300.96,291.53,874.59,251.5224,247.0892222,294.2226,399.9734615,209.6899143
2015-04-27,226.99,173.8083696,425.2117198,419.8245252,265.77,301.47,291.3,873.9,250.5456,246.6901111,293.55565,399.3882418,209.8399
2015-04-28,224.43,177.2811139,425.0133156,420.8498093,265.36,301.51,291.22,873.66,249.2988,246.5711111,292.87525,398.7738736,209.9881143
2015-04-29,226.66,173.6830112,425.9209126,421.8771513,264.96,301.54,291.13,873.39,247.991,246.4722222,292.1955,398.1634615,210.1379571
2015-04-30,237.11,173.7384707,426.7932167,422.9065543,264.83,301.57,291.13,873.39,246.8278,246.5422222,291.48885,397.5507143,210.2955286
2015-05-01,233.92,167.5184798,428.0204652,423.9380215,264.39,301.63,291.07,873.21,245.5976,246.6055556,290.7037,396.9546429,210.4512571
2015-05-02,234.79,168.6422035,432.5372381,424.9715562,264.04,301.68,291.02,873.06,244.5368,246.6844444,289.8608,396.3912637,210.6078714
2015-05-03,239.83,168.8584171,434.4851769,426.0071616,262.31,302.16,291.04,873.12,243.6456,246.8283333,289.08355,395.8482143,210.7681214
2015-05-04,237.66,167.4658524,433.9361754,427.044841,261.53,302.31,291,873,242.6668,246.9257778,288.3522,395.3163187,210.9275357
2015-05-05,234.79,167.5460778,434.5203137,428.0845977,260.22,302.49,290.87,872.61,241.5718,247.0183333,287.6096,394.7814011,211.0861
2015-05-06,229.35,169.6811372,434.726272,429.1264349,259.89,302.53,290.81,872.43,240.4418,247.1456667,286.7982,394.1923626,211.23935
2015-05-07,237.24,169.8722018,436.2308248,430.1703558,258.12,302.79,290.67,872.01,240.052,247.2996667,286.0413,393.6380769,211.3979786
2015-05-08,244.42,167.5161912,441.0079173,431.2163637,257.46,302.93,290.66,871.98,239.6862,247.4717778,285.3546,393.0661264,211.5623143
2015-05-09,242.75,170.1607853,440.8190905,432.264462,257.37,302.93,290.65,871.95,239.2774,247.6833333,284.64065,392.4825,211.7254286
2015-05-10,240.11,168.7452287,438.9099712,433.3146538,257.22,302.92,290.61,871.83,238.8612,247.8934444,283.92765,391.938022,211.8861643
2015-05-11,241.62,167.5213693,439.3702684,434.3669424,256.93,302.68,290.33,870.99,238.3262,248.1201111,283.35,391.3862363,212.0484857
2015-05-12,241.99,170.8898533,438.3599311,435.4213312,256.71,302.6,290.22,870.66,237.8418,248.368,282.7676,390.8454121,212.2112286
2015-05-13,237.22,168.6503434,440.1582805,436.4778233,256.6,302.58,290.16,870.48,237.6132,248.54,282.2187,390.2714835,212.37065
2015-05-14,237.31,167.6441425,441.1770403,437.5364222,256.1,302.58,290.04,870.12,237.4468,248.5416667,281.6362,389.6967033,212.5302071
2015-05-15,237.5,167.566907,442.5267301,438.597131,255.79,302.57,289.96,869.88,237.1748,248.323,281.06645,389.1211538,212.6899214
2015-05-16,237.03,168.8600588,445.9069457,439.6599532,255.56,302.55,289.9,869.7,236.943,248.362,280.47195,388.5340659,212.8495
2015-05-17,237.04,172.8466617,445.4804301,440.7248918,255.26,302.55,289.85,869.55,236.6572,248.3592222,279.98375,387.9575549,213.0092857
2015-05-18,234.03,172.8518826,447.1675185,441.7919504,254.72,302.49,289.74,869.22,236.4812,248.2638889,279.4235,387.3703846,213.1671429
2015-05-19,232.18,171.5394498,447.9392924,442.8611322,254.16,302.5,289.62,868.86,236.1572,248.2335556,278.8955,386.6653571,213.3229571
2015-05-20,234.29,176.3905902,448.9809041,443.9324404,253.93,302.48,289.56,868.68,235.9604,248.1445556,278.44775,385.9537363,213.4805286
2015-05-21,235.08,171.7259903,450.1957184,445.0058785,253.62,302.47,289.49,868.47,235.7452,248.0298889,277.99905,385.1485714,213.6386857
2015-05-22,239.53,171.6045665,451.0535937,446.0814496,253.38,302.46,289.41,868.23,235.5088,247.9614444,277.5692,384.3696429,213.8000286
2015-05-23,238.57,174.6498372,452.1209142,447.1591572,251.87,302.58,289.33,867.99,235.2072,247.9887778,277.1219,383.5772527,213.9606929
2015-05-24,240.26,171.7311709,454.1853728,448.2390046,251.72,302.58,289.3,867.9,234.941,247.9963333,276.63,382.6656319,214.1224071
2015-05-25,236.21,172.8287094,454.8670274,449.3209951,251.57,302.45,289.16,867.48,234.4886,247.9545556,276.0612,381.7077473,214.2809857
2015-05-26,236.94,171.507586,455.3340087,450.405132,251.36,302.42,289.07,867.21,234.0908,247.9353333,275.53445,380.7853297,214.4402929
2015-05-27,234.91,176.5448271,455.5474711,451.4914187,251.06,302.36,288.92,866.76,233.7066,247.9078889,274.98015,379.8354121,214.5981143
2015-05-28,237.36,171.5229717,456.5905735,452.5798584,250.59,302.28,288.76,866.28,233.5358,247.7222222,274.3375,378.9143681,214.7579357
2015-05-29,236.81,172.6869092,459.732484,453.6704546,249.77,302.32,288.7,866.1,233.4134,247.5502222,273.68835,377.8598626,214.9174357
2015-05-30,232.05,172.7689087,463.1767411,454.7632106,249.05,301.43,287.8,863.4,233.352,247.2671111,273.00725,376.7764286,215.0735214
2015-05-31,229.49,166.2929041,464.9925677,455.8581298,248.8,301.32,287.64,862.92,233.1982,246.7842222,272.04475,375.6830495,215.2277857
2015-06-01,222.67,167.1042068,465.595615,456.9552154,248.03,301.19,287.32,861.96,232.909,246.149,271.07145,374.472033,215.3774286
2015-06-02,225.77,168.3313336,465.2440971,458.0544709,247.46,301.08,287.07,861.21,232.9416,245.6546667,270.21035,373.2507418,215.5298429
2015-06-03,226.52,166.0949664,466.304797,459.1558996,247.03,301.01,286.93,860.79,233.1462,245.084,269.45795,372.1059341,215.6841786
2015-06-04,223.98,169.6806415,466.6757326,460.259505,246.75,300.91,286.79,860.37,233.2024,244.5434444,268.6291,370.9015659,215.8366071
2015-06-05,224.19,167.3764067,467.444247,461.3652902,246.41,300.85,286.72,860.16,233.1124,243.9635556,267.81005,369.7338736,215.9894071
2015-06-06,224.25,166.4057341,470.4111289,462.4732588,246.03,300.82,286.66,859.98,233.1274,243.3904444,267.0577,368.5478846,216.144
2015-06-07,223.7,166.359722,470.9415675,463.5834141,243.93,300.44,286.43,859.29,233.1256,242.6896667,266.28435,367.3583242,216.2982714
2015-06-08,228.85,168.3214696,472.2739661,464.6957594,243.7,300.41,286.36,859.08,233.229,241.9874444,265.6468,366.2045604,216.4562071
2015-06-09,229.21,166.1588089,473.3966647,465.8102983,243.46,300.35,286.32,858.96,233.3346,241.2534444,265.03875,365.0525824,216.6129857
2015-06-10,228.91,166.1488755,469.883625,466.927034,243.22,300.25,286.18,858.54,233.2318,240.5143333,264.41565,363.9709341,216.76935
2015-06-11,229.19,173.4616544,470.0963208,468.0459699,243,300.11,286.04,858.12,233.1442,239.8627778,263.726,363.0295879,216.9262929
2015-06-12,229.31,166.0793893,471.7382187,469.1671095,242.75,300.09,286.01,858.03,233.0362,239.2507778,262.98285,362.0359341,217.0834286
2015-06-13,231.75,166.2317897,472.5274869,470.2904561,243.49,299.51,285.85,857.55,233.0408,238.6413333,262.2626,361.1168681,217.2419643
2015-06-14,232.05,182.9471248,473.7039301,471.4160132,244.49,298.93,285.78,857.34,233.1438,238.0025556,261.59235,360.1491758,217.4001357
2015-06-15,236.78,173.3580121,475.169508,472.5437842,244.9,298.71,285.76,857.28,233.492,237.4573333,260.9281,359.1813736,217.5611929
2015-06-16,246.88,176.0678836,476.471176,473.6737724,245.58,298.61,285.84,857.52,233.8898,237.3478889,260.27805,358.1927473,217.7296429
2015-06-17,247.44,173.2861308,474.5439641,474.8059813,246.42,298.45,285.91,857.73,234.35,237.1782222,259.6325,357.2022802,217.8986143
2015-06-18,248.98,179.7595961,474.1580978,475.9404142,246.8,298.35,285.93,857.79,234.7964,237.0203333,258.992,356.2579396,218.0686714
2015-06-19,246.23,173.029381,478.516759,477.0770748,247.36,298.16,285.89,857.67,234.9788,236.8571111,258.33505,355.3053571,218.2364071
2015-06-20,245.04,178.6984365,481.2402847,478.2159662,247.34,298.17,285.87,857.61,235.2012,236.5978889,257.6643,354.353022,218.4032286
2015-06-21,242.87,173.5270187,481.6718408,479.3570921,247.44,298.1,285.89,857.67,235.3628,236.3385556,257.00315,353.3720879,218.5685786
2015-06-22,248.35,173.0516068,483.1497046,480.5004557,247.64,298.02,285.88,857.64,235.5332,236.3352222,256.40825,352.4371703,218.7380929
2015-06-23,244.84,174.6248881,484.3483852,481.6460606,247.71,297.94,285.83,857.49,235.6768,236.3264444,255.75775,351.5334341,218.9051
2015-06-24,240.12,173.5870331,485.6432817,482.7939102,247.64,297.79,285.71,857.13,235.7834,236.2044444,255.083,350.6537363,219.0688
2015-06-25,242.21,173.5525887,485.8978235,483.944008,247.37,297.69,285.6,856.8,236.0406,236.1332222,254.41215,349.7330495,219.2346571
2015-06-26,242.54,175.7498273,487.016267,485.0963573,247.27,297.62,285.53,856.59,236.1466,236.0355556,253.81015,348.7514286,219.4017214
2015-06-27,250.93,173.4147253,489.0483162,486.2509617,247.4,297.59,285.55,856.65,236.2768,236.1255556,253.30645,347.8177473,219.5747929
2015-06-28,248.79,173.7665593,490.9446031,487.4078246,247.64,297.52,285.57,856.71,236.3976,236.1301111,252.81465,346.8528846,219.7460929
2015-06-29,255.63,173.6065607,491.2501117,488.5669494,248.16,297.4,285.6,856.8,236.708,236.2578889,252.34775,345.8076648,219.9223071
2015-06-30,263.03,175.4323595,491.6534316,489.7283397,249.38,297.17,285.81,857.43,237.1362,236.4488889,251.90185,344.759478,220.1039143
2015-07-01,257.89,170.581051,492.7716747,490.8919988,249.63,297.08,285.82,857.46,237.4542,236.5215556,251.43625,343.6821154,220.2821571
2015-07-02,254.46,171.6875726,494.4990979,492.0579303,249.77,296.93,285.74,857.22,237.799,236.5305556,250.91865,342.6025,220.4580429
2015-07-03,256.61,170.6897664,495.1294304,493.2261377,249.87,296.32,285.29,855.87,238.185,236.5643333,250.46575,341.5794505,220.6353071
2015-07-04,259.91,173.1021439,496.9797882,494.3966244,250.1,296.21,285.29,855.87,238.6332,236.5763333,250.11255,340.5608516,220.8148643
2015-07-05,270.01,170.6494283,499.3226687,495.5693939,250.78,295.97,285.27,855.81,239.2928,236.7227778,249.85685,339.5668132,221.0018929
2015-07-06,272.26,171.2577866,500.7321886,496.7444496,252.03,295.83,285.43,856.29,239.9972,236.9243333,249.65965,338.6008242,221.1909214
2015-07-07,265.89,169.4668692,503.910181,497.9217952,252.36,295.91,285.53,856.59,240.6344,237.1464444,249.39625,337.6157143,221.3760357
2015-07-08,268.98,170.5705904,507.2130697,499.1014341,252.8,295.84,285.55,856.65,241.3704,237.4358889,249.08395,336.6490659,221.5631429
2015-07-09,269.51,170.8820888,507.642142,500.2833697,253.27,295.4,285.31,855.93,242.0748,237.818,248.82385,335.695,221.7507929
2015-07-10,285.43,173.3180583,507.1099704,501.4676056,254.66,295.2,285.47,856.41,243.0818,238.3541111,248.59215,334.7382143,221.9508786
2015-07-11,292.88,176.8232598,509.6775675,502.6541453,255.96,294.99,285.6,856.8,244.1488,238.9735556,248.3737,333.7950824,222.1564857
2015-07-12,309.45,176.4692113,510.9151804,503.8429923,257.69,294.98,285.98,857.94,245.5664,239.9214444,248.3061,332.9162912,222.3731929
2015-07-13,291.82,175.9398596,511.6545497,505.0341501,257.91,294.84,285.93,857.79,246.5976,240.7606667,248.1681,332.0149725,222.5773214
2015-07-14,289.17,179.714214,511.1380076,506.2276223,258.59,294.72,286.02,858.06,247.6568,241.5162222,247.96425,331.0956044,222.7797357
2015-07-15,290.69,176.2699093,512.8575343,507.4234123,259.16,294.62,286.07,858.21,248.7318,242.2051111,247.83615,330.1993407,222.9834071
2015-07-16,277.22,178.6620266,512.957678,508.6215237,259.23,294.49,285.99,857.97,249.578,242.802,247.6364,329.2409341,223.1778714
2015-07-17,278.82,179.9189788,513.0872905,509.82196,259.32,294.46,285.98,857.94,250.4072,243.4134444,247.46505,328.2710714,223.3735929
2015-07-18,277.9,175.4230027,514.7839859,511.0247247,259.42,294.32,285.9,857.7,251.229,244.0158889,247.2952,327.3056593,223.5686857
2015-07-19,275.77,177.7233997,517.2361838,512.2298215,259.45,294.26,285.87,857.61,252.1034,244.5918889,247.06915,326.3407692,223.7620143
2015-07-20,278.61,176.7962331,518.7340246,513.4372537,259.78,293.77,285.63,856.89,253.0858,245.087,246.89025,325.3967308,223.9572643
2015-07-21,278.64,177.4369156,521.8515904,514.6470251,260.03,293.65,285.58,856.74,254.2052,245.5877778,246.7035,324.4589286,224.1519357
2015-07-22,276.57,176.2218166,524.3742401,515.859139,260.14,293.57,285.55,856.65,255.2212,246.0528889,246.6437,323.5151099,224.3454714
2015-07-23,276.23,176.1363267,524.6602487,517.0735992,260.44,293.53,285.59,856.77,256.2154,246.5496667,246.7048,322.6147253,224.5388571
2015-07-24,288.41,179.6350508,524.900163,518.2904091,260.97,293.46,285.66,856.98,257.504,247.2331111,246.76285,321.7516209,224.7408714
2015-07-25,288.43,180.7005926,525.4238637,519.5095722,261.72,293.34,285.77,857.31,258.7888,248.0004444,246.8,320.9092033,224.9430286
2015-07-26,292.02,180.5886232,528.6451869,520.7310923,262.14,293.29,285.84,857.52,260.1442,248.723,246.7601,320.0857692,225.1478143
2015-07-27,295.2,181.344346,530.3185614,521.9549727,262.65,293.19,285.88,857.64,261.5742,249.5093333,246.79115,319.2759615,225.3551357
2015-07-28,295.28,181.496737,530.5673459,523.1812172,263.31,293.07,285.95,857.85,262.9028,250.2717778,246.8226,318.4817308,225.5625929
2015-07-29,291.49,179.8051149,531.400414,524.4098293,263.6,292.92,285.9,857.7,264.1484,250.876,246.8351,317.7382692,225.7674143
2015-07-30,287.97,182.5080593,532.8574056,525.6408125,263.71,292.78,285.82,857.46,265.3296,251.4765556,246.83,316.9304121,225.96975
2015-07-31,285.32,179.851679,533.1460453,526.8741705,263.68,292.77,285.86,857.58,266.4522,252.038,246.81165,316.0690934,226.1699714
2015-08-01,282.11,163.6125297,533.8286014,528.1099068,263.57,292.74,285.82,857.46,267.5082,252.5077778,246.9222,315.2212363,226.3678714
2015-08-02,282.14,164.0872163,536.5652432,529.348025,263.52,292.71,285.81,857.43,268.516,253.002,247.7329,314.3899176,226.5658429
2015-08-03,284.26,165.9483483,536.5797329,530.5885288,263.6,292.68,285.82,857.46,269.5602,253.5516667,248.09465,313.5548077,226.7653571
2015-08-04,285.27,163.3021395,540.2713008,531.8314217,263.68,292.46,285.69,857.07,270.53,254.173,248.5237,312.7443132,226.9656214
2015-08-05,282.33,163.3270131,540.0568895,533.0767073,263.46,292.27,285.67,857.01,271.239,254.674,249.01535,311.9210165,227.1638143
2015-08-06,278.58,164.4416812,540.6717805,534.3243892,262.89,292.19,285.63,856.89,271.8618,255.0535556,249.48825,311.0782418,227.3594571
2015-08-07,278.91,168.5759663,540.6515634,535.5744711,262.39,292.15,285.58,856.74,272.4604,255.4553333,249.75525,310.2277198,227.5556143
2015-08-08,268.77,165.4017082,543.6272044,536.8269566,262.78,292.1,285.68,857.04,272.9112,255.7737778,250.0591,309.3489286,227.7447143
2015-08-09,265.15,165.4369055,544.3802196,538.0818493,260.8,290.69,284.22,852.66,273.3134,256.0352222,250.2573,308.4570604,227.9311143
2015-08-10,263.75,166.1813042,543.9530636,539.3391528,260.3,290.67,284.09,852.27,273.731,256.277,250.4176,307.6073626,228.1165786
2015-08-11,267.99,173.4187863,544.5017152,540.5988707,259.95,290.67,284.03,852.09,274.1238,256.6188889,250.58625,306.7820055,228.3051786
2015-08-12,269.27,164.9820694,546.5806996,541.8610067,259.95,290.65,284.01,852.03,274.6124,256.974,250.6948,306.0108242,228.4946071
2015-08-13,265.61,165.2127584,547.6779791,543.1255644,259.64,290.64,283.92,851.76,275.1222,257.2863333,250.75875,305.3514011,228.6814143
2015-08-14,266.1,165.1934943,549.4056433,544.3925475,259,290.52,283.73,851.19,275.6,257.6093333,250.72795,304.7045055,228.8686286
2015-08-15,263.26,166.5385649,551.6801688,545.6619595,258.8,290.41,283.62,850.86,276.0144,257.9006667,250.7297,303.9875549,229.0538929
2015-08-16,257.28,165.4137596,553.6321672,546.9338042,258.41,290.19,283.38,850.14,276.1414,258.159,250.8404,303.3233242,229.2350643
2015-08-17,257.17,165.2654655,554.7897421,548.2080852,258.11,290.09,283.23,849.69,276.309,258.4366667,250.94845,302.7276374,229.4167214
2015-08-18,251.23,166.2941808,555.2271513,549.4848062,257.48,290.05,283.06,849.18,276.221,258.6248889,251.05055,302.0716758,229.5943
2015-08-19,226.12,166.3577373,556.5234002,550.7639707,255.31,289.92,282.45,847.35,275.4828,258.5253333,251.04005,301.2720055,229.7541857
2015-08-20,235.04,165.1870951,557.3338419,552.0455826,254.05,289.73,282,846,275.0258,258.4754444,251.0768,300.488956,229.9204214
2015-08-21,234.17,166.394495,558.818782,553.3296453,253.36,289.56,281.72,845.16,274.62,258.4265556,251.11325,299.7143407,230.0858714
2015-08-22,231.46,170.2702881,562.05318,554.6161627,252.56,289.46,281.48,844.44,274.117,258.3287778,251.1261,298.9849176,230.24905
2015-08-23,228.72,172.725279,564.7789832,555.9051384,252.12,289.5,281.45,844.35,273.4932,258.2455556,251.1374,298.217033,230.4102214
2015-08-24,251.08,170.0851108,564.4723249,557.196576,252.08,289.25,281.19,843.57,273.1146,258.4026667,251.30335,297.5245879,230.5875571
2015-08-25,222.13,172.4826632,566.49467,558.4904793,251.14,287.8,279.73,839.19,272.112,258.2606667,251.2971,296.7269231,230.7442643
2015-08-26,226.63,171.2290817,568.4045658,559.786852,249.91,287.44,279.04,837.12,271.3268,258.1414444,251.2856,295.9457143,230.9041786
2015-08-27,226.59,170.0434337,571.7609408,561.0856977,249.76,287.43,278.99,836.97,270.479,258.0278889,251.3,295.1770055,231.0639429
2015-08-28,233.38,170.1678019,572.8631278,562.3870201,249.23,287.38,278.84,836.52,269.7564,258.0426667,251.3609,294.4201923,231.2284214
2015-08-29,229.2,171.3908105,575.633956,563.6908229,248.86,287.25,278.68,836.04,268.6318,258.0394444,251.4008,293.673489,231.3896071
2015-08-30,228.46,170.3492955,578.7160365,564.9971099,248.56,287.21,278.6,835.8,267.3434,258.1037778,251.4447,292.9866758,231.5503786
2015-08-31,229.73,171.1244796,578.2356419,566.3058847,248.25,287.15,278.48,835.44,265.749,258.1477778,251.48465,292.3123352,231.7121929
2015-09-01,227.98,148.0786246,578.9588765,567.617151,247.87,287.11,278.36,835.08,264.4722,258.164,251.43875,291.6360165,231.8727571
2015-09-02,229.11,146.0909553,580.443592,568.9309127,247.58,287.03,278.21,834.63,263.271,258.221,251.2984,290.9592033,232.0341
2015-09-03,226.75,146.020359,581.3832992,570.2471733,247.17,286.91,277.99,833.97,261.9922,258.2494444,251.26455,290.2408242,232.1937714
2015-09-04,231.38,153.4773299,583.1370636,571.5659366,247.07,286.82,277.9,833.7,261.0754,258.3286667,251.235,289.5645879,232.3568071
2015-09-05,251.26,156.4314031,587.3009516,572.8872064,247.18,286.76,277.88,833.64,260.5242,258.6348889,251.27825,288.9373626,232.5341286
2015-09-06,240.52,153.5316507,589.9906895,574.2109863,247.43,286.69,277.87,833.61,259.7766,258.7645556,251.3063,288.2877747,232.7038143
2015-09-07,240.16,154.2747099,594.7337804,575.5372802,247.77,286.45,277.88,833.64,259.0644,258.8862222,251.2956,287.6622802,232.8732143
2015-09-08,243.26,153.3091231,599.0675796,576.8660917,248.26,286.35,277.9,833.7,258.3574,259.0456667,251.2849,287.028544,233.0447643
2015-09-09,238.49,154.3751422,603.8481607,578.1974246,248.22,286.33,277.86,833.58,257.5544,259.149,251.2489,286.3728297,233.2129714
2015-09-10,239.71,153.4666922,607.0197993,579.5312826,248.1,286.08,277.6,832.8,256.8172,259.2645556,251.2669,285.7188462,233.3821429
2015-09-11,240.15,152.9895531,617.1674812,580.8676695,248.15,285.98,277.55,832.65,256.0956,259.3578889,251.26975,285.0770055,233.5515571
2015-09-12,235.63,157.6822922,621.297567,582.2065891,248.24,285.82,277.5,832.5,255.04,259.3976667,251.24805,284.4121703,233.7176786
2015-09-13,229.09,153.4334189,624.9102287,583.5480451,247.9,285.77,277.39,832.17,253.8532,259.3122222,251.20015,283.7352747,233.8791714
2015-09-14,230.68,154.2135898,624.7226104,584.8920412,247.49,285.69,277.25,831.75,252.6264,259.1322222,251.16665,283.0766484,234.04215
2015-09-15,229.26,154.3156708,625.7896192,586.2385813,247.22,285.62,277.15,831.45,251.3076,258.9302222,251.0426,282.4333516,234.2042643
2015-09-16,228.13,159.8158947,626.9098899,587.5876691,246.97,285.58,277.06,831.18,249.9646,258.6985556,250.9218,281.8165934,234.3654571
2015-09-17,232.13,159.7095048,630.6938935,588.9393084,246.91,285.54,277.01,831.03,248.7774,258.5418889,250.7948,281.2834615,234.5296714
2015-09-18,233.64,160.8950738,631.7527225,590.293503,246.95,285.46,276.99,830.97,247.6908,258.4152222,250.59825,280.8404121,234.6950286
2015-09-19,231.42,159.800496,632.3399672,591.6502566,246.87,285.37,276.92,830.76,246.6128,258.288,250.35615,280.3438187,234.8587786
2015-09-20,229.73,159.8508728,643.4729677,593.009573,247.01,285.01,276.85,830.55,245.5652,258.0811111,250.1535,279.8754396,235.0212429
2015-09-21,226.96,160.7301938,651.7599923,594.3714561,246.6,285.09,276.82,830.46,244.4616,257.8824444,249.8989,279.4001648,235.1817643
2015-09-22,229.39,159.7797605,661.1062425,595.7359097,246.35,285.05,276.73,830.19,243.3642,257.7632222,249.6827,278.8228022,235.3439643
2015-09-23,229.19,162.9152246,663.0667301,597.1029374,246.2,284.82,276.45,829.35,242.2426,257.6185556,249.44675,278.2886813,235.5060143
2015-09-24,234.15,159.8042175,664.4914713,598.4725432,246.3,284.75,276.43,829.29,241.279,257.5253333,249.23835,277.808022,235.6715357
2015-09-25,234.58,159.855193,665.0410723,599.8447308,246.5,284.65,276.41,829.23,240.399,257.3436667,248.9774,277.3399725,235.8373286
2015-09-26,234.47,160.912629,662.3846739,601.2195041,246.46,284.61,276.37,829.11,239.5102,257.1845556,248.6895,276.8829121,236.0030357
2015-09-27,232.28,159.9683159,659.3845397,602.5968669,246.38,284.58,276.33,828.99,238.7804,256.9251111,248.37455,276.4901923,236.1671929
2015-09-28,238.99,160.8549219,658.5041905,603.976823,246.57,284.44,276.24,828.72,238.2572,256.658,248.09235,276.1231319,236.3361071
2015-09-29,237.28,160.8251943,652.1314309,605.3593761,246.67,284.42,276.23,828.69,237.7278,256.429,247.8396,275.7029945,236.5036
2015-09-30,237.21,159.755701,651.5855195,606.7445303,246.67,284.4,276.21,828.63,237.1122,256.2373333,247.6037,275.3017857,236.6709571
2015-10-01,237.58,144.5414694,653.27996,608.1322892,246.55,284.29,276.11,828.33,236.4784,256.0258889,247.3586,274.9224451,236.8384786
2015-10-02,237.41,143.610013,652.286277,609.5226567,246.58,284.26,276.09,828.27,235.9144,255.7758889,247.09795,274.5912088,237.0058429
2015-10-03,239.71,143.8285332,653.7885756,610.9156367,246.71,284.26,276.1,828.3,235.3866,255.4392222,246.86725,274.346456,237.1749714
2015-10-04,239.12,145.8419661,659.4869865,612.311233,246.76,284.2,276.06,828.18,234.9038,255.071,246.7792,274.1138462,237.3438071
2015-10-05,239.92,144.751057,659.6946923,613.7094495,246.79,284.16,276.03,828.09,234.5566,254.7824444,246.66525,273.8708516,237.5131286
2015-10-06,246.54,145.6679262,656.5182339,615.11029,247.24,284.07,276.05,828.15,234.344,254.5331111,246.582,273.6333516,237.6871
2015-10-07,243.84,143.610598,658.016198,616.5137583,247.44,283.98,275.91,827.73,234.1962,254.2478889,246.4966,273.326456,237.8591286
2015-10-08,243.17,143.5867772,659.882964,617.9198584,247.49,283.83,275.79,827.37,234.5372,253.7783333,246.3706,273.0044505,238.0307143
2015-10-09,245.16,145.9154982,661.3928395,619.328594,247.6,283.77,275.79,827.37,234.7396,253.2481111,246.26535,272.6875549,238.2036929
2015-10-10,245.73,143.7971138,666.73927,620.7399692,247.72,283.67,275.74,827.22,234.9708,252.5401111,246.25075,272.366456,238.3770429
2015-10-11,248.55,143.9258561,669.8715991,622.1539877,247.89,283.58,275.72,827.16,235.3126,252.0593333,246.26535,272.0096154,238.5522929
2015-10-12,245.89,143.6582748,668.0367774,623.5706533,248,283.21,275.42,826.26,235.656,251.5784444,246.2393,271.6110989,238.7256571
2015-10-13,248.99,146.7882763,667.7902873,624.9899701,248.32,283.18,275.46,826.38,235.6142,251.1151111,246.24115,271.186978,238.9012143
2015-10-14,253.43,143.6623073,668.4548354,626.4119419,248.77,282.86,275.27,825.81,236.2402,250.8507778,246.25165,270.7972802,239.0800071
2015-10-15,254.17,146.4729426,669.6079118,627.8365726,249.24,282.78,275.32,825.96,236.791,250.5768889,246.30835,270.4407967,239.2592929
2015-10-16,262.39,143.7248792,669.9604047,629.263866,250.15,282.73,275.47,826.41,237.507,250.4045556,246.3784,270.1085989,239.4444429
2015-10-17,269.6,144.7721281,671.5719028,630.6938261,251.13,282.65,275.62,826.86,238.2314,250.336,246.50575,269.7733516,239.6347357
2015-10-18,262.73,143.9484702,673.1229926,632.1264568,251.42,282.62,275.66,826.98,238.902,250.1595556,246.5902,269.4275,239.8201143
2015-10-19,263.34,144.7418295,671.9548313,633.561762,251.91,282.48,275.66,826.98,239.5996,249.9895556,246.65015,269.1021703,240.0057786
2015-10-20,269.4,143.439052,667.9086328,634.9997455,252.75,282.47,275.84,827.52,240.393,249.9098889,246.7289,268.7831044,240.1953714
2015-10-21,268.93,143.7230094,668.7684194,636.4404114,253.29,282.43,275.9,827.7,241.212,249.8287778,246.8057,268.470522,240.3846571
2015-10-22,275.29,143.714542,671.3301262,637.8837635,254.16,282.32,276,828,242.1356,249.683,246.888,268.2456319,240.5785857
2015-10-23,278.56,144.7129884,666.3094889,639.3298058,255.12,282.26,276.16,828.48,243.1718,249.5733333,246.99665,268.0260989,240.7747714
2015-10-24,279.32,146.7653111,671.678253,640.7785421,255.75,282.21,276.27,828.81,244.1306,249.4322222,247.12265,267.8401648,240.9714857
2015-10-25,287.95,146.7205057,668.8301501,642.2299765,257.24,282.18,276.58,829.74,244.8644,249.3516667,247.3329,267.6592308,241.1742071
2015-10-26,285.66,143.9214664,657.3136585,643.6841128,257.8,282.12,276.64,829.92,245.7672,249.2447778,247.54655,267.478489,241.3753643
2015-10-27,295.31,143.7213958,662.3373135,645.1409549,259.52,281.96,276.95,830.85,246.8702,249.2872222,247.8475,267.3119505,241.5834286
2015-10-28,302.15,144.6454838,664.9154551,646.600507,263.15,281.7,277.36,832.08,248.048,249.4447778,248.17235,267.2225824,241.7962929
2015-10-29,313.34,148.7405436,660.4848472,648.0627728,265.9,281.64,277.95,833.85,249.545,249.7561111,248.5534,267.1326374,242.0170929
2015-10-30,326.47,147.0149201,661.7253222,649.5277563,270.24,281.64,278.95,836.85,251.2802,250.249,249.06505,267.1015659,242.2472929
2015-10-31,311.21,149.9747856,666.9813795,650.9954616,271.7,281.74,279.37,838.11,252.7014,250.572,249.53965,267.0668681,242.4663143
2015-11-01,327.05,131.085487,669.1502176,652.4658924,272.62,281.89,279.69,839.07,254.5298,251.0474444,250.06905,267.0729945,242.69635
2015-11-02,363.04,132.5946541,665.2278299,653.939053,276.57,281.78,280.54,841.62,257.2088,251.9115556,250.7408,267.1761264,242.9520929
2015-11-03,398.91,130.8628102,670.8461865,655.4149471,286.88,281.18,282.55,847.65,260.5734,253.2068889,251.61785,267.3708516,243.23325
2015-11-04,416.94,131.352033,672.1223053,656.8935787,304.54,281,286.73,860.19,264.327,254.7442222,252.5836,267.5859615,243.5270857
2015-11-05,406.55,130.7996316,672.3849464,658.3749519,307.49,280.94,287.46,862.38,267.8954,256.1624444,253.49795,267.7414011,243.8127286
2015-11-06,372.32,130.8558751,676.4345621,659.8590706,306.67,280.85,287.2,861.6,270.6992,257.313,254.2399,267.8239011,244.0743857
2015-11-07,384.96,133.7204788,680.4021094,661.3459389,308.46,281.05,287.84,863.52,273.7256,258.6442222,254.99445,267.9315659,244.3445
2015-11-08,383.45,133.9684019,687.5901596,662.8355606,309.26,280.9,287.94,863.82,276.7662,259.9742222,255.74385,267.9798077,244.6133929
2015-11-09,380.29,130.9820147,683.6842242,664.3279399,310.75,280.67,288.24,864.72,279.7774,261.222,256.47175,268.0173077,244.8805286
2015-11-10,335.27,130.9747407,682.8895786,665.8230806,309.38,280.24,287.62,862.86,281.9436,261.9553333,256.9905,267.9266484,245.1149071
2015-11-11,312.05,139.5470615,684.5428791,667.3209868,305.93,280.09,286.65,859.95,283.5968,262.4713333,257.41625,267.6246154,245.3328
2015-11-12,327.7,138.7567668,688.6161798,668.8216625,305.29,280.01,286.44,859.32,285.567,263.1557778,257.9579,267.3783791,245.5622214
2015-11-13,334.65,139.6234697,693.2798694,670.3251118,305.46,280.12,286.6,859.8,287.577,263.949,258.4962,267.2043681,245.7964571
2015-11-14,332.75,140.6422038,701.4577699,671.8313385,305.7,280.07,286.63,859.89,289.5404,264.7875556,259.0378,267.0828022,246.0296357
2015-11-15,322.61,138.8462788,703.0647237,673.3403469,305.63,280.01,286.57,859.71,291.3032,265.5146667,259.51755,266.8983516,246.2549643
2015-11-16,331.14,141.9614888,699.3069392,674.8521408,305.16,279.93,286.36,859.08,293.2804,266.4025556,259.9877,266.7421429,246.4864214
2015-11-17,335.27,138.6659623,699.8764151,676.3667243,307.17,279.87,286.85,860.55,295.206,267.6153333,260.49445,266.6337637,246.7216143
2015-11-18,335.27,138.652698,701.057546,677.8841014,307.7,279.8,286.93,860.79,297.1658,268.729,260.99685,266.5153571,246.9560214
2015-11-19,327.7,138.5959365,703.6045899,679.4042762,307.96,279.7,286.91,860.73,298.9756,269.7682222,261.4362,266.4366209,247.18565
2015-11-20,320.86,139.6203725,706.3921104,680.9272527,307.61,279.63,286.78,860.34,300.6412,270.7615556,261.8522,266.3543132,247.4098714
2015-11-21,324.43,138.8836717,708.7449629,682.453035,307.71,279.59,286.77,860.31,302.3816,271.825,262.3004,266.2743681,247.6367714
2015-11-22,323.82,139.6998007,713.8870444,683.9816271,307.79,279.66,286.85,860.55,304.0638,272.6332222,262.77275,266.1554121,247.8632214
2015-11-23,323.83,140.4743456,714.7791747,685.5130331,307.93,279.58,286.82,860.46,305.758,273.7632222,263.2057,266.0067582,248.0898714
2015-11-24,320.49,153.236761,719.1795877,687.047257,307.94,279.53,286.79,860.37,307.3694,274.8061111,263.58605,265.8548077,248.3141143
2015-11-25,327.46,155.196152,719.367024,688.5843028,307.98,279.52,286.79,860.37,308.9878,275.9268889,264.0096,265.7486538,248.5435071
2015-11-26,351.16,153.2503864,718.9492159,690.1241747,309.5,279.48,287.15,861.45,311.1342,277.2355556,264.56485,265.6979121,248.7904071
2015-11-27,358.73,154.147886,720.9532214,691.6668767,311.44,279.38,287.58,862.74,313.4454,278.6747778,265.1504,265.648022,249.0424429
2015-11-28,355.72,153.1707067,729.5838793,693.212413,312.04,279.36,287.71,863.13,315.6566,280.0887778,265.71905,265.5907967,249.2930214
2015-11-29,363.56,154.3402567,727.4009887,694.7607875,312.88,279.32,287.89,863.67,318.0132,281.5757778,266.35075,265.5536538,249.5487786
2015-11-30,376.09,152.9290595,727.7765259,696.3120043,315.94,279.2,288.56,865.68,320.564,283.2214444,267.04465,265.5494505,249.8134286
2015-12-01,362.56,153.7187693,731.5157929,697.8660676,316.8,279.15,288.76,866.28,322.8974,284.7042222,267.66995,265.5037637,250.0686143
2015-12-02,359.11,153.6643013,735.8976801,699.4229814,317.32,278.97,288.79,866.37,325.0998,286.1748889,268.28035,265.4598352,250.3209214
2015-12-03,362.07,154.8203459,734.8030752,700.9827499,317.93,278.91,288.88,866.64,327.2726,287.627,268.9055,265.4453846,250.5750571
2015-12-04,362.87,152.8026837,736.2379349,702.5453771,318.28,278.91,289,867,329.4466,288.8671111,269.5497,265.4122253,250.82975
2015-12-05,384.37,153.735477,743.4808377,704.1108671,320.03,278.76,289.32,867.96,331.8862,290.4654444,270.31065,265.4377747,251.1000571
2015-12-06,393.1,166.1833058,750.0219919,705.6792241,322.58,278.72,289.99,869.97,334.3562,292.1647778,271.1047,265.4837088,251.3768429
2015-12-07,394.11,165.9613441,746.4160983,707.2504521,324.64,278.66,290.48,871.44,336.9838,293.8408889,271.89985,265.5693407,251.65435
2015-12-08,397.16,166.2072805,750.250444,708.8245553,326.14,278.63,290.86,872.58,339.6602,295.6038889,272.688,265.6943132,251.9339714
2015-12-09,416.72,166.9665956,751.5418304,710.4015378,330.84,278.75,292.19,876.57,342.6066,297.5706667,273.57875,265.8854396,252.2274357
2015-12-10,416.67,167.1172095,756.2823095,711.9814038,332.64,278.75,292.67,878.01,345.5614,299.532,274.4608,266.0713187,252.52085
2015-12-11,450.52,165.6605616,766.3810598,713.5641573,336.02,278.6,293.47,880.41,349.066,301.9196667,275.53235,266.3414011,252.83845
2015-12-12,427.65,171.0600363,775.1575225,715.1498024,337.56,278.54,293.84,881.52,352.0478,304.1258889,276.4859,266.5519505,253.1399857
2015-12-13,436.88,165.8989668,783.3329086,716.7383434,339.17,278.46,294.23,882.69,355.199,306.417,277.49575,266.7687088,253.4479929
2015-12-14,441.93,166.0722702,778.0439448,718.3297844,342.24,278.6,295.21,885.63,358.2786,308.78,278.5186,267.0289835,253.7595214
2015-12-15,461.98,166.0015442,786.552854,719.9241295,345.84,278.54,296.16,888.48,361.805,311.3783333,279.64445,267.3900549,254.0860143
2015-12-16,456.28,166.9485379,789.3863696,721.5213829,347.69,278.52,296.66,889.98,365.0244,313.8688889,280.7656,267.7612912,254.4085786
2015-12-17,456.57,166.9116191,794.6038013,723.1215486,349.47,278.46,297.09,891.27,368.1128,316.3458889,281.901,268.1592857,254.7314786
2015-12-18,461.9,196.0696923,799.3187002,724.724631,350.95,278.45,297.48,892.44,371.084,318.9067778,283.09715,268.5530495,255.0580714
2015-12-19,462.37,196.0625722,813.0468983,726.3306341,353.2,278.32,298.17,894.51,373.802,321.4916667,284.28015,268.9127473,255.3853143
2015-12-20,441.44,200.9844276,822.0140981,727.9395622,354.09,278.3,298.39,895.17,376.4066,323.8747778,285.35475,269.2421703,255.6975
2015-12-21,436.62,202.2295751,824.4090166,729.5514193,354.15,278.22,298.36,895.08,378.598,326.1773333,286.41795,269.5302198,256.0062
2015-12-22,436.88,195.7798097,832.1232665,731.1662097,354.88,278.24,298.56,895.68,380.0748,328.485,287.4814,269.8057967,256.3149857
2015-12-23,441.77,198.3310375,836.0244538,732.7839376,356.03,278.18,298.86,896.58,380.932,330.7918889,288.569,270.1321703,256.6273143
2015-12-24,455.5,197.1795022,843.6320306,734.4046071,358.35,278.16,299.41,898.23,381.7032,333.2465556,289.728,270.5060165,256.9489571
2015-12-25,456.47,196.3883322,853.1017843,736.0282224,359.89,278.1,299.94,899.82,382.7016,335.7132222,290.8661,270.8536264,257.2714714
2015-12-26,417.49,196.3814736,859.711273,737.6547878,360.09,278.06,299.97,899.91,383.605,337.7711111,291.8075,271.1315934,257.5661071
2015-12-27,422.24,197.7434682,863.4656429,739.2843073,359.56,278.01,299.78,899.34,384.3506,339.8072222,292.77415,271.4202473,257.86415
2015-12-28,420.9,197.5033866,866.9734834,740.9167854,359.61,277.99,299.78,899.34,385.0996,341.8474444,293.7327,271.7164286,258.1611929
2015-12-29,430.05,196.2747308,866.2195252,742.552226,359.88,277.97,299.85,899.55,386.0948,343.9901111,294.7364,272.0410989,258.4648857
2015-12-30,427.1,198.7368019,874.2918957,744.1906335,360.29,277.92,299.94,899.82,387.9314,346.0958889,295.71315,272.3326374,258.7663929
2015-12-31,431.35,218.3369336,872.9968416,745.832012,361.28,277.88,300.18,900.54,390.3174,348.2507778,296.70965,272.653956,259.0709286
2016-01-01,433.57,216.5355876,877.2029095,747.4763658,361.94,277.88,300.33,900.99,392.4348,350.4047778,297.6936,272.976978,259.3772
2016-01-02,432.89,215.9382222,873.0960914,749.1236992,362.22,277.86,300.39,901.17,394.3996,352.5577778,298.62365,273.3735714,259.6830857
2016-01-03,428.86,219.3542012,877.7479938,750.7740162,363.04,277.79,300.56,901.68,396.3218,354.6571111,299.53075,273.826456,259.9859786
2016-01-04,433.51,216.3372782,879.6417547,752.4273213,363.73,277.76,300.74,902.22,398.5398,356.7345556,300.4534,274.256978,260.2920286
2016-01-05,432.08,216.0306687,881.4357027,754.0836185,364.41,277.68,300.89,902.67,400.5586,358.8261111,301.38265,274.672033,260.5971
2016-01-06,431.7,217.4762569,883.8141298,755.7429122,367.43,277.54,301.04,903.12,402.4872,360.9208889,302.31595,275.0338462,260.9019357
2016-01-07,456.42,217.1017111,889.7732042,757.4052066,370.57,277.94,302.1,906.3,404.9102,363.2682222,303.3837,275.4938187,261.2243714
2016-01-08,452.27,216.1812803,888.8906254,759.070506,372.25,277.71,302.52,907.56,407.4016,365.5631111,304.4033,275.9423901,261.5439
2016-01-09,451.89,218.9392269,894.5892796,760.7388146,372.93,277.68,302.67,908.01,410.0222,367.8224444,305.43855,276.3899176,261.86315
2016-01-10,447.14,216.424237,900.3363677,762.4101366,374.45,277.75,303.22,909.66,412.4764,370.0585556,306.47365,276.8243956,262.1789643
2016-01-11,447.56,215.9826348,902.0939785,764.0844763,376.05,277.7,303.61,910.83,414.9512,372.2648889,307.5004,277.2600275,262.4950857
2016-01-12,446.97,218.5846381,907.3670194,765.7618381,377.2,277.66,303.89,911.67,417.414,374.4153333,308.52255,277.7736813,262.8105643
2016-01-13,431.01,235.4896869,907.7068122,767.4422261,377.08,277.4,303.79,911.37,419.6244,376.3802222,309.42295,278.6281044,263.1146643
2016-01-14,431.58,235.4184382,909.6901006,769.1256447,377.3,277.37,303.81,911.43,421.7068,378.2601111,310.3369,279.2315934,263.4190857
2016-01-15,387.93,236.8426261,912.659152,770.8120981,375.85,277.16,303.38,910.14,422.4422,379.5748889,310.9984,279.7493681,263.6924214
2016-01-16,384.24,235.3659542,913.2909775,772.5015906,374.41,277.06,302.92,908.76,422.9524,380.925,311.60445,280.299478,263.9630071
2016-01-17,384.59,235.4061266,919.7482993,774.1941265,375,276.98,302.94,908.82,423.5298,382.2722222,312.23795,280.8505495,264.2339643
2016-01-18,384.85,236.8829045,919.4503746,775.8897102,374.31,276.93,302.72,908.16,423.9556,383.555,312.8899,281.2882967,264.5053857
2016-01-19,380.91,234.8686666,920.178593,777.5883458,374.18,276.91,302.71,908.13,424.052,384.7992222,313.5114,281.7633242,264.7740429
2016-01-20,407.74,237.8889585,898.1029083,779.2900378,375.19,276.83,302.92,908.76,424.9556,386.2708889,314.25055,282.263956,265.0617429
2016-01-21,407.86,234.2274141,898.3774997,780.9947903,376.78,276.72,303.17,909.51,425.9306,387.7075556,314.9398,282.7479396,265.3495643
2016-01-22,380.4,235.2566569,892.8375576,782.7026078,376.59,274.63,301.88,905.64,426.2972,388.8306667,315.4805,283.1494231,265.6178643
2016-01-23,389.25,238.2717831,896.3589049,784.4134945,377.26,274.1,301.77,905.31,426.8248,389.9562222,316.0973,283.5386813,265.89245
2016-01-24,402.67,235.458272,905.1388849,786.1274548,378.36,274.05,302,906,427.1908,391.2563333,316.76575,283.9503571,266.1768286
2016-01-25,393.12,242.2563812,905.8175899,787.844493,379.09,273.96,302.2,906.6,427.1912,392.3431111,317.3838,284.2823901,266.45425
2016-01-26,393.07,248.751612,908.9156731,789.5646134,379.44,273.8,302.28,906.84,427.1704,393.3533333,317.922,284.6399725,266.7315714
2016-01-27,394.65,248.5245947,910.2773978,791.2878203,379.84,273.73,302.33,906.99,427.1202,394.2567778,318.43085,285.0781868,267.0100214
2016-01-28,382.72,248.4467155,910.2272742,793.0141181,380.28,273.44,302.12,906.36,426.4402,394.8817778,318.7972,285.4824725,267.2799357
2016-01-29,377.63,248.9077203,902.0936106,794.7435112,378.73,273.39,301.65,904.95,425.6594,395.6197778,319.22625,285.8858242,267.5461857
2016-01-30,377.53,250.9291302,903.4828537,796.4760039,379.02,273.33,301.77,905.31,424.1996,396.1806667,319.66805,286.2960165,267.81235
2016-01-31,378.77,251.1481226,907.5255676,798.2116005,378.98,273.32,301.78,905.34,423.222,396.3554444,320.10845,286.7110714,268.0794071
2016-02-01,372.45,250.5587696,884.179899,799.9503054,377.49,272.86,301.13,903.39,421.9334,396.0614444,320.5846,287.110989,268.3418429
2016-02-02,374.35,241.766037,859.4833202,801.6921229,377.07,272.83,301.02,903.06,420.5818,395.5882222,321.06225,287.5106044,268.6056714
2016-02-03,369.99,243.8477327,836.9611783,803.4370575,376.62,272.76,300.84,902.52,418.742,395.182,321.5227,287.9049176,268.8663714
2016-02-04,387.84,244.157546,844.6349606,805.1851134,377.01,272.66,300.94,902.82,417.3732,395.3544444,322.08305,288.3718132,269.1398286
2016-02-05,386.16,242.694564,847.8221997,806.9362952,377.73,272.54,301.06,903.18,415.965,395.3677778,322.6208,288.819011,269.4120929
2016-02-06,376.09,242.9628592,857.0415489,808.690607,377.45,272.45,300.94,902.82,414.2488,395.286,323.10805,289.2232967,269.6773643
2016-02-07,376.19,293.1330945,872.4774445,810.4480534,377.7,272.39,300.92,902.76,412.5252,395.2404444,323.60615,289.6421978,269.9426714
2016-02-08,372.79,294.6737986,877.2511154,812.2086387,377.42,272.34,300.83,902.49,411.1522,395.6573333,324.08895,290.0586538,270.2055571
2016-02-09,373.79,297.912149,879.2314883,813.9723673,377.15,272.08,300.63,901.89,409.8956,396.3433333,324.51585,290.4778022,270.4691214
2016-02-10,380.2,290.8565272,882.5629408,815.7392436,377.42,272.04,300.73,902.19,408.762,396.9266667,324.9747,290.9187912,270.7371786
2016-02-11,377.53,291.3696934,890.1683316,817.509272,377.51,272.04,300.81,902.43,407.4772,397.4031111,325.40225,291.3467857,271.0033214
2016-02-12,383.02,291.3951554,899.5640333,819.2824569,377.87,271.96,300.88,902.64,406.0276,397.9616667,325.84135,291.7475,271.2733857
2016-02-13,388.88,293.3150535,907.6617236,821.0588027,378.46,271.91,301.02,903.06,404.6758,398.698,326.30935,292.1093132,271.5476143
2016-02-14,401.7,291.5861763,915.2069663,822.8383139,379.53,271.86,301.29,903.87,404.36,399.482,326.8604,292.5713462,271.8309857
2016-02-15,400.51,294.6594106,921.1532901,824.6209948,380.77,271.57,301.52,904.56,403.9254,400.2068889,327.4231,293.0197527,272.1135071
2016-02-16,406.45,298.9227856,928.2819276,826.4068499,382.18,271.49,301.92,905.76,403.6364,400.9977778,328.02875,293.4698626,272.4002714
2016-02-17,417.21,290.7661154,935.8217671,828.1958836,383.81,271.5,302.56,907.68,403.3796,401.9923333,328.70425,293.9706868,272.6945929
2016-02-18,420.44,299.6818704,945.5216654,829.9881003,384.87,271.43,302.8,908.4,403.2464,403.0987778,329.39575,294.4600824,272.9912429
2016-02-19,418.98,329.4153821,946.0950311,831.7835045,386.19,271.4,303.24,909.72,402.999,404.1493333,330.06935,294.9369505,273.2866714
2016-02-20,439.75,329.9508475,953.0742597,833.5821006,387.69,271.34,303.65,910.95,403.1226,405.4374444,330.84175,295.4700824,273.5970357
2016-02-21,436.77,332.0124171,959.5032221,835.3838931,388.9,271.21,303.9,911.7,403.2002,406.6923333,331.61395,296.0213462,273.9053214
2016-02-22,436.96,328.8450544,974.323251,837.1888864,390.1,271.14,304.2,912.6,403.3622,407.9864444,332.40585,296.5635989,274.2137571
2016-02-23,420.32,331.3296708,977.5727318,838.9970849,390.29,271.12,304.25,912.75,403.0984,409.0182222,333.1129,297.0590659,274.5103429
2016-02-24,422.47,328.4684153,981.6016361,840.8084932,390.64,271.13,304.42,913.26,402.9062,409.8105556,333.8814,297.564011,274.8084357
2016-02-25,421.99,333.9389038,980.8807355,842.6231156,391.27,270.95,304.54,913.62,402.712,410.5134444,334.6656,298.0711813,275.1063
2016-02-26,425.12,331.9546107,984.6127215,844.4409567,391.84,270.92,304.66,913.98,402.086,411.2845556,335.47245,298.5410989,275.4063571
2016-02-27,431.74,330.2341481,987.4622245,846.2620209,392.8,270.84,304.85,914.55,401.6754,412.0421111,336.2912,299.0340934,275.7112571
2016-02-28,430.36,329.2172946,1006.014636,848.0863127,393.98,270.82,305.11,915.33,401.2448,412.6451111,337.09665,299.5089011,276.01515
2016-02-29,435.84,338.0024829,1016.35585,849.9138366,395.84,270.85,305.76,917.28,401.0188,413.4593333,337.9478,299.9564011,276.3228929
2016-03-01,433.21,325.0193298,1026.93576,851.7445971,397.49,270.36,306.46,919.38,400.7318,414.2826667,338.78335,300.3777473,276.6287786
2016-03-02,427.5,322.9746863,1029.385591,853.5785986,397.9,270.4,306.68,920.04,400.3424,415.0096667,339.60455,300.8097253,276.9305214
2016-03-03,421.4,332.3791274,1030.931535,855.4158457,398.3,270.19,306.76,920.28,400.1502,415.66,340.42515,301.204011,277.2278786
2016-03-04,412,316.1116717,1016.047233,857.2563429,398.69,270.11,306.85,920.55,399.7586,415.967,341.1993,301.5868956,277.5185429
2016-03-05,401.3,315.1018725,1011.480505,859.1000946,399.49,270.12,307.05,921.15,400.026,416.0581111,341.94965,301.9300824,277.8015857
2016-03-06,407.04,316.9663628,1014.021569,860.9471054,399.24,270.07,307,921,400.482,416.2017778,342.85425,302.2905495,278.0887
2016-03-07,412.33,330.4218543,1016.506342,862.7973797,399.08,270.05,307.05,921.15,401.0368,416.3703333,343.7407,302.6354945,278.3796143
2016-03-08,412.56,316.623488,1019.414046,864.6509222,399.29,269.92,307.11,921.33,401.591,416.3241111,344.63265,302.9665659,278.6707143
2016-03-09,412.69,316.201358,997.9233298,866.5077372,399.47,269.48,306.99,920.97,402.2266,416.2798889,345.5388,303.2891484,278.9619071
2016-03-10,416.66,319.0028216,1004.582789,868.3678294,400.08,269.34,307.14,921.42,402.405,415.9036667,346.4785,303.6221978,279.25595
2016-03-11,418.51,319.1470904,1010.678655,870.2312033,400.74,269.24,307.29,921.87,402.618,415.8021111,347.31565,303.9812088,279.55135
2016-03-12,412.05,321.6924224,1017.114381,872.0978635,401.41,269.2,307.36,922.08,403.251,415.5262222,348.26525,304.3319231,279.8421643
2016-03-13,412.88,316.9056984,1021.837684,873.9678143,401.65,269.13,307.43,922.29,403.7236,415.2034444,349.1965,304.6788462,280.13355
2016-03-14,413.88,321.0638215,1026.226193,875.8410605,401.99,269.12,307.56,922.68,403.9478,414.669,350.13295,305.0204396,280.4256571
2016-03-15,416.86,316.9409369,1031.959932,877.7176065,402.39,269.07,307.69,923.07,404.4226,414.231,351.05035,305.3803571,280.7198786
2016-03-16,416.94,320.4848152,1038.125076,879.5974569,402.65,269,307.83,923.49,404.9,413.7906667,351.98905,305.8204945,281.0140929
2016-03-17,418.64,316.1627894,1043.680441,881.4806163,403.12,268.95,307.98,923.94,405.3798,413.31,352.93995,306.2488736,281.3095357
2016-03-18,407.56,332.8726618,1049.644447,883.3670892,403.56,268.95,308.02,924.06,405.8766,412.701,353.8291,306.6454945,281.5970286
2016-03-19,407.66,336.1361751,1058.579131,885.2568802,403.68,268.84,307.96,923.88,406.4772,412.3256667,354.7275,307.0486264,281.8845929
2016-03-20,412.5,331.5464908,1065.733119,887.1499939,403.98,268.75,307.98,923.94,407.1766,412.0576667,355.64445,307.4445879,282.1756429
2016-03-21,412.22,333.0764799,1067.784812,889.0464348,404.18,268.72,308.14,924.42,407.8456,411.7836667,356.5718,307.8457143,282.4664571
2016-03-22,417.06,330.7998208,1075.400322,890.9462075,404.59,268.79,308.38,925.14,408.7378,411.5091111,357.5002,308.3083791,282.7607643
2016-03-23,417.57,333.4247266,1083.271779,892.8493166,404.91,268.79,308.47,925.41,409.6022,411.0876667,358.33175,308.7807418,283.0553857
2016-03-24,416.87,333.3951857,1084.905242,894.7557668,405.52,268.82,308.61,925.83,410.5398,410.6476667,359.2135,309.2361538,283.3494929
2016-03-25,417.11,331.6404165,1091.347542,896.6655625,406.04,268.85,308.82,926.46,411.1252,410.6434444,360.09825,309.6990385,283.6438
2016-03-26,417.17,348.8399903,1076.26764,898.5787084,406.44,268.88,308.98,926.94,411.7454,410.5871111,360.9678,310.1546429,283.9381571
2016-03-27,426.08,331.6247913,1076.722362,900.4952091,406.97,268.89,309.13,927.39,412.7452,410.6446667,361.90575,310.6580769,284.2388786
2016-03-28,422.17,331.0172238,1056.441068,902.4150692,407.89,269,309.35,928.05,413.6648,410.5571111,362.81805,311.135522,284.5368071
2016-03-29,416.17,329.7566205,1006.815856,904.3382934,408.03,269.06,309.39,928.17,414.5324,410.4356667,363.69815,311.6081593,284.8304214
2016-03-30,413,337.2420354,996.3991604,906.2648862,408.27,269.08,309.45,928.35,415.3166,410.2317778,364.585,312.0673901,285.1217714
2016-03-31,416.82,335.0639391,999.709369,908.1948522,408.61,269.02,309.6,928.8,416.049,410.0456667,365.52365,312.521978,285.4158143
2016-04-01,416.94,327.258028,995.1214078,910.1281961,408.77,269.41,309.7,929.1,416.8372,409.8684444,366.45495,312.9705769,285.7099
2016-04-02,418.26,327.1367159,987.5698527,912.0649226,408.48,270.04,309.79,929.37,417.542,409.7506667,367.39995,313.423022,286.00495
2016-04-03,417.47,330.09628,988.5859702,914.0050362,408.84,271.22,309.86,929.58,418.1138,409.5724444,368.34665,313.8588462,286.2994357
2016-04-04,417.81,330.2236843,992.6067126,915.9485415,409.2,271.46,309.94,929.82,418.436,409.4138889,369.27505,314.3010989,286.5941429
2016-04-05,421.69,327.7582307,995.5627938,917.8954434,409.56,271.59,310.11,930.33,418.8596,409.3026667,370.2153,314.761456,286.8915214
2016-04-06,421.81,326.9434188,1001.621085,919.8457463,409.99,271.63,310.4,931.2,419.1668,408.9181111,371.16725,315.2447253,287.18895
2016-04-07,421.42,332.3083847,1009.890855,921.799455,410.48,271.98,311.1,933.3,419.251,408.5753333,372.1257,315.7350824,287.4860143
2016-04-08,418.45,327.8471731,1017.129633,923.756574,410.75,272.05,311.15,933.45,419.2112,408.2037778,373.08315,316.2387363,287.7809
2016-04-09,417.38,336.9644857,1024.201388,925.7171082,410.91,272.07,311.16,933.48,419.1792,407.8731111,374.0231,316.7337912,288.0751143
2016-04-10,421.63,329.2803444,1038.802427,927.6810621,411.27,272.15,311.54,934.62,418.8168,407.585,374.9853,317.2406593,288.3724071
2016-04-11,421.91,327.5211492,1043.434634,929.6484403,411.8,272.26,311.65,934.95,418.5196,407.3065556,375.9241,317.7839835,288.6698286
2016-04-12,426.54,329.5332317,1049.564844,931.6192477,412.44,272.26,311.92,935.76,418.3112,407.2568889,376.8839,318.3615934,288.9704214
2016-04-13,425.14,328.1509291,1049.389071,933.5934889,412.77,272.24,312.01,936.03,418.4076,407.1853333,377.83725,318.9219505,289.2699071
2016-04-14,426.01,351.4855768,1051.665257,935.5711685,413.18,272.24,312.09,936.27,418.4784,407.6084444,378.8059,319.4640385,289.5699786
2016-04-15,429.02,358.3932508,1059.229826,937.5522912,414.01,272.37,312.22,936.66,418.619,408.106,379.75605,320.0286538,289.8719
2016-04-16,431.72,359.5004763,1063.244125,939.5368618,414.57,272.35,312.37,937.11,418.751,408.6296667,380.72825,320.5998901,290.1756929
2016-04-17,427.04,352.2743568,1067.301761,941.524885,414.74,272.32,312.4,937.2,418.657,409.0984444,381.6774,321.1585714,290.4763
2016-04-18,426.9,352.9960467,1072.369401,943.5163653,414.98,272.3,312.47,937.41,418.5878,409.6094444,382.624,321.7161813,290.7769
2016-04-19,431.88,351.2585851,1077.994343,945.5113077,415.35,272.28,312.61,937.83,418.5086,409.8776667,383.59635,322.2596703,291.0807714
2016-04-20,441.69,355.9100191,1078.79703,947.5097167,416.31,272.25,312.9,938.7,418.6782,410.2535556,384.60625,322.8314286,291.3915214
2016-04-21,451.54,351.3461703,1086.353459,949.5115972,417.39,272.25,313.22,939.66,419.159,411.044,385.66835,323.4271154,291.7093071
2016-04-22,446.87,351.1387034,1089.806978,951.5169537,418.21,272.33,313.54,940.62,419.6684,411.6842222,386.7031,324.0187363,292.0237929
2016-04-23,450.79,354.534432,1098.915608,953.5257911,418.68,272.36,313.69,941.07,420.4442,412.2188889,387.72435,324.6338187,292.3411786
2016-04-24,458.93,351.7851279,1104.055108,955.5381141,419.59,272.4,314.08,942.24,421.5968,412.9501111,388.7998,325.2919505,292.6644143
2016-04-25,466.51,356.0715325,1108.957076,957.5539274,421.67,272.41,314.73,944.19,422.7862,413.7661111,389.9165,325.9499725,292.9931643
2016-04-26,467.85,326.1503959,1114.639409,959.5732357,423.34,272.4,315.27,945.81,423.8966,414.5794444,391.02995,326.6187088,293.3227857
2016-04-27,452.03,363.9010535,1118.957135,961.5960439,423.86,272.42,315.47,946.41,424.686,415.3495556,392.06145,327.2378571,293.6410286
2016-04-28,447.82,352.7394498,1123.594456,963.6223566,423.43,272.45,315.42,946.26,425.3886,416.1294444,393.0578,327.8167308,293.9562571
2016-04-29,455.54,350.8596159,1128.462319,965.6521787,425.05,273.34,315.6,946.8,426.1662,416.9962222,394.10605,328.4255769,294.2769857
2016-04-30,449.58,356.1717234,1133.580284,967.6855148,425.4,273.38,315.74,947.22,426.7876,417.783,395.109,329.0156593,294.5934143
2016-05-01,452.51,333.8597605,1141.757391,969.7223698,425.85,273.57,316.02,948.06,427.5968,418.6725556,396.1044,329.5999451,294.9119786
2016-05-02,444.69,330.868756,1145.275321,971.7627484,425.87,273.63,316.04,948.12,428.233,419.4541111,397.057,330.1687088,295.2248929
2016-05-03,451.86,330.7421676,1148.904678,973.8066554,426.1,273.66,316.15,948.45,428.9926,420.3637778,398.00435,330.7650549,295.54305
2016-05-04,446.92,332.9159418,1148.965251,975.8540956,426.46,273.67,316.29,948.87,429.5938,421.0202222,398.89095,331.3627747,295.8576786
2016-05-05,447.72,333.0289233,1152.186109,977.9050737,426.65,273.71,316.38,949.14,430.2094,421.7042222,399.8159,331.9410165,296.1727643
2016-05-06,460,333.077782,1156.686345,979.9595946,427.5,273.78,316.75,950.25,431.0366,422.6365556,400.7992,332.5332692,296.4966643
2016-05-07,457.74,331.3494314,1160.284092,982.017663,428.15,273.79,316.91,950.73,432.0402,423.5426667,401.7409,333.1239011,296.8187929
2016-05-08,457.45,331.927912,1165.400559,984.0792837,428.51,274.19,317.06,951.18,433.036,424.4833333,402.6835,333.720989,297.1407357
2016-05-09,461.95,331.5350703,1172.317755,986.1444616,428.97,274.39,317.26,951.78,434.025,425.4628889,403.6168,334.3262912,297.4657429
2016-05-10,452.45,332.7394382,1177.901381,988.2132015,429.22,274.54,317.48,952.44,434.8296,426.2656667,404.48625,334.904478,297.7838643
2016-05-11,452.52,358.9342541,1181.933913,990.2855081,429.32,274.54,317.63,952.89,435.5388,427.0988889,405.35225,335.4959615,298.1019857
2016-05-12,452.62,369.3894667,1187.542078,992.3613863,429.42,274.69,317.75,953.25,436.2398,427.8722222,406.1756,336.0874725,298.4198643
2016-05-13,457.07,359.3875038,1194.033564,994.4408409,429.71,274.79,317.89,953.67,437.0438,428.6298889,407.03265,336.6906868,298.7409214
2016-05-14,457.22,361.5930557,1197.39359,996.5238767,429.95,274.99,318.12,954.36,437.846,429.2467778,407.8422,337.2956044,299.0621143
2016-05-15,457.58,359.1730365,1202.377115,998.6104986,430.12,275.07,318.22,954.66,438.6542,429.8808889,408.61935,337.9014835,299.38355
2016-05-16,456.55,357.7459895,1214.517198,1000.700711,430.3,275.07,318.28,954.84,439.2636,430.4375556,409.3354,338.5128022,299.7037286
2016-05-17,452.92,363.0304737,1221.353206,1002.79452,430.67,275.17,319.31,957.93,439.8786,430.8343333,409.96765,339.1192308,300.0211357
2016-05-18,453.3,360.7701787,1227.267877,1004.891929,431.05,275.13,319.46,958.38,440.6212,431.1994444,410.6781,339.7209066,300.3384929
2016-05-19,442.7,357.3376566,1233.162071,1006.992944,431.01,275.27,319.61,958.83,441.2152,431.463,411.25635,340.2912912,300.64835
2016-05-20,441.89,363.73478,1237.147164,1009.097569,430.77,275.39,319.71,959.13,441.7166,431.4867778,411.6506,340.8472253,300.9579571
2016-05-21,442.32,358.114444,1227.91548,1011.205809,430.75,275.44,319.76,959.28,442.2242,431.5484444,411.86765,341.406978,301.2676143
2016-05-22,438.03,362.4606834,1223.407465,1013.317669,430.62,275.55,319.81,959.43,442.6196,431.5603333,411.9731,341.9503022,301.5744786
2016-05-23,441.93,361.5119103,1231.261552,1015.433153,430.44,276.09,319.95,959.85,443.1088,431.8004444,412.15,342.515467,301.8840071
2016-05-24,446.55,372.4082017,1234.225067,1017.552268,430.63,276.1,320.05,960.15,443.6836,432.068,412.52115,343.0913187,302.19685
2016-05-25,447.18,366.9918768,1237.423472,1019.675018,430.92,276.1,320.29,960.87,444.1934,432.3478889,412.83225,343.674478,302.5101071
2016-05-26,452.79,367.3039581,1243.707244,1021.801406,431.35,276.19,320.48,961.44,444.813,432.6553333,413.17895,344.2663187,302.8272786
2016-05-27,471.91,373.7936393,1242.753203,1023.93144,433.84,276.4,321.78,965.34,445.8228,433.1016667,413.63705,344.9121978,303.15805
2016-05-28,523.11,367.5747769,1243.912616,1026.065122,437.02,276.36,322.76,968.28,447.916,434.1322222,414.57625,345.7118132,303.5253571
2016-05-29,524.2,371.0559946,1249.518114,1028.202459,440.84,276.37,324.01,972.03,450.0524,435.114,415.637,346.521456,303.8935643
2016-05-30,526.47,367.4560861,1244.743004,1030.343455,444.32,276.38,325.14,975.42,452.1492,436.1502222,416.63085,347.3560714,304.2631857
2016-05-31,527.92,370.198307,1252.078339,1032.488115,447.27,276.38,326.12,978.36,454.2694,437.266,417.5972,348.1861538,304.6336429
2016-06-01,537.07,352.235408,1258.523623,1034.636444,449.57,276.3,326.82,980.46,456.48,438.5512222,418.6188,349.0393132,305.0105143
2016-06-02,536.86,354.4223408,1264.836976,1036.788446,452.16,276.57,327.91,983.73,458.7144,439.9385556,419.69005,349.8988736,305.3865643
2016-06-03,569.75,349.8956335,1271.619199,1038.944128,454.56,276.56,328.65,985.95,461.5892,441.8102222,420.8831,350.8482143,305.7858214
2016-06-04,573.34,358.6445323,1280.391266,1041.103493,457.07,276.68,329.41,988.23,464.4756,443.658,422.07345,351.8072527,306.1878429
2016-06-05,574.26,351.6322937,1287.024479,1043.266547,459.02,276.91,330.07,990.21,467.3264,445.4572222,423.2684,352.7703297,306.5903857
2016-06-06,582.87,353.0453591,1293.104865,1045.433294,462.23,276.8,331.08,993.24,470.443,447.3495556,424.54425,353.7429121,306.9989929
2016-06-07,575.63,352.5345595,1304.798502,1047.60374,464.01,276.75,331.67,995.01,473.4176,449.16,425.8181,354.6946154,307.4024857
2016-06-08,581.48,356.6334659,1314.299083,1049.777889,465.95,276.86,332.32,996.96,476.4096,450.9913333,427.10335,355.6632143,307.8099786
2016-06-09,575.43,345.0408835,1324.177359,1051.955747,467.72,277.09,332.89,998.67,479.0844,452.7348889,428.3614,356.6144231,308.2131429
2016-06-10,576.69,344.4392173,1330.285466,1054.137318,469.17,277.43,333.41,1000.23,481.5874,454.5642222,429.6257,357.5687637,308.6169786
2016-06-11,584.79,352.0387719,1337.353331,1056.322608,470.7,277.58,333.95,1001.85,484.3458,456.4743333,430.9472,358.5386538,309.0265571
2016-06-12,670.21,344.5434966,1339.728324,1058.51162,478.22,277.27,336.44,1009.32,488.7342,459.3224444,432.66095,359.7423901,309.4970714
2016-06-13,699.02,346.1694035,1340.541443,1060.704361,491.91,277.22,340.58,1021.74,493.536,462.4575556,434.40025,361.0122802,309.9878786
2016-06-14,685.77,342.3296823,1349.548098,1062.900835,497.26,276.88,342.03,1026.09,497.9212,465.4445556,436.03545,362.218022,310.4689643
2016-06-15,691.4,344.2375987,1352.638851,1065.101048,502.8,276.74,343.89,1031.67,502.3922,468.4752222,437.71385,363.4376923,310.9535286
2016-06-16,766.99,346.5274792,1364.203411,1067.305003,517.58,276.57,348.34,1045.02,508.6914,472.4688889,439.731,364.8607967,311.4918429
2016-06-17,746.5,342.2428531,1366.330885,1069.512707,524.17,276.52,350.35,1051.05,514.665,476.2337778,441.58305,366.2351648,312.01595
2016-06-18,751.92,343.3570839,1362.70865,1071.724164,528.48,276.51,351.69,1055.07,520.5926,480.0051111,443.52985,367.6276923,312.5447929
2016-06-19,761.84,344.575173,1365.836942,1073.939379,531.3,276.56,352.58,1057.74,526.8378,483.8897778,445.5435,369.0534341,313.0833571
2016-06-20,735.43,343.0683225,1380.264243,1076.158357,534.66,276.44,353.71,1061.13,532.4962,487.4272222,447.4103,370.3915659,313.6016
2016-06-21,666.28,373.2371722,1382.48995,1078.381103,536.35,276.73,353.95,1061.85,536.928,490.1906667,448.92735,371.5493681,314.0702429
2016-06-22,623.07,364.4530388,1381.30612,1080.607623,534.88,276.79,353.53,1060.59,540.3522,492.4817778,450.12085,372.6014286,314.5081786
2016-06-23,622.68,365.499913,1389.300503,1082.837921,533.04,276.97,352.93,1058.79,543.8674,494.7658889,451.26875,373.6466758,314.9457929
2016-06-24,657.46,367.8050196,1397.410648,1085.072002,536.14,277.07,353.85,1061.55,548.0622,497.4357778,452.5855,374.7865659,315.408
2016-06-25,661.34,370.0944612,1395.316505,1087.309871,538.74,276.35,354.72,1064.16,552.089,500.0497778,453.9064,375.9140659,315.8728357
2016-06-26,624.8,370.4101116,1392.725708,1089.551534,537.79,276.46,354.44,1063.32,555.4302,502.3012222,454.9468,376.9470604,316.3117571
2016-06-27,646.31,367.1905333,1396.834078,1091.796995,538.97,276.53,354.87,1064.61,559.2074,504.8583333,456.095,378.0203571,316.7657071
2016-06-28,646.03,372.5316336,1400.823756,1094.046259,540.23,276.59,355.24,1065.72,562.889,507.4475556,457.07255,379.0725549,317.2193
2016-06-29,633.44,369.6735024,1407.350171,1096.299332,540.13,276.68,355.15,1065.45,566.5088,509.8544444,458.1015,380.1042857,317.6640286
2016-06-30,668.43,367.2426894,1413.707371,1098.556218,542.84,276.56,356.13,1068.39,570.827,512.6487778,459.25925,381.2415659,318.1339214
2016-07-01,676.17,336.3222544,1412.095232,1100.816923,545.57,276.63,356.89,1070.67,575.298,515.5144444,460.43045,382.3942033,318.6096429
2016-07-02,699.82,334.3904062,1414.511872,1103.081452,547.71,276.68,357.56,1072.68,580.153,518.6516667,461.61965,383.6027473,319.1024357
2016-07-03,662.47,337.3592912,1425.494583,1105.349809,548.34,276.69,357.79,1073.37,584.258,521.3701111,462.6506,384.6809341,319.5683571
2016-07-04,675.36,340.5555742,1433.197479,1107.621999,550.43,276.97,358.18,1074.54,588.6136,524.1886667,463.74455,385.7883516,320.0432214
2016-07-05,669.08,342.6323055,1435.007978,1109.898029,551.99,276.99,358.84,1076.52,592.8642,526.9361111,464.78045,386.8960165,320.5137286
2016-07-06,675.73,344.9786565,1442.9602,1112.177902,553.33,277.02,359.29,1077.87,597.3204,529.7617778,465.84725,388.0134615,320.9885429
2016-07-07,638.38,339.9222721,1448.30386,1114.461625,552.65,277,359.12,1077.36,601.022,532.2054444,466.83195,389.0268407,321.4366571
2016-07-08,661.36,342.5034133,1453.810421,1116.749201,553.58,277.01,359.42,1078.26,605.3952,534.9163333,467.95565,390.0596154,321.9011929
2016-07-09,652.67,405.7183344,1464.163468,1119.040637,554.94,276.98,359.96,1079.88,609.6108,537.4834444,469.0346,391.0480495,322.35955
2016-07-10,646.58,682.0042268,1473.765457,1121.335937,555.5,277.21,360.27,1080.81,613.696,539.9797778,470.05865,391.9742308,322.81355
2016-07-11,647.23,669.5836171,1479.737557,1123.635106,556.42,277.41,360.78,1082.34,617.88,542.4318889,471.0173,392.9506319,323.2680357
2016-07-12,668.97,676.5263731,1487.687234,1125.93815,557.7,277.46,361.17,1083.51,622.4208,545.1411111,472.0798,393.9940385,323.7379857
2016-07-13,662.01,668.9968637,1498.321603,1128.245073,559.1,277.49,361.59,1084.77,626.73,547.7633333,473.3024,395.0141484,324.2028929
2016-07-14,661.7,673.9793023,1499.442929,1130.555881,559.94,277.62,361.76,1085.28,631.0204,550.3486667,474.4997,396.0704121,324.6674643
2016-07-15,667.78,684.0320726,1507.767606,1132.870579,560.92,277.71,362.01,1086.03,635.3202,552.9715556,475.7341,397.1389835,325.1362357
2016-07-16,663.07,673.6655641,1508.743082,1135.189172,562.57,278.08,362.25,1086.75,639.1434,555.5941111,476.8992,398.1971429,325.6015571
2016-07-17,675.92,691.8303994,1509.243821,1137.511665,564.57,278.15,362.88,1088.64,642.1996,558.361,478.1433,399.296456,326.0759643
2016-07-18,674.6,669.971553,1513.108377,1139.838064,566.16,278.36,363.23,1089.69,645.2076,561.0578889,479.35955,400.3843407,326.5494
2016-07-19,670.7,670.8286502,1518.664917,1142.168372,567.95,278.27,363.78,1091.34,648.0922,563.6024444,480.5452,401.4614286,327.01985
2016-07-20,668.2,677.3903577,1524.217097,1144.502596,568.59,278.29,363.98,1091.94,650.8978,566.0097778,481.72175,402.5373352,327.4883357
2016-07-21,666.58,682.1682455,1531.854268,1146.840741,569.35,278.49,364.13,1092.39,653.488,568.451,482.91035,403.6097253,327.9556929
2016-07-22,653.51,664.4989106,1538.604311,1149.182812,569.78,278.56,364.26,1092.78,655.821,570.7034444,484.01035,404.6127473,328.4137786
2016-07-23,654.02,666.9145368,1537.29941,1151.528814,570.16,278.72,364.24,1092.72,657.5064,572.8711111,485.12005,405.6171154,328.8723857
2016-07-24,662.33,696.3710392,1543.642117,1153.878751,571.86,278.9,364.87,1094.61,659.2862,575.0468889,486.2732,406.6344505,329.3369143
2016-07-25,654.25,663.1291778,1547.688032,1156.232631,572.47,278.81,365.19,1095.57,660.886,577.118,487.26235,407.6208516,329.7957357
2016-07-26,653.75,667.4213043,1556.501364,1158.590456,572.75,278.84,365.35,1096.05,662.3036,579.3593333,488.26975,408.6056593,330.2542714
2016-07-27,654.2,660.4412426,1560.285178,1160.952234,573.83,278.93,365.71,1097.13,663.875,581.6524444,489.2813,409.6021154,330.7128429
2016-07-28,653.96,663.4107873,1563.881441,1163.317968,574.66,279.13,365.91,1097.73,665.3246,583.8571111,490.3154,410.6075824,331.1712286
2016-07-29,656.2,674.2526182,1565.33363,1165.687665,576.79,279.97,366.14,1098.42,666.94,586.1528889,491.3586,411.6264835,331.6312643
2016-07-30,653.8,662.1107109,1577.762787,1168.061329,577.66,280.24,366.38,1099.14,668.4822,588.3894444,492.39275,412.6476099,332.0894929
2016-07-31,630.61,670.5770837,1565.656812,1170.438965,577.47,280.43,366.26,1098.78,669.3986,590.4552222,493.39075,413.6049451,332.5312
2016-08-01,614.17,437.3191585,1568.984415,1172.820579,576.34,280.46,365.94,1097.82,668.2778,592.2586667,494.3037,414.5112912,332.9612143
2016-08-02,556.94,414.6402942,1572.083871,1175.206176,573,280.48,365.13,1095.39,665.4362,593.4811111,495.14875,415.2576374,333.3501143
2016-08-03,567.98,416.768682,1577.659953,1177.595761,570.29,280.52,364.38,1093.14,663.0804,594.8173333,496.06745,416.0423901,333.7466
2016-08-04,575.12,417.0266931,1582.030333,1179.98934,569.28,280.06,364.66,1093.98,660.7548,596.0964444,497.0201,416.8570604,334.1484214
2016-08-05,575.61,417.1998573,1590.216037,1182.386917,569.75,280.3,364.7,1094.1,656.9272,597.4061111,497.9739,417.6721703,334.5506429
2016-08-06,588.26,417.3770975,1600.084169,1184.788497,569.97,280.53,364.61,1093.83,653.7624,598.8595556,499.01065,418.5498901,334.9619786
2016-08-07,593.62,417.179341,1599.764914,1187.194087,570.71,280.68,364.76,1094.28,650.5964,600.3225556,499.94005,419.4522802,335.3776286
2016-08-08,589.88,410.2153039,1602.332715,1189.603692,571.47,280.95,364.82,1094.46,647.1572,601.8495556,500.85015,420.3482418,335.7906786
2016-08-09,586.93,409.7426447,1614.616657,1192.017315,571.27,281.04,364.72,1094.16,644.1872,603.343,501.8828,421.2244505,336.20135
2016-08-10,595.52,423.7982463,1618.605871,1194.434964,570.88,281.11,364.62,1093.86,642.772,604.9307778,502.91415,422.1207418,336.6179786
2016-08-11,589.3,411.8288382,1623.543789,1196.856643,571.38,281.3,364.67,1094.01,642.0966,606.4,503.8473,423.01,337.0302714
2016-08-12,588.04,419.2192533,1629.632342,1199.282357,571.7,281.42,364.7,1094.1,641.4038,607.8535556,504.8219,423.8944505,337.4418
2016-08-13,584.29,421.6657211,1645.626903,1201.712111,571.99,281.5,364.77,1094.31,639.9404,609.2614444,505.778,424.7764011,337.8506857
2016-08-14,568.88,416.7772273,1656.401343,1204.145912,571.68,281.48,364.73,1094.19,638.0912,610.5095556,506.64915,425.6324451,338.2485857
2016-08-15,566.99,451.7277984,1646.57496,1206.583764,571.69,281.78,364.51,1093.53,636.935,611.777,507.5705,426.4835989,338.6452929
2016-08-16,576.85,440.6150411,1653.056871,1209.025672,571.63,281.68,364.66,1093.98,635.5458,613.1497778,508.5666,427.3781593,339.0488143
2016-08-17,569.65,441.1547635,1657.661797,1211.471642,571.54,281.73,364.66,1093.98,634.0182,614.5603333,509.5272,428.3219231,339.4473
2016-08-18,573.37,444.646938,1658.091164,1213.921678,572,281.95,364.71,1094.13,632.8168,616.0212222,510.5002,429.2514011,339.8485
2016-08-19,574.2,446.5684002,1664.309435,1216.375788,572.27,282.1,364.78,1094.34,630.9322,617.4865556,511.50895,430.1855495,340.2503071
2016-08-20,577.73,448.1517376,1677.913719,1218.833974,572.42,282.1,365.42,1096.26,628.9634,619.0387778,512.52585,431.1368407,340.6546857
2016-08-21,577.2,453.8614874,1688.487667,1221.296244,572.79,282.16,365.56,1096.68,626.511,620.5417778,513.5619,432.0942033,341.0588857
2016-08-22,583.01,458.7372136,1691.302256,1223.762602,573.69,282.43,365.63,1096.89,624.9218,622.058,514.53775,433.0060989,341.4671214
2016-08-23,582.62,448.9258061,1695.345433,1226.233053,573.86,282.48,365.68,1097.04,623.067,623.5628889,515.52005,433.996456,341.8749929
2016-08-24,576.32,461.8106375,1704.984997,1228.707604,573.78,282.55,365.65,1096.95,621.2118,624.9354444,516.5212,434.9571429,342.2785071
2016-08-25,575.7,444.6308792,1717.216645,1231.186258,573.8,282.82,366.26,1098.78,619.2112,626.0886667,517.51875,435.9162363,342.6821857
2016-08-26,576.75,452.2003034,1725.618034,1233.669022,573.93,282.9,366.36,1099.08,617.9786,626.6846667,518.53855,436.8595604,343.0870929
2016-08-27,569.51,448.4885744,1734.905504,1236.155901,574.16,283.01,366.35,1099.05,616.1416,627.1881111,519.51715,437.794478,343.4864786
2016-08-28,570.4,456.6378985,1738.94156,1238.6469,574.31,283.11,366.36,1099.08,614.4962,627.6762222,520.46815,438.7338736,343.8863786
2016-08-29,574.78,453.8134077,1735.682592,1241.142025,574.55,283.26,366.28,1098.84,613.0602,628.1968889,521.4544,439.6818132,344.2892214
2016-08-30,575.77,454.5056309,1740.155403,1243.641281,574.63,283.1,366.5,1099.5,611.631,628.6268889,522.41815,440.6372802,344.6928143
2016-08-31,570.42,459.3729061,1743.515525,1246.144673,575.28,283.11,366.8,1100.4,609.66,628.9997778,523.32585,441.5749451,345.0924143
2016-09-01,569.72,273.2228624,1748.718378,1248.652206,576.21,283.54,366.78,1100.34,607.8142,628.9994444,524.16595,442.5171703,345.4916143
2016-09-02,570.38,280.2834223,1758.382666,1251.163887,576.42,283.65,366.82,1100.46,605.9878,628.9665556,525.0153,443.448489,345.8915143
2016-09-03,596.25,274.1616503,1763.806674,1253.67972,577.45,283.9,366.96,1100.88,604.5572,629.2108889,525.9643,444.3962637,346.3097929
2016-09-04,602.82,277.3547805,1772.142909,1256.199711,580.45,284.54,367.31,1101.93,603.3522,629.4325556,526.89235,445.3915934,346.7327786
2016-09-05,603.94,273.2887452,1777.412969,1258.723865,581.96,284.78,367.56,1102.68,601.9126,629.7471111,527.80985,446.390989,347.1564643
2016-09-06,609.11,279.4115428,1786.049064,1261.252187,583.35,284.88,367.91,1103.73,600.6028,630.0541111,528.7605,447.3960714,347.5838714
2016-09-07,615.57,273.9416734,1788.542332,1263.784683,585.09,285.15,368.19,1104.57,599.5002,630.5001111,529.6396,448.4320055,348.01585
2016-09-08,623.86,275.9633183,1797.97117,1266.321359,586.61,285.27,368.61,1105.83,598.6134,631.0242222,530.57505,449.4873626,348.4537643
2016-09-09,623.67,273.3753148,1802.25246,1268.862219,588.01,285.41,368.94,1106.82,597.7552,631.4562222,531.5086,450.540989,348.8915286
2016-09-10,624.16,277.630724,1812.248418,1271.40727,588.94,285.57,369.14,1107.42,597.1682,630.9445556,532.5278,451.6083791,349.3296357
2016-09-11,602.82,280.10666,1828.827966,1273.956516,589.6,285.73,369.34,1108.02,596.1442,629.8756667,533.42955,452.6351099,349.7524929
2016-09-12,607.28,283.6380579,1831.995198,1276.509963,589.92,285.91,369.33,1107.99,595.0432,629.0035556,534.356,453.6697253,350.1785
2016-09-13,609.21,282.0936409,1832.296719,1279.067616,590.59,286,369.74,1109.22,594.1424,628.0903333,535.27645,454.713544,350.6058857
2016-09-14,609.76,280.670049,1839.955977,1281.629482,591.15,286.08,369.93,1109.79,593.2626,626.3433333,536.16655,455.761978,351.0336
2016-09-15,607.19,280.9344255,1850.98055,1284.195564,591.67,286.17,370.05,1110.15,592.3224,624.7954444,537.0507,456.7923626,351.4594143
2016-09-16,608.39,283.3770259,1859.638217,1286.765869,592.43,286.33,370.33,1110.99,591.411,623.2006667,537.91345,457.8218956,351.8857929
2016-09-17,603.6,281.6779409,1866.185054,1289.340403,593.13,286.54,370.41,1111.23,590.359,621.4424444,538.7654,458.8443681,352.3086714
2016-09-18,609.36,283.3548331,1872.243139,1291.91917,594.49,286.99,370.54,1111.62,589.4702,620.0416667,539.6747,459.8873077,352.73565
2016-09-19,609.33,284.8508652,1880.607351,1294.502176,595.18,287.19,370.67,1112.01,589.0446,619.4088889,540.61435,460.9377747,353.1625643
2016-09-20,609.64,279.5228189,1892.555523,1297.089426,596.82,287.32,371.24,1113.72,588.954,619.2596667,541.60255,461.9824176,353.5897
2016-09-21,595.8,280.8533934,1903.78438,1299.680927,596.43,287.38,371.17,1113.51,589.7312,618.961,542.57505,462.9895879,354.0069643
2016-09-22,595.89,281.675932,1912.370296,1302.276682,596.81,287.62,371.19,1113.57,590.2894,618.2768889,543.5193,463.9833791,354.4240571
2016-09-23,602.49,283.8771685,1924.190418,1304.876699,597.12,287.78,371.24,1113.72,590.8368,617.623,544.4701,464.9941209,354.8457643
2016-09-24,602.64,285.0377981,1931.742156,1307.480982,598.04,287.7,371.21,1113.63,591.3774,617.3767778,545.4205,466.0055769,355.2674714
2016-09-25,597.98,302.8952121,1944.020957,1310.089537,598.25,287.86,371.51,1114.53,591.5718,616.8397778,546.34695,467.0102473,355.6858429
2016-09-26,603.46,307.7402678,1950.277321,1312.70237,599.01,288.02,371.69,1115.07,591.7686,616.3667778,547.28095,468.0115385,356.1081714
2016-09-27,602.75,300.3280479,1955.315348,1315.319485,599.38,288.08,371.89,1115.67,592.026,616.0257778,548.20215,469.0155769,356.5300857
2016-09-28,603.03,304.9885644,1963.517218,1317.940888,599.64,288.11,371.99,1115.97,592.348,615.2991111,549.15705,470.0205769,356.9520929
2016-09-29,603.5,297.9656536,1973.329936,1320.566586,599.9,288.18,372.07,1116.21,592.5076,614.4916667,550.11015,471.0258516,357.3743286
2016-09-30,604.83,302.0983573,1983.691941,1323.196583,600.2,288.31,372.1,1116.3,592.8182,613.4362222,551.0649,472.0352473,357.7974714
2016-10-01,611.13,300.4001903,1993.714881,1325.830884,601.42,288.63,372.26,1116.78,593.28,612.8657778,552.03625,473.0556319,358.2251429
2016-10-02,608.85,310.9373647,2002.375061,1328.469497,601.75,288.73,372.34,1117.02,593.7712,612.1267778,552.9958,474.0713736,358.6511643
2016-10-03,610.11,297.5307956,2007.356092,1331.112425,602.43,288.78,372.72,1118.16,594.5958,611.4715556,553.95315,475.0883791,359.0779786
2016-10-04,608.97,298.6490971,2020.368388,1333.759674,603.39,289.05,373.1,1119.3,595.4354,610.7297778,554.9602,476.0840659,359.5039643
2016-10-05,609.99,300.7578323,2030.221474,1336.411251,603.78,289.06,373.27,1119.81,596.0982,610.4143333,555.97185,477.0899725,359.9302429
2016-10-06,610.02,297.8858834,2042.604238,1339.06716,604.41,289.2,373.43,1120.29,596.9056,609.8438889,556.95945,478.0978022,360.3564357
2016-10-07,616.43,305.7218329,2057.376474,1341.727407,605.14,289.36,373.59,1120.77,597.7668,609.4412222,557.9805,479.1177747,360.7871929
2016-10-08,617.68,321.3054476,2071.97031,1344.391998,606.24,289.67,373.8,1121.4,598.6364,609.1201111,558.9836,480.1396154,361.21885
2016-10-09,613.83,324.1997057,2085.498054,1347.060937,606.76,289.8,373.9,1121.7,599.3584,608.749,559.9649,481.1431319,361.6478714
2016-10-10,617.56,322.7944932,2096.069952,1349.734232,607.3,289.86,374.08,1122.24,600.1656,608.1777778,560.96835,482.1642033,362.0794929
2016-10-11,638.29,316.8472129,2099.457629,1352.411887,609.32,289.92,374.7,1124.1,601.2712,607.9142222,562.07425,483.2337088,362.5258786
2016-10-12,636.4,321.6683856,2101.834075,1355.093908,610.97,289.9,375.53,1126.59,602.3468,607.6331111,563.1704,484.2858242,362.9708143
2016-10-13,636.48,320.7099668,2093.691566,1357.780301,611.87,290.01,375.77,1127.31,603.55,607.2853333,564.2224,485.3361264,363.4157857
2016-10-14,638.48,318.81828,2105.793103,1360.47107,616.2,291.39,375.97,1127.91,604.8056,607.0121111,565.30395,486.3693407,363.8621929
2016-10-15,638.71,322.53347,2113.620116,1363.166222,617.14,291.53,376.14,1128.42,606.0448,606.5986667,566.41665,487.3833791,364.3088571
2016-10-16,639.16,320.2326824,2121.527434,1365.865762,618.3,291.78,376.33,1128.99,607.4378,606.2048889,567.54745,488.4175275,364.7559214
2016-10-17,638.31,319.41721,2128.170995,1368.569697,619.05,291.8,376.97,1130.91,608.796,605.845,568.6549,489.4476648,365.2024071
2016-10-18,636.02,318.8617995,2133.839823,1371.27803,619.67,291.71,377.44,1132.32,610.0208,605.4874444,569.7503,490.4548626,365.6473571
2016-10-19,625.45,329.0469742,2139.125348,1373.990769,620.08,291.75,377.63,1132.89,611.0144,605.0304444,570.78625,491.4343132,366.0845357
2016-10-20,626.85,314.7876329,2142.699858,1376.707918,620.52,291.85,377.73,1133.19,612.143,604.7342222,571.83315,492.4001374,366.5227286
2016-10-21,630.76,319.7082959,2152.762496,1379.429484,621.29,291.99,378.2,1134.6,613.3638,604.4757778,572.8979,493.3677198,366.9638
2016-10-22,652.92,314.048443,2154.13981,1382.155471,622.14,292.07,378.46,1135.38,615.0146,604.3712222,574.05405,494.3940934,367.4207429
2016-10-23,651.2,315.7035157,2149.013424,1384.885886,623.15,292.16,378.74,1136.22,616.1136,604.3373333,575.201,495.392033,367.8765
2016-10-24,647.59,311.1577965,2143.209186,1387.620734,624.5,292.05,379.09,1137.27,617.009,604.2688889,576.33185,496.3863462,368.3296143
2016-10-25,654.57,309.9467711,2139.147977,1390.360021,625.71,292.07,379.58,1138.74,618.0216,604.273,577.51245,497.3733242,368.7877071
2016-10-26,669.9,303.5233131,2130.094985,1393.103752,627.44,292.23,380.26,1140.78,619.2374,604.4501111,578.77505,498.3836264,369.2567929
2016-10-27,680.48,319.7945916,2135.443701,1395.851934,630.61,292.57,381.24,1143.72,620.5356,604.7198889,580.0693,499.3922527,369.7334286
2016-10-28,684.99,311.7961999,2149.208801,1398.604571,632.45,292.77,381.75,1145.25,621.7582,605.0664444,581.3847,500.3771978,370.2132714
2016-10-29,714.35,312.9882671,2162.848117,1401.36167,635.03,292.93,382.56,1147.68,623.5718,605.9968889,582.82375,501.4847253,370.7141571
2016-10-30,698.44,319.6252299,2172.326758,1404.123235,636.01,293.03,382.83,1148.49,625.0574,606.9332222,584.19025,502.5050275,371.2036143
2016-10-31,700.51,316.5626009,2184.517465,1406.889274,638.45,293.26,383.52,1150.56,627.0112,608.5284444,585.56275,503.4321429,371.6945214
2016-11-01,724.21,313.7905579,2179.521585,1409.659791,641.34,293.43,384.42,1153.26,629.3498,610.2643333,587.0387,504.3258242,372.2023714
2016-11-02,729.61,312.7679028,2192.591277,1412.434792,643.07,293.58,384.99,1154.97,631.7578,611.9808889,588.52815,505.1848077,372.7142214
2016-11-03,686.31,312.5412285,2208.060231,1415.214282,644.74,293.72,385.59,1156.77,633.2888,613.2108889,589.8245,505.9533791,373.1950214
2016-11-04,698.16,307.4029556,2224.771451,1417.998268,645.08,293.96,385.78,1157.34,635.1082,614.432,591.1808,506.848544,373.6843143
2016-11-05,701.32,313.9662092,2243.317143,1420.786756,645.59,294.15,385.98,1157.94,636.9668,615.6286667,592.528,507.7176648,374.1758643
2016-11-06,709.14,319.024371,2258.519465,1423.57975,646.38,294.35,386.27,1158.81,639.0776,616.9537778,593.86525,508.6124176,374.673
2016-11-07,707.83,311.0133298,2271.797502,1426.377257,647.71,295.02,386.59,1159.77,641.047,618.2971111,595.1467,509.5122527,375.1691643
2016-11-08,708.75,315.1837457,2284.981519,1429.179282,649.41,295.5,387.27,1161.81,643.0354,619.5552222,596.4561,510.5382967,375.6657714
2016-11-09,718.47,316.5850578,2293.328178,1431.985831,651.79,295.76,388.08,1164.24,645.212,620.9904444,597.7945,511.6548352,376.1692643
2016-11-10,711.55,314.2535568,2308.224597,1434.79691,652.07,297.01,388.49,1165.47,647.527,622.3627778,599.0576,512.7093681,376.6675143
2016-11-11,716.47,319.1796676,2324.862463,1437.612524,652.67,297.62,388.9,1166.7,649.9386,623.8314444,600.3074,513.7583242,377.1692786
2016-11-12,702.01,320.4021366,2340.097015,1440.43268,652.62,298.4,389.06,1167.18,651.929,625.3106667,601.4782,514.7727747,377.6607929
2016-11-13,700.14,315.4308928,2354.045657,1443.257382,651.41,300.14,389.11,1167.33,653.879,626.7901111,602.71875,515.8099451,378.1511571
2016-11-14,706.9,314.9338259,2365.807397,1446.086637,650.52,301.93,389.43,1168.29,656.0574,628.2351111,604.01415,516.8422527,378.6461071
2016-11-15,711.75,315.4827463,2383.53776,1448.920451,651.55,302.3,389.95,1169.85,658.2232,629.814,605.2952,517.8765385,379.1443071
2016-11-16,738.44,316.7039634,2398.43496,1451.758828,653.79,302.57,391.03,1173.09,660.937,631.6481111,606.7395,518.9841484,379.6614643
2016-11-17,740.06,312.5658134,2411.690257,1454.601776,656.25,303.29,392.11,1176.33,663.6776,633.491,608.17725,520.1170055,380.1790571
2016-11-18,745.63,345.8127885,2430.655735,1457.449299,657.46,304.55,392.78,1178.34,666.5202,635.3565556,609.68195,521.283956,380.7005357
2016-11-19,750.32,349.7582601,2453.042908,1460.301404,658.53,305.83,393.19,1179.57,669.43,637.2801111,611.17425,522.4539835,381.2254071
2016-11-20,724.49,356.4704838,2468.378275,1463.158096,659.02,306.11,393.38,1180.14,671.6972,638.8521111,612.5621,523.5547253,381.7318286
2016-11-21,734.86,342.7072472,2493.52121,1466.019381,659.62,306.51,393.76,1181.28,674.2174,640.5436667,613.9978,524.6839286,382.2449286
2016-11-22,749.21,340.7751851,2518.223544,1468.885265,661.59,306.7,394.41,1183.23,676.9994,642.4646667,615.44385,525.8617308,382.7676429
2016-11-23,741.15,348.1620456,2523.03385,1471.755753,663.49,306.98,394.99,1184.97,679.643,644.303,616.8609,526.9982418,383.2845357
2016-11-24,733.86,338.7049542,2532.094563,1474.630852,664.96,307.59,396.84,1190.52,682.1204,646.0486667,618.24295,528.0496154,383.7964
2016-11-25,734.02,336.943945,2544.288493,1477.510567,665.38,307.9,397.07,1191.21,684.6004,647.8765556,619.6033,529.0806319,384.3082071
2016-11-26,732.28,345.4153709,2548.870325,1480.394904,665.82,308.22,397.37,1192.11,686.9174,649.6752222,621.00245,530.1151374,384.8189214
2016-11-27,732.08,350.640494,2557.017797,1483.283869,666.25,308.61,397.68,1193.04,689.2054,651.423,622.40025,531.1275549,385.32935
2016-11-28,732.39,343.090665,2562.787625,1486.177467,666.72,308.92,398.11,1194.33,691.5766,653.1632222,623.7991,532.1064011,385.83915
2016-11-29,733.14,345.1293332,2572.955305,1489.075705,667.22,309.1,398.41,1195.23,693.8882,654.9712222,625.17945,533.124478,386.3489571
2016-11-30,741.88,347.0522584,2593.032786,1491.978588,668.32,309.21,398.89,1196.67,695.96,656.8841111,626.60275,534.176044,386.8649786
2016-12-01,751.41,344.5165942,2579.698409,1494.886123,669.75,309.41,399.56,1198.68,698.2602,658.8955556,628.0719,535.2456593,387.3870857
2016-12-02,768.07,344.5526206,2610.069668,1497.798314,672.66,309.68,400.54,1201.62,700.892,660.8046667,629.6295,536.3588462,387.9210714
2016-12-03,762.05,351.2734129,2611.111253,1500.715168,677.21,309.39,403.55,1210.65,703.3634,662.5738889,631.17515,537.3964286,388.4512357
2016-12-04,760.4,357.3579562,2593.312672,1503.636691,678.04,309.85,403.81,1211.43,705.7972,664.3123333,632.71065,538.4054945,388.9798857
2016-12-05,751.42,348.3405221,2605.655933,1506.562888,678.75,310.43,404.25,1212.75,708.0424,665.8935556,634.25425,539.3871154,389.5021214
2016-12-06,757.94,348.0697317,2625.784638,1509.493766,679.71,310.76,404.61,1213.83,710.435,667.4754444,635.8345,540.3782692,390.0288214
2016-12-07,766.9,350.4605519,2626.095738,1512.42933,681.01,311.07,405.1,1215.3,713.0526,669.0647778,637.4574,541.3403022,390.5616714
2016-12-08,767.73,357.3033807,2635.690073,1515.369585,682.76,311.73,405.85,1217.55,715.8982,670.6654444,639.1059,542.3047527,391.0945429
2016-12-09,768.11,347.940394,2648.565672,1518.314539,683.69,312.02,406.21,1218.63,718.7234,672.2648889,640.7368,543.1772527,391.6271214
2016-12-10,771.39,349.4072961,2658.101869,1521.264197,684.78,312.12,406.87,1220.61,721.536,674.1378889,642.361,544.1215934,392.1615857
2016-12-11,767.86,356.1130443,2670.429322,1524.218564,685.36,312.33,407.15,1221.45,723.8348,675.9221111,643.9644,545.0308791,392.6931643
2016-12-12,776.21,355.5332941,2683.690616,1527.177648,687.02,312.62,407.7,1223.1,726.335,677.7776667,645.5815,545.9492308,393.2305
2016-12-13,776.67,356.2920138,2695.475212,1530.141452,688.2,312.72,408.27,1224.81,728.9166,679.6322222,647.1053,546.8137637,393.7673286
2016-12-14,776.07,363.8187443,2720.088888,1533.109984,689.43,312.86,408.8,1226.4,731.3466,681.5086667,648.3701,547.6923077,394.3035071
2016-12-15,776.07,374.1252574,2740.298862,1536.08325,690.57,312.97,409.38,1228.14,733.47,683.3717778,649.62945,548.5700549,394.8382714
2016-12-16,777.32,392.6909835,2755.785069,1539.061254,691.98,313.08,409.91,1229.73,735.4068,685.302,650.8837,549.4365934,395.3741143
2016-12-17,786.31,380.5912802,2775.070414,1542.044004,693.44,313.21,410.45,1231.35,737.4332,687.2681111,652.17565,550.3265385,395.9160929
2016-12-18,786.3,380.3529401,2776.507683,1545.031505,694.46,313.37,411.03,1233.09,738.8722,689.2344444,653.4218,551.273956,396.4584643
2016-12-19,788.21,384.5184847,2787.429136,1548.023763,695.59,313.53,411.44,1234.32,740.6676,691.2185556,654.67855,552.2398626,397.0022571
2016-12-20,793.71,375.6008821,2803.004267,1551.020784,697.63,313.66,412.17,1236.51,742.5316,693.4175556,655.79835,553.2201648,397.5482
2016-12-21,824.18,383.1446816,2811.996538,1554.022574,701.61,314.74,413.93,1241.79,744.531,695.9541111,657.05255,554.2707418,398.1154714
2016-12-22,861.3,377.6207043,2822.926186,1557.029138,707.58,314.82,416.03,1248.09,747.1648,698.8297778,658.48775,555.3855769,398.7092571
2016-12-23,910.5,377.8122226,2840.821642,1560.040484,716.8,314.86,418.98,1256.94,751.6486,702.2504444,660.1259,556.6329121,399.3378571
2016-12-24,892.34,382.0506433,2847.516222,1563.056616,719.57,315.07,419.9,1259.7,755.5322,705.5211111,661.70945,557.9374451,399.95405
2016-12-25,890.64,386.1964598,2852.789197,1566.077541,720.8,315.14,420.41,1261.23,759.3186,708.712,663.25525,559.2242582,400.5690714
2016-12-26,900.59,384.3477802,2861.05003,1569.103264,724.81,315.19,421.56,1264.68,763.1476,712.0213333,664.88105,560.5420879,401.1906214
2016-12-27,932.09,378.4758408,2877.476375,1572.133792,729.94,315.31,423.16,1269.48,767.6328,715.6775556,666.65805,561.9213187,401.8341857
2016-12-28,967.66,392.4494933,2894.433674,1575.169131,737.09,315.52,425.71,1277.13,772.811,719.7237778,668.5724,563.4063736,402.5029357
2016-12-29,965.91,385.4158137,2912.088288,1578.209286,743.73,315.67,427.88,1283.64,777.7598,723.7357778,670.0509,564.8749451,403.1689357
2016-12-30,955.75,392.5803314,2923.521471,1581.254264,753.43,319.16,429.44,1288.32,782.6438,727.5648889,671.33455,566.3095055,403.8268643
2016-12-31,964.67,398.0049816,2941.538341,1584.304071,756.94,319.58,430.14,1290.42,787.6078,731.5184444,672.72905,567.7704396,404.4915
2017-01-01,999.19,394.2982882,2950.661982,1587.358712,761.31,319.65,431.44,1294.32,793.5514,735.8415556,674.268,569.3372802,405.1806929
2017-01-02,1012.57,385.5590225,2952.217046,1590.418194,768.76,319.56,433.88,1301.64,799.8,740.326,675.4959,570.9281044,405.8778643
2017-01-03,1024.43,387.7176514,2972.743422,1593.482522,776.46,319.65,436.15,1308.45,806.1506,744.9308889,676.88555,572.5554396,406.5803714
2017-01-04,1114.83,372.4674766,2992.671407,1596.551703,792.42,319.08,440.75,1322.25,814.2122,750.5398889,678.7001,574.4321703,407.3462929
2017-01-05,968.28,382.3345575,3004.882318,1599.625743,804.56,317.51,446.54,1339.62,818.809,754.4493333,679.7323,575.8383791,408.0081357
2017-01-06,890.44,383.1330733,3029.348674,1602.704647,799.85,317.36,445.73,1337.19,821.8166,757.48,680.50735,577.0421429,408.6129143
2017-01-07,895,392.1416614,3042.712144,1605.788422,797,317.69,445.03,1335.09,824.804,760.6041111,681.65095,578.259478,409.2193429
2017-01-08,910.36,390.394125,3047.223948,1608.877074,798.74,317.65,445.7,1337.1,828.0048,763.8574444,683.0874,579.5320604,409.83725
2017-01-09,893.56,387.2105573,3066.294412,1611.970608,798.98,317.41,446.13,1338.39,831.3862,766.6937778,684.4418,580.7573352,410.4410786
2017-01-10,904.97,410.1985988,3081.203321,1615.069032,799.98,317.44,446.61,1339.83,834.7884,769.6778889,685.67935,582.0155769,411.0556214
2017-01-11,787.57,408.2292523,3095.418257,1618.17235,795.44,316.98,445.82,1337.46,835.5556,771.3566667,686.3105,582.9951374,411.5846071
2017-01-12,816.12,416.6752501,3109.84229,1621.280569,792.15,317.11,445.05,1335.15,837.055,773.3304444,687.2671,584.0515659,412.1340286
2017-01-13,824.53,410.844432,3135.252926,1624.393695,791.73,317.05,445.03,1335.09,838.8684,775.3951111,688.1582,585.2510165,412.6893429
2017-01-14,825,417.7341611,3142.552987,1627.511734,792.49,317.32,445.18,1335.54,840.688,777.46,689.05305,586.4618956,413.24525
2017-01-15,816.15,415.7229098,3149.358535,1630.634692,792.82,317.57,445.22,1335.66,842.3654,779.436,689.9666,587.6475,413.7945714
2017-01-16,831.48,411.88979,3153.910224,1633.762576,793.85,317.91,445.49,1336.47,844.3534,781.6077778,690.78185,588.8745055,414.3525214
2017-01-17,902.28,409.4204339,3165.87208,1636.895391,797.16,317.74,446.66,1339.98,847.7512,784.6836667,691.9124,590.3068407,414.9547214
2017-01-18,872.1,408.5775955,3184.056723,1640.033143,798.84,317.94,447.13,1341.39,850.5304,787.4086667,692.7738,591.5825549,415.5313357
2017-01-19,902.14,410.8657937,3189.673105,1643.175838,800.72,318.01,447.71,1343.13,853.7356,790.424,693.97215,592.940467,416.1237143
2017-01-20,894.48,418.1140063,3206.715328,1646.323484,802.47,318.07,448.2,1344.6,856.597,793.108,695.06775,594.3527747,416.7128571
2017-01-21,922.6,414.7577611,3213.702099,1649.476085,806.17,318.86,448.94,1346.82,859.6876,796.1235556,696.33535,595.818022,417.3262143
2017-01-22,920.12,501.3037137,3220.59961,1652.633647,809.64,319.46,449.7,1349.1,862.849,799.1516667,697.5573,597.2395879,417.93305
2017-01-23,921.77,474.0455222,3207.371989,1655.796178,812.26,319.75,450.38,1351.14,866.0764,802.1205556,698.97425,598.6919231,418.5378286
2017-01-24,902.73,468.0269889,3204.43968,1658.963683,814.08,319.46,451.21,1353.63,869.1026,804.7075556,700.1811,600.0920879,419.1256286
2017-01-25,892.15,473.0921962,3205.679524,1662.136168,815.81,319.43,451.81,1355.43,871.7868,807.0594444,701.3785,601.4588462,419.6990929
2017-01-26,912.38,473.7889302,3196.718492,1665.313639,817.89,319.4,452.51,1357.53,874.6964,809.586,702.7075,602.913956,420.2873143
2017-01-27,920.91,486.7731336,3186.529589,1668.496103,819.4,319.6,453.02,1359.06,877.76,811.8811111,704.0759,604.4064835,420.8807429
2017-01-28,914.28,473.4679628,3188.675425,1671.683565,820.64,319.81,453.33,1359.99,880.6834,814.2793333,705.30245,605.8810714,421.4677786
2017-01-29,912.49,476.6402806,3178.847833,1674.876032,822.32,320.01,454.67,1364.01,883.5054,816.6346667,706.55485,607.3473352,422.0508857
2017-01-30,920.01,475.3132563,3175.085476,1678.07351,823.79,320.14,455.07,1365.21,886.5484,818.8102222,707.8464,608.8516209,422.6334786
2017-01-31,956.84,466.5117057,3194.854071,1681.276005,826.61,320.17,455.95,1367.85,890.161,821.335,709.2917,610.4518681,423.2343357
2017-02-01,976.83,475.9087132,3204.679091,1684.483523,830.31,320.26,457.08,1371.24,894.1642,824.563,710.8605,612.119011,423.8386143
2017-02-02,1002.42,472.9216631,3202.082885,1687.696071,834.17,320.26,458.36,1375.08,898.6912,827.9436667,712.493,613.8074176,424.4581071
2017-02-03,1011.49,463.5762843,3235.103107,1690.913654,839.89,320.11,460.23,1380.69,903.3996,831.39,714.17745,615.5253571,425.0796
2017-02-04,1032.07,502.7394317,3246.346722,1694.136279,842.81,320.28,461.12,1383.36,908.4946,834.9781111,715.9843,617.3275,425.71515
2017-02-05,1011.26,513.1166856,3250.268889,1697.363952,845.65,320.45,462.02,1386.06,912.9936,838.3495556,717.6996,619.0721978,426.31965
2017-02-06,1023.1,500.4995561,3239.309191,1700.59668,849.11,320.38,463.18,1389.54,917.7296,841.8423333,719.4822,620.8587637,426.9167786
2017-02-07,1047.5,499.830921,3265.082932,1703.834467,853.65,320.14,464.8,1394.4,922.9154,845.4982222,721.45215,622.7096154,427.5011
2017-02-08,1056.99,498.5359949,3282.877428,1707.077321,858.1,320.26,466.11,1398.33,928.181,849.3364444,723.467,624.5689286,428.14395
2017-02-09,976.48,500.2179854,3295.181676,1710.325248,860.65,320.12,467.31,1401.93,931.227,852.2254444,725.03775,626.2143956,428.7821571
2017-02-10,997.6,510.0319141,3308.833643,1713.578254,862.37,320.28,468.07,1404.21,933.953,855.5097778,726.7545,627.9028022,429.4196643
2017-02-11,1012.21,514.5796532,3315.082285,1716.836345,864.24,320.53,468.53,1405.59,935.9872,858.9772222,728.5468,629.6152473,430.0737357
2017-02-12,1000.89,511.5009153,3315.516011,1720.099528,865.62,320.6,469.11,1407.33,938.1582,862.2437778,730.28025,631.2613736,430.7236143
2017-02-13,1000.01,516.7413342,3321.284031,1723.367808,868.73,320.92,470.03,1410.09,940.3456,865.4466667,732.0105,632.9083516,431.3837571
2017-02-14,1010.87,507.5862949,3342.881433,1726.641192,870.59,320.95,470.81,1412.43,942.5512,868.4736667,733.78385,634.5688462,432.05705
2017-02-15,1011.74,517.1469082,3364.499096,1729.919686,872.06,321.03,471.25,1413.75,944.1442,871.4923333,735.57355,636.2021703,432.7154429
2017-02-16,1034.57,496.7548272,3359.256011,1733.203297,874.59,321.08,472.08,1416.24,945.4824,874.7027778,737.59335,637.8893407,433.3802071
2017-02-17,1058.42,501.026684,3385.014113,1736.492031,879.94,321.21,473.82,1421.46,947.3326,878.1261111,739.8146,639.646044,434.0521429
2017-02-18,1059.85,523.1393364,3388.927281,1739.785893,883.06,321.35,474.75,1424.25,949.4146,881.8523333,742.32915,641.3496154,434.7190571
2017-02-19,1048.6,532.6089465,3400.368516,1743.08489,884.8,321.48,475.37,1426.11,951.0932,885.3383333,744.73225,643.030467,435.3837571
2017-02-20,1060.36,530.8995695,3408.910566,1746.389029,887.2,321.61,476.13,1428.39,952.3166,888.7955556,747.15845,644.7431044,436.0528643
2017-02-21,1111.73,515.7538467,3419.407621,1749.698316,892.32,321.68,477.82,1433.46,954.2998,892.9131111,749.83905,646.6425824,436.7493
2017-02-22,1134.05,515.073113,3438.294821,1753.012757,900.04,321.7,480.44,1441.32,956.4922,897.3596667,752.568,648.5974725,437.4521929
2017-02-23,1111.15,514.7613122,3465.111576,1756.332358,906.66,321.6,482.52,1447.56,956.4186,901.55,755.15565,650.4907692,438.1451357
2017-02-24,1178.17,508.7258674,3483.697982,1759.657125,917.49,321.92,486.46,1459.38,960.6164,906.5043333,758.0971,652.5595879,438.8886
2017-02-25,1149.04,517.8719255,3492.292533,1762.987066,920.24,322.05,487.36,1462.08,965.7884,911.1372222,760.90765,654.5301923,439.6173643
2017-02-26,1175.39,541.9536422,3477.365261,1766.322186,924.09,322.67,488.03,1464.09,971.3962,916.0594444,763.807,656.576978,440.3604786
2017-02-27,1188.38,509.9741438,3492.428178,1769.662491,929.15,322.71,489.62,1468.86,976.9566,921.1176667,766.8024,658.6443956,441.1072071
2017-02-28,1190.28,505.2620108,3515.026466,1773.007988,933.57,322.78,490.99,1472.97,982.891,926.0998889,769.8136,660.7242582,441.85795
2017-03-01,1218.62,455.7582697,3537.161053,1776.358684,940.16,322.78,493.12,1479.36,989.164,931.2911111,772.98525,662.8976648,442.645
2017-03-02,1256.68,449.127469,3554.680025,1779.714584,948.78,322.85,495.75,1487.25,998.5462,936.7201111,776.42425,665.1923901,443.4671571
2017-03-03,1277.48,465.7567617,3586.345011,1783.075694,958.34,322.86,498.98,1496.94,1007.7734,942.4471111,779.9767,667.5700824,444.3123357
2017-03-04,1258.85,470.9700793,3604.592744,1786.442022,963.5,323.06,500.44,1501.32,1016.4598,947.9854444,783.3867,669.925989,445.1316357
2017-03-05,1265.8,496.5130904,3613.206366,1789.813573,967.17,323.14,501.62,1504.86,1025.2758,953.7007778,786.86745,672.2852198,445.9522643
2017-03-06,1274.1,466.9656013,3637.963942,1793.190355,973.99,322.96,503.98,1511.94,1034.4348,959.4358889,790.3711,674.6527198,446.7819857
2017-03-07,1242.99,464.3382586,3658.192793,1796.572372,978.75,323.03,505.49,1516.47,1042.665,964.7257778,793.71505,676.9341209,447.59015
2017-03-08,1163.6,478.0773542,3668.036532,1799.959632,981.27,323.01,506.56,1519.68,1047.8914,969.1243333,796.6444,678.9970604,448.3401929
2017-03-09,1197.85,472.9160191,3683.207004,1803.352141,981.69,322.99,506.95,1520.85,1054.4064,973.8992222,799.74765,681.1431868,449.1158214
2017-03-10,1247.29,467.9436557,3688.332579,1806.749905,987.27,323.05,508.77,1526.31,1061.3094,979.187,803.06905,683.4200549,449.9225357
2017-03-11,1174.42,480.7624014,3691.362233,1810.152931,986.26,323.23,508.63,1525.89,1066.9082,983.7043333,806.02805,685.514478,450.6788929
2017-03-12,1228.29,482.3759977,3682.360389,1813.561225,989.15,323.44,509.5,1528.5,1073.022,988.7274444,809.2879,687.7546154,451.4746
2017-03-13,1243.07,482.0839107,3686.927248,1816.974794,995.64,323.08,513.06,1539.18,1079.481,993.9096667,812.62475,690.0326099,452.2796571
2017-03-14,1245.34,468.2376434,3693.240772,1820.393643,999.4,323.12,514.39,1543.17,1085.9524,999.1237778,815.9677,692.3086538,453.0926929
2017-03-15,1248.11,470.8914414,3708.575171,1823.81778,1005.75,323.16,516.47,1549.41,1092.86,1004.368667,819.3607,694.5920879,453.9063786
2017-03-16,1175.58,465.451691,3737.83774,1827.24721,1010.18,323.13,518.38,1555.14,1098.5286,1008.793778,822.3866,696.6715934,454.6652
2017-03-17,1106.99,485.3437719,3738.955838,1830.68194,1009.36,323.84,518.61,1555.83,1102.4208,1012.356889,825.04765,698.5931044,455.3720286
2017-03-18,963.61,495.672619,3739.70711,1834.121977,1003.68,323.23,518.2,1554.6,1103.2748,1014.327,826.98685,700.1204396,455.9757714
2017-03-19,1034.24,496.1068973,3747.676916,1837.567327,1002.8,323.48,518.37,1555.11,1105.674,1017.060667,829.30595,701.8285165,456.6311786
2017-03-20,1041.32,482.5762258,3770.78066,1841.017996,1001.26,323.67,518.09,1554.27,1108.2506,1019.811889,831.66395,703.5568132,457.2906786
2017-03-21,1108.94,486.5597477,3790.367361,1844.473991,1003.73,323.61,519.55,1558.65,1112.0292,1022.975889,834.35675,705.4575824,457.9990357
2017-03-22,1012.73,482.4758773,3794.207807,1847.935318,1002.52,323.52,520,1560,1113.147,1024.658444,836.43915,707.0926374,458.6375786
2017-03-23,1029.29,488.4032877,3809.672977,1851.401984,1002.06,323.56,520.02,1560.06,1114.1962,1025.978333,838.5715,708.7751099,459.2844
2017-03-24,936.11,494.9206649,3811.205707,1854.873995,997.16,321.41,520.24,1560.72,1112.87,1026.464667,840.23235,710.2009341,459.8611429
2017-03-25,949.85,496.7416221,3836.359136,1858.351358,993.05,321.04,519.75,1559.25,1111.6372,1027.122556,841.93605,711.6643407,460.4475214
2017-03-26,956.83,509.0697153,3856.404535,1861.834078,994.81,321.99,520.56,1561.68,1110.1324,1027.747444,843.64235,713.1224451,461.0381714
2017-03-27,1025.99,492.9447628,3868.88449,1865.322163,995.21,322.18,521.07,1563.21,1110.427,1028.790778,845.653,714.7812912,461.6808643
2017-03-28,1038.76,491.390382,3877.429067,1868.815619,998.18,322.32,522.31,1566.93,1110.7402,1029.580778,847.72845,716.4917033,462.3328429
2017-03-29,1035.87,490.4351954,3903.408913,1872.314453,998.46,322.4,522.7,1568.1,1110.5076,1030.358111,849.787,718.2028846,462.9796429
2017-03-30,1026.94,532.2299242,3904.581046,1875.81867,998.49,322.41,523.22,1569.66,1109.9066,1031.149111,851.9076,719.8790385,463.6228786
2017-03-31,1071.7,508.9927553,3922.307957,1879.328278,1001.64,322.69,524.67,1574.01,1111.811,1032.338333,854.2297,721.6778297,464.2969929
2017-04-01,1072.62,332.1877846,3939.255131,1882.843283,1003.59,322.99,525.59,1576.77,1113.3114,1033.154222,856.54675,723.475522,464.9711714
2017-04-02,1085.59,343.7981461,3948.371035,1886.363692,1005.19,323.44,526.29,1578.87,1114.779,1033.965556,858.9259,725.3110165,465.6590929
2017-04-03,1146.87,338.6496653,3960.261776,1889.88951,1009.89,323.62,528,1584,1117.6986,1035.326,861.6243,727.3139286,466.3903857
2017-04-04,1134.9,328.462258,3983.235666,1893.420744,1013.42,323.8,529.15,1587.45,1120.3964,1035.549,864.25685,729.2732967,467.1151643
2017-04-05,1124.82,335.9426435,3999.52837,1896.957402,1015.95,323.89,530.2,1590.6,1122.6754,1037.288333,866.86295,731.2046429,467.8323571
2017-04-06,1189.27,335.168174,4014.889541,1900.499489,1020.62,323.98,531.89,1595.67,1126.226,1040.608667,869.7625,733.3141209,468.5967857
2017-04-07,1189.16,333.4904236,4015.830226,1904.047013,1026.55,325.1,533.92,1601.76,1129.3178,1043.877111,872.66165,735.431456,469.3675286
2017-04-08,1177.36,366.318221,4037.65732,1907.599978,1028.65,325.4,534.67,1604.01,1131.6966,1046.843778,875.50025,737.5193132,470.1305429
2017-04-09,1210.71,341.6774007,4037.808648,1911.158393,1032.39,325.7,535.76,1607.28,1134.7138,1050.367667,878.5748,739.6871154,470.9235643
2017-04-10,1204.06,334.6432698,4070.617589,1914.722264,1036.11,325.92,537.05,1611.15,1137.823,1053.690889,881.61565,741.8358791,471.7091357
2017-04-11,1220.23,340.3247605,4086.789126,1918.291597,1039.83,326.03,538.43,1615.29,1141.0204,1058.498222,884.70435,744.0163462,472.5040429
2017-04-12,1216.37,333.3369454,4116.914148,1921.866398,1043.01,326.33,539.92,1619.76,1143.1132,1062.945444,887.773,746.1900549,473.2963857
2017-04-13,1173.46,350.5889445,4121.315937,1925.446675,1044.92,326.64,540.45,1621.35,1143.9014,1066.822444,890.6504,748.243489,474.0617357
2017-04-14,1176.03,340.1691683,4151.827492,1929.032434,1046.57,326.61,541.19,1623.57,1145.199,1070.722778,893.51325,750.2957143,474.8309714
2017-04-15,1178.12,351.1054919,4166.479654,1932.623681,1048.07,326.97,541.66,1624.98,1145.198,1074.744667,896.3901,752.3462637,475.6013571
2017-04-16,1175.03,355.3419355,4161.388159,1936.220423,1049.03,327.33,541.93,1625.79,1145.7178,1078.561889,899.2501,754.4011813,476.3699071
2017-04-17,1183.66,352.1742679,4184.550472,1939.822667,1053.32,327.57,543.34,1630.02,1145.8832,1081.688333,902.1509,756.4801923,477.14395
2017-04-18,1202.73,344.6826521,4212.389095,1943.430419,1056.74,327.65,544.68,1634.04,1146.1702,1085.362,905.1404,758.5979121,477.9285286
2017-04-19,1202.67,350.5801853,4241.460323,1947.043686,1059.04,327.82,545.56,1636.68,1146.418,1088.701222,908.0981,760.6885165,478.7124357
2017-04-20,1230.89,343.5839439,4238.002927,1950.662475,1062.97,327.9,546.97,1640.91,1146.6634,1092.439111,911.2083,762.8295879,479.5178571
2017-04-21,1244.64,345.7899748,4256.380773,1954.286791,1066.58,328.23,548.08,1644.24,1146.4226,1096.017333,914.38095,765.0212637,480.3343429
2017-04-22,1244.06,353.7399621,4278.449492,1957.916643,1068.95,328.84,548.64,1645.92,1145.7542,1099.616667,917.5564,767.2005769,481.15145
2017-04-23,1244.72,357.1146808,4290.921123,1961.552035,1071.31,329.24,549.39,1648.17,1145.4716,1103.205,920.73005,769.3593407,481.9688571
2017-04-24,1250.71,347.2751481,4295.9819,1965.192976,1074.84,329.49,550.83,1652.49,1145.1698,1107.071444,923.9335,771.5137363,482.7914071
2017-04-25,1273.04,336.8188718,4327.377266,1968.839471,1079.64,329.95,552.37,1657.11,1145.1486,1111.303556,927.21655,773.7257967,483.6308143
2017-04-26,1297.37,341.0106076,4364.260369,1972.491527,1085.22,330.2,554.21,1662.63,1146.2362,1115.581222,930.615,776.0481593,484.4868857
2017-04-27,1331.23,344.3462543,4381.960995,1976.149151,1092.45,330.7,556.28,1668.84,1149.5888,1120.140333,934.202,778.4751099,485.3685357
2017-04-28,1325.51,340.0408877,4423.024938,1979.812349,1101.42,332.02,559.05,1677.15,1152.142,1124.709556,937.74175,780.8651374,486.2514429
2017-04-29,1333.42,352.1063207,4440.176903,1983.481129,1105.3,332.29,560.41,1681.23,1153.8646,1129.386556,941.2174,783.2932692,487.1404
2017-04-30,1346.56,350.1622907,4434.912769,1987.155496,1108.55,332.59,561.8,1685.4,1157.3074,1134.126,944.7682,785.7494505,488.0382714
2017-05-01,1403.43,318.9442647,4456.421997,1990.835458,1117.52,332.87,565.69,1697.07,1160.8102,1139.088111,948.60295,788.3833516,488.9809643
2017-05-02,1434.46,308.1296174,4481.759629,1994.521022,1133.15,336.16,569.01,1707.03,1164.638,1144.172889,952.58285,791.0828022,489.9429214
2017-05-03,1429.15,304.9570659,4518.114264,1998.212192,1140.17,336.14,571.52,1714.56,1168.3142,1148.914333,956.53505,793.7812363,490.9083714
2017-05-04,1531.94,305.933265,4557.681728,2001.908978,1160.36,336.08,578.06,1734.18,1173.9908,1154.697111,960.99895,796.7598626,491.9461857
2017-05-05,1522.36,301.7689426,4586.228711,2005.611385,1172.7,336.26,582.77,1748.31,1180.9264,1160.144778,965.4192,799.6784341,492.9854357
2017-05-06,1548.32,312.7635228,4621.139641,2009.319419,1181.35,336.82,585.28,1755.84,1189.753,1166.112111,969.9807,802.674533,494.0444643
2017-05-07,1532.74,309.5860336,4622.222439,2013.033088,1187.46,337.11,587.28,1761.84,1201.1356,1171.774778,974.51715,805.6286264,495.0880357
2017-05-08,1633.46,312.5569291,4650.149549,2016.752399,1200.63,337.18,592,1776,1213.12,1178.285444,979.5502,808.8470604,496.20165
2017-05-09,1720.36,303.2529119,4681.325826,2020.477357,1220.79,337.16,598.89,1796.67,1226.7008,1185.656222,984.9982,812.3303297,497.3769071
2017-05-10,1760.03,325.398629,4713.069429,2024.20797,1235.43,337.13,603.79,1811.37,1239.7226,1194.362333,990.53375,815.9223901,498.5727071
2017-05-11,1837.03,322.7294654,4754.433448,2027.944245,1256.55,337.61,611.41,1834.23,1256.2086,1203.689333,996.4629,819.7257143,499.8222929
2017-05-12,1709.15,324.3738042,4793.741438,2031.686188,1269.08,338.01,615.49,1846.47,1269.8058,1211.433111,1001.7707,823.1654945,500.9798214
2017-05-13,1770.96,326.4184211,4823.551454,2035.433806,1274.92,338.19,617.43,1852.29,1286.5028,1219.989444,1007.35265,826.7746703,502.1793571
2017-05-14,1780.37,332.5322793,4860.625176,2039.187105,1282.29,338.53,619.64,1858.92,1303.1132,1228.660111,1012.905,830.4087088,503.3867714
2017-05-15,1730.4,325.9879741,4882.410134,2042.946093,1290.28,338.6,622.58,1867.74,1318.5846,1236.654889,1018.1546,833.9082967,504.5558071
2017-05-16,1726.52,325.5439239,4864.117993,2046.710776,1296.96,338.91,624.76,1874.28,1332.5952,1244.596889,1023.36225,837.4071978,505.7235714
2017-05-17,1784.42,300.7648272,4882.290618,2050.481161,1312.32,338.66,630.74,1892.22,1347.5084,1252.928556,1028.7126,841.0641209,506.9331429
2017-05-18,1879.22,310.3128487,4890.934293,2054.257255,1321.95,338.82,633.97,1901.91,1364.3754,1262.048556,1034.6165,845.0106044,508.2147357
2017-05-19,1954.09,309.3721791,4908.133335,2058.039064,1340.02,338.94,640.08,1920.24,1382.9184,1271.984556,1040.8844,849.165,509.5489929
2017-05-20,1995,320.5031583,4931.655761,2061.826596,1355.73,339.55,645.02,1935.06,1401.3844,1282.500111,1047.23835,853.4306044,510.91345
2017-05-21,2013.89,324.1921962,4965.408654,2065.619856,1370.45,339.85,649.97,1949.91,1420.2098,1293.094889,1053.65975,857.7598901,512.2906571
2017-05-22,2133.65,309.7565525,5008.436764,2069.418853,1402.01,339.63,662.11,1986.33,1441.171,1304.449556,1060.89645,862.4074725,513.7535643
2017-05-23,2239.23,327.3408665,5047.071594,2073.223592,1432.6,339.9,673.05,2019.15,1463.0182,1316.729333,1068.6018,867.3324176,515.2908786
2017-05-24,2452.92,325.5645518,5093.047954,2077.03408,1467.51,339.92,685.58,2056.74,1489.3786,1331.637889,1077.3598,872.8426923,516.9799286
2017-05-25,2511.6,321.6060504,5139.786599,2080.850325,1523.26,339.42,705.8,2117.4,1517.1142,1346.453778,1086.3721,878.4987637,518.7095143
2017-05-26,2510.91,334.0043984,5190.143126,2084.672333,1553.73,340.27,715.82,2147.46,1543.547,1361.585667,1095.3875,884.1004121,520.4386643
2017-05-27,2512.04,319.8143658,5203.039802,2088.50011,1571.37,341.03,721.91,2165.73,1570.0046,1376.437333,1104.40395,889.5645055,522.1700071
2017-05-28,2510.47,338.4629507,5184.691135,2092.333665,1584.92,341.32,726.69,2180.07,1596.6668,1391.127222,1113.36395,895.0212912,523.8969357
2017-05-29,2302.71,317.1847442,5220.301426,2096.173002,1590.3,341.86,728.68,2186.04,1618.5068,1403.487556,1121.31975,899.9010714,525.4750286
2017-05-30,2511.67,318.7633658,5250.77359,2100.018131,1598.83,342.49,732.32,2196.96,1644.659,1417.854778,1130.29575,905.3509341,527.1999929
2017-05-31,2296.5,315.1112377,5279.445964,2103.869056,1610.37,343.19,737.37,2212.11,1666.1844,1429.408333,1138.2682,910.184533,528.7704714
2017-06-01,2396.12,319.647731,5295.039618,2107.725785,1631.88,344.17,745.04,2235.12,1689.7794,1441.837667,1146.7481,915.2923901,530.4130357
2017-06-02,2427.78,324.7391687,5306.213481,2111.588326,1647.07,345.28,749.77,2249.31,1714.8658,1454.825778,1155.3525,920.3968681,532.0786357
2017-06-03,2559.1,328.2501167,5274.828083,2115.456684,1665.96,346.03,756.16,2268.48,1742.5272,1469.195778,1164.58925,925.8522527,533.8383214
2017-06-04,2511.66,376.2489803,5281.737408,2119.330866,1679.93,346.94,761.02,2283.06,1769.198,1482.946444,1173.45535,931.1747802,535.5635357
2017-06-05,2659.85,374.7646144,5290.378862,2123.210881,1702.61,347.56,768.51,2305.53,1798.8944,1498.689333,1183.0543,936.8807692,537.3935643
2017-06-06,2854.73,361.0666317,5326.928004,2127.096733,1736.28,347.97,779.61,2338.83,1832.3158,1517.479667,1193.5998,943.142033,539.3628857
2017-06-07,2695.03,346.6028369,5346.07325,2130.988431,1757.64,348.26,786.67,2360.01,1862.1618,1534.115,1203.32335,948.948489,541.2186071
2017-06-08,2777.68,377.3865318,5355.015348,2134.885981,1774.17,348.08,793.09,2379.27,1893.662,1551.119333,1213.5893,954.9986264,543.1353286
2017-06-09,2821.66,369.6620446,5371.267685,2138.78939,1794.97,348.21,800.67,2402.01,1925.4774,1569.422,1224.0233,961.1661264,545.0845714
2017-06-10,2864.5,380.9095551,5384.608841,2142.698665,1819.62,349.85,809.86,2429.58,1957.8746,1587.602111,1234.59975,967.4290659,547.0640429
2017-06-11,2951.2,386.5886298,5376.644863,2146.613813,1842.55,350.46,816.91,2450.73,1992.0174,1606.581333,1245.65,973.695522,549.1047786
2017-06-12,2635.87,377.7457402,5395.186261,2150.53484,1867.42,351.71,827.63,2482.89,2019.8404,1622.031667,1255.16005,979.0165385,550.9193714
2017-06-13,2710.65,360.7501514,5444.015303,2154.461754,1885.07,352.6,837.41,2512.23,2049.0392,1638.282111,1265.0432,984.5793956,552.7855429
2017-06-14,2528.07,364.2349473,5470.46788,2158.394562,1899.43,352.59,843.47,2530.41,2074.1398,1653.309778,1274.02215,989.6251923,554.5204714
2017-06-15,2400.35,373.7855835,5472.294628,2162.333271,1890.92,352.7,842.09,2526.27,2096.1994,1667.680444,1282.3635,994.1124451,556.1649714
2017-06-16,2480.66,384.0599506,5483.364693,2166.277886,1898.29,353.28,847.07,2541.21,2119.188,1684.536556,1291.10485,998.8766209,557.8666929
2017-06-17,2644.27,413.4370859,5483.960542,2170.228417,1906.74,353.56,850.01,2550.03,2145.5632,1702.425778,1300.6605,1004.075385,559.6842643
2017-06-18,2499.78,417.1661313,5467.522744,2174.184868,1918.63,353.43,856.85,2570.55,2168.8904,1718.630889,1309.45,1008.849945,561.3988929
2017-06-19,2575.19,407.1870741,5469.985731,2178.147248,1932.19,353.53,862.52,2587.56,2193.463,1734.922556,1318.5689,1013.904231,563.1648857
2017-06-20,2750.28,398.4751913,5521.691731,2182.115563,1948.75,353.55,869.41,2608.23,2220.4,1754.228667,1328.47995,1019.629505,565.0546786
2017-06-21,2643.09,380.535404,5562.433378,2186.089821,1966.45,354.59,874.77,2624.31,2244.5726,1772.159778,1337.88515,1025.179011,566.8633143
2017-06-22,2693.4,382.676818,5557.599975,2190.070027,1978.59,354.75,879.86,2639.58,2269.8576,1791.685222,1347.55015,1030.867802,568.7087714
2017-06-23,2707.55,434.5645111,5556.038618,2194.05619,1989.96,354.97,884.02,2652.06,2293.3698,1811.215222,1357.3308,1036.499918,570.56575
2017-06-24,2566.89,411.8256683,5557.568027,2198.048316,1995.34,355.02,886.51,2659.53,2314.2604,1829.104778,1366.37555,1041.734945,572.3213571
2017-06-25,2501.15,411.3686036,5555.481818,2202.046412,1998.9,355.53,887.61,2662.83,2333.317,1845.495444,1375.0468,1046.889753,574.0270286
2017-06-26,2407.68,402.8124642,5556.391064,2206.050485,1998.97,355.61,888.32,2664.96,2350.8158,1860.705667,1383.24655,1051.728681,575.6666357
2017-06-27,2507.31,392.8818161,5599.059077,2210.060543,1996.87,355.35,888.9,2666.7,2368.2928,1877.055,1391.94255,1056.842088,577.3734929
2017-06-28,2562.52,404.6529441,5602.329983,2214.076591,2009.32,356.01,893.42,2680.26,2385.136,1894.117,1400.8982,1062.141758,579.1193643
2017-06-29,2556.39,391.9433288,5618.15271,2218.098638,2020.5,356.14,897.69,2693.07,2401.0632,1910.613556,1409.84085,1067.328462,580.8603571
2017-06-30,2479.7,408.4826734,5624.871351,2222.12669,2031.92,356.17,902.82,2708.46,2413.9166,1926.247778,1418.3583,1072.283214,582.5424071
2017-07-01,2418.18,433.0876759,5611.290333,2226.160754,2033.12,356.3,903.92,2711.76,2428.0972,1941.054333,1426.56585,1077.003984,584.1786429
2017-07-02,2509.42,444.2413166,5592.61582,2230.200837,2037.12,356.56,905.9,2717.7,2442.8664,1956.193778,1435.2326,1082.078022,585.8777571
2017-07-03,2561.25,422.7534662,5599.017967,2234.246947,2047.1,357.18,910.3,2730.9,2458.484,1972.042111,1444.1585,1087.259038,587.6146429
2017-07-04,2583.78,426.1291987,5627.139083,2238.29909,2054.61,357.58,913.43,2740.29,2475.5516,1988.252778,1453.1908,1092.519203,589.3679571
2017-07-05,2599.96,427.2889737,5640.811254,2242.357273,2063.15,357.79,918.05,2754.15,2493.0204,2003.927111,1462.25905,1097.805549,591.1375071
2017-07-06,2598.33,427.6539238,5653.164332,2246.421504,2069.84,358.15,920.95,2762.85,2509.2986,2019.584556,1471.3192,1103.190027,592.9058714
2017-07-07,2503.32,429.6762733,5689.936332,2250.491789,2083.27,358.83,925.82,2777.46,2521.7806,2034.317444,1479.89475,1108.250357,594.6099
2017-07-08,2538.46,438.2147707,5684.477257,2254.568136,2086.48,359,927.46,2782.38,2533.468,2049.070222,1488.6185,1113.431099,596.3376786
2017-07-09,2513.63,439.0757811,5693.243826,2258.650551,2091.18,359.68,929.08,2787.24,2543.8406,2063.621,1497.06575,1118.560357,598.0486571
2017-07-10,2325.74,444.4267546,5718.601078,2262.739042,2091.83,360.11,929.49,2788.47,2550.0776,2075.904444,1504.38795,1123.171648,599.6234714
2017-07-11,2339.29,442.1894507,5732.334807,2266.833616,2091.74,360.43,930.07,2790.21,2554.1904,2088.381333,1511.5319,1127.76044,601.2071071
2017-07-12,2374.02,435.3447703,5719.160136,2270.93428,2091.77,360.83,930.27,2790.81,2556.8862,2101.720889,1518.9403,1132.463764,602.8120071
2017-07-13,2343.16,432.6279439,5732.308009,2275.041041,2094.22,361.2,931.97,2795.91,2554.691,2114.689,1526.2029,1137.083159,604.3949571
2017-07-14,2194.88,483.9209853,5748.675695,2279.153906,2092.21,361.49,932.07,2796.21,2548.3566,2125.986333,1532.67435,1141.278489,605.8717214
2017-07-15,2035.89,446.1412202,5740.299717,2283.272882,2082.52,361.66,929.5,2788.5,2538.8562,2135.551444,1538.19335,1145.049973,607.2373214
2017-07-16,1924.38,502.7201257,5722.493819,2287.397976,2071.49,361.9,926.3,2778.9,2527.103,2143.781667,1542.97695,1148.479808,608.5225286
2017-07-17,2163.95,491.3134986,5711.13944,2291.529196,2070.48,362.52,929.31,2787.93,2520.1726,2154.461889,1548.96715,1152.571429,609.9780143
2017-07-18,2297.03,490.5112377,5697.332948,2295.666548,2078.86,362.53,933.31,2799.93,2520.059,2166.621444,1555.67355,1157.039368,611.5280643
2017-07-19,2266.29,500.6648157,5696.98167,2299.81004,2089.74,364.26,936.24,2808.72,2515.1514,2178.125889,1562.18165,1161.429725,613.0560214
2017-07-20,2783.62,488.5886224,5704.372677,2303.959679,2109.96,364.44,944.21,2832.63,2524.8938,2195.225667,1571.1038,1167.245769,614.9556643
2017-07-21,2648.76,484.572881,5706.59528,2308.115471,2128.91,365.2,950.97,2852.91,2529.9466,2210.833444,1579.28475,1172.727225,616.7598357
2017-07-22,2819.61,501.0573798,5683.001436,2312.277425,2145.7,366.11,956.56,2869.68,2537.7832,2228.332222,1588.26065,1178.676648,618.6856429
2017-07-23,2771.08,519.9128908,5668.631468,2316.445547,2155.41,366.75,959.91,2879.73,2542.0228,2245.225222,1596.5419,1184.469918,620.5770143
2017-07-24,2754.78,505.9413065,5663.924147,2320.619845,2167.59,368.09,964.47,2893.41,2546.8852,2261.689,1605.4744,1190.240604,622.4569929
2017-07-25,2540.25,501.8728758,5682.921972,2324.800325,2176.83,367.37,973.47,2920.41,2544.4932,2275.498778,1613.72345,1195.423297,624.1830643
2017-07-26,2491.77,498.459761,5675.272057,2328.986995,2179.38,367.46,975.35,2926.05,2537.234,2288.393667,1621.7073,1200.471566,625.8743571
2017-07-27,2652.02,545.7515835,5641.717029,2333.179862,2192.47,367.61,982.63,2947.89,2536.3738,2303.132667,1630.4156,1205.960742,627.6796214
2017-07-28,2775.67,528.4535478,5641.834044,2337.378933,2225.07,367.63,1002.26,3006.78,2536.3336,2319.157667,1639.82615,1211.783462,629.5717214
2017-07-29,2710.32,542.0489938,5610.067843,2341.584215,2249.39,365.78,1020.35,3061.05,2534.1068,2334.310556,1648.8529,1217.433242,631.4170714
2017-07-30,2719.83,548.2632431,5602.153633,2345.795716,2269.13,363.02,1040.61,3121.83,2531.2134,2348.937222,1658.5142,1223.172857,633.2690857
2017-07-31,2853.38,525.105293,5593.107461,2350.013442,2300.92,359.83,1069.16,3207.48,2529.257,2364.703,1668.7005,1229.324533,635.2170571
2017-08-01,2726.21,560.0587183,5586.938589,2354.237402,2328.39,358.84,1083.2,3249.6,2531.0638,2379.114778,1678.2089,1235.284066,637.07325
2017-08-02,2688.58,538.2051853,5581.269107,2358.467602,2342.46,358.69,1092.94,3278.82,2530.6224,2391.966333,1687.5268,1241.10989,638.9197643
2017-08-03,2782.89,540.4598848,5586.645791,2362.704049,2357.28,359.71,1104.95,3314.85,2535.7188,2405.972222,1697.3605,1247.175192,640.8235
2017-08-04,2848.54,559.6470711,5588.36088,2366.94675,2387.34,361.91,1127.74,3383.22,2544.6826,2420.419111,1707.4458,1253.419505,642.7709643
2017-08-05,3235.8,547.0934903,5586.766702,2371.195714,2423.08,361.12,1148.49,3445.47,2559.7854,2439.342,1719.1134,1260.692967,644.9956286
2017-08-06,3247.41,551.577045,5607.744802,2375.450946,2470.64,360.75,1173.03,3519.09,2571.8482,2457.274778,1730.98995,1267.983599,647.2277143
2017-08-07,3353.18,547.7993399,5631.749802,2379.712455,2518.23,360.08,1196.97,3590.91,2588.9162,2475.417222,1743.24515,1275.575082,649.5346286
2017-08-08,3429.21,533.7601981,5648.989615,2383.980248,2555.21,358.62,1218.94,3656.82,2605.9966,2493.963667,1755.9188,1283.383544,651.8948786
2017-08-09,3340.27,565.52412,5670.658856,2388.254331,2574.19,357.04,1233.48,3700.44,2617.7964,2510.666333,1768.00715,1290.924066,654.1908571
2017-08-10,3425.86,557.6027795,5687.380856,2392.534713,2597.35,357.1,1244.57,3733.71,2633.4518,2529.740889,1780.53585,1298.716813,656.54765
2017-08-11,3605.03,546.0358475,5719.965619,2396.821399,2620.88,357.7,1255.06,3765.18,2651.6844,2550.119444,1793.95215,1307.005247,659.0317071
2017-08-12,3836.53,552.8358849,5744.486501,2401.114399,2656.64,357.87,1271.62,3814.86,2674.264,2572.965667,1808.62115,1315.939973,661.6808214
2017-08-13,4067.56,571.2412683,5748.768406,2405.413718,2697.62,359.13,1289.29,3867.87,2704.2774,2598.934111,1824.4982,1325.551731,664.4916143
2017-08-14,4264.58,535.2311873,5793.683451,2409.719365,2756.65,361.45,1311.94,3935.82,2739.546,2627.134778,1841.2592,1335.709945,667.4410214
2017-08-15,4164.51,521.1772153,5847.513999,2414.031346,2792.48,362.42,1326.64,3979.92,2774.6826,2653.580222,1857.4772,1345.566154,670.3146571
2017-08-16,4321.72,516.3720042,5889.339689,2418.349669,2824.55,362.75,1340.29,4020.87,2810.9708,2680.719111,1874.5144,1355.874038,673.3028786
2017-08-17,4317.75,530.6654101,5890.303062,2422.674341,2871.5,362.51,1361.97,4085.91,2846.0754,2706.982,1891.5407,1366.160797,676.2843214
2017-08-18,4109.91,522.4968612,5931.258192,2427.00537,2895.1,363.01,1374.34,4123.02,2877.1458,2730.481,1907.4902,1375.874286,679.1107643
2017-08-19,4156.41,541.0795677,5943.71395,2431.342762,2923.33,363.39,1389.01,4167.03,2910.68,2754.286778,1923.48805,1385.705824,681.9616
2017-08-20,4120.58,563.7947217,5945.976008,2435.686526,2949.76,363.07,1406.69,4220.07,2944.728,2776.363778,1939.2068,1395.440385,684.7859214
2017-08-21,4011.34,511.3205708,5990.436049,2440.036668,2966.6,362.99,1415.27,4245.81,2974.7664,2796.053889,1954.2514,1404.858874,687.52265
2017-08-22,4067.08,474.7089064,6036.973486,2444.393195,2985.1,363.44,1424.67,4274.01,3004.883,2813.989,1969.52935,1414.431566,690.2923214
2017-08-23,4141.65,488.0919086,6049.897945,2448.756116,3011.7,364.09,1439.45,4318.35,3036.0404,2832.100667,1985.07725,1424.226429,693.1051571
2017-08-24,4218.28,463.8156581,6078.611904,2453.125437,3026.1,364.13,1447.13,4341.39,3068.4068,2851.071444,2001.11235,1434.233516,695.97885
2017-08-25,4355.97,457.2740595,6140.779376,2457.501166,3055.6,365.87,1457.82,4373.46,3103.5596,2871.559556,2017.7767,1444.615989,698.9563143
2017-08-26,4325.22,448.5213885,6175.115101,2461.883311,3071.07,366.1,1466.08,4398.24,3139.9976,2891.723444,2034.1653,1454.933874,701.9172143
2017-08-27,4362.24,501.0625249,6152.293263,2466.271877,3086.57,366.32,1473.76,4421.28,3176.4732,2914.607111,2050.69155,1465.351016,704.8941786
2017-08-28,4351.68,499.6899453,6181.352888,2470.666874,3107.86,366.69,1483.3,4449.9,3213.2342,2935.051667,2067.56755,1475.727115,707.8625214
2017-08-29,4583.64,475.8811088,6189.779035,2475.068308,3145.06,366.53,1502.12,4506.36,3258.3922,2960.464333,2085.49775,1486.737747,710.9906429
2017-08-30,4571.09,513.0836362,6176.446164,2479.476187,3169.6,366.26,1515.23,4545.69,3303.0282,2984.630667,2103.29215,1497.728599,714.1146214
2017-08-31,4730.53,493.7325331,6183.090493,2483.890517,3211.45,366.47,1534.45,4603.35,3350.1584,3010.216778,2121.94035,1509.159396,717.3485571
2017-09-01,4889.45,494.1529505,6208.259328,2488.311308,3247.6,365.77,1552.66,4657.98,3401.0842,3036.109556,2141.38755,1521.024973,720.6960286
2017-09-02,4540.29,515.1912288,6240.423287,2492.738565,3268.89,365.73,1563.69,4691.07,3447.9924,3058.649889,2159.03465,1531.860247,723.7928786
2017-09-03,4589,516.8984126,6244.078085,2497.172296,3284.39,366.83,1570.46,4711.38,3499.0546,3080.084889,2176.92095,1542.811291,726.9207357
2017-09-04,4340.45,505.8612729,6254.677208,2501.612509,3299.65,367.43,1578.85,4736.55,3547.376,3096.592889,2193.45035,1553.076429,729.8573143
2017-09-05,4447.68,524.0658978,6277.303233,2506.059211,3309.29,367.7,1584,4752,3593.0506,3116.066778,2210.39665,1563.621951,732.8603071
2017-09-06,4576.26,532.0894331,6293.221118,2510.51241,3335.33,368.09,1596.01,4788.03,3638.6352,3136.051,2227.9787,1574.502967,735.9419714
2017-09-07,4616.15,546.6376172,6267.314743,2514.972113,3379.98,368.53,1615.07,4845.21,3685.6324,3155.989778,2245.81645,1585.470797,739.0320714
2017-09-08,4310.73,549.0589881,6272.465169,2519.438327,3387.86,368.83,1619.05,4857.15,3716.1746,3172.059,2262.0683,1595.600082,741.8727357
2017-09-09,4309.71,564.9782674,6273.304379,2523.911061,3391.29,369.04,1621.43,4864.29,3749.3936,3187.153556,2278.0582,1605.72522,744.7159857
2017-09-10,4267.62,561.4699535,6279.366209,2528.39032,3402.2,368.51,1627.92,4883.76,3778.3538,3205.284111,2293.72605,1615.793352,747.5310786
2017-09-11,4207.27,562.4136999,6287.371,2532.876113,3405.39,368.72,1631.38,4894.14,3807.0776,3221.913222,2309.20665,1625.683434,750.2911357
2017-09-12,4166.73,573.7825818,6311.453284,2537.368448,3415.68,369.56,1635.77,4907.31,3835.3166,3240.120556,2324.14945,1635.456841,753.0138714
2017-09-13,3908.84,571.5358006,6331.018233,2541.867331,3402.1,369.47,1632.2,4896.6,3862.6884,3256.881556,2337.94845,1644.520247,755.5258286
2017-09-14,3315.38,570.3436489,6332.682506,2546.372771,3384.12,370.36,1625.47,4876.41,3879.1606,3266.156222,2348.6484,1651.96033,757.5968286
2017-09-15,3720.96,560.1929245,6362.624365,2550.884774,3361.51,369.54,1620.14,4860.42,3900.5394,3278.119444,2361.3113,1660.511346,759.9614714
2017-09-16,3708.41,578.0489968,6377.484206,2555.403349,3368.22,369.77,1624.57,4873.71,3919.1942,3291.548667,2373.90195,1669.041044,762.2990357
2017-09-17,3711.08,577.6172394,6392.299303,2559.928502,3371.17,371.05,1625.31,4875.93,3939.2094,3304.169667,2386.36425,1677.562253,764.6073071
2017-09-18,4031.5,668.1462326,6408.336074,2564.460242,3383.74,371.31,1631.26,4893.78,3965.4428,3318.405444,2400.23835,1686.963819,767.0226643
2017-09-19,3927.24,662.8815826,6407.667693,2568.998575,3389.62,371.16,1635.75,4907.25,3986.92,3332.673778,2413.48715,1696.078104,769.4375071
2017-09-20,3949.16,678.671554,6439.631665,2573.543509,3395.83,371.65,1639.06,4917.18,4011.379,3346.626667,2426.9387,1705.290632,771.8308429
2017-09-21,3633.26,679.7984957,6457.119506,2578.095052,3394.21,371.89,1639.82,4919.46,4030.2726,3356.912333,2438.776,1713.635055,773.9124643
2017-09-22,3597.65,676.323906,6494.906299,2582.653212,3391.1,372.59,1641.04,4923.12,4046.5678,3368.365222,2450.39375,1721.863516,775.9132857
2017-09-23,3757.12,688.8343259,6510.843938,2587.217995,3394.39,372.71,1643.27,4929.81,4064.7394,3382.320444,2462.9644,1730.52967,778.0062286
2017-09-24,3676.59,699.5908067,6515.870133,2591.78941,3397.64,373.87,1643.98,4931.94,4073.5552,3396.419444,2475.52935,1738.98739,780.0557643
2017-09-25,3933.37,664.9860676,6541.730104,2596.367463,3410.75,373.46,1659.61,4978.83,4087.2744,3412.264556,2489.20695,1748.135495,782.2822643
2017-09-26,3898.67,664.1454553,6553.623779,2600.952164,3417.51,373.78,1664.73,4994.19,4098.1842,3427.110667,2502.46385,1757.19022,784.4156071
2017-09-27,4176.6,692.4120667,6590.399754,2605.543518,3432.43,374.94,1670.92,5012.76,4113.132,3445.113,2517.47475,1767.00772,786.7104286
2017-09-28,4170.96,680.5724309,6605.55184,2610.141533,3451.45,375.42,1679.97,5039.91,4129.7458,3463.904778,2532.1881,1776.808434,788.9657571
2017-09-29,4169.19,696.7086418,6639.289668,2614.746218,3461.56,376.32,1684.42,5053.26,4144.6124,3483.360444,2546.8187,1786.600632,791.1384
2017-09-30,4319.43,681.8338368,6655.728967,2619.35758,3475.21,376.79,1692.7,5078.1,4158.9004,3503.471667,2562.18915,1796.788269,793.4202357
2017-10-01,4341.26,659.3742079,6654.067012,2623.975626,3489.29,379.73,1697.35,5092.05,4168.995,3523.249556,2577.6549,1807.042143,795.8425643
2017-10-02,4373.33,657.5184964,6671.37685,2628.600363,3507.88,380.5,1707.46,5122.38,4175.1104,3543.133444,2593.64365,1817.380659,798.2220857
2017-10-03,4282.17,683.1315105,6689.786656,2633.231801,3515.3,381.08,1712.27,5136.81,4175.4622,3561.824667,2609.51955,1827.471868,800.5294643
2017-10-04,4213.67,666.4064405,6722.717227,2637.869945,3522.59,382.28,1716.16,5148.48,4176.4454,3579.772889,2625.76985,1837.372088,802.7259571
2017-10-05,4319.09,658.9509253,6754.614702,2642.514804,3533.95,382.26,1727.52,5182.56,4176.3928,3599.948111,2642.1941,1847.561841,805.0746
2017-10-06,4353.62,670.5303805,6769.335649,2647.166386,3545.16,383.44,1733.31,5199.93,4177.1102,3620.116556,2658.7556,1857.828846,807.6057571
2017-10-07,4368.96,683.3629324,6799.693001,2651.824698,3554.81,385.38,1737.64,5212.92,4182.2912,3640.731333,2675.0557,1868.13456,810.2237214
2017-10-08,4589,705.9188211,6794.933417,2656.489747,3570.04,386.8,1745.8,5237.4,4190.943,3665.878667,2692.93705,1879.055357,812.9400071
2017-10-09,4782.83,671.012595,6804.09989,2661.161541,3600.84,388.97,1761.58,5284.74,4204.188,3693.029111,2711.70475,1890.498407,815.7170286
2017-10-10,4801.86,681.8074362,6817.921474,2665.840088,3628.86,389.44,1776,5328,4219.9984,3720.005111,2731.0335,1901.936786,818.4496
2017-10-11,4799.95,673.7228812,6860.033925,2670.525396,3643.92,391.15,1782.51,5347.53,4234.6558,3747.302778,2750.284,1913.37511,821.2517929
2017-10-12,5306.84,660.5646269,6891.490681,2675.217472,3676.23,392.77,1797.41,5392.23,4257.9596,3781.880111,2772.03405,1926.205769,824.4188214
2017-10-13,5576.81,622.9417713,6972.658912,2679.916324,3733.23,393.73,1824.59,5473.77,4285.1302,3821.223667,2794.78815,1939.77261,827.7742214
2017-10-14,5713.02,638.3718194,7002.303934,2684.621959,3763.16,396.32,1837.31,5511.93,4312.2712,3863.319667,2818.15945,1953.713022,831.24575
2017-10-15,5678.24,723.239407,6995.813901,2689.334386,3784.22,398.23,1848.6,5545.8,4339.3316,3902.367333,2841.3713,1967.556648,834.6855714
2017-10-16,5699.44,708.9464232,7030.965619,2694.053611,3815.15,400.89,1865.46,5596.38,4366.0756,3940.171889,2864.7338,1981.460852,838.27175
2017-10-17,5569.45,696.5226077,7073.554949,2698.779643,3838.93,401.35,1879.27,5637.81,4390.431,3976.873667,2887.22255,1995.014231,841.7631
2017-10-18,5538.84,719.7096679,7136.47858,2703.512489,3852.21,402.25,1886.78,5660.34,4409.535,4007.487222,2909.55365,2008.512555,845.3479
2017-10-19,5690.99,706.7486101,7169.592107,2708.252157,3890.8,407.21,1905.27,5715.81,4431.933,4041.289778,2932.58065,2022.425027,848.9245286
2017-10-20,5968.12,723.7636972,7215.832209,2712.998654,3919.34,410.54,1917.57,5752.71,4456.6848,4076.273222,2956.6869,2037.088104,852.7519429
2017-10-21,6061.69,705.6775092,7251.334838,2717.751989,3947.34,413.32,1930.17,5790.51,4480.1296,4112.835556,2981.32085,2051.947363,856.6549357
2017-10-22,5917.19,730.3652868,7242.448525,2722.512169,3981.74,420.1,1947.91,5843.73,4507.6676,4147.973444,3005.2827,2066.414368,860.4425357
2017-10-23,5886.69,710.3726643,7267.818984,2727.279202,4055.17,423.28,1984.22,5952.66,4533.6214,4185.156111,3028.7698,2080.8075,864.1759571
2017-10-24,5513.81,700.5338411,7301.58141,2732.053096,4089.17,424.78,2001.21,6003.63,4557.0886,4218.734333,3050.39305,2094.15706,867.6504357
2017-10-25,5687.52,723.1810492,7289.886062,2736.833857,4099.62,425.54,2009.34,6028.02,4581.8854,4252.462111,3072.94385,2107.941731,871.2283
2017-10-26,5882.42,897.2318533,7330.103749,2741.621495,4122.42,428.27,2019.7,6059.1,4608.0086,4286.981556,3096.3024,2122.232775,874.8957643
2017-10-27,5753.21,825.9133075,7413.42842,2746.416016,4144.38,429.77,2029.97,6089.91,4630.7498,4320.791444,3119.04815,2136.156456,878.4917714
2017-10-28,5746.47,809.4175012,7472.716314,2751.217429,4155.68,432.22,2034.89,6104.67,4659.4646,4354.420778,3141.67935,2149.980962,882.0836643
2017-10-29,6176.35,819.1832116,7502.406139,2756.025741,4176.99,436.26,2044.74,6134.22,4696.7974,4391.342667,3166.47925,2165.030165,885.9752786
2017-10-30,6096.6,814.9017655,7560.204963,2760.84096,4204.52,436.99,2060.19,6180.57,4733.377,4428.791444,3191.09495,2179.854588,889.8039214
2017-10-31,6385.69,821.3804164,7591.324282,2765.663094,4232.34,438.6,2074.5,6223.5,4776.9454,4469.870444,3217.14325,2195.408104,893.8423
2017-11-01,6625.6,803.2745837,7652.059475,2770.49215,4281.24,443.12,2098.74,6296.22,4826.1228,4512.567222,3244.38065,2211.605879,898.0359357
2017-11-02,7077.36,806.640569,7721.824132,2775.328137,4355.78,444.16,2134.55,6403.65,4889.4932,4559.554111,3273.8923,2229.163709,902.5313071
2017-11-03,7192.25,772.700983,7830.44372,2780.171062,4413.12,448.22,2160.62,6481.86,4967.0306,4603.514667,3303.93525,2247.004615,907.0912071
2017-11-04,7420.06,800.3800329,7869.962368,2785.020933,4451.95,451.55,2178.3,6534.9,5041.0126,4649.877444,3335.0219,2265.462692,911.7992929
2017-11-05,7415.74,821.7246957,7866.895543,2789.877758,4498.39,456.28,2202.23,6606.69,5115.1592,4695.017,3366.08725,2283.887418,916.4517143
2017-11-06,7111.97,816.4602909,7906.689455,2794.741544,4538.09,460.29,2219.4,6658.2,5183.177,4735.936556,3395.49265,2301.481209,920.8831143
2017-11-07,7083.39,794.0997476,7959.000821,2799.6123,4569.42,462.2,2237.5,6712.5,5244.2148,4777.526778,3424.6864,2318.993956,925.3634429
2017-11-08,7361.85,797.6935989,8006.313312,2804.490033,4607.12,464.14,2256.37,6769.11,5312.907,4821.26,3455.27535,2337.245,930.0354857
2017-11-09,7152.49,768.6549026,8068.484535,2809.37475,4664.15,470.79,2281.14,6843.42,5376.9736,4860.676222,3484.8142,2354.93989,934.5536429
2017-11-10,6651.11,736.8414461,8140.344218,2814.266461,4703.64,480.93,2299.85,6899.55,5437.3306,4891.949333,3511.8162,2371.243846,938.6990929
2017-11-11,6379.31,676.0863752,8202.914247,2819.165173,4723.75,484.63,2314.44,6943.32,5492.9638,4917.635444,3537.34755,2386.840824,942.62255
2017-11-12,6204.73,541.9641897,8266.840493,2824.070893,4763.33,489.76,2364.19,7092.57,5541.916,4939.192667,3561.88435,2401.963324,946.4516071
2017-11-13,6471.86,592.8646995,8334.738765,2828.983629,4783.33,491.03,2384.32,7152.96,5597.8214,4964.829889,3587.5875,2417.801126,950.48365
2017-11-14,6596.54,629.6244084,8378.976655,2833.90339,4809.2,493.47,2398.7,7196.1,5651.0848,4990.105667,3613.94265,2433.968132,954.6129286
2017-11-15,7236.64,651.3632203,8422.185248,2838.830183,4864.4,494.43,2426.51,7279.53,5717.8442,5022.537778,3643.45875,2451.82033,959.1814214
2017-11-16,7808.01,683.1745021,8460.331696,2843.764016,4930.42,498.38,2461.97,7385.91,5790.4724,5063.627778,3675.766,2471.237775,964.1753214
2017-11-17,7724.36,719.9109001,8451.252257,2848.704897,5025.23,501.37,2509.12,7527.36,5861.5404,5103.271667,3707.37065,2490.41011,969.1255929
2017-11-18,7775.04,743.9735769,8469.881948,2853.652833,5062.39,503.59,2527.92,7583.76,5933.6574,5143.876778,3739.07355,2509.708791,974.1012071
2017-11-19,8025.52,763.7657158,8422.607763,2858.607834,5104.72,506.89,2547.91,7643.73,6007.7792,5188.478778,3772.0554,2529.766566,979.2326214
2017-11-20,8243.48,746.0483008,8449.311741,2863.569906,5162.5,508.9,2580.02,7740.06,6085.8236,5234.883222,3805.6131,2550.394643,984.52825
2017-11-21,8101.38,754.9007032,8499.631823,2868.539057,5235.7,510.4,2616.24,7848.72,6160.3846,5278.880222,3838.5082,2570.592912,989.7260286
2017-11-22,8224.66,753.7879338,8547.567744,2873.515296,5274.8,510.54,2635.59,7906.77,6239.2344,5323.395556,3871.8899,2591.152005,995.0154286
2017-11-23,8137.85,770.285969,8609.616826,2878.49863,5312.4,512.12,2653.78,7961.34,6317.718,5365.416444,3904.91545,2611.492637,1000.249829
2017-11-24,8231.64,752.8972586,8653.271325,2883.489068,5368.6,512.94,2687.07,8061.21,6395.969,5408.821111,3937.90635,2632.090495,1005.571886
2017-11-25,8707.2,770.044946,8678.055822,2888.486616,5437.43,514.93,2721.85,8165.55,6483.0406,5457.098444,3972.84055,2653.999615,1011.218064
2017-11-26,9332.28,775.319384,8730.299956,2893.491284,5521.83,517.16,2762.64,8287.92,6582.307,5512.438444,4010.7018,2677.626538,1017.303
2017-11-27,9638.7,762.4452977,8810.30215,2898.503079,5636.44,523.06,2814,8442,6683.301,5568.605778,4049.71015,2702.094423,1023.656714
2017-11-28,9901.86,757.4739964,8912.394029,2903.522009,5777.52,528.31,2879.81,8639.43,6785.6816,5627.836556,4090.6737,2727.283214,1030.167393
2017-11-29,9840.98,746.8367001,9029.990522,2908.548082,5934.79,530.18,2954.52,8863.56,6886.464,5684.619333,4131.0238,2752.280742,1036.6297
2017-11-30,9841.19,768.026919,9127.579008,2913.581306,6006.41,534.34,2986.26,8958.78,6987.2888,5739.638667,4171.3279,2777.252665,1043.088829
2017-12-01,10828.24,757.535325,9213.649386,2918.621688,6088.06,537.47,3025.41,9076.23,7097.7168,5809.504778,4216.8171,2804.890495,1050.249714
2017-12-02,10968.97,776.3657064,9233.021,2923.669238,6185.07,541.64,3069.97,9209.91,7205.56,5880.393333,4263.02935,2832.931484,1057.504564
2017-12-03,11104.93,773.4480775,9292.881899,2928.723963,6256.84,544.59,3103.12,9309.36,7313.3982,5955.554222,4309.6319,2861.350522,1064.854514
2017-12-04,11480.07,763.085134,9378.905163,2933.78587,6352.04,546.86,3149.2,9447.6,7429.4348,6033.691889,4357.63615,2890.824835,1072.4783
2017-12-05,11750.98,768.2172317,9491.266437,2938.854968,6449.97,548.09,3197.02,9591.06,7550.4656,6113.411,4406.6206,2921.025495,1080.300279
2017-12-06,13352.01,893.5430519,9633.793389,2943.931266,6600.63,547.1,3271.63,9814.89,7706.1168,6210.476111,4463.40565,2955.599973,1089.280007
2017-12-07,16395.79,837.1934625,9807.7854,2949.01477,6994.71,546.11,3481.14,10443.42,7923.2558,6344.754556,4535.31515,2998.534203,1100.44585
2017-12-08,15738.08,745.954173,9981.349821,2954.105489,7298.42,547.6,3627.78,10883.34,8124.1976,6471.736444,4603.3373,3039.660495,1111.180121
2017-12-09,14295.89,790.8307882,10077.64263,2959.203431,7422.92,549.66,3686.65,11059.95,8290.753,6583.161667,4663.6206,3076.815714,1120.905407
2017-12-10,15276.99,810.2628437,10109.6414,2964.308603,7546.34,550.87,3747.01,11241.03,8475.059,6706.158556,4727.74095,3116.675962,1131.326993
2017-12-11,17040.11,813.1401918,10229.14895,2969.421015,7766.41,551.68,3851.32,11553.96,8697.5174,6849.196111,4800.3835,3161.357005,1143.006571
2017-12-12,17209.16,801.8852718,10384.60312,2974.540674,8028.69,550.81,3999.25,11997.75,8923.9668,6996.977444,4873.87475,3206.501209,1154.815257
2017-12-13,16430.78,786.8217792,10497.99023,2979.667588,8233.81,550.48,4103.59,12310.77,9142.3062,7142.704111,4943.46845,3249.508654,1166.0861
2017-12-14,16480.7,779.4221464,10707.71076,2984.801765,8359.82,550.82,4167.01,12501.03,9358.1698,7284.479,5013.3196,3292.653242,1177.418564
2017-12-15,17598.93,774.1295931,10841.06803,2989.943214,8521.51,550.96,4250.04,12750.12,9592.5,7438.818111,5089.8007,3338.866456,1189.510464
2017-12-16,19385.84,797.8080118,10865.52469,2995.091941,8679.9,552.11,4325.38,12976.14,9865.1526,7612.982111,5174.17155,3389.964066,1202.889043
2017-12-17,19339.63,818.0016719,10942.51312,3000.247956,8899.19,554.17,4435.77,13307.31,10137.0158,7783.072444,5259.3872,3440.934753,1216.257129
2017-12-18,18785.69,927.7476933,11046.21451,3005.411267,9041.03,556.16,4505.03,13515.09,10389.2026,7948.166333,5341.33505,3490.378379,1229.224971
2017-12-19,17541.55,852.671533,11265.82249,3010.581881,9160.59,558.15,4564.79,13694.37,10618.1016,8099.192889,5416.9039,3536.388929,1241.306871
2017-12-20,16711.73,765.3541582,11459.03539,3015.759806,9287.65,559.91,4650.31,13950.93,10824.6224,8244.509222,5487.66705,3580.036044,1252.797807
2017-12-21,15381.4,693.0583452,11662.04041,3020.945051,9350.49,561.37,4683.1,14049.3,10999.7384,8375.439778,5552.01575,3619.926429,1263.382014
2017-12-22,14345.45,662.8900226,11809.55118,3026.137624,9348.66,563.38,4692.82,14078.46,11145.1002,8493.087889,5610.44375,3656.835632,1273.218171
2017-12-23,15814.03,723.4707187,11895.73363,3031.337533,9403.06,567.07,4718.4,14155.2,11317.5358,8627.948333,5675.24025,3697.829286,1284.081514
2017-12-24,14283.52,807.8820253,11856.9319,3036.544786,9428.87,567.17,4737.6,14212.8,11454.805,8742.95,5733.1827,3734.622912,1293.851529
2017-12-25,14275.57,828.6498281,11820.82801,3041.759391,9475.46,575.79,4750.14,14250.42,11592.0016,8858.248889,5790.67215,3771.367363,1303.658679
2017-12-26,15774.86,834.3241982,11808.57141,3046.981357,9571.57,588.7,4786.45,14359.35,11765.2594,8987.118444,5855.43815,3812.144203,1314.540829
2017-12-27,15198.38,832.2302042,11861.88974,3052.210691,9819.51,621.44,4850.7,14552.1,11927.5592,9109.645333,5917.10755,3851.239588,1324.978714
2017-12-28,14041.25,826.353149,11911.95391,3057.447401,9903.92,637.75,4864.26,14592.78,12061.1472,9219.334889,5972.5578,3887.160852,1334.589207
2017-12-29,14437.45,850.2962793,11998.64766,3062.691496,9986.15,646.92,4893.47,14680.41,12206.8464,9331.757333,6031.5657,3924.198489,1344.5106
2017-12-30,13150.24,823.7492965,12120.77372,3067.942985,10089.26,660.11,4925.16,14775.48,12336.829,9429.634889,6083.76365,3957.67533,1353.49855
2017-12-31,13960.52,937.7576583,12101.95842,3073.201874,10127.97,671.09,4932.18,14796.54,12488.4532,9536.159222,6140.9259,3993.283379,1363.0745
2018-01-01,13506.63,925.0725385,12019.96345,3078.468172,10158.85,679.59,4934.7,14804.1,12634.4912,9638.653222,6196.4573,4027.60772,1372.238964
2018-01-02,14835.27,885.5332943,12085.59333,3083.741888,10257.45,693.51,4966.54,14899.62,12801.7594,9756.671,6258.23035,4065.549588,1382.354007
2018-01-03,14945.38,830.503513,12288.17082,3089.02303,10332.39,699.15,4998.01,14994.03,12968.7362,9874.740889,6319.7359,4103.545604,1392.550207
2018-01-04,14913.55,842.39877,12544.19523,3094.311605,10441.56,709.24,5039.92,15119.76,13122.2744,9992.073444,6381.80475,4141.856786,1402.724886
2018-01-05,16851.53,824.3231011,12755.00759,3099.607622,10614,727.29,5102.02,15306.06,13303.1448,10130.76867,6453.18645,4185.705934,1414.311129
2018-01-06,16829.33,867.6553144,12856.15505,3104.91109,10790.83,743.4,5163.61,15490.83,13485.2442,10266.77233,6523.5817,4229.481566,1425.88885
2018-01-07,16333.65,862.583271,13018.09488,3110.222016,10916.82,752.29,5244.13,15732.39,13656.4164,10395.11478,6592.0345,4271.853242,1437.0986
2018-01-08,14893.38,859.9313552,13143.71813,3115.540408,10940.05,758.59,5250.23,15750.69,13793.7736,10507.24278,6653.0344,4310.314286,1447.288086
2018-01-09,14338.82,844.7188893,13318.88096,3120.866275,10994.25,766.49,5268.61,15805.83,13915.6804,10613.23022,6711.19075,4347.220467,1457.076029
2018-01-10,14427.53,857.127167,13451.09549,3126.199626,11027.3,772.04,5282.79,15848.37,14042.2034,10714.57122,6770.49395,4384.692885,1466.927871
2018-01-11,13337.97,890.3615342,13422.75574,3131.540468,11052.89,777.6,5301.91,15905.73,14144.4696,10800.80633,6824.67805,4419.093571,1475.996064
2018-01-12,13699.2,898.3798218,13372.95144,3136.888809,11090.13,787.42,5320.34,15961.02,14255.6966,10889.54167,6881.13565,4454.463544,1485.331579
2018-01-13,14255.45,1045.29102,13368.58787,3142.244658,11125.87,793.24,5337.52,16012.56,14376.1728,10984.844,6939.87635,4491.360385,1495.060536
2018-01-14,13508.2,1083.514497,13283.67606,3147.608023,11154.15,803.3,5346.24,16038.72,14472.1928,11071.608,6994.60475,4526.228654,1504.255693
2018-01-15,13817.3,1040.914815,13292.12593,3152.978913,11182.39,810.25,5355.15,16065.45,14561.8932,11163.25078,7050.9093,4561.903984,1513.680629
2018-01-16,11065.67,1014.566604,13326.67231,3158.357335,11132.95,816.32,5337.68,16013.04,14590.4326,11224.66,7093.83915,4589.825385,1521.148214
2018-01-17,11115.03,1006.527224,13337.85415,3163.743298,11059.91,819.88,5317.24,15951.72,14614.696,11284.92711,7137.3234,4617.965302,1528.650921
2018-01-18,11141.43,1021.472463,13339.08544,3169.13681,11063.39,825.54,5315.27,15945.81,14640.705,11342.40833,7180.48345,4646.09522,1536.1908
2018-01-19,11357.64,1069.297333,13171.33935,3174.53788,11068.69,833.56,5314.56,15943.68,14671.034,11401.25222,7224.4654,4674.840165,1543.895593
2018-01-20,12836.61,1122.378514,13045.3074,3179.946515,11106.39,845.85,5321.36,15964.08,14711.2014,11478.13467,7275.72955,4707.570962,1552.661936
2018-01-21,11330.31,1160.692047,12845.89242,3185.362725,11099.6,850.63,5317.71,15953.13,14718.4282,11538.61933,7319.3813,4736.170385,1560.353964
2018-01-22,10549.66,1164.466731,12728.14199,3190.786517,11074.31,856.41,5309.47,15928.41,14707.3228,11594.57322,7359.13795,4762.620632,1567.472007
2018-01-23,11081.26,1172.559645,12629.89091,3196.217899,11042.29,860.43,5298.2,15894.6,14699.3466,11654.50367,7402.02765,4790.583626,1574.970421
2018-01-24,11140.56,1186.287356,12540.22426,3201.656881,11048.07,869.25,5296.98,15890.94,14687.1382,11712.92744,7445.03815,4818.738599,1582.512307
2018-01-25,11208.03,1409.1322,12485.92603,3207.10347,11051.94,873.91,5299.23,15897.69,14644.2586,11773.53656,7488.51015,4847.023352,1590.17845
2018-01-26,10868.91,1396.398472,12426.42177,3212.557674,11085.47,883.59,5309.96,15929.88,14533.721,11830.45256,7531.226,4874.353022,1597.58455
2018-01-27,11468.28,1452.184639,12408.19465,3218.019503,11102.46,891.09,5313.72,15941.16,14448.325,11889.25178,7576.87095,4903.347527,1605.424757
2018-01-28,11740.81,1434.308211,12374.82618,3223.488964,11152.08,896.42,5340.07,16020.21,14397.2234,11951.96522,7623.7049,4933.095659,1613.481821
2018-01-29,11138.81,1434.137003,12364.04174,3228.966065,11157.79,904.14,5339.39,16018.17,14314.4598,12004.77767,7667.68315,4961.169286,1621.112943
2018-01-30,10131.19,1453.999217,12305.30611,3234.450816,11110.57,909.41,5319.06,15957.18,14176.2814,12043.72867,7707.3647,4986.373544,1628.007221
2018-01-31,9994.76,1416.470139,12317.44207,3239.943224,11087.94,916.51,5309.2,15927.6,14031.9934,12076.14422,7747.15905,5011.148077,1634.832614
2018-02-01,9095.86,1382.518518,12323.02839,3245.443298,11028.13,918.85,5293.8,15881.4,13885.295,12097.29544,7783.01645,5033.382802,1641.007543
2018-02-02,7165.13,1353.618359,12257.04434,3250.951047,10873.29,925.88,5227.31,15681.93,13698.9836,12094.46289,7808.02235,5050.288407,1645.802829
2018-02-03,9129.56,1451.540887,12193.27688,3256.466477,10869.34,933.85,5222.44,15667.32,13529.5962,12113.50533,7842.185,5072.534258,1651.99305
2018-02-04,8300.45,1457.546045,12070.51329,3261.989599,10826.08,942.06,5230.13,15690.39,13307.8884,12126.71067,7872.3558,5092.559505,1657.595179
2018-02-05,7169.48,1461.974312,11897.2105,3267.520421,10731.77,946.26,5204.75,15614.25,13064.4854,12127.66722,7894.2851,5109.445165,1662.395486
2018-02-06,7662.5,1568.871857,11774.45567,3273.05895,10615.56,949.45,5172.45,15517.35,12842.0216,12131.00778,7919.3538,5127.618242,1667.544929
2018-02-07,7682.96,1579.458186,11696.90621,3278.605195,10593.68,952.98,5163.17,15489.51,12644.8498,12136.90189,7943.67055,5145.821456,1672.717093
2018-02-08,8233.98,1652.944016,11587.12923,3284.159165,10573.34,962.43,5155.27,15465.81,12475.2948,12154.48933,7970.98505,5165.759643,1678.334036
2018-02-09,8531.35,1606.051877,11521.98963,3289.720868,10556.15,967.31,5144.67,15434.01,12338.2938,12178.40089,7999.8679,5186.456758,1684.125421
2018-02-10,8518.34,1621.4247,11431.86188,3295.290312,10566.69,972.08,5146.13,15438.39,12221.7516,12204.10767,8029.75835,5207.077995,1689.907721
2018-02-11,8302.25,1647.266263,11246.42178,3300.867507,10567.85,977.23,5143.32,15429.96,12071.516,12224.44533,8058.81075,5227.136676,1695.540486
2018-02-12,8913.42,1635.017817,11050.05709,3306.45246,10588.63,982.49,5146.25,15438.75,11964.114,12250.18844,8090.11775,5248.876813,1701.578771
2018-02-13,8527.34,1695.278296,10887.2005,3312.04518,10581.17,985.89,5140.48,15421.44,11849.1494,12264.52956,8118.8761,5269.526456,1707.296086
2018-02-14,9446.19,1643.323995,10682.43889,3317.645675,10602.53,989.38,5148.02,15444.06,11722.576,12282.73156,8152.55545,5292.698022,1713.666129
2018-02-15,10099.54,1638.917567,10605.33446,3323.253953,10631.07,991.71,5167.78,15503.34,11620.5992,12309.12244,8189.454,5317.601786,1720.523943
2018-02-16,10200.59,1672.790015,10502.54609,3328.870025,10655.04,996.15,5176.44,15529.32,11543.786,12336.073,8226.19005,5342.717637,1727.465443
2018-02-17,11074.6,1647.13659,10386.42805,3334.493897,10687.45,1000.27,5187.12,15561.36,11476.529,12369.95167,8267.932,5370.230687,1735.016014
2018-02-18,10471.06,1674.158246,10269.91301,3340.125578,10718.67,1006.27,5195.67,15587.01,11422.9454,12394.70256,8306.8444,5396.116566,1742.1371
2018-02-19,11123.15,1648.703098,10113.13591,3345.765077,10755.86,1009.36,5209.26,15627.78,11366.198,12428.27778,8348.5457,5423.761593,1749.727457
2018-02-20,11347.32,1741.645009,10079.98741,3351.412402,10809.98,1013.45,5233.95,15701.85,11323.0118,12462.974,8391.0396,5451.881346,1757.483214
2018-02-21,10457,1734.768966,10070.11212,3357.067561,10820.3,1014.75,5240.21,15720.63,11235.4464,12488.74233,8427.1456,5477.493846,1764.602821
2018-02-22,9897.47,1744.817813,10090.77141,3362.730565,10858.57,1027.45,5308.93,15926.79,11134.4882,12507.25156,8460.3959,5501.632088,1771.313643
2018-02-23,10118.07,1700.216225,10033.03533,3368.40142,10898.09,1041.26,5311.77,15935.31,11038.5786,12522.92789,8494.22035,5526.192253,1778.207479
2018-02-24,9662.37,1679.14087,9879.623146,3374.080135,10908.12,1045.68,5312.94,15938.82,10894.7954,12526.59556,8525.38615,5549.580522,1784.779543
2018-02-25,9605.77,1754.835882,9877.2981,3379.766719,10906.22,1048.95,5311.16,15933.48,10750.3242,12526.22967,8556.71365,5572.740907,1791.326593
2018-02-26,10293.2,1747.461476,9854.287493,3385.46118,10912.33,1050.84,5313.92,15941.76,10629.5152,12530.57789,8591.05035,5597.754148,1798.364586
2018-02-27,10688.46,1724.591758,9865.390783,3391.163528,10933.64,1053.28,5324.43,15973.29,10545.4168,12539.99433,8626.4675,5623.848049,1805.679157
2018-02-28,10522.72,1733.682163,9781.875825,3396.87377,10933.22,1044.51,5340.16,16020.48,10469.0948,12547.56689,8659.89845,5649.408764,1812.874779
2018-03-01,10949.78,1752.859213,9726.951396,3402.591915,10944.7,1048.08,5346.38,16039.14,10399.5398,12548.91733,8694.30955,5676.038159,1820.367371
2018-03-02,11025.98,1770.473972,9719.025579,3408.317971,10967.75,1051.82,5355.21,16065.63,10353.3,12549.55078,8728.11655,5702.819753,1827.921007
2018-03-03,11410.49,1786.917366,9479.383848,3414.051948,10984.57,1054.32,5362.14,16086.42,10307.5258,12552.94589,8764.34645,5730.708874,1835.757171
2018-03-04,11459.99,1765.168597,9291.244843,3419.793854,11001.95,1056.02,5371.78,16115.34,10251.6166,12552.72278,8800.0378,5758.71489,1843.630379
2018-03-05,11588.13,1920.426443,9142.809638,3425.543697,11047.77,1058.12,5391.87,16175.61,10213.2152,12550.91333,8836.3897,5787.050137,1851.599564
2018-03-06,10694.91,1941.862941,8999.503021,3431.301486,11059.39,1060.67,5396.64,16189.92,10150.7674,12521.39,8869.3147,5813.016951,1858.932
2018-03-07,9935.86,1944.351747,8809.641442,3437.067229,11040.44,1063.88,5386.97,16160.91,10128.1712,12449.613,8898.21195,5837.116566,1865.712071
2018-03-08,9330.9,1932.342367,8585.336099,3442.840936,11031.31,1071.76,5377.17,16131.51,10092.4886,12378.42211,8924.26355,5859.46011,1872.063429
2018-03-09,9236.99,1969.148847,8431.782307,3448.622615,10961.92,1080.85,5344.94,16034.82,10054.3998,12322.21211,8950.3918,5881.409835,1878.337986
2018-03-10,8803.84,1935.838153,8211.500237,3454.412274,10955.8,1086.01,5339.92,16019.76,10003.3238,12250.28822,8974.0756,5902.36978,1884.301307
2018-03-11,9526.92,1926.443639,7931.063096,3460.209922,10954.69,1089.36,5340.89,16022.67,9937.13,12166.80833,9001.00195,5925.168214,1890.793179
2018-03-12,9138.26,1958.204531,7754.006686,3466.015568,10962.4,1102,5339.31,16017.93,9893.289,12077.13167,9025.60185,5946.858297,1897.004457
2018-03-13,9147.18,1943.955891,7629.571326,3471.82922,10951.56,1107.42,5335.31,16005.93,9865.2394,11996.20278,9049.5579,5968.566648,1903.224693
2018-03-14,8223.4,1926.695314,7641.188474,3477.650887,10931.19,1115.21,5323.45,15970.35,9808.0822,11904.455,9069.0488,5987.729533,1908.779886
2018-03-15,8267.39,1927.108755,7656.288839,3483.480578,10910.39,1125.29,5312.74,15938.22,9750.6188,11800.77122,9088.57455,6007.212527,1914.366214
2018-03-16,8509.42,1974.138281,7684.229007,3489.318301,10897.73,1134,5306.15,15918.45,9696.6466,11679.92211,9109.36325,6027.548874,1920.125086
2018-03-17,7910.54,1943.88722,7708.779686,3495.164065,10897.12,1147.02,5299.64,15898.92,9637.4792,11552.93222,9125.99775,6046.633846,1925.453521
2018-03-18,8201.3,2055.204348,7722.171334,3501.017879,10881.08,1156.69,5291.7,15875.1,9572.1396,11435.32789,9144.1488,6066.323571,1930.992386
2018-03-19,8511.3,2076.149045,7728.091749,3506.879751,10880.76,1161.43,5291.72,15875.16,9507.5494,11334.99178,9163.05265,6086.845495,1936.752057
2018-03-20,8915.9,2028.980036,7749.588508,3512.74969,10879.34,1166.4,5290.06,15870.18,9463.0912,11248.37144,9183.1849,6108.293187,1942.771407
2018-03-21,8873.61,2049.23581,7767.323524,3518.627705,10894.97,1178.49,5292.66,15877.98,9437.9396,11176.06267,9204.8515,6129.889011,1948.757329
2018-03-22,8708.87,2037.48344,7769.685902,3524.513804,10917.02,1205.35,5288.43,15865.29,9412.2218,11113.434,9225.45085,6150.986758,1954.600693
2018-03-23,8711.45,2036.914359,7748.986074,3530.407997,10933.15,1224.18,5284.54,15853.62,9404.5336,11034.51644,9247.30585,6172.347582,1960.449543
2018-03-24,8623.88,2059.363283,7723.885517,3536.310291,10947.43,1233.7,5288,15864,9433.7086,10971.63156,9268.18685,6193.430082,1966.233029
2018-03-25,8595.88,2105.153076,7726.145682,3542.220696,10936.91,1239.01,5281.78,15845.34,9423.035,10908.52389,9288.28495,6214.416484,1971.964307
2018-03-26,8174.66,2039.729701,7716.890793,3548.13922,10909,1244.41,5269.85,15809.55,9420.5192,10824.07722,9306.0775,6234.055687,1977.385579
2018-03-27,7927.86,2039.554658,7690.72345,3554.065873,10892.75,1246.48,5263.95,15791.85,9435.6868,10743.29367,9324.16315,6252.981786,1982.639264
2018-03-28,7947.73,2100.403968,7692.457324,3560.000662,10875.75,1251.21,5255.94,15767.82,9441.3914,10675.58789,9342.35325,6271.970412,1987.901443
2018-03-29,7155.45,2039.881728,7710.661428,3565.943597,10834.19,1255.87,5240.53,15721.59,9430.8412,10594.67678,9356.7924,6288.806978,1992.603464
2018-03-30,6826.63,2043.090722,7743.033183,3571.894686,10788.01,1260.47,5222.77,15668.31,9402.6942,10524.41444,9369.8892,6304.617225,1997.036307
2018-03-31,6931.09,2059.411787,7729.414929,3577.853938,10783.89,1273.23,5219.69,15659.07,9370.689,10446.30967,9383.711,6320.711923,2001.539643
2018-04-01,6804.1,2115.108069,7741.620197,3583.821362,10772.08,1290.91,5211.57,15634.71,9336.4042,10371.83711,9398.1873,6336.422115,2005.951514
2018-04-02,7013.81,2124.576491,7762.53128,3589.796967,10763.25,1300.82,5207.2,15621.6,9310.6354,10284.932,9416.67945,6352.540082,2010.487464
2018-04-03,7421.72,2108.20208,7764.150175,3595.780761,10756.97,1309.2,5203.77,15611.31,9280.8014,10201.33578,9435.18325,6369.811566,2015.309893
2018-04-04,6766.14,2120.085902,7778.706812,3601.772753,10743.24,1325.14,5195.59,15586.77,9245.5774,10110.809,9450.4719,6385.309698,2019.6834
2018-04-05,6799.85,2107.761309,7792.530952,3607.772953,10721.8,1336.82,5186.89,15560.67,9192.6506,9999.123667,9465.91575,6400.723379,2024.067314
2018-04-06,6610.95,2107.480661,7807.157801,3613.781368,10702.6,1347.75,5176.83,15530.49,9122.8788,9885.586111,9478.813,6415.618407,2028.325686
2018-04-07,6918.15,2132.173738,7785.70073,3619.798008,10691.8,1357.24,5173.25,15519.75,9057.23,9780.969444,9493.76755,6431.389808,2032.798686
2018-04-08,7007.6,2138.383227,7809.822598,3625.822881,10685.44,1367.32,5171.89,15515.67,8975.89,9693.349667,9509.05975,6447.31533,2037.335043
2018-04-09,6709.86,2108.472465,7802.637239,3631.855997,10673.2,1379.83,5163.97,15491.91,8900.666,9608.583444,9524.44275,6462.441154,2041.664357
2018-04-10,6832.21,2110.536067,7813.522905,3637.897363,10656.16,1383.71,5158.91,15476.73,8814.8472,9524.191,9540.61555,6477.858681,2046.081271
2018-04-11,6925.21,2123.451338,7820.018039,3643.94699,10653.83,1406.89,5155.78,15467.34,8726.405,9452.938111,9556.456,6493.542308,2050.583114
2018-04-12,7854.43,2136.152625,7818.539409,3650.004886,10663.32,1423.82,5156.67,15470.01,8674.3536,9387.996222,9577.3452,6511.896621,2055.784964
2018-04-13,7937.94,2097.227738,7850.575581,3656.071059,10693.13,1437.75,5166,15498,8635.163,9317.801667,9597.36805,6530.473297,2061.032779
2018-04-14,8039.27,2402.607812,7872.433543,3662.145519,10706.57,1458.26,5165.74,15497.22,8593.587,9257.035778,9618.07105,6549.32261,2066.370621
2018-04-15,8323.93,2306.223907,7855.317538,3668.228274,10720.84,1475.86,5168.09,15504.27,8566.8182,9195.998333,9638.8077,6568.962445,2071.898936
2018-04-16,8036.98,2349.094125,7761.833824,3674.319333,10726.8,1497.54,5167.53,15502.59,8535.4424,9162.346222,9658.1378,6587.790247,2077.218879
2018-04-17,7873.12,2346.662942,7775.978648,3680.418706,10735.29,1524.55,5167.16,15501.48,8487.0408,9126.325,9676.65745,6606.115495,2082.40915
2018-04-18,8159.4,2304.561072,7801.231362,3686.526401,10735.06,1534.33,5168.79,15506.37,8436.4596,9093.191333,9695.8573,6625.22739,2087.803029
2018-04-19,8276.73,2305.066415,7835.374889,3692.642426,10727.21,1551.88,5184.71,15554.13,8391.5398,9058.959,9715.53465,6644.584093,2093.291607
2018-04-20,8815.77,2294.84215,7873.815734,3698.766792,10740.64,1574.44,5190.94,15572.82,8348.8596,9014.283,9737.74685,6665.383901,2099.165036
2018-04-21,8812.75,2344.262361,7856.779698,3704.899506,10752.25,1586.77,5198.36,15595.08,8304.595,8986.310111,9760.39975,6686.177005,2105.037221
2018-04-22,8816.19,2308.640145,7888.366494,3711.040578,10758.37,1598.29,5202.86,15608.58,8252.709,8967.049333,9783.41235,6706.977747,2110.905979
2018-04-23,8915.86,2313.74163,7919.292664,3717.190017,10776.54,1618.9,5209.49,15628.47,8201.8264,8942.989333,9806.3962,6728.035852,2116.853979
2018-04-24,9572.15,2273.585789,7923.227977,3723.347831,10796.95,1625.83,5220.88,15662.64,8161.5068,8925.562556,9832.48885,6750.835604,2123.281371
2018-04-25,9115.79,2273.956407,7914.205616,3729.514029,10810.01,1641.53,5227.26,15681.78,8129.9244,8902.315444,9856.223,6772.31478,2129.392414
2018-04-26,9214.02,2247.545647,7921.243256,3735.688621,10806.15,1659.74,5236.7,15710.1,8115.4876,8883.927778,9879.3481,6793.970797,2135.561471
2018-04-27,9019.22,2370.519888,7946.223767,3741.871616,10810.33,1688.42,5238.68,15716.04,8109.254,8856.716,9900.53005,6815.107363,2141.575307
2018-04-28,9335.98,2382.356607,7969.507416,3748.063021,10816.35,1729.78,5241.56,15724.68,8111.2338,8829.995667,9923.20065,6837.092418,2147.821871
2018-04-29,9405.87,2417.584159,7994.016913,3754.262847,10816.78,1746.36,5243.88,15731.64,8123.2744,8810.740778,9946.23025,6859.233379,2154.111779
2018-04-30,9223.89,2414.822427,8008.134704,3760.471102,10814.44,1762.98,5248.51,15745.53,8117.2138,8800.659667,9965.8155,6880.718159,2160.245921
2018-05-01,9092.06,2459.787471,8059.792462,3766.687796,10808.17,1785.88,5248.59,15745.77,8116.2898,8790.629667,9983.39175,6901.755522,2166.279843
2018-05-02,9223.28,2514.867467,8032.329945,3772.912937,10798.26,1799.8,5259.48,15778.44,8117.8118,8792.045444,10000.94305,6923.167967,2172.403579
2018-05-03,9745.35,2448.235007,8058.777914,3779.146533,10799.21,1814.56,5265.31,15795.93,8148.2508,8820.714556,10021.2786,6945.73228,2178.902086
2018-05-04,9671.86,2478.972731,8077.656195,3785.388596,10803.28,1838.17,5273.17,15819.51,8176.3402,8826.740111,10041.1407,6968.121016,2185.361271
2018-05-05,9798.02,2460.007124,8083.417743,3791.639132,10797.97,1865.7,5278.01,15834.03,8202.1122,8843.379778,10062.28355,6990.785027,2191.909371
2018-05-06,9577.45,2490.336879,8092.074879,3797.898152,10759.51,1936.9,5279.29,15837.87,8235.4504,8870.135,10082.4766,7012.885879,2198.299093
2018-05-07,9333.71,2452.385536,8069.933582,3804.165663,10712.43,2003.32,5279.58,15838.74,8258.0986,8888.704,10100.6902,7034.040412,2204.5204
2018-05-08,9221.75,2503.863011,8075.783594,3810.441677,10687.55,2037.63,5279.45,15838.35,8272.3076,8905.801667,10116.95835,7054.648626,2210.661314
2018-05-09,9308.7,2461.762457,8096.238089,3816.7262,10666.96,2061.53,5284.17,15852.51,8280.1636,8917.743,10133.1934,7075.386731,2216.866929
2018-05-10,9097.71,2513.156009,8115.07472,3823.019243,10638.47,2095.9,5288.46,15865.38,8284.6456,8924.035889,10149.096,7095.333654,2222.924729
2018-05-11,8421.18,2513.895791,8073.845197,3829.320814,10559.24,2167.61,5283.68,15851.04,8278.8918,8922.956333,10161.76845,7113.773297,2228.487214
2018-05-12,8495.41,2570.867309,8076.000606,3835.630923,10471.48,2269.25,5281.87,15845.61,8274.571,8925.102556,10176.67645,7132.24706,2234.10095
2018-05-13,8712.61,2542.959649,8084.901687,3841.949578,10431.95,2314.88,5281.92,15845.76,8276.3456,8922.871333,10191.8019,7151.291676,2239.874721
2018-05-14,8670.47,2521.16711,8090.173327,3848.276789,10373.36,2344.93,5308.67,15926.01,8277.8374,8924.461667,10205.74215,7170.357802,2245.625129
2018-05-15,8495.75,2540.01942,8098.581719,3854.612565,10298.9,2413.92,5309.85,15929.55,8284.2592,8913.901222,10219.45485,7188.954588,2251.247936
2018-05-16,8316.24,2609.233781,8112.316361,3860.956914,10153.54,2534.39,5302.94,15908.82,8292.0268,8894.086778,10232.3037,7206.899148,2256.747443
2018-05-17,8044.28,2493.353043,8084.434411,3867.309846,10082.37,2567.6,5325.3,15975.9,8293.9578,8870.127778,10241.64335,7223.836126,2262.046157
2018-05-18,8227.63,2480.977717,8064.919322,3873.67137,10031.94,2598.28,5319.65,15958.95,8315.4014,8838.494778,10252.2985,7241.071126,2267.471714
2018-05-19,8224.61,2533.68017,8070.973779,3880.041496,9982.5,2647.54,5321.39,15964.17,8343.361,8813.534222,10261.4931,7258.18544,2272.896929
2018-05-20,8516.04,2539.7808,8100.794837,3886.420231,9952.69,2680.49,5322.47,15967.41,8375.06,8784.566333,10270.9453,7276.048489,2278.531964
2018-05-21,8413.03,2550.773462,8091.633774,3892.807585,9929.65,2710.89,5324.86,15974.58,8407.2386,8751.963111,10277.62365,7293.299533,2284.096814
2018-05-22,8016.94,2589.806662,8105.414154,3899.203569,9900.43,2733.51,5322.05,15966.15,8427.3012,8724.851333,10281.7471,7309.172363,2289.380343
2018-05-23,7505.59,2536.435991,8112.335608,3905.608189,9852.58,2758.63,5316.67,15950.01,8428.9786,8698.274889,10282.17475,7323.053324,2294.298536
2018-05-24,7587.03,2632.554081,8142.909985,3912.021456,9812.68,2775.27,5314.85,15944.55,8445.3964,8670.152222,10283.0312,7336.996813,2299.286436
2018-05-25,7417.37,2654.922232,8152.404863,3918.443379,9774.73,2800.56,5310.27,15930.81,8457.7468,8645.207778,10284.5582,7350.476099,2304.154143
2018-05-26,7329.4,2646.945053,8174.136335,3924.873967,9730.87,2843.8,5308.24,15924.72,8472.1158,8619.914778,10285.78825,7363.710604,2308.964379
2018-05-27,7333.12,2651.19294,8195.182543,3931.31323,9696.68,2873.44,5305.43,15916.29,8480.4152,8587.025,10285.6446,7376.959643,2313.779643
2018-05-28,7107.25,2670.797052,8172.218395,3937.761175,9645.89,2905.43,5297.7,15893.1,8482.4082,8547.233778,10285.4184,7390.158929,2318.434843
2018-05-29,7437.02,2632.978172,8173.204592,3944.217813,9572.85,3001.15,5293.51,15880.53,8496.9514,8512.948222,10289.34795,7403.69011,2323.329586
2018-05-30,7354.2,2709.666767,8185.458835,3950.683153,9513.27,3069.44,5292.43,15877.29,8507.3912,8472.997333,10294.2224,7417.58489,2328.181079
2018-05-31,7484.83,2649.376325,8181.880013,3957.157203,9476.94,3100.75,5289.57,15868.71,8518.5836,8433.651222,10300.6229,7431.564863,2333.11165
2018-06-01,7505.36,2543.152696,8233.000998,3963.639974,9431.81,3139.24,5286.56,15859.68,8511.6022,8390.260889,10305.7904,7445.514258,2338.044879
2018-06-02,7624.59,2547.712965,8241.79072,3970.131474,9405.51,3163.61,5286.84,15860.52,8505.3352,8347.645333,10310.93065,7459.43044,2343.069064
2018-06-03,7678.93,2533.710985,8250.174686,3976.631712,9369.81,3199.72,5287.69,15863.07,8498.1284,8304.209778,10313.1421,7473.626236,2348.136343
2018-06-04,7497.26,2543.665727,8216.371316,3983.140698,9316.74,3240.78,5285.18,15855.54,8481.595,8268.680333,10311.58835,7486.915824,2353.071357
2018-06-05,7596.35,2936.9665,8219.942339,3989.658441,9259.57,3277.12,5280.93,15842.79,8472.7824,8242.685778,10310.9483,7499.942253,2358.082829
2018-06-06,7663.27,2897.690936,8225.367984,3996.184949,9109.91,3399.55,5279.9,15839.7,8468.5854,8224.156556,10310.38945,7513.591264,2363.140871
2018-06-07,7669.05,2894.900193,8232.362516,4002.720234,9046.4,3452.83,5279.16,15837.48,8458.7784,8206.735,10308.6071,7527.029093,2368.200657
2018-06-08,7618.71,2929.755586,8248.205456,4009.264303,8998.59,3486.11,5276.17,15828.51,8445.618,8193.566889,10305.48325,7540.207802,2373.222236
2018-06-09,7591.05,2918.311757,8258.337111,4015.817165,8967.25,3508.13,5274.57,15823.71,8421.1236,8172.057222,10302.9316,7553.19283,2378.22395
2018-06-10,6718.01,2897.889043,8260.133158,4022.378831,8898.19,3541.03,5264.12,15792.36,8379.2288,8145.165556,10295.39835,7563.541209,2382.60125
2018-06-11,6786.01,2928.918514,8271.444842,4028.94931,8824.28,3572.02,5251.78,15755.34,8338.6252,8118.930333,10288.63915,7574.942692,2387.039086
2018-06-12,6527.65,2893.40492,8264.088789,4035.52861,8772.61,3595.52,5244.49,15733.47,8290.861,8100.088667,10280.1192,7585.428956,2391.295679
2018-06-13,6303.71,2908.454983,8250.39065,4042.11674,8686.39,3618,5228.15,15684.45,8225.4922,8078.27,10268.10175,7595.801593,2395.405486
2018-06-14,6629.29,2942.685823,8262.352585,4048.713711,8638.63,3643.57,5223.17,15669.51,8175.7622,8057.379667,10254.5868,7607.41956,2399.779521
2018-06-15,6421.68,2893.286293,8268.079894,4055.319532,8592.86,3672.12,5218.09,15654.27,8119.9154,8040.836778,10238.5017,7618.246538,2404.008171
2018-06-16,6490.03,2905.353714,8293.820868,4061.934212,8563.47,3701.43,5215.75,15647.25,8069.3316,8021.822667,10221.44255,7628.811813,2408.269457
2018-06-17,6464.28,2930.60363,8306.537414,4068.557759,8535.42,3721.45,5213.11,15639.33,8011.8976,7999.078,10204.55905,7639.703297,2412.530329
2018-06-18,6689.49,2903.556751,8310.880477,4075.190184,8505.08,3735.71,5208.67,15626.01,7957.57,7974.340111,10188.80055,7651.006319,2416.969964
2018-06-19,6740.13,2884.674402,8276.073704,4081.831496,8474.67,3756.77,5206.4,15619.2,7907.8948,7950.634778,10168.36,7661.967445,2421.434343
2018-06-20,6752.45,2758.825759,8282.119322,4088.481704,8447.35,3772.17,5203.54,15610.62,7861.1026,7928.896778,10147.2774,7673.256896,2425.888093
2018-06-21,6700.6,2908.815759,8295.35395,4095.140817,8420.97,3790.6,5204.97,15614.91,7810.649,7906.554,10125.25575,7684.265687,2430.302757
2018-06-22,6080.22,2903.41327,8298.81588,4101.808845,8379.19,3801.79,5195.4,15586.2,7737.3464,7878.291111,10098.2565,7693.531264,2434.277107
2018-06-23,6173.53,2962.151531,8316.683394,4108.485797,8351.36,3813.73,5190.85,15572.55,7667.3798,7851.376111,10070.36925,7703.439615,2438.331793
2018-06-24,6158.55,3024.009872,8327.87468,4115.171683,8317.17,3823.87,5184.68,15554.04,7594.5904,7828.974889,10034.40195,7713.487418,2442.367736
2018-06-25,6238.91,2957.196286,8318.270954,4121.866511,8273.35,3857.93,5181.37,15544.11,7527.8196,7810.208778,9983.61755,7724.012775,2446.464721
2018-06-26,6131.94,2997.554872,8327.819954,4128.570292,8243.02,3870.55,5177.58,15532.74,7463.7842,7790.033333,9935.58685,7733.970549,2450.478621
2018-06-27,6160.69,2946.799097,8326.838097,4135.283034,8185.64,3817.71,5132.36,15397.08,7402.563,7778.980444,9894.91085,7743.855632,2454.514121
2018-06-28,5917.1,3006.188128,8319.533211,4142.004748,8148,3829.64,5125.7,15377.1,7334.731,7768.874556,9848.1114,7753.088352,2458.378907
2018-06-29,6238.83,2966.375828,8343.399248,4148.735441,8115.5,3841.79,5119.84,15359.52,7277.5534,7761.182778,9794.105,7763.415632,2462.471743
2018-06-30,6348.65,2990.744519,8327.901742,4155.475125,8105.32,3853.82,5120.06,15360.18,7236.1028,7756.122222,9739.80245,7774.213626,2466.648636
2018-07-01,6383.76,1364.339036,8337.587965,4162.223807,8055.41,3867.16,5108.38,15325.14,7193.8698,7749.121667,9689.56735,7784.857418,2470.866707
2018-07-02,6620.09,1476.003696,8332.073243,4168.981499,8051.24,3878.6,5108.49,15325.47,7152.0194,7740.214667,9640.2643,7796.008077,2475.255921
2018-07-03,6599.68,1439.250001,8317.015934,4175.748208,8045.06,3882.97,5107.3,15321.9,7110.6036,7738.365111,9585.26805,7807.040769,2479.631293
2018-07-04,6670.32,1435.938164,8331.480996,4182.523944,8033.78,3902.54,5107.62,15322.86,7074.095,7736.925889,9521.69045,7818.223077,2484.056186
2018-07-05,6532.12,1437.812231,8346.584741,4189.308718,8032.2,3914.21,5105.93,15317.79,7038.4126,7736.05,9457.6529,7829.030192,2488.373243
2018-07-06,6601.96,1456.779758,8403.966043,4196.102538,8024.61,3921.26,5101.01,15303.03,7009.5662,7732.536778,9396.73425,7840.290192,2492.747836
2018-07-07,6761.83,1442.153357,8415.083365,4202.905414,8020.96,3930.1,5100.23,15300.69,6980.2502,7729.806,9342.83565,7851.892857,2497.235164
2018-07-08,6698.35,1452.110079,8417.824402,4209.717355,8003.92,3942.76,5096.11,15288.33,6949.725,7729.678111,9292.76875,7863.389341,2501.679007
2018-07-09,6684.58,1458.698369,8423.186524,4216.53837,7999.8,3953.6,5095.42,15286.26,6913.0958,7728.037778,9249.28465,7875.364176,2506.119536
2018-07-10,6367.68,1436.772532,8401.851881,4223.36847,7981.49,3957.5,5091.77,15275.31,6872.1888,7721.843,9209.3958,7886.431181,2510.32935
2018-07-11,6381.34,1436.999813,8392.093555,4230.207663,7962.24,3962.2,5086.76,15260.28,6839.4768,7705.475333,9162.23235,7897.440302,2514.546614
2018-07-12,6165.64,1480.020699,8099.655704,4237.05596,7942.32,3966.63,5080.73,15242.19,6812.6778,7685.783111,9121.64295,7907.941621,2518.609386
2018-07-13,6213.18,1438.68471,7881.003634,4243.913369,7923.91,3969.39,5075.15,15225.45,6785.2008,7665.493222,9081.331,7918.980907,2522.708957
2018-07-14,6242.49,1441.391738,7668.67582,4250.7799,7907.59,3983.32,5073.33,15219.99,6761.7032,7642.366111,9033.66915,7930.5375,2526.826714
2018-07-15,6366.2,1451.999397,7640.414427,4257.655563,7890.15,3998.87,5073.06,15219.18,6742.4392,7623.801889,8989.50825,7942.740302,2531.034371
2018-07-16,6681.54,1443.799579,7643.807303,4264.540368,7874.32,4008.41,5072.88,15218.64,6729.4076,7610.562111,8952.7097,7955.151264,2535.470886
2018-07-17,7327.13,1386.837293,7629.366961,4271.434322,7877.15,4015.42,5076.7,15230.1,6733.8052,7601.314667,8917.1581,7968.97022,2540.373536
2018-07-18,7353.21,1383.989524,7606.98198,4278.337437,7890.53,4015.51,5080.96,15242.88,6732.129,7591.053333,8888.17295,7982.945275,2545.302521
2018-07-19,7484.1,1385.555079,7605.162911,4285.249722,7891.8,4018.38,5084.43,15253.29,6734.727,7576.257,8855.79085,7995.858681,2550.343886
2018-07-20,7327.9,1396.609375,7615.441007,4292.171186,7876.44,4033.43,5086.56,15259.68,6731.5884,7559.758667,8824.8972,8008.713462,2555.296021
2018-07-21,7417.9,1400.281476,7621.325297,4299.101839,7864.07,4041.11,5087.98,15263.94,6729.8392,7544.222111,8787.81035,8021.346126,2560.300107
2018-07-22,7411.63,1402.847846,7648.059244,4306.04169,7800.9,4104.73,5090.01,15270.03,6725.58,7527.508444,8750.1416,8034.09489,2565.308257
2018-07-23,7712.38,1386.78413,7610.288001,4312.990749,7808.35,4109.25,5094.43,15283.29,6726.249,7506.844333,8714.13575,8047.71467,2570.531414
2018-07-24,8320.58,1392.307257,7637.496926,4319.949026,7812.35,4128.71,5101.77,15305.31,6742.7154,7498.008667,8671.481,8063.594698,2576.160721
2018-07-25,8231.61,1387.42041,7638.540261,4326.91653,7835.36,4129.33,5108.67,15326.01,6755.4206,7487.093,8628.4924,8079.363489,2581.737864
2018-07-26,7931.94,1388.168761,7661.538049,4333.893271,7837.03,4134.98,5110.94,15332.82,6760.794,7475.012111,8586.48385,8093.868764,2587.111314
2018-07-27,8202.69,1407.089503,7692.757287,4340.879257,7832.42,4142.74,5112.99,15338.97,6771.4668,7462.42,8553.0304,8108.778159,2592.681129
2018-07-28,8201.37,1391.383991,7680.813723,4347.8745,7817.06,4161.41,5115.82,15347.46,6783.12,7449.036667,8522.34315,8123.863462,2598.252936
2018-07-29,8219.23,1601.431674,7705.61662,4354.879008,7815.78,4174.16,5119.89,15359.67,6795.6836,7437.873778,8491.30165,8138.971703,2603.855793
2018-07-30,8147.77,1613.641986,7711.054616,4361.892792,7809.26,4181.31,5121.37,15364.11,6824.2788,7427.381667,8465.35065,8153.516731,2609.409486
2018-07-31,7685.92,1591.089061,7708.864851,4368.91586,7794.46,4190.4,5121.95,15365.85,6842.277,7410.299889,8435.28425,8167.142308,2614.620707
2018-08-01,7586.37,1475.922224,7719.512864,4375.948222,7770.4,4200.52,5120.18,15360.54,6863.4514,7386.311222,8401.93885,8180.597775,2619.765793
2018-08-02,7531.22,1463.49961,7715.121162,4382.989888,7711.71,4231.64,5118.79,15356.37,6888.0016,7362.526333,8372.05395,8193.642637,2624.876907
2018-08-03,7416.28,1492.885455,7736.312101,4390.040869,7687.73,4236.86,5115.14,15345.42,6903.7414,7336.062556,8340.04885,8206.191374,2629.91855
2018-08-04,7001.86,1496.369946,7751.921334,4397.101172,7664.54,4240.71,5111.17,15333.51,6915.345,7307.444889,8319.7298,8216.537692,2634.685021
2018-08-05,7018.16,1472.753518,7760.639332,4404.170808,7644.37,4248.12,5108.74,15326.22,6925.9076,7281.716556,8299.24545,8226.896896,2639.466714
2018-08-06,6917.67,1500.482101,7754.523483,4411.249787,7605.01,4273.29,5103.75,15311.25,6934.9754,7256.115667,8278.12665,8236.689451,2644.173357
2018-08-07,6713.43,1487.756989,7745.183773,4418.338118,7589.84,4276.23,5100.98,15302.94,6935.4542,7227.279333,8254.9056,8245.712033,2648.730814
2018-08-08,6250.03,1467.275771,7758.179555,4425.435812,7546,4284.13,5092.81,15278.43,6925.6522,7195.638444,8221.9727,8253.705879,2652.941157
2018-08-09,6558.9,1466.452462,7749.95095,4432.542876,7510.23,4284.13,5084.62,15253.86,6921.7812,7174.946444,8198.11565,8262.313132,2657.368671
2018-08-10,6110.87,1469.157493,7750.783462,4439.659323,7476.83,4295.67,5081.9,15245.7,6909.9866,7148.451556,8175.9217,8269.197308,2661.476071
2018-08-11,6383.53,1608.871514,7746.137252,4446.78516,7455.13,4297.91,5077.23,15231.69,6916.0528,7122.572889,8152.43305,8276.19456,2665.776729
2018-08-12,6311.4,1581.991198,7752.129775,4453.920398,7444.54,4301.91,5075.49,15226.47,6918.8102,7096.361,8128.28725,8282.358956,2670.014557
2018-08-13,6248.63,1575.681625,7751.875301,4461.065047,7419.13,4309.54,5074.06,15222.18,6920.6118,7071.393,8103.49025,8287.809643,2674.198614
2018-08-14,6168.39,1591.07954,7768.350285,4468.219115,7379.5,4307.2,5063.83,15191.49,6919.2014,7047.528,8079.98765,8293.314808,2678.316486
2018-08-15,6310.99,1594.642481,7787.875783,4475.382614,7370.47,4303.9,5060.28,15180.84,6922.7824,7028.269222,8054.2012,8298.779835,2682.541993
2018-08-16,6286.01,1573.266178,7803.25317,4482.555553,7353.07,4309.86,5058.95,15176.85,6925.2888,7006.695667,8026.9272,8304.187143,2686.757764
2018-08-17,6540.88,1571.836048,7811.384414,4489.73794,7344.08,4314.79,5060.19,15180.57,6937.7644,6987.987556,8003.93755,8310.865632,2691.156029
2018-08-18,6390.25,1589.300351,7831.60796,4496.929787,7333.2,4319.39,5058.97,15176.91,6940.7928,6964.367667,7985.23285,8317.002555,2695.440757
2018-08-19,6496.57,1577.585761,7838.864359,4504.131103,7321.67,4327.06,5060.3,15180.9,6943.7512,6943.073667,7967.7419,8323.53,2699.803579
2018-08-20,6282.02,1589.016546,7830.776988,4511.341898,7310.56,4329.97,5059.6,15178.8,6941.7164,6923.796778,7953.6727,8329.768132,2704.01805
2018-08-21,6461.52,1603.250313,7842.174168,4518.562181,7295.49,4332.02,5058.78,15176.34,6938.545,6912.196,7950.15465,8336.346264,2708.358036
2018-08-22,6380.94,1573.326735,7852.8213,4525.791963,7289.07,4333.95,5060.12,15180.36,6934.1702,6898.795,7936.41155,8342.498159,2712.642486
2018-08-23,6522.03,1576.08323,7873.939626,4533.031252,7272.23,4340.36,5060.34,15181.02,6931.2044,6888.846778,7927.51945,8348.827143,2717.045971
2018-08-24,6684.85,1716.049047,7878.443575,4540.280059,7263.31,4347.23,5059.83,15179.49,6934.259,6881.685111,7925.0963,8355.225165,2721.564814
2018-08-25,6731.68,1655.970404,7879.474617,4547.538394,7261.46,4352.9,5064.17,15192.51,6936.8534,6875.002444,7920.4422,8361.836319,2726.1253
2018-08-26,6682.27,1655.357251,7868.694367,4554.806267,7258.6,4358.4,5066.36,15199.08,6935.2622,6870.280444,7915.43875,8368.210027,2730.645629
2018-08-27,6753.23,1662.229841,7836.951157,4562.083687,7255.82,4365.48,5068.93,15206.79,6936.3598,6862.682778,7908.035,8374.807692,2735.218329
2018-08-28,7086.91,1659.328612,7821.721701,4569.370663,7270.01,4367.61,5074.44,15223.32,6944.4064,6859.712889,7900.8128,8381.684808,2740.026171
2018-08-29,7051.47,1654.12717,7828.219393,4576.667207,7275.31,4370.95,5078.83,15236.49,6958.0822,6854.897778,7893.47845,8388.499038,2744.823879
2018-08-30,6936.37,1666.66065,7823.909804,4583.973328,7271.85,4373.62,5080.61,15241.83,6969.1828,6848.575667,7886.64905,8394.559038,2749.531229
2018-08-31,7012.16,1655.065378,7833.836942,4591.289035,7274.75,4372.82,5080.45,15241.35,6986.1132,6841.770889,7877.14275,8400.390659,2754.298643
2018-09-01,7170.17,1731.565597,7839.283872,4598.614339,7280.9,4374.7,5082.08,15246.24,7005.253,6836.118,7870.3569,8407.615604,2759.188879
2018-09-02,7257.48,1699.719984,7860.948813,4605.949249,7288.44,4376.05,5083.93,15251.79,7025.5528,6833.453778,7859.41335,8414.946593,2764.140779
2018-09-03,7247.41,1696.345916,7855.184442,4613.293775,7297.19,4374.72,5084.83,15254.49,7043.177,6829.576667,7845.1527,8422.932747,2769.085
2018-09-04,7332.76,1729.480126,7857.927247,4620.647928,7310.29,4374.52,5086.48,15259.44,7056.2014,6825.904333,7830.81355,8430.858791,2774.088379
2018-09-05,6914.49,1682.657755,7857.43752,4628.011716,7304.97,4374.72,5083.4,15250.2,7047.9486,6817.520333,7810.013,8437.2825,2778.785414
2018-09-06,6470.87,1686.962933,7853.385263,4635.38515,7271.91,4373.78,5074.86,15224.58,7030.3018,6804.766556,7790.01205,8442.377885,2783.157486
2018-09-07,6396.05,1763.636142,7865.825163,4642.768241,7264.26,4375.19,5071.23,15213.69,7008.5408,6791.488778,7766.37655,8448.106786,2787.4816
2018-09-08,6174.52,1783.582661,7868.549458,4650.160996,7256.71,4375.5,5069.05,15207.15,6985.4732,6785.45,7740.51255,8453.22989,2791.644993
2018-09-09,6242.85,1773.563508,7874.818164,4657.563428,7244.9,4379.6,5067,15201,6961.9722,6779.414889,7719.4418,8458.656346,2795.842821
2018-09-10,6301.31,1794.820524,7871.290469,4664.975545,7223.43,4383.65,5064.02,15192.06,6939.7658,6776.9,7701.461,8464.409203,2800.081871
2018-09-11,6264.83,1766.230158,7859.698163,4672.397357,7205.84,4379.46,5058.55,15175.65,6910.8148,6776.468,7682.1948,8470.173214,2804.2937
2018-09-12,6308.72,1779.936639,7866.472,4679.828875,7189.71,4380.41,5054.88,15164.64,6870.5776,6772.906111,7665.42655,8476.766291,2808.498507
2018-09-13,6469.35,1770.132384,7868.460338,4687.270108,7170.29,4367.25,5049.08,15147.24,6835.3324,6773.435778,7649.74445,8485.431044,2812.821379
2018-09-14,6521.82,1793.602918,7878.446872,4694.721066,7165.09,4370.78,5048.81,15146.43,6807.13,6773.789,7630.88755,8493.125714,2817.195543
2018-09-15,6530.52,1773.642061,7886.764416,4702.18176,7161.14,4372.67,5048.41,15145.23,6773.6866,6774.525,7610.09785,8500.878764,2821.590914
2018-09-16,6475.57,1801.749639,7905.717415,4709.652199,7154.22,4376.39,5047.92,15143.76,6739.1706,6772.148111,7589.8621,8508.473516,2825.937929
2018-09-17,6242.87,1771.23023,7919.33351,4717.132393,7132.78,4386.19,5046.03,15138.09,6699.6434,6766.623,7566.32755,8514.548709,2830.119979
2018-09-18,6323.85,1783.056628,7917.256222,4724.622352,7118.15,4390.38,5043.96,15131.88,6663.165,6761.860778,7542.8169,8521.132802,2834.369357
2018-09-19,6384.17,1774.003519,7920.251373,4732.122086,7105.76,4393.48,5042.46,15127.38,6637.13,6758.344889,7517.6853,8527.82239,2838.659214
2018-09-20,6472.93,1818.166283,7932.517267,4739.631606,7092.58,4395.79,5040.5,15121.5,6614.8612,6762.708333,7492.75,8535.623681,2843.028193
2018-09-21,6739.08,1810.475379,7943.01893,4747.15092,7078.37,4393.65,5034.04,15102.12,6599.0184,6768.992222,7468.50475,8544.253984,2847.591236
2018-09-22,6687.34,1806.181804,7958.319508,4754.68004,7070,4397.56,5033.67,15101.01,6584.4396,6774.867667,7448.4669,8552.304038,2852.115386
2018-09-23,6690.58,1821.664918,7980.139195,4762.218975,7063.86,4400.85,5033.93,15101.79,6578.214,6779.886222,7432.2405,8560.584231,2856.632143
2018-09-24,6602.22,1820.63251,7993.051338,4769.767735,7053.88,4404.04,5033.22,15099.66,6569.8952,6785.111556,7418.5971,8567.916236,2861.078057
2018-09-25,6393.51,1806.201836,7996.659899,4777.32633,7019.97,4405.16,5026.64,15079.92,6559.412,6787.698444,7404.3797,8574.770192,2865.376421
2018-09-26,6459,1815.653067,7999.57743,4784.894771,7009.94,4408.39,5026.04,15078.12,6554.3234,6793.719556,7392.6555,8581.040522,2869.728493
2018-09-27,6682.44,1812.343336,8003.767216,4792.473067,6998.57,4413.45,5025.68,15077.04,6562.9716,6798.648556,7378.4331,8587.940192,2874.237643
2018-09-28,6618.4,1796.584194,8024.211987,4800.061228,6994.49,4413.23,5027.37,15082.11,6564.1616,6801.645778,7365.8338,8594.668791,2878.695864
2018-09-29,6600.23,1829.173106,8042.980361,4807.659265,6968.26,4425.5,5025.56,15076.68,6573.9488,6804.051,7353.09905,8600.934725,2883.14135
2018-09-30,6609.89,1809.869001,8061.605595,4815.267188,6959.6,4428.05,5025.31,15075.93,6578.476,6803.937667,7345.0315,8607.167225,2887.593357
2018-10-01,6557.08,1781.795239,8041.240592,4822.885005,6945.42,4428.32,5022.29,15066.87,6583.3896,6803.464333,7336.47995,8613.166538,2892.007257
2018-10-02,6534.74,1774.824868,8021.061699,4830.512729,6931.83,4428.44,5020.27,15060.81,6589.1118,6801.957889,7326.60655,8619.354918,2896.404079
2018-10-03,6463.13,1792.775749,8097.903091,4838.150368,6912.93,4431.7,5017.64,15052.92,6595.0066,6801.191333,7319.3695,8625.534753,2900.752671
2018-10-04,6538.61,1859.080473,8139.680049,4845.797934,6903.33,4434.49,5016.68,15050.04,6599.559,6800.487444,7311.05605,8631.632335,2905.160729
2018-10-05,6596.29,1853.296466,8170.104998,4853.455435,6893.52,4437.8,5015.99,15047.97,6605.7646,6798.648111,7301.481,8637.793516,2909.60455
2018-10-06,6547.07,1871.595618,8179.163345,4861.122882,6878.36,4445.59,5015.73,15047.19,6605.8884,6796.967222,7289.63685,8643.777335,2914.013121
2018-10-07,6536.96,1903.287932,8164.424713,4868.800285,6871.58,4447.6,5015.24,15045.72,6608.8226,6795.327,7277.9536,8649.128874,2918.413536
2018-10-08,6617.82,1859.126559,8160.584918,4876.487655,6864.21,4451.62,5015.79,15047.37,6611.2476,6798.106333,7267.49835,8654.170055,2922.881307
2018-10-09,6608.93,1872.865624,8172.983495,4884.185002,6858.54,4452.42,5015.35,15046.05,6617.7858,6800.635111,7256.98575,8659.134533,2927.350779
2018-10-10,6548.37,1887.316666,8198.733299,4891.892334,6850.24,4453.19,5014.92,15044.76,6619.5228,6804.887667,7246.6082,8663.937885,2931.780221
2018-10-11,6209.82,1860.391436,8201.181621,4899.609664,6803.31,4443.64,4993.41,14980.23,6616.1004,6804.850333,7234.6779,8666.418599,2935.966514
2018-10-12,6229.34,1856.872243,8189.430648,4907.337001,6781.04,4450.45,4991.33,14973.99,6610.2466,6804.704222,7224.9513,8668.211264,2940.164464
2018-10-13,6230.47,1876.801015,8189.470214,4915.074354,6765.01,4456.68,4989.8,14969.4,6601.159,6803.196111,7216.46435,8669.63283,2944.364079
2018-10-14,6235.53,1861.409939,8195.695767,4922.821735,6723.63,4481.65,4988.3,14964.9,6591.236,6798.240444,7207.90335,8671.163846,2948.562329
2018-10-15,6462.52,1890.835909,8195.508279,4930.579154,6705.67,4495.57,4988.64,14965.92,6586.841,6788.633667,7204.4387,8673.26022,2952.930421
2018-10-16,6469.68,1870.128902,8191.292148,4938.34662,6705.66,4489.56,4986.53,14959.59,6581.17,6778.816667,7202.65395,8675.733379,2957.315514
2018-10-17,6468.71,1857.33461,8192.582981,4946.124143,6702.05,4486.57,4984.62,14953.86,6568.806,6767.534556,7200.34205,8678.287967,2961.706629
2018-10-18,6408.4,1803.324878,8201.42128,4953.911735,6696.23,4486.1,4983.15,14949.45,6555.9446,6757.317889,7198.36355,8680.258874,2966.061414
2018-10-19,6430.66,1816.503297,8207.252693,4961.709405,6685.71,4489.89,4984.48,14953.44,6545.8304,6746.348556,7195.4478,8681.529588,2970.427193
2018-10-20,6449.18,1794.711857,8213.900034,4969.517164,6676.07,4454.07,4959.42,14878.26,6534.5708,6735.654667,7190.5851,8682.594121,2974.797007
2018-10-21,6508.56,1796.116854,8227.788827,4977.335021,6672.76,4457.66,4959.4,14878.2,6521.3386,6722.278889,7189.2972,8684.218764,2979.216314
2018-10-22,6439.05,1805.207065,8232.41471,4985.162988,6667.57,4455.51,4957.78,14873.34,6504.97,6701.373,7187.4932,8685.736236,2983.578657
2018-10-23,6426.94,1828.584132,8232.27555,4993.001073,6662.28,4453.6,4956.07,14868.21,6488.5606,6681.321111,7186.57315,8688.244835,2987.928921
2018-10-24,6449.97,1787.653428,8246.692991,5000.849288,6661.57,4452.71,4955.45,14866.35,6470.9048,6664.854778,7184.23225,8690.339478,2992.30535
2018-10-25,6438.47,1816.895701,8253.544361,5008.707642,6657.13,4450.88,4953.46,14860.38,6461.3844,6645.252333,7181.3866,8691.867088,2996.6761
2018-10-26,6443.32,1791.143139,8247.482879,5016.576147,6649.61,4443.7,4948.71,14846.13,6460.8334,6625.718444,7180.0539,8693.762995,3001.0428
2018-10-27,6442.21,1795.264331,8248.624532,5024.454811,6645.33,4446.07,4948.27,14844.81,6461.7566,6605.973778,7178.1039,8695.674368,3005.418443
2018-10-28,6427.69,1792.182756,8259.589442,5032.343647,6640.68,4447.41,4947.53,14842.59,6466.82,6586.861778,7175.6163,8696.364863,3009.7831
2018-10-29,6284.24,1826.646073,8246.434567,5040.242662,6630.15,4449.14,4945.72,14837.16,6467.6478,6571.287556,7167.76535,8696.880357,3014.048207
2018-10-30,6295.24,1791.623943,8246.293408,5048.151869,6621.67,4449.07,4943.83,14831.49,6467.5264,6556.941667,7159.55185,8696.631868,3018.322043
2018-10-31,6312.64,1794.429054,8252.289134,5056.071278,6613.64,4446.38,4941.04,14823.12,6468.4826,6543.401889,7150.9187,8695.772088,3022.6018
2018-11-01,6362.9,2104.211083,8256.333436,5064.000898,6606.89,4444.18,4937.97,14813.91,6469.5662,6531.697667,7141.11355,8693.809286,3026.922164
2018-11-02,6369.32,2048.540755,8258.037153,5071.94074,6602.4,4447.21,4938.09,14814.27,6467.5656,6524.669444,7132.77525,8691.548489,3031.245971
2018-11-03,6325.04,2055.658227,8250.99155,5079.890814,6597.01,4449.36,4937.44,14812.32,6463.63,6516.968111,7125.03485,8688.540192,3035.557764
2018-11-04,6436.71,2219.269448,8208.471018,5087.851131,6593.52,4450.81,4937.32,14811.96,6461.7538,6511.624111,7116.4214,8685.850549,3039.966836
2018-11-05,6405.06,2048.275079,8226.688861,5095.821701,6588.41,4453.45,4936.86,14810.58,6460.3436,6508.197778,7107.06305,8683.908489,3044.344164
2018-11-06,6453.18,2045.021836,8242.353949,5103.802534,6586.14,4453.33,4936.4,14809.2,6464.5498,6510.455,7095.2501,8682.177143,3048.752864
2018-11-07,6526.35,2091.127768,8248.897408,5111.793641,6587.55,4455.52,4937.42,14812.26,6468.5998,6510.093333,7083.8181,8679.881813,3053.200257
2018-11-08,6444.26,2041.202374,8235.52027,5119.795032,6585.71,4458.05,4937.5,14812.5,6469.8016,6513.797667,7071.95845,8677.936126,3057.596879
2018-11-09,6335.71,2040.709429,8252.12593,5127.806718,6581.54,4459.02,4937.24,14811.72,6467.0572,6513.266333,7059.0577,8677.069643,3061.915964
2018-11-10,6384.18,2064.3504,8266.786006,5135.828708,6581.23,4461.17,4937,14811,6459.9592,6514.075,7043.11785,8677.083022,3066.269671
2018-11-11,6333.34,2067.696342,8270.948267,5143.861014,6579.97,4462.39,4936.8,14810.4,6452.8792,6515.016222,7029.2056,8677.436346,3070.587064
2018-11-12,6362.22,2047.114542,8288.069126,5151.903645,6577.46,4463.1,4936.43,14809.29,6446.312,6517.169889,7014.9466,8677.135137,3074.925086
2018-11-13,6368.56,2044.903856,8310.811548,5159.956612,6574.4,4460.08,4934.63,14803.89,6441.6388,6517.809556,7001.6933,8676.508819,3079.288343
2018-11-14,5564.98,2038.349231,8317.386171,5168.019925,6531.81,4460.2,4926.62,14779.86,6425.0682,6509.798111,6982.8383,8671.916346,3083.177614
2018-11-15,5555.61,2020.351651,8315.113319,5176.093596,6443.02,4416.63,4888.18,14664.54,6407.0004,6498.850667,6963.587,8665.728434,3086.994543
2018-11-16,5513.78,1887.508625,8325.794765,5184.177633,6417.68,4414.37,4881.3,14643.9,6383.6272,6489.112111,6945.03645,8659.655412,3090.790486
2018-11-17,5550.7,1894.031809,8330.162699,5192.272048,6407.54,4415.23,4878.73,14636.19,6362.2732,6478.602444,6927.32965,8653.544588,3094.623843
2018-11-18,5592.15,1909.729611,8325.866907,5200.376851,6399.68,4417.63,4877.34,14632.02,6342.1116,6470.937222,6909.174,8646.859505,3098.486807
2018-11-19,4887.7,1898.787314,8311.480277,5208.492053,6345.45,4413.22,4862.65,14587.95,6307.6678,6453.450333,6884.88575,8637.64033,3101.816943
2018-11-20,5025.57,1839.229198,8291.90109,5216.617664,6241.29,4402.32,4833.93,14501.79,6277.0376,6438.390667,6861.6543,8629.190302,3105.258064
2018-11-21,4551.39,1863.871269,8303.555708,5224.753694,6195.56,4399.85,4821.46,14464.38,6237.3706,6416.494667,6835.42115,8619.098901,3108.347979
2018-11-22,4457.25,1868.600612,8281.841286,5232.900154,6164.2,4396.26,4812.43,14437.29,6197.253,6391.743556,6809.82015,8608.987363,3111.366236
2018-11-23,4315.41,1902.192225,8281.723134,5241.057055,6125.87,4393.41,4801.76,14405.28,6152.789,6364.896111,6784.72865,8598.228489,3114.281343
2018-11-24,3854.72,1883.694307,8266.985049,5249.224406,6090.43,4398.87,4793.51,14380.53,6097.9576,6333.478889,6757.8935,8584.8975,3116.857886
2018-11-25,3990.72,1878.669815,8265.985111,5257.402219,6029.73,4395.61,4777.4,14332.2,6046.8306,6302.784333,6731.3036,8570.222885,3119.527814
2018-11-26,3723.08,1881.899723,8267.225936,5265.590503,5982.74,4389.98,4763.28,14289.84,5990.553,6265.408444,6704.43045,8553.971181,3121.992686
2018-11-27,3826.49,1873.775091,8260.030924,5273.78927,5921.87,4383.18,4745.7,14237.1,5934.7264,6229.575333,6681.457,8537.280604,3124.5381
2018-11-28,4224.99,1867.506545,8270.431292,5281.99853,5880.94,4396.44,4740.77,14222.31,5887.0476,6199.448889,6660.1049,8521.85206,3127.387993
2018-11-29,4238.82,1941.155668,8280.444811,5290.218293,5852.69,4405.16,4743.53,14230.59,5840.8566,6168.634,6637.73595,8506.460934,3130.247464
2018-11-30,3981.06,1856.585447,8300.693831,5298.448571,5762.48,4405.83,4732.48,14197.44,5796.2814,6133.199444,6614.2889,8487.65,3132.926214
2018-12-01,4186.37,1988.915398,8293.604432,5306.689372,5732.35,4420.13,4739.54,14218.62,5755.422,6099.076,6592.742,8469.016484,3135.753464
2018-12-02,4125.79,1980.309627,8293.555207,5314.940709,5721.86,4419.89,4736.65,14209.95,5713.3284,6064.391333,6571.78975,8449.843022,3138.537821
2018-12-03,3869.93,1700.841548,8307.129398,5323.202591,5643.88,4449.55,4745.69,14237.07,5666.0164,6025.915444,6550.918,8428.936044,3141.14
2018-12-04,3925.44,1677.397249,8299.94715,5331.47503,5517.59,4511.73,4778.12,14334.36,5615.2748,5992.703778,6529.40705,8407.437308,3143.780393
2018-12-05,3744.66,1680.813271,8302.619986,5339.758035,5427.33,4457.48,4723.36,14170.08,5560.7744,5962.412556,6507.0073,8381.043489,3146.293393
2018-12-06,3619.56,1679.684255,8300.913626,5348.051617,5347.78,4437.38,4692.2,14076.6,5503.7914,5931.562667,6482.5249,8345.943956,3148.723157
2018-12-07,3393.72,1715.423033,8302.558531,5356.355788,5294.02,4436.17,4676.41,14029.23,5443.4978,5900.664889,6457.42835,8312.030879,3150.987686
2018-12-08,3366.92,1687.037222,8300.133982,5364.670556,5274.06,4437.98,4671.56,14014.68,5382.223,5868.710111,6434.17825,8282.006236,3153.229107
2018-12-09,3582.23,1690.245015,8295.192389,5372.995934,5264.41,4439.45,4669.43,14008.29,5324.884,5838.498111,6414.56145,8249.877775,3155.62805
2018-12-10,3462.06,1696.656041,8293.311089,5381.331932,5243.55,4435.94,4661.38,13984.14,5263.954,5807.356222,6393.9366,8212.57544,3157.94295
2018-12-11,3358.25,1709.838604,8273.523581,5389.678559,5198.48,4421.64,4640.4,13921.2,5202.338,5774.573222,6373.641,8174.523489,3160.183686
2018-12-12,3462.3,1682.943471,8258.698205,5398.035828,5181.78,4418.57,4634,13902,5143.0452,5741.161556,6354.3055,8138.895797,3162.499843
2018-12-13,3298.32,1685.295098,8233.695074,5406.403748,5159.81,4418.8,4628.02,13884.06,5080.0122,5705.344889,6334.1315,8102.680467,3164.6974
2018-12-14,3218.02,1754.100554,8180.587125,5414.78233,5130.97,4414.68,4617.15,13851.45,5015.6032,5668.539333,6314.68535,8063.172473,3166.826586
2018-12-15,3227.51,1691.343315,8147.443315,5423.171585,5112.37,4414.8,4611.98,13835.94,4951.287,5632.449778,6293.6378,8018.781456,3168.94825
2018-12-16,3235.05,1690.565264,8121.361757,5431.571524,5092.41,4417.02,4607.65,13822.95,4887.1438,5599.029556,6273.04205,7974.538104,3171.0922
2018-12-17,3537.3,1700.86499,8082.101102,5439.982156,5074.92,4418.01,4603.34,13810.02,4829.336,5568.067889,6253.3044,7932.646923,3173.44935
2018-12-18,3580.2,1543.185827,8071.763419,5448.403493,5025.83,4417.47,4589.6,13768.8,4775.2552,5536.912667,6233.6786,7894.291566,3175.833343
2018-12-19,3746.26,1517.848669,8046.969103,5456.835546,5016.38,4416.77,4586.78,13760.34,4724.2756,5506.616333,6214.28695,7858.672143,3178.34145
2018-12-20,4071.72,1531.060018,8048.698072,5465.278325,5011.97,4417.76,4586.2,13758.6,4679.4572,5476.979,6196.2509,7827.601593,3181.07675
2018-12-21,3869.87,1517.832943,8052.904486,5473.731841,5000.28,4415.85,4581.66,13744.98,4629.5966,5445.673778,6178.11395,7798.822527,3183.665657
2018-12-22,3985.11,1531.538708,8033.356703,5482.196104,4989.51,4418.2,4580.1,13740.3,4581.9124,5415.613,6160.05775,7766.325495,3186.336671
2018-12-23,3965.33,1533.912791,8027.643404,5490.671126,4980.41,4418.67,4577.75,13733.25,4534.7182,5386.314222,6141.56805,7737.978819,3189.0004
2018-12-24,4076.35,1586.440506,8023.595543,5499.156916,4976.19,4418.16,4576.23,13728.69,4487.511,5360.568,6123.60455,7709.958984,3191.74095
2018-12-25,3794.14,1530.601834,8027.539057,5507.653486,4959.23,4417.91,4571.25,13713.75,4435.2926,5330.958444,6104.4817,7677.044918,3194.279643
2018-12-26,3833.51,1532.017475,8032.769755,5516.160847,4922.62,4430.05,4568.48,13705.44,4382.8992,5299.303667,6085.694,7645.822747,3196.847386
2018-12-27,3617.74,1550.381235,8017.584829,5524.679008,4900.87,4432.76,4564.2,13692.6,4324.727,5265.963,6070.19265,7617.186731,3199.261929
2018-12-28,3904.54,1531.500462,8025.993817,5533.207982,4872.67,4431.57,4555.48,13666.44,4273.9326,5236.010889,6055.7853,7588.250165,3201.869407
2018-12-29,3931.99,1553.283232,8035.646482,5541.747778,4857.64,4424.63,4547.49,13642.47,4225.8582,5206.256444,6042.807,7562.925302,3204.497764
2018-12-30,3845.37,1534.978705,8040.319689,5550.298408,4847.58,4423.45,4543.89,13631.67,4175.082,5176.126333,6030.5153,7535.136429,3207.060507
2018-12-31,3705.78,1696.650598,8027.041305,5558.859881,4827,4424.08,4538.37,13615.11,4122.5308,5144.693444,6015.89775,7508.211016,3209.512529
2019-01-01,3833.42,1757.326681,8027.501082,5567.43221,4819.38,4423.13,4535.56,13606.68,4071.9548,5115.474444,6002.95645,7477.986154,3212.0508
2019-01-02,3911.93,1727.989305,8011.551323,5576.015404,4815.68,4423.07,4534.51,13603.53,4022.8222,5086.289111,5990.06595,7447.674478,3214.651993
2019-01-03,3801.6,1727.415679,8014.310858,5584.609475,4805.22,4421.25,4530.36,13591.08,3987.5546,5055.237,5976.75255,7417.147143,3217.168936
2019-01-04,3844.24,1737.943357,8026.490085,5593.214433,4795.84,4421.87,4528.09,13584.27,3953.3272,5025.205556,5962.5263,7381.41283,3219.720086
2019-01-05,3838.4,1776.615211,8036.817207,5601.830289,4788.06,4424.34,4527.36,13582.08,3919.8196,4995.221556,5948.01765,7345.723462,3222.264386
2019-01-06,4056.09,1728.232701,8050.005764,5610.457054,4777.61,4425.17,4524.72,13574.16,3889.9274,4966.757889,5934.53585,7311.993901,3224.964571
2019-01-07,4022.23,1721.18891,8050.433038,5619.094739,4771.11,4426.01,4523.47,13570.41,3858.529,4938.016778,5921.144,7282.128104,3227.632757
2019-01-08,4015.56,1747.819382,8059.203924,5627.743355,4764.78,4422.71,4519.4,13558.2,3841.0862,4909.874444,5910.8207,7253.7675,3230.292407
2019-01-09,4021.71,1734.690123,8070.218165,5636.402911,4762.1,4422.99,4518.84,13556.52,3821.009,4885.562111,5900.0616,7225.180082,3232.95415
2019-01-10,3636.85,1721.686042,8076.67622,5645.073421,4737.75,4410.27,4503.17,13509.51,3802.7182,4856.756667,5887.4531,7198.528654,3235.340879
2019-01-11,3635.66,1745.194665,8090.385246,5653.754893,4699.61,4383.88,4475.44,13426.32,3786.2864,4827.925444,5874.43685,7170.881566,3237.732186
2019-01-12,3633.03,1752.393169,8107.318571,5662.447339,4688.38,4385.49,4473.14,13419.42,3772.6388,4799.008778,5861.9423,7141.699093,3240.124071
2019-01-13,3512.78,1730.181663,8121.977649,5671.15077,4677.48,4386.59,4470.67,13412.01,3765.8,4766.233889,5848.70275,7114.239148,3242.428486
2019-01-14,3675.06,1831.764212,8144.984271,5679.865197,4648.51,4394.89,4468,13404,3759.4868,4735.182556,5837.49255,7086.375852,3244.846714
2019-01-15,3589.65,1831.056394,8155.965182,5688.59063,4591.78,4414.38,4466.31,13398.93,3756.8182,4703.193,5824.24665,7065.837335,3247.206571
2019-01-16,3603.91,1813.288451,8168.094033,5697.327081,4579.57,4418.99,4466.07,13398.21,3752.3666,4672.032,5810.52295,7045.20239,3249.597414
2019-01-17,3637.46,1800.27067,8181.142183,5706.07456,4569.99,4418.31,4462.79,13388.37,3740.616,4640.996444,5796.79145,7024.587088,3252.00795
2019-01-18,3628,1805.017975,8205.042879,5714.833078,4558.37,4420.24,4460.65,13381.95,3728.3996,4609.65,5781.831,7003.351813,3254.411386
2019-01-19,3704.58,1807.792804,8218.929246,5723.602647,4547.68,4422.05,4458.69,13376.07,3722.87,4578.494667,5767.3555,6978.263819,3256.871143
2019-01-20,3549.4,1825.129514,8218.874385,5732.383277,4535.52,4424.29,4456.64,13369.92,3710.1306,4546.387444,5751.7509,6956.887692,3259.214736
2019-01-21,3542.54,1807.702144,8231.918757,5741.174979,4518.52,4427.92,4454.31,13362.93,3698.4656,4514.338556,5736.803,6937.637363,3261.554971
2019-01-22,3588.43,1831.456767,8240.65332,5749.977764,4499.5,4422.76,4445.07,13335.21,3692.8356,4482.543667,5721.73535,6917.052665,3263.940529
2019-01-23,3559.53,1816.847833,8222.285467,5758.791643,4491.3,4422.74,4442.66,13327.98,3685.5174,4450.555444,5705.72385,6896.225659,3266.3076
2019-01-24,3582.51,1806.398974,8225.406114,5767.616626,4475.89,4426.48,4440.79,13322.37,3682.2744,4418.768667,5690.14465,6875.276429,3268.687179
2019-01-25,3579.3,1800.989372,8249.748595,5776.452726,4454.57,4430.63,4437.53,13312.59,3681.4692,4386.958556,5674.61825,6855.250027,3271.066236
2019-01-26,3562.73,1819.790826,8263.805727,5785.299953,4440.03,4433.31,4435.24,13305.72,3684.8494,4355.125667,5660.5935,6833.531484,3273.431521
2019-01-27,3552.23,1836.516575,8276.728353,5794.158317,4428.19,4435.04,4433.08,13299.24,3688.5556,4324.77,5646.44795,6811.035385,3275.795379
2019-01-28,3435.75,1793.916686,8283.488396,5803.02783,4410.56,4433.99,4427.27,13281.81,3685.626,4292.997889,5632.7985,6789.873132,3278.072071
2019-01-29,3413,1782.767167,8297.742306,5811.908503,4397.06,4432.52,4422.34,13267.02,3684.6448,4260.779667,5618.7976,6771.416566,3280.33555
2019-01-30,3456.29,1783.120088,8309.898582,5820.800347,4381.7,4431.27,4416.97,13250.91,3686.6056,4228.484,5604.8666,6753.453736,3282.628729
2019-01-31,3430.78,1801.675746,8325.58367,5829.703372,4367.5,4432.89,4414.04,13242.12,3685.9752,4195.833556,5590.1895,6737.89033,3284.89975
2019-02-01,3463.62,1796.218638,8330.038873,5838.61759,4350.01,4434.78,4410.38,13231.14,3689.2812,4164.04,5574.0999,6727.721346,3287.192586
2019-02-02,3462.24,1819.879796,8338.068758,5847.543013,4341.63,4436.04,4408.89,13226.67,3694.1656,4130.990333,5554.77545,6712.151786,3289.484493
2019-02-03,3425.86,1823.977275,8345.946172,5856.47965,4334.35,4436.76,4407.34,13222.02,3698.1326,4097.888111,5535.1387,6698.760055,3291.746657
2019-02-04,3429.65,1809.504382,8357.912911,5865.427513,4318.86,4436.49,4402.76,13208.28,3702.0246,4064.293333,5514.86645,6688.485797,3294.012957
2019-02-05,3446.29,1809.384673,8397.259634,5874.386613,4312.1,4436.13,4400.55,13201.65,3700.2044,4030.070444,5495.4584,6676.902802,3296.293079
2019-02-06,3386.23,1818.142335,8380.472378,5883.356961,4293.35,4436.75,4395.57,13186.71,3696.325,3996.092333,5475.30005,6665.098599,3298.536171
2019-02-07,3381.43,1812.381878,8388.321157,5892.338568,4279.37,4437,4391.76,13175.28,3689.0284,3963.267,5455.14905,6651.767418,3300.777957
2019-02-08,3624.51,1807.779197,8394.344169,5901.331445,4268.72,4438.08,4389.6,13168.8,3680.0842,3932.604,5434.7097,6638.287088,3303.19895
2019-02-09,3634.88,1821.26383,8400.481251,5910.335603,4266.03,4439.3,4389.75,13169.25,3675.3844,3902.621111,5411.2812,6624.870989,3305.625879
2019-02-10,3653.3,1902.657759,8421.762708,5919.351054,4237.58,4448.93,4389.19,13167.57,3668.7482,3872.522,5388.38965,6612.099148,3308.066
2019-02-11,3616.14,1879.869631,8384.728671,5928.377808,4232.87,4448.29,4387.35,13162.05,3661.7644,3841.939556,5366.81065,6597.546181,3310.488857
2019-02-12,3601.99,1907.576758,8282.152219,5937.415877,4224.46,4447.92,4384.69,13154.07,3652.2772,3820.128556,5343.80715,6584.015,3312.907214
2019-02-13,3596.99,1869.039919,8270.050243,5946.465272,4211.11,4440.12,4375,13125,3648.3342,3798.366111,5320.78525,6567.945769,3315.318514
2019-02-14,3584.88,1942.526147,8294.757597,5955.526003,4202.37,4441.63,4373.66,13120.98,3643.3616,3776.933889,5297.6135,6550.048352,3317.715793
2019-02-15,3593.31,1872.648409,8310.805556,5964.598082,4196.34,4441.32,4371.74,13115.22,3642.873,3755.185111,5274.8412,6531.896484,3320.1228
2019-02-16,3605.74,1893.968109,8318.529414,5973.68152,4188.16,4439.45,4368.09,13104.27,3636.897,3733.113889,5254.4403,6511.377637,3322.538479
2019-02-17,3623.76,1885.677507,8331.268017,5982.776328,4179.71,4440.28,4366.44,13099.32,3630.7324,3719.070111,5234.62725,6492.566374,3324.967107
2019-02-18,3876.96,1887.50529,8333.812077,5991.882518,4181.49,4438.33,4365.47,13096.41,3631.3642,3706.307778,5216.35595,6472.659258,3327.576414
2019-02-19,3912.46,1880.777963,8355.196698,6001.0001,4181.57,4436.62,4364.1,13092.3,3635.4978,3699.208556,5198.83685,6452.233819,3330.20385
2019-02-20,3963.3,1860.630205,8369.304683,6010.129086,4182.23,4441.37,4367.37,13102.11,3638.0954,3693.720222,5183.64405,6434.393984,3332.867943
2019-02-21,3919.76,1907.350137,8393.473331,6019.269486,4178.92,4439.55,4364.93,13094.79,3638.252,3689.324111,5168.15205,6417.971703,3335.500121
2019-02-22,3972.29,1867.881807,8384.717759,6028.421313,4175.5,4440.39,4364.61,13093.83,3641.6658,3690.630444,5153.42515,6401.087692,3338.1721
2019-02-23,4128.2,1916.533131,8411.713054,6037.584577,4175.55,4436.98,4361.91,13085.73,3647.345,3692.158,5140.499,6385.883929,3340.958743
2019-02-24,3774.26,1888.439939,8427.988087,6046.759289,4172.77,4436.44,4360.69,13082.07,3646.0622,3692.726667,5128.12015,6369.863297,3343.49795
2019-02-25,3843.66,1879.592566,8435.084307,6055.945461,4160.01,4436.22,4356.82,13070.46,3641.8136,3692.917444,5114.54395,6352.14478,3346.081286
2019-02-26,3815.98,1873.737685,8451.670402,6065.143103,4155.37,4436.77,4355.87,13067.61,3637.6886,3688.372889,5103.0695,6333.264341,3348.646679
2019-02-27,3830.26,1872.411231,8464.542276,6074.352228,4149.73,4436.88,4354.36,13063.08,3633.9826,3683.833333,5090.30315,6314.878462,3351.220679
2019-02-28,3808.62,1876.786517,8470.669423,6083.572846,4137.54,4441.63,4353.02,13059.06,3629.7208,3681.917333,5077.78925,6295.25989,3353.771757
2019-03-01,3838.27,1990.949614,8488.039307,6092.804968,4130.33,4443.18,4352.13,13056.39,3633.7492,3678.049556,5065.73745,6275.513434,3356.346293
2019-03-02,3814.4,1993.153207,8511.460958,6102.048606,4130.61,4441.26,4350.79,13052.37,3637.324,3674.589667,5053.9675,6254.645055,3358.903157
2019-03-03,3800.82,1985.262643,8522.896913,6111.303772,4126.39,4442.04,4350.2,13050.6,3640.6798,3673.821778,5041.41665,6233.603379,3361.446721
2019-03-04,3718.17,1975.690941,8525.716655,6120.570475,4108.73,4442.47,4345.36,13036.08,3644.7876,3671.518778,5028.57745,6211.98261,3363.9328
2019-03-05,3848.41,1990.979101,8540.618736,6129.848728,4106.41,4442.93,4344.94,13034.82,3648.2546,3672.671556,5015.1151,6193.173544,3366.513957
2019-03-06,3861.68,1961.405901,8526.781561,6139.138542,4105.28,4442.23,4344.04,13032.12,3653.6952,3675.361778,5002.47225,6176.486236,3369.108479
2019-03-07,3875.13,1966.254381,8542.929476,6148.439928,4101.01,4443.22,4343.55,13030.65,3659.1196,3680.710778,4989.36505,6161.497857,3371.706971
2019-03-08,3849.29,1984.725165,8557.531627,6157.752897,4096.79,4442.8,4342.01,13026.03,3663.3562,3686.070444,4977.2014,6146.696484,3374.281879
2019-03-09,3928.86,2037.748759,8589.502471,6167.077461,4089.28,4444.97,4341.62,13024.86,3669.3734,3689.921889,4964.5381,6133.303681,3376.914814
2019-03-10,3926.51,2014.453043,8608.652458,6176.413631,4084.25,4445.61,4340.65,13021.95,3673.812,3695.082444,4952.26595,6117.91794,3379.547957
2019-03-11,3872.07,1973.282627,8623.968674,6185.761419,4076.67,4445.71,4338.6,13015.8,3680.2654,3700.791556,4939.01615,6103.450385,3382.141136
2019-03-12,3881.77,1986.573372,8649.399284,6195.120835,4073.65,4443.9,4336.19,13008.57,3687.05,3705.452333,4925.00075,6088.984973,3384.740979
2019-03-13,3864.63,1965.56516,8640.032243,6204.491891,4070.33,4444.2,4335.42,13006.26,3692.574,3711.744667,4910.6655,6077.01033,3387.331986
2019-03-14,3863.11,1969.365295,8644.375486,6213.874598,4058.04,4446.66,4333.98,13001.94,3698.6456,3718.912333,4896.5697,6064.910659,3389.921843
2019-03-15,3915.92,1988.310455,8670.035365,6223.268968,4055.92,4446.41,4333.17,12999.51,3705.3138,3726.561333,4882.38315,6052.291154,3392.549286
2019-03-16,4010.85,1997.934961,8691.822563,6232.675012,4045.73,4446.94,4330.76,12992.28,3713.9448,3735.181333,4867.00285,6041.57772,3395.244871
2019-03-17,3986.22,1989.256442,8719.55132,6242.092742,4041.25,4448.58,4330.82,12992.46,3722.4146,3740.169333,4851.6766,6029.99783,3397.922857
2019-03-18,3985.19,1997.805286,8733.0144,6251.522168,4037.91,4448.43,4329.74,12989.22,3731.0738,3744.669222,4836.9207,6017.563462,3400.602257
2019-03-19,4013.68,1987.165357,8743.569157,6260.963303,4036.89,4449.15,4329.96,12989.88,3742.6324,3747.640556,4821.9283,6004.095824,3403.303329
2019-03-20,4032.79,1980.776443,8741.268302,6270.416157,4035.99,4449.05,4329.53,12988.59,3755.0282,3747.208,4806.2414,5990.796868,3406.016543
2019-03-21,3983.25,1995.95124,8757.690069,6279.880742,4024.95,4451.5,4328.3,12984.9,3765.5674,3748.467778,4789.87025,5977.814396,3408.693807
2019-03-22,3986.64,1993.130969,8770.464286,6289.357069,4017.36,4452.53,4327.05,12981.15,3776.6846,3748.484778,4773.5664,5964.834148,3411.370314
2019-03-23,3991.51,1987.862036,8794.632221,6298.84515,4013.21,4453.13,4326.36,12979.08,3787.2424,3748.775667,4756.86015,5952.107857,3414.050986
2019-03-24,3983.25,2092.72043,8803.701196,6308.344997,4006.99,4454.45,4325.73,12977.19,3797.6626,3747.741222,4742.20395,5939.435797,3416.72455
2019-03-25,3919.29,2091.462963,8812.724608,6317.85662,3986.83,4459.08,4324.07,12972.21,3807.5312,3749.131778,4729.44605,5927.74522,3419.355321
2019-03-26,3930.73,2080.729294,8845.995071,6327.380031,3984.5,4458.09,4322.35,12967.05,3817.5528,3750.212,4717.11945,5916.764093,3421.993743
2019-03-27,4024.65,2070.98374,8862.872936,6336.915241,3985.92,4457.92,4322.53,12967.59,3829.12,3754.733222,4706.3701,5905.986401,3424.7007
2019-03-28,4023.29,2056.338798,8888.306798,6346.462263,3983.8,4458.35,4322.31,12966.93,3841.8612,3756.052667,4695.2723,5897.381566,3427.404936
2019-03-29,4087.82,2039.747674,8912.743888,6356.021107,3983.74,4461.79,4324.24,12972.72,3855.989,3757.784111,4684.20485,5889.857363,3430.155657
2019-03-30,4085.11,2045.840771,8928.334994,6365.591785,3962.8,4468.32,4324.16,12972.48,3865.201,3760.447889,4673.30625,5882.038736,3432.907843
2019-03-31,4108.13,2072.190258,8935.004548,6375.174308,3960.88,4463.39,4320.11,12960.33,3874.666,3764.918444,4662.3033,5874.632225,3435.6783
2019-04-01,4141.58,1912.297541,8970.864196,6384.768688,3953.34,4466.14,4320.42,12961.26,3884.4316,3768.342444,4650.66445,5866.741484,3438.477521
2019-04-02,4792.97,1884.548897,9010.125439,6394.374937,3999.83,4465.27,4332.84,12998.52,3907.9682,3778.131778,4642.0202,5859.519643,3441.739807
2019-04-03,4962.09,1834.964155,9025.64248,6403.993065,4034.54,4464.08,4341.35,13024.05,3935.1702,3791.026111,4634.17805,5854.563462,3445.122357
2019-04-04,4896.52,1847.142362,9056.858287,6413.623085,4046.01,4464.34,4344.91,13034.73,3961.1608,3802.718111,4626.2828,5849.334533,3448.459886
2019-04-05,5016.36,1872.97617,9049.06267,6423.265007,4062.15,4459.05,4345.18,13035.54,3989.7904,3815.806556,4620.15025,5844.953791,3451.882864
2019-04-06,5066.39,1897.833985,9034.645336,6432.918844,4066.06,4459.04,4346.34,13039.02,4019.252,3827.032111,4613.86295,5839.866538,3455.341536
2019-04-07,5187.32,1974.839609,9043.640249,6442.584607,4070.32,4458.85,4347.51,13042.53,4050.8836,3839.977556,4607.8787,5834.865769,3458.886979
2019-04-08,5257.5,1855.228681,9071.589128,6452.262308,4083.82,4458.35,4351.04,13053.12,4083.5584,3853.776889,4601.80155,5830.875769,3462.478871
2019-04-09,5191.49,1870.878457,9084.012532,6461.951958,4096.65,4457.41,4353.99,13061.97,4109.849,3866.774444,4594.0636,5826.368297,3466.023357
2019-04-10,5295.62,1885.624002,9115.615369,6471.653568,4107.89,4458.01,4357.5,13072.5,4137.5122,3885.205222,4587.105,5821.891401,3469.642436
2019-04-11,5039.55,1875.94176,9157.016492,6481.36715,4108.09,4458.52,4357.93,13073.79,4159.0372,3900.804,4578.84985,5814.158214,3473.078407
2019-04-12,5070.32,1885.673673,9169.392041,6491.092716,4108.48,4461.02,4359.71,13079.13,4182.0484,3916.773889,4571.19035,5806.280137,3476.536271
2019-04-13,5070,1925.301211,9202.616078,6500.830278,4107.33,4462.83,4360.88,13082.64,4204.0026,3934.076333,4564.5728,5798.122802,3479.992164
2019-04-14,5131.83,1929.757103,9202.608202,6510.579846,4109.83,4455.51,4356.12,13068.36,4224.0752,3950.262667,4557.93695,5789.353297,3483.492007
2019-04-15,5044.91,1903.219745,9212.244576,6520.341433,4112.02,4454.64,4356.24,13068.72,4249.4882,3966.432222,4549.7493,5781.133324,3486.926386
2019-04-16,5187.89,1945.065768,9210.920431,6530.11505,4117.09,4454.35,4357.57,13072.71,4276.3728,3984.032,4542.59675,5773.756319,3490.455679
2019-04-17,5205.78,1901.115586,9223.356061,6539.900709,4129.84,4453.5,4360.5,13081.5,4304.1688,4001.457778,4535.6245,5765.641978,3493.99735
2019-04-18,5253.14,1924.636263,9250.683219,6549.698421,4134.62,4453.65,4362.17,13086.51,4332.6264,4019.514889,4528.84075,5757.335412,3497.57175
2019-04-19,5273.83,1919.952152,9287.889088,6559.508198,4175.32,4451.27,4372.54,13117.62,4361.9306,4036.951,4522.4245,5747.604808,3501.162893
2019-04-20,5305.93,1932.738709,9249.379877,6569.330052,4179.33,4450.68,4373.39,13120.17,4391.2838,4056.468,4516.28045,5737.970687,3504.777814
2019-04-21,5286.52,1925.867504,9180.871132,6579.163994,4183.61,4448.61,4373.22,13119.66,4420.7262,4075.845556,4510.3974,5728.273791,3508.380421
2019-04-22,5372.29,1908.541916,9217.691599,6589.010036,4195.95,4445.9,4374.85,13124.55,4452.1556,4095.666222,4504.5658,5718.538709,3512.040379
2019-04-23,5556.46,1850.581842,9264.474935,6598.86819,4216.78,4444.85,4380,13140,4488.9214,4117.854333,4499.36665,5707.506593,3515.834393
2019-04-24,5436.56,1866.141132,9266.088071,6608.738467,4250.85,4426.99,4376.33,13128.99,4520.6844,4138.454889,4493.8141,5697.398819,3519.546136
2019-04-25,5141.43,1874.81028,9304.688101,6618.620879,4259.91,4424.37,4377.1,13131.3,4546.2794,4155.811889,4486.83645,5686.210385,3523.045579
2019-04-26,5133.09,1894.978476,9335.946054,6628.515438,4272.25,4411.79,4371.79,13115.37,4571.4386,4173.260333,4479.4128,5675.534203,3526.538829
2019-04-27,5208.06,1996.704874,9360.703609,6638.422155,4276.07,4409.7,4371.43,13114.29,4598.614,4191.658444,4472.40845,5664.193764,3530.079636
2019-04-28,5129.73,1928.33267,9384.325464,6648.341042,4280.75,4408.32,4371.85,13115.55,4622.6314,4210.480444,4465.31525,5652.446126,3533.566021
2019-04-29,5141.29,1907.296821,9395.393138,6658.272111,4294.02,4400.21,4370.33,13110.99,4646.927,4229.683667,4459.9726,5641.230192,3537.055779
2019-04-30,5252.77,1895.236075,9394.034711,6668.215374,4304.98,4397.42,4371.71,13115.13,4674.541,4249.644556,4455.08975,5630.682692,3540.619879
2019-05-01,5310.11,2050.97117,9409.142546,6678.170841,4321.98,4373.05,4358.71,13076.13,4703.1078,4270.526,4450.48795,5619.932225,3544.228607
2019-05-02,5382.73,2055.246803,9415.701102,6688.138526,4340.92,4365.89,4359,13077,4733.4698,4291.849444,4446.22395,5607.947005,3547.891657
2019-05-03,5672.23,2015.439294,9440.206665,6698.118439,4390.15,4353.94,4363.32,13089.96,4769.6522,4316.404889,4442.2725,5596.959011,3551.759957
2019-05-04,5567.71,2154.768159,9470.631339,6708.110593,4422.69,4346.23,4365.31,13095.93,4802.688,4340.203222,4437.76265,5585.33728,3555.551243
2019-05-05,5740,2183.5713,9492.660497,6718.114999,4457.57,4339.77,4368.26,13104.78,4837.271,4365.873778,4434.1191,5574.794835,3559.458379
2019-05-06,5690.2,2130.992322,9510.335489,6728.131669,4487.69,4337.81,4373.98,13121.94,4871.3506,4390.806111,4430.5281,5564.785192,3563.328336
2019-05-07,5883.23,2111.797023,9555.52734,6738.160615,4526.12,4332.47,4379.38,13138.14,4909.3114,4418.550556,4427.79095,5555.613434,3567.340721
2019-05-08,5916.57,2093.408519,9582.613751,6748.201849,4547.75,4330.63,4383.31,13149.93,4947.3692,4446.718778,4425.1279,5546.294396,3571.374714
2019-05-09,6162.47,2139.449698,9612.910653,6758.255381,4587.46,4322.94,4387.28,13161.84,4989.9628,4474.918333,4423.39745,5538.230549,3575.583971
2019-05-10,6357.32,2054.444779,9686.243832,6768.321225,4644.64,4310.39,4392.25,13176.75,5037.4442,4505.167667,4422.9888,5532.560604,3579.921036
2019-05-11,7336.72,2074.471184,9708.817323,6778.399392,4733.44,4305.79,4410.73,13232.19,5104.4458,4546.094556,4427.5377,5529.37739,3584.95235
2019-05-12,6931.49,2106.156467,9665.256096,6788.489894,4804.21,4302.61,4425.66,13276.98,5163.2454,4582.931778,4429.9453,5524.484203,3589.682379
2019-05-13,7781.03,2129.256239,9685.391688,6798.592743,4916.06,4299.78,4451.54,13354.62,5239.201,4629.365556,4436.6581,5522.040687,3595.031814
2019-05-14,7933.2,2072.419475,9731.004521,6808.70795,5037.52,4297.89,4482.06,13446.18,5319.4792,4677.545667,4444.1075,5520.49522,3600.491836
2019-05-15,8201.52,2009.59714,9801.736142,6818.835527,5163.47,4289.23,4509.56,13528.68,5404.895,4728.841667,4452.90405,5520.180055,3606.142429
2019-05-16,7860,2024.407742,9868.516014,6828.975486,5292.38,4285.3,4539.31,13617.93,5481.602,4776.249333,4460.0656,5519.673791,3611.5587
2019-05-17,7253.72,1978.879196,9891.152299,6839.12784,5298.91,4281.09,4537.03,13611.09,5546.2106,4816.782444,4464.913,5516.998214,3616.540771
2019-05-18,7261.17,2099.023195,9861.45811,6849.292599,5316.03,4279.12,4539.39,13618.17,5609.6776,4857.198111,4469.74265,5514.351401,3621.528821
2019-05-19,8225.55,2153.195728,9850.487725,6859.469776,5357.56,4276.62,4548.04,13644.12,5692.4864,4905.515778,4479.3072,5513.553352,3627.207236
2019-05-20,7964.33,2030.224225,9879.790188,6869.659383,5397.42,4271.22,4554.64,13663.92,5769.6104,4950.536556,4487.31435,5512.320659,3632.697036
2019-05-21,7961.18,2005.622583,9901.211098,6879.861431,5443.94,4264.76,4562.59,13687.77,5846.0024,4994.957444,4495.27365,5512.167473,3638.184564
2019-05-22,7683.78,2057.081424,9913.525345,6890.075933,5479.79,4257.39,4567,13701,5903.8186,5036.779889,4502.06735,5512.657005,3643.475429
2019-05-23,7893.22,2047.944426,9943.902582,6900.3029,5497.08,4255.89,4570.51,13711.53,5962.4412,5080.345778,4509.3499,5513.498187,3648.916136
2019-05-24,8017.23,2028.898108,9952.826672,6910.542345,5542.83,4253.97,4580.85,13742.55,6024.8554,5123.557222,4517.41075,5515.146154,3654.436721
2019-05-25,8039.9,2096.185051,9954.999993,6920.794279,5562.25,4254,4586.35,13759.05,6085.3262,5170.953222,4525.34435,5517.098077,3659.973486
2019-05-26,8694.91,2132.27532,9958.701988,6931.058713,5595.98,4251.8,4593.42,13780.26,6157.8966,5224.856,4536.18715,5520.839258,3665.97555
2019-05-27,8803.49,2033.543047,9973.64297,6941.335661,5668.01,4248.44,4607.94,13823.82,6230.22,5280.272778,4547.9833,5525.499258,3672.0529
2019-05-28,8711.31,2027.162345,9977.060616,6951.625134,5723.99,4245.55,4620.74,13862.22,6299.2962,5334.506667,4559.8613,5529.000055,3678.06435
2019-05-29,8641.8,2054.031574,10016.55187,6961.927144,5975.01,4242.29,4686.35,14059.05,6368.3024,5388.208667,4571.1494,5532.537418,3684.028857
2019-05-30,8261.87,2269.588694,10047.28353,6972.241704,6006.98,4240.4,4693.19,14079.57,6427.6274,5437.359778,4580.79205,5534.672143,3689.7245
2019-05-31,8518.67,2182.810592,10114.12582,6982.568823,6031.66,4238.94,4698.98,14096.94,6497.2098,5489.629444,4591.5743,5537.455962,3695.605464
2019-06-01,8554.69,2191.329277,10073.99861,6992.908516,6059.23,4236.98,4704.49,14113.47,6566.8972,5542.450222,4602.50495,5540.011181,3701.51445
2019-06-02,8716.8,2201.534933,10072.79065,7003.260794,6084.55,4235.42,4709.77,14129.31,6639.8332,5597.990556,4618.26405,5542.862473,3707.539207
2019-06-03,8460.78,2117.220477,10110.55244,7013.625669,6129.36,4236.72,4724.8,14174.4,6706.4122,5649.239111,4632.7899,5545.509505,3713.379579
2019-06-04,7658.94,2120.711134,10148.98119,7024.003153,6130.86,4201.21,4703.8,14111.4,6758.6928,5691.430889,4643.5157,5545.681456,3718.646486
2019-06-05,7768.43,2213.817848,10142.81492,7034.393257,6159.97,4175.68,4699.76,14099.28,6810.3036,5734.689778,4654.60435,5545.970357,3723.9937
2019-06-06,7754,2222.406555,10154.03648,7044.795995,6159.66,4172.63,4697.74,14093.22,6861.268,5778.075444,4665.4136,5546.203736,3729.333286
2019-06-07,8031.74,2254.174892,10141.86903,7055.211378,6182.36,4171.81,4703,14109,6916.84,5823.663,4681.1338,5547.338434,3734.871021
2019-06-08,7939.5,2254.088211,10161.06762,7065.639418,6191.4,4170.69,4704.46,14113.38,6970.1534,5868.251778,4695.70345,5548.295714,3740.350114
2019-06-09,7601.62,2298.059709,10189.56539,7076.080127,6199.77,4169.2,4706.21,14118.63,7016.0672,5909.691222,4710.9546,5550.723214,3745.59045
2019-06-10,7954.95,2258.620612,10217.78883,7086.533517,6229.9,4167.5,4714,14142,7069.4358,5954.948778,4728.4431,5553.934588,3751.084164
2019-06-11,7937.6,2238.781247,10233.0071,7096.9996,6242,4165.6,4716.35,14149.05,7120.742,6000.204,4746.55405,5557.808077,3756.562457
2019-06-12,8128.39,2213.606495,10260.8638,7107.478389,6266.88,4162.85,4722.44,14167.32,7172.1806,6047.596,4767.9224,5562.820934,3762.176114
2019-06-13,8191.94,2231.382213,10279.95976,7117.969895,6303.1,4160.51,4727.27,14181.81,7227.2882,6095.107333,4788.9285,5567.113929,3767.837779
2019-06-14,8694.13,2273.431034,10251.54966,7128.47413,6378.35,4157.72,4738.44,14215.32,7298.3422,6147.143778,4813.78375,5573.356923,3773.8578
2019-06-15,8819.01,2247.926326,10242.06847,7138.991107,6416.75,4155.68,4745.08,14235.24,7372.0606,6200.841444,4838.74635,5579.75522,3779.96905
2019-06-16,9026.88,2259.508384,10262.03306,7149.520838,6468.33,4153.07,4756.49,14269.47,7448.437,6256.860222,4862.7558,5586.79533,3786.23305
2019-06-17,9333.21,2189.709912,10325.46442,7160.063335,6535.3,4148.64,4772.08,14316.24,7532.5066,6315.966111,4888.22775,5594.058297,3792.715936
2019-06-18,9019.53,2258.825908,10333.12915,7170.61861,6569.96,4146.12,4780.29,14340.87,7610.0714,6371.374333,4913.4201,5600.320385,3798.979007
2019-06-19,9295.74,2237.897319,10341.26327,7181.186674,6617.61,4139.47,4792.08,14376.24,7690.9308,6430.402,4938.96695,5607.307445,3805.457307
2019-06-20,9538.98,2207.722462,10387.2374,7191.767541,6677.05,4136.43,4802.8,14408.4,7775.5082,6492.094667,4966.0329,5615.105192,3812.102979
2019-06-21,9885.08,2195.773265,10433.76283,7202.361223,6738.76,4133.12,4818.14,14454.42,7865.5552,6557.578778,4996.10865,5625.558104,3818.996486
2019-06-22,10677.2,2239.154326,10483.00966,7212.967731,6864.97,4125.35,4848.05,14544.15,7965.6546,6631.956,5029.86745,5637.930824,3826.457729
2019-06-23,10787.58,2263.591719,10442.67144,7223.587077,6914.71,4123.19,4861.02,14583.06,8070.052,6708.270333,5065.08205,5650.64794,3833.999771
2019-06-24,10972.6,2254.096281,10400.41861,7234.219275,6990.74,4120.76,4880.41,14641.23,8174.704,6786.513333,5101.84725,5663.652582,3841.658
2019-06-25,11340.69,2198.943783,10444.11813,7244.864336,7083.27,4114.52,4905.39,14716.17,8287.7138,6867.802667,5141.5821,5677.962335,3849.599829
2019-06-26,12696.75,2204.935011,10502.70765,7255.522271,7365.65,4104.68,4981.74,14945.22,8423.9842,6964.174444,5188.23125,5695.918544,3858.507057
2019-06-27,11076.42,2272.599967,10591.11087,7266.193095,7449.15,4098.12,5004.47,15013.41,8527.1812,7041.825556,5225.7022,5710.0925,3866.256936
2019-06-28,12327.8,2304.926273,10590.89035,7276.876818,7569.22,4089.88,5039.73,15119.19,8650.4878,7133.411,5270.0309,5726.82044,3874.895807
2019-06-29,11986.98,2419.008488,10550.98628,7287.573453,7638.92,4087.86,5055.17,15165.51,8763.081,7220.953778,5313.17455,5742.310357,3883.294221
2019-06-30,10962.19,2379.705229,10557.90834,7298.283012,7696.07,4091.59,5077.1,15231.3,8835.5904,7296.738333,5350.674,5754.888462,3890.961171
2019-07-01,10525.85,2282.891555,10591.5542,7309.005507,7740.15,4087.5,5078.57,15235.71,8907.4776,7360.437,5386.81165,5765.618571,3898.315543
2019-07-02,10729.56,2307.285679,10613.08085,7319.740951,7746.75,4084.92,5083.17,15249.51,8966.4482,7424.52,5424.36935,5776.964396,3905.816671
2019-07-03,11898.21,2341.809401,10613.69433,7330.489356,7813.79,4080.94,5101.75,15305.25,9045.7484,7502.316556,5467.72285,5791.326731,3914.151743
2019-07-04,11184.18,2364.675958,10618.5345,7341.250734,7890.14,4075.69,5126.89,15380.67,9105.4016,7570.847889,5507.4685,5804.107115,3921.978479
2019-07-05,10980.65,2368.907051,10643.59267,7352.025097,7911.25,4067.86,5129.53,15388.59,9167.8146,7636.561889,5544.68525,5816.136484,3929.656529
2019-07-06,11208.33,2471.207236,10692.11898,7362.812458,7937.25,4066.65,5134.96,15404.88,9246.9068,7703.462,5582.8259,5828.352143,3937.483007
2019-07-07,11465.64,2419.266784,10704.80152,7373.612829,7960.67,4064.83,5139.27,15417.81,9330.9962,7772.441333,5621.4228,5841.449093,3945.50095
2019-07-08,12323.36,2373.060078,10732.34178,7384.426223,8028.36,4062.19,5157.24,15471.72,9412.9524,7851.684333,5662.681,5856.940247,3954.131807
2019-07-09,12572.29,2693.315755,10766.97901,7395.25265,8102.54,4060.85,5179.64,15538.92,9505.1116,7932.536222,5706.1931,5873.985879,3962.938257
2019-07-10,12117.68,2672.735759,10818.25852,7406.092125,8269.18,4058.33,5225.79,15677.37,9588.2416,8011.182111,5746.85595,5889.745055,3971.423393
2019-07-11,11275.82,2703.286548,10857.26545,7416.944659,8296.97,4049.59,5231.77,15695.31,9660.0824,8080.132111,5783.4084,5903.784011,3979.306329
2019-07-12,11807.06,2704.097766,10844.55618,7427.810264,8348.35,4046.58,5245.42,15736.26,9738.3592,8154.988333,5822.06195,5919.151813,3987.568407
2019-07-13,11337.15,2743.755615,10846.44476,7438.688953,8398.93,4043.51,5247.95,15743.85,9804.7576,8223.936333,5859.777,5933.148132,3995.498064
2019-07-14,10544.99,2731.653674,10853.07582,7449.580738,8400.54,4041.46,5246,15738,9854.8594,8285.048333,5893.3344,5944.628324,4002.866564
2019-07-15,10905.02,2698.527184,10887.8049,7460.485632,8405.94,4040.1,5247.21,15741.63,9899.0616,8348.572,5929.7708,5956.231291,4010.491093
2019-07-16,9486.81,2742.603338,10914.96036,7471.403647,8421.01,4036.36,5247.68,15743.04,9912.728,8396.139,5957.68215,5962.164478,4017.103629
2019-07-17,9676.36,2688.721102,10950.06921,7482.334795,8426.95,4026.96,5254,15762,9932.029,8445.285889,5986.404,5968.546758,4023.852364
2019-07-18,10623.45,2665.944832,11008.0063,7493.279088,8459.01,4026.66,5268.22,15804.66,9971.662,8504.726111,6020.2944,5977.171346,4031.274736
2019-07-19,10508.76,2664.591072,11034.61531,7504.23654,8500.59,4016.05,5276.72,15830.16,10016.5998,8562.535333,6054.3093,5985.909973,4038.614107
2019-07-20,10981.62,2731.253561,11011.10253,7515.207162,8532.76,4014.59,5283,15849,10065.8588,8625.814222,6090.0503,5995.700412,4046.292821
2019-07-21,10580.54,2737.838905,11023.68053,7526.190967,8578.04,4013.28,5288.88,15866.64,10106.3758,8683.683667,6123.39335,6004.406209,4053.686257
2019-07-22,10324.34,2736.072453,11047.7798,7537.187967,8588.28,4011.16,5290.57,15871.71,10138.5266,8736.660111,6156.00705,6011.581923,4060.898671
2019-07-23,9886.74,2699.40011,11064.04699,7548.198175,8586.31,4010.59,5289.48,15868.44,10167.0458,8786.106556,6186.21955,6015.88456,4067.796779
2019-07-24,9769.57,2719.385558,11024.12057,7559.221602,8586.45,4019.69,5303.92,15911.76,10209.2584,8837.530333,6215.8754,6020.109725,4074.611336
2019-07-25,9894.94,2696.741514,11024.89492,7570.258263,8618.29,4015.12,5309.04,15927.12,10251.7886,8890.439778,6245.06965,6025.502582,4081.5119
2019-07-26,9797.97,2732.978434,11049.92535,7581.308168,8627.78,4014.64,5311.14,15933.42,10292.668,8941.438778,6273.94835,6029.88522,4088.342893
2019-07-27,9443.14,2748.001192,11072.43047,7592.371331,8632.05,4014.36,5311.44,15934.32,10320.896,8989.365556,6301.08625,6033.296676,4094.920514
2019-07-28,9543.07,2759.995889,11081.22274,7603.447763,8702.62,4012.9,5311.57,15934.71,10352.9674,9038.274222,6328.69305,6036.933599,4101.571079
2019-07-29,9515.18,2774.601229,11074.22932,7614.537478,8757.76,4049.76,5409.23,16227.69,10391.2386,9085.634333,6358.0847,6040.69022,4108.196929
2019-07-30,9565.74,2686.365573,11085.35058,7625.640488,8762.96,4048.63,5410.78,16232.34,10423.4544,9132.919111,6387.7351,6045.85456,4114.860114
2019-07-31,10016.3,2725.396975,11088.23583,7636.756805,8776.55,4047.93,5414.86,16244.58,10465.0284,9184.403222,6419.65145,6052.530192,4121.845179
2019-08-01,10374.76,2524.891013,11090.1996,7647.886442,8814.81,4047,5419.81,16259.43,10509.9558,9236.653556,6453.96135,6060.342115,4129.086021
2019-08-02,10484.71,2567.715639,11096.35319,7659.029411,8845.41,4046.41,5426.84,16280.52,10555.8112,9291.286889,6488.0096,6068.771868,4136.405521
2019-08-03,10826.87,2558.852536,11115.2703,7670.185725,8870.19,4046.02,5432.39,16297.17,10598.466,9347.807667,6524.1957,6079.280137,4143.967779
2019-08-04,10974.06,2582.485273,11117.85117,7681.355397,8891.5,4042.41,5436.97,16310.91,10641.567,9406.517222,6561.04645,6090.147995,4151.635593
2019-08-05,11759.3,2823.992909,11134.92714,7692.538438,8993.95,4025.61,5467.8,16403.4,10696.2154,9471.806889,6601.65565,6103.449176,4159.863721
2019-08-06,11345.94,2859.096899,11136.7646,7703.734862,9064.9,4015.11,5493.07,16479.21,10736.47,9532.133222,6640.24535,6116.175852,4167.791864
2019-08-07,11921.92,2768.164672,11142.46158,7714.944681,9106.63,4011.11,5507.02,16521.06,10794.5178,9596.127111,6681.33205,6131.757967,4176.13335
2019-08-08,11840.26,2761.22699,11106.25628,7726.167907,9157.37,4009.95,5523.74,16571.22,10845.4082,9657.048667,6722.78635,6146.267198,4184.416986
2019-08-09,11870.77,2772.114935,11122.09862,7737.404553,9191.91,4009.11,5531.83,16595.49,10892.044,9707.427,6764.4275,6162.091099,4192.720993
2019-08-10,11314.72,2848.797821,11131.94884,7748.654632,9204.81,4008.62,5534.87,16604.61,10920.6368,9756.129556,6803.05895,6175.638324,4200.627414
2019-08-11,11491.32,2825.842326,11150.38994,7759.918156,9231.73,4005.78,5540.01,16620.03,10936.9192,9797.355,6842.7179,6189.868874,4208.657964
2019-08-12,11380.73,2827.874683,11159.61165,7771.195139,9262.18,4005.05,5545.77,16637.31,10948.7822,9835.660889,6881.709,6203.968049,4216.611421
2019-08-13,10844.45,2782.49884,11091.79562,7782.485591,9292.27,4003.02,5555.7,16667.1,10946.2192,9865.026778,6918.03475,6216.814368,4224.179607
2019-08-14,10049.49,2784.646649,11082.35196,7793.789527,9312.49,4002.35,5561.15,16683.45,10920.3952,9889.354444,6950.46855,6227.084973,4231.176793
2019-08-15,10335.32,2794.016572,11094.78101,7805.106958,9313.45,4001.83,5557.4,16672.2,10873.1666,9923.594444,6984.384,6238.209451,4238.377614
2019-08-16,10373.04,2830.65535,11122.93657,7816.437897,9322.93,4001.47,5559.9,16679.7,10859.099,9958.170778,7019.07045,6248.737363,4245.599507
2019-08-17,10215.57,2852.455075,11151.5256,7827.782358,9326.77,4001.11,5559.26,16677.78,10816.8544,9980.282111,7053.0833,6259.246484,4252.703771
2019-08-18,10351.98,2942.841435,11177.89915,7839.140352,9335.74,4001.01,5560.59,16681.77,10784.1544,10006.81156,7087.56175,6269.838269,4259.910379
2019-08-19,10819.92,2868.969222,11189.27088,7850.511892,9378.35,3996.83,5563.69,16691.07,10781.309,10038.57533,7124.50745,6282.305027,4267.450793
2019-08-20,10780.72,2857.873702,11200.46143,7861.896991,9398.48,3995.94,5571.81,16715.43,10786.4064,10072.98578,7161.09295,6294.170962,4274.958879
2019-08-21,10100.57,2882.153944,11243.63164,7873.295662,9395.15,3995.92,5571.16,16713.48,10773.8266,10097.51189,7194.2846,6304.389725,4281.981479
2019-08-22,10117.99,2840.613678,11256.01856,7884.707917,9393.63,3995.68,5569.95,16709.85,10738.2222,10120.85367,7227.74525,6314.268736,4289.011979
2019-08-23,10394.34,2865.502812,11260.08525,7896.133768,9477.66,3995.42,5590.94,16772.82,10722.4254,10147.01411,7262.5687,6324.459643,4296.237536
2019-08-24,10114.88,2884.248343,11191.07986,7907.57323,9486.55,3994.99,5591.98,16775.94,10705.11,10162.79156,7295.91165,6333.754148,4303.262936
2019-08-25,10089.24,2988.795498,11216.92698,7919.026313,9492.87,3994.3,5593.55,16780.65,10682.7282,10177.07767,7329.4267,6343.113956,4310.263857
2019-08-26,10340.08,2872.013775,11223.02528,7930.493032,9509.18,3993.67,5598.73,16796.19,10660.217,10195.17511,7364.21995,6352.96794,4317.445586
2019-08-27,10128.56,2869.849459,11228.05558,7941.973398,9510.44,3991.36,5602.85,16808.55,10616.321,10211.69467,7396.7402,6361.324121,4324.469336
2019-08-28,9713.22,2895.080786,11235.88182,7953.467425,9517.89,3990.68,5605.24,16815.72,10559.1396,10227.82078,7427.1319,6368.636621,4331.191529
2019-08-29,9462.31,2880.277661,11241.51893,7964.975125,9501.15,3990.38,5599.67,16799.01,10506.0322,10238.30567,7456.17695,6375.576016,4337.726507
2019-08-30,9567.41,2896.041514,11246.19848,7976.496511,9508.41,3990.88,5599.1,16797.3,10471.864,10249.55811,7485.9333,6382.595934,4344.327179
2019-08-31,9605.15,2894.116997,11269.46908,7988.031595,9525.26,3992.62,5598.76,16796.28,10427.8258,10259.42867,7515.9491,6389.28544,4350.965707
2019-09-01,9770.96,3031.127914,11283.69488,7999.580391,9536.59,3992.96,5600.76,16802.28,10396.502,10273.98622,7546.81895,6396.190604,4357.711357
2019-09-02,10370.54,3057.926929,11287.37708,8011.142911,9550.03,3993.49,5603.21,16809.63,10393.013,10304.11511,7580.74725,6404.770632,4364.859571
2019-09-03,10618.64,2987.066913,11309.78624,8022.719169,9579.62,3992.59,5612.31,16836.93,10387.2854,10335.78411,7615.8739,6413.797775,4372.159379
2019-09-04,10587.62,3000.333981,11311.54342,8034.309175,9597.9,3990.51,5617.69,16853.07,10409.3016,10367.26878,7650.7833,6423.888791,4379.42415
2019-09-05,10581.73,3045.03273,11326.45947,8045.912945,9618.03,3989.68,5623.36,16870.08,10427.409,10395.602,7685.57315,6435.182363,4386.692136
2019-09-06,10352.65,2987.298342,11347.81426,8057.53049,9656.06,4004.73,5673.77,17021.31,10421.993,10422.41478,7717.9516,6446.052143,4393.820943
2019-09-07,10480.58,3041.112447,11373.12451,8069.161823,9666.06,4005.67,5675.9,17027.7,10421.4294,10454.40322,7750.7922,6457.881978,4401.0321
2019-09-08,10393.9,3031.2643,11402.78267,8080.806957,9679.68,4005.93,5678.75,17036.25,10409.675,10481.50267,7782.9452,6469.285962,4408.182421
2019-09-09,10339.93,3010.745758,11377.16341,8092.465905,9694.54,4005.45,5681.26,17043.78,10404.8628,10508.19522,7815.04605,6480.381071,4415.29645
2019-09-10,10096.12,2994.698498,11352.07951,8104.13868,9694.76,4005.37,5682.14,17046.42,10400.2984,10530.05889,7845.6652,6490.906593,4422.268486
2019-09-11,10109.7,2998.522521,11325.88571,8115.825294,9767.72,4007.36,5697.6,17092.8,10404.7576,10551.36733,7875.5727,6501.348846,4429.266807
2019-09-12,10376.05,3018.029555,11352.28282,8127.52576,9782.06,4007.65,5700.16,17100.48,10416.8872,10570.05533,7908.58165,6512.081538,4436.4442
2019-09-13,10318.35,3311.309527,11348.64959,8139.240092,9797.02,4008.54,5704.04,17112.12,10425.3554,10586.71467,7940.9551,6522.511566,4443.575414
2019-09-14,10355.92,3345.322224,11367.94425,8150.968302,9809.34,4009.32,5706.47,17119.41,10436.5144,10601.48178,7973.6548,6533.020907,4450.734821
2019-09-15,10313.03,3462.709141,11389.09944,8162.710403,9816.7,4009.91,5708.06,17124.18,10453.9122,10612.36867,8006.06865,6543.563379,4457.870836
2019-09-16,10255,3312.380737,11387.38728,8174.466407,9824.5,4010.34,5708.93,17126.79,10468.1508,10626.09611,8038.30055,6554.585714,4464.959307
2019-09-17,10222.81,3298.188011,11384.23896,8186.236329,9833.29,4008.5,5711.57,17134.71,10482.3034,10636.39689,8070.22325,6565.297143,4472.021836
2019-09-18,10152.54,3346.066882,11322.82812,8198.02018,9839.57,4010.45,5719.12,17157.36,10494.0394,10643.21422,8101.91395,6575.649808,4479.034171
2019-09-19,10234.96,3294.859936,11349.32435,8209.817974,9844.34,4011.3,5718.22,17154.66,10498.4126,10647.10178,8134.08465,6585.985055,4486.110786
2019-09-20,10130.05,3325.747533,11375.03591,8221.629724,9852.14,4011.69,5720.32,17160.96,10493.5184,10641.02233,8166.14405,6595.300907,4493.11735
2019-09-21,10005.17,3322.478089,11397.33699,8233.455441,9909.88,4019.97,5721.22,17163.66,10483.9276,10632.32889,8196.92785,6604.415824,4500.032164
2019-09-22,10013.52,3407.203045,11433.60481,8245.295141,9923.63,4021.62,5721.67,17165.01,10467.6606,10621.67244,8227.68705,6613.54478,4506.953379
2019-09-23,9689.41,3285.711845,11457.52591,8257.148835,9929.87,4021.14,5720.72,17162.16,10441.9676,10603.32489,8256.75845,6622.026071,4513.643079
2019-09-24,8711.52,3316.353132,11438.01705,8269.016536,9868.11,4017.66,5720.04,17160.12,10381.012,10559.04456,8281.0696,6628.394231,4519.636671
2019-09-25,8426.68,3287.743311,11417.24643,8280.898257,9780.38,4016.92,5698.14,17094.42,10322.6268,10529.603,8303.5587,6633.799945,4525.421829
2019-09-26,8118.39,3572.100799,11419.83533,8292.794012,9712.32,4017.76,5678.81,17036.43,10246.5562,10482.83178,8324.5181,6637.744863,4530.96985
2019-09-27,8210.36,3558.975659,11440.95706,8304.703812,9690.96,4017.92,5675.8,17027.4,10173.9582,10440.86933,8346.20955,6642.118379,4536.578157
2019-09-28,8187.31,3586.440654,11455.23052,8316.627673,9727.36,4023.97,5671.8,17015.4,10100.289,10410.03733,8367.73725,6646.478489,4542.17215
2019-09-29,8058.04,3561.566031,11483.3585,8328.565605,9726.32,4024.85,5670.09,17010.27,10035.1554,10382.61722,8388.7043,6650.456923,4547.668207
2019-09-30,8239.43,3570.909356,11488.98019,8340.517623,9720.69,4025.88,5667.04,17001.12,9970.1176,10354.94911,8410.5859,6655.078764,4553.284879
2019-10-01,8322.87,3586.593982,11499.40316,8352.483739,9707.46,4026.03,5663.35,16990.05,9908.9604,10315.22311,8432.62065,6659.991209,4558.970814
2019-10-02,8321.44,3635.227108,11519.65844,8364.463966,9698.8,4026.22,5661.38,16984.14,9858.5002,10283.41489,8454.1736,6665.096456,4564.658193
2019-10-03,8242.94,3633.580347,11536.75953,8376.458318,9690.77,4026.85,5658.71,16976.13,9822.3692,10252.99589,8475.4572,6669.778681,4570.287386
2019-10-04,8171.37,3702.584427,11567.86657,8388.466807,9684.46,4028.04,5656.83,16970.49,9779.0902,10219.25189,8496.3881,6674.105824,4575.864886
2019-10-05,8132.76,3648.068059,11591.05117,8400.489446,9691.66,4030.37,5656.31,16968.93,9734.2846,10182.21989,8516.9835,6678.462115,4581.39945
2019-10-06,7863.43,3651.109248,11622.9462,8412.526249,9705.79,4035.08,5654.43,16963.29,9687.2418,10132.66511,8536.1367,6682.106264,4586.7354
2019-10-07,8227.71,3707.457251,11622.90205,8424.577229,9703.77,4036.09,5653.23,16959.69,9644.7564,10084.392,8557.359,6686.529038,4592.330829
2019-10-08,8203.68,3633.803355,11633.31358,8436.642399,9717.08,4048.32,5653.69,16961.07,9592.4316,10040.90311,8578.4442,6690.91022,4597.906914
2019-10-09,8606.44,3619.717053,11658.26379,8448.721771,9720.38,4051.1,5653.81,16961.43,9548.946,10011.24333,8601.51885,6696.564258,4603.756714
2019-10-10,8588.81,3694.056325,11675.84628,8460.815359,9732.29,4062.13,5654.25,16962.75,9518.7108,9975.485,8624.54665,6703.099945,4609.593957
2019-10-11,8314.93,3702.268623,11696.78501,8472.923176,9730.78,4070.25,5652.71,16958.13,9482.6496,9941.904778,8646.52485,6708.829588,4615.211393
2019-10-12,8327.49,3736.674668,11731.03082,8485.045235,9729.11,4074.72,5653.12,16959.36,9441.3126,9917.265889,8668.50865,6714.590632,4620.854136
2019-10-13,8274.94,3721.184675,11768.79559,8497.181549,9728.93,4077.96,5652.67,16958.01,9404.5138,9888.042778,8689.7601,6720.193407,4626.45275
2019-10-14,8320.96,3702.8386,11786.61057,8509.332132,9699.71,4087.19,5678.19,17034.57,9369.1482,9875.088889,8711.24845,6725.299011,4632.080629
2019-10-15,8134.62,3801.804529,11808.01533,8521.496996,9688.82,4080.2,5674.01,17022.03,9325.039,9857.958444,8731.48245,6729.873022,4637.561086
2019-10-16,7997.1,3694.879888,11816.35875,8533.676155,9672.12,4084.79,5669.98,17009.94,9282.4098,9828.776778,8751.0424,6734.071896,4642.947386
2019-10-17,8048.86,3754.308974,11805.90423,8545.869622,9667.1,4090.68,5668.69,17006.07,9249.1226,9801.444556,8770.74605,6738.578654,4648.37045
2019-10-18,7949.7,3824.752703,11834.36907,8558.07741,9654.1,4091.2,5666.36,16999.08,9218.8704,9767.756556,8789.78665,6742.751841,4653.718879
2019-10-19,7944.07,3716.772351,11875.89927,8570.299532,9655.57,4096.3,5666.45,16999.35,9186.4036,9738.462444,8805.54215,6746.858681,4659.06295
2019-10-20,8220.89,3722.788108,11907.25479,8582.536001,9656.78,4099.57,5666.75,17000.25,9158.7184,9715.090778,8821.83615,6751.562885,4664.6197
2019-10-21,8222.96,3739.899438,11927.37464,8594.786831,9659.91,4097.46,5664.48,16993.44,9127.7584,9696.604333,8838.46835,6756.463736,4670.181371
2019-10-22,8036.63,3716.027624,11945.55026,8607.052035,9657.4,4100.32,5663.9,16991.7,9081.0802,9677.349444,8853.5697,6760.885962,4675.609764
2019-10-23,7436.1,3894.759181,11951.6003,8619.331625,9618.46,4102.87,5653.67,16961.01,9017.4294,9650.029,8865.41825,6763.59511,4680.605714
2019-10-24,7467.2,3884.714042,11956.07708,8631.625616,9571.97,4105.17,5641.77,16925.31,8955.021,9624.131556,8876.81765,6766.421291,4685.614071
2019-10-25,8622.5,3899.44851,11958.563,8643.93402,9571.59,4108.15,5645.26,16935.78,8915.8364,9615.013333,8893.64265,6772.408049,4691.44695
2019-10-26,9220.01,3874.656889,11956.08484,8656.256851,9637.99,4114.66,5664.23,16992.69,8893.1836,9611.423778,8913.78525,6780.039368,4697.734464
2019-10-27,9569.22,3861.138742,11982.31073,8668.594122,9653.39,4117.98,5669.1,17007.3,8874.9564,9612.024222,8935.15325,6788.669945,4704.268021
2019-10-28,9441.98,3864.74265,11984.65907,8680.945846,9681.33,4118.82,5682.8,17048.4,8855.918,9610.649111,8957.1654,6797.345055,4710.71165
2019-10-29,9440.76,3898.915783,11995.19704,8693.312036,9693.73,4120.5,5690.21,17070.63,8837.9346,9604.254222,8979.0176,6805.986593,4717.147871
2019-10-30,9174.39,3874.542741,12016.03519,8705.692707,9693.66,4122.07,5691.55,17074.65,8819.5,9590.916778,8999.53955,6813.848544,4723.395936
2019-10-31,9138.28,3869.21867,12020.54919,8718.08787,9698.19,4124.46,5693.61,17080.83,8800.0716,9575.956444,9019.5718,6821.473214,4729.615171
2019-11-01,9223.71,3465.570742,12015.55151,8730.497539,9697.66,4120.22,5701.96,17105.88,8777.0248,9558.143556,9040.4658,6829.314945,4735.893843
2019-11-02,9327.1,3518.60032,12042.35504,8742.921728,9748.52,4156.07,5704.07,17112.21,8757.1998,9539.844,9061.16185,6837.562363,4742.24685
2019-11-03,9216.33,3471.708145,12063.50347,8755.36045,9753.18,4160.36,5704.21,17112.63,8734.408,9511.588778,9081.2146,6845.198681,4748.523614
2019-11-04,9426.69,3423.964922,12087.61703,8767.813718,9758.72,4161.62,5706.62,17119.86,8716.6812,9490.263778,9102.08235,6853.499863,4754.947314
2019-11-05,9336.11,3512.25584,12093.0829,8780.281546,9684.91,4153.02,5687.16,17061.48,8698.3034,9461.532556,9122.39375,6861.42,4761.307336
2019-11-06,9336.03,3469.562498,12047.28134,8792.763947,9681.12,4144.44,5687.97,17063.91,8680.5678,9433.707778,9142.54425,6869.138901,4767.667571
2019-11-07,9218.74,3198.78873,12032.68912,8805.260933,9680.8,4147.65,5690.07,17070.21,8661.8918,9404.240778,9162.20535,6876.761099,4773.926371
2019-11-08,8818.94,3242.40885,12055.10478,8817.77252,9669.45,4150.41,5687.17,17061.51,8633.5714,9376.509889,9179.4386,6883.583159,4779.902564
2019-11-09,8807.58,3243.790401,12055.30558,8830.298719,9672.38,4159.56,5686.06,17058.18,8607.122,9346.690556,9195.6942,6890.240852,4785.870914
2019-11-10,9040.49,3236.881947,12076.52473,8842.839545,9675.37,4162.38,5686.9,17060.7,8587.8284,9320.687889,9213.71385,6897.678077,4792.009021
2019-11-11,8713.12,3266.320198,12091.43477,8855.39501,9668.81,4164.55,5686.88,17060.64,8561.8204,9297.006444,9231.5723,6904.136593,4797.912993
2019-11-12,8766.6,3219.443187,12116.70328,8867.965129,9662.05,4167.52,5685.3,17055.9,8543.3642,9282.752111,9249.73985,6910.724615,4803.855586
2019-11-13,8738.87,3232.629652,12124.69533,8880.549914,9650.08,4175.15,5697.04,17091.12,8543.9112,9265.013778,9267.3939,6919.444093,4809.789771
2019-11-14,8625.75,3286.124449,12119.40892,8893.149379,9642.13,4184.88,5695.77,17087.31,8547.8926,9245.599444,9284.874,6927.878544,4815.64275
2019-11-15,8482.05,3225.688352,12161.72464,8905.763537,9631.98,4188.94,5695.04,17085.12,8555.1658,9226.338111,9301.5778,6936.033132,4821.424264
2019-11-16,8486.81,3234.021928,12183.44368,8918.392402,9629.94,4200.71,5694.29,17082.87,8560.6948,9205.614,9317.748,6944.099368,4827.211814
2019-11-17,8518.68,3238.644874,12194.11688,8931.035988,9627.78,4203.77,5694.36,17083.08,8567.3222,9180.044667,9333.79085,6952.139286,4833.021879
2019-11-18,8214.04,3245.885101,12221.4003,8943.694306,9607.32,4207.24,5691.62,17074.86,8570.4422,9151.526,9347.9474,6961.277582,4838.614157
2019-11-19,8127.39,3213.997942,12175.26439,8956.367372,9579.34,4222.88,5688.9,17066.7,8568.2014,9129.601778,9360.2232,6969.799066,4844.147357
2019-11-20,8051.39,3315.232463,12203.26607,8969.055199,9560.33,4229.18,5685.88,17057.64,8562.7718,9106.639556,9372.6416,6979.414451,4849.607107
2019-11-21,7593.34,3268.933698,12208.97096,8981.757799,9523.41,4234.68,5678.53,17035.59,8548.2098,9075.517333,9381.9083,6988.030082,4854.739593
2019-11-22,7245.28,3260.216486,12231.26509,8994.475187,9422.62,4231.16,5662.96,16988.88,8528.2566,9043.632889,9389.6837,6996.079176,4859.643079
2019-11-23,7322.62,3344.571331,12253.97964,9007.207376,9351.67,4261.63,5654.74,16964.22,8511.2816,9012.892667,9396.88065,7005.606374,4864.595486
2019-11-24,6992.98,3304.952774,12301.63502,9019.95438,9308.18,4286.89,5655.43,16966.29,8488.486,8975.702667,9402.2627,7013.854341,4869.30285
2019-11-25,7174.85,3298.072912,12330.38301,9032.716211,9239.85,4307.35,5646.47,16939.41,8474.7144,8942.883667,9407.3246,7023.337225,4874.146943
2019-11-26,7154.21,3254.216616,12343.58568,9045.492884,9192.35,4319.08,5639.71,16919.13,8453.2444,8914.450222,9411.30905,7032.479313,4878.976329
2019-11-27,7511.73,3275.461421,12303.9137,9058.284412,9140.16,4340.74,5633.07,16899.21,8439.4054,8892.777111,9412.1841,7041.508819,4884.059957
2019-11-28,7417.25,3377.850313,12333.04699,9071.090808,9131.47,4347.36,5632.97,16898.91,8415.6216,8868.886444,9414.6129,7050.240769,4889.084621
2019-11-29,7748.04,3276.261087,12357.82884,9083.912087,9117.16,4359.03,5631.78,16895.34,8398.8062,8848.251889,9414.44795,7060.589615,4894.3492
2019-11-30,7544.42,3438.852836,12373.31889,9096.748261,9090.32,4368.47,5629.01,16887.03,8383.396,8823.512556,9412.50405,7069.815027,4899.468407
2019-12-01,7406.53,3487.419116,12415.74389,9109.599344,9058.63,4386.17,5626.61,16879.83,8364.9768,8790.579111,9408.5291,7078.828049,4904.488236
2019-12-02,7327.57,3481.279924,12439.15448,9122.465351,9032.28,4391.41,5622.3,16866.9,8346.0294,8754.011667,9405.86695,7088.32706,4909.456179
2019-12-03,7325.04,3486.418721,12462.81529,9135.346293,9005.26,4395.63,5618.12,16854.36,8326.111,8717.760778,9406.22355,7097.666621,4914.420957
2019-12-04,7226.44,3482.109031,12487.4609,9148.242186,8988.89,4393.42,5616.86,16850.58,8307.9474,8680.479778,9406.0499,7107.231951,4919.318421
2019-12-05,7409.73,3556.246466,12492.39213,9161.153042,8959.44,4405.53,5613.77,16841.31,8296.2,8647.780667,9401.9708,7117.644505,4924.334057
2019-12-06,7504.4,3457.403117,12481.25939,9174.078875,8923.19,4416.27,5609.05,16827.15,8285.3108,8614.712,9399.67115,7128.937582,4929.418514
2019-12-07,7507.08,3472.789461,12471.19007,9187.019699,8899.74,4433.76,5609.62,16828.86,8276.4584,8582.636222,9397.40065,7140.311648,4934.512079
2019-12-08,7515.24,3501.387822,12486.57777,9199.975527,8868.33,4458.8,5609.39,16828.17,8267.8818,8551.250778,9396.55795,7151.116621,4939.6114
2019-12-09,7330.26,3464.292993,12457.18779,9212.946373,8839.68,4477.45,5608.44,16825.32,8250.0692,8520.519,9393.74315,7161.743544,4944.581021
2019-12-10,7241.83,3485.090992,12414.65475,9225.932251,8823.43,4480.19,5605.88,16817.64,8230.4466,8488.653778,9389.86615,7172.41272,4949.486764
2019-12-11,7171.85,3453.654478,12354.46381,9238.933174,8806.23,4481.03,5602.62,16807.86,8213.151,8453.051556,9385.5259,7182.603791,4954.337943
2019-12-12,7173.14,3484.220102,12363.9076,9251.949156,8786.81,4484.85,5599.61,16798.83,8207.8918,8418.104778,9377.91705,7193.248901,4959.19195
2019-12-13,7242.1,3464.183595,12381.40158,9264.980211,8775.3,4490.59,5599.01,16797.03,8203.3898,8383.506778,9370.1101,7204.304066,4964.091293
2019-12-14,7080.39,3522.904073,12399.45726,9278.026352,8763.9,4492.78,5597.32,16791.96,8172.5476,8347.588556,9361.9555,7214.888901,4968.870943
2019-12-15,7097.54,3459.515828,12364.07006,9291.087593,8753.83,4497.74,5596.95,16790.85,8130.0982,8312.505667,9354.2342,7225.500137,4973.653686
2019-12-16,6878.81,3576.39379,12332.78524,9304.163948,8702.56,4537.81,5593.63,16780.89,8076.29,8275.350111,9347.3189,7234.68011,4978.281043
2019-12-17,6612.86,3460.143563,12218.96779,9317.25543,8665.22,4542.7,5587.73,16763.19,8019.7076,8236.020333,9337.78985,7243.011593,4982.714193
2019-12-18,7254.36,3448.570627,12241.32012,9330.362053,8616.3,4546.06,5577.66,16732.98,7975.9796,8202.902556,9331.2882,7252.649231,4987.597871
2019-12-19,7157.24,3540.235041,12250.23771,9343.483831,8602.66,4551.54,5578.58,16735.74,7935.6366,8169.871333,9323.4904,7261.125934,4992.409871
2019-12-20,7167.6,3479.228476,12285.17699,9356.620777,8575.2,4548.08,5579.22,16737.66,7896.223,8138.342778,9317.0245,7270.185632,4997.230314
2019-12-21,7154.03,3518.150984,12322.98823,9369.772906,8560.54,4563.98,5579,16737,7854.8294,8106.570667,9314.49995,7278.891456,5002.026229
2019-12-22,7440.17,3503.450618,12337.67821,9382.940231,8555.21,4567.32,5579.01,16737.03,7817.0908,8081.579111,9312.85865,7288.43772,5007.028657
2019-12-23,7318.14,3487.863167,12344.33936,9396.122765,8557.12,4568.57,5580.53,16741.59,7779.127,8066.097111,9310.67935,7297.343736,5011.943786
2019-12-24,7240.05,3513.290102,12358.02454,9409.320523,8544.35,4570.5,5580.7,16742.1,7735.3942,8052.912333,9306.7209,7306.810522,5016.815021
2019-12-25,7177.19,3495.992106,12366.20789,9422.533519,8503.37,4571.23,5571.12,16713.36,7692.2158,8042.454556,9302.90935,7315.996456,5021.639821
2019-12-26,7171.6,3513.95595,12377.97828,9435.761765,8459.78,4614.49,5570.18,16710.54,7648.9272,8030.912778,9300.75925,7325.759808,5026.460971
2019-12-27,7242.23,3491.711425,12400.52541,9449.005277,8445.84,4615.97,5567.87,16703.61,7609.397,8020.411889,9297.19565,7334.929286,5031.330336
2019-12-28,7323.93,3498.75439,12437.41729,9462.264067,8438.01,4620.32,5567.89,16703.67,7579.4968,8012.255111,9294.1273,7344.247802,5036.253329
2019-12-29,7413.76,3524.487934,12466.49915,9475.538149,8433.02,4623.94,5568.46,16705.38,7551.6204,8003.081,9290.55415,7354.051071,5041.241471
2019-12-30,7244.4,3497.877602,12476.4158,9488.827538,8395.36,4627.35,5561.54,16684.62,7515.6986,7991.098,9285.81645,7363.772555,5046.104729
2019-12-31,7165.36,3568.38925,12473.62515,9502.132247,8383.92,4627.02,5559.96,16679.88,7484.7434,7978.252667,9278.1726,7372.926236,5050.913407
2020-01-01,7163.73,3396.949752,12493.84111,9515.45229,8372.34,4633.5,5559.82,16679.46,7452.686,7966.261444,9269.8962,7381.859753,5055.725
2020-01-02,6933.4,3458.09095,12473.44251,9528.787681,8316.1,4662.64,5559.06,16677.18,7416.5766,7952.506222,9259.4288,7390.463599,5060.376429
2020-01-03,7322.67,3386.250452,12472.33104,9542.138434,8272.1,4690.78,5559.66,16678.98,7390.515,7943.505222,9249.3761,7400.019725,5065.312621
2020-01-04,7332.09,3453.214547,12494.98552,9555.504562,8235.61,4709.49,5558.81,16676.43,7367.5158,7937.601444,9240.9389,7409.617775,5070.263186
2020-01-05,7331.66,3392.728876,12528.4694,9568.886079,8222.86,4716.71,5559.36,16678.08,7344.4128,7927.645333,9231.1185,7418.616593,5075.209343
2020-01-06,7753.3,3396.55258,12525.50114,9582.283,8216.25,4721.34,5560.64,16681.92,7329.1052,7922.641111,9222.1901,7428.866786,5080.452893
2020-01-07,8111.23,3373.32776,12539.48966,9595.695338,8224.09,4722.32,5564.14,16692.42,7327.049,7917.138778,9213.32085,7440.118626,5085.951943
2020-01-08,8035.19,3377.882438,12566.80877,9609.123108,8237.63,4723.87,5569.23,16707.69,7325.205,7910.987444,9200.1108,7451.14467,5091.396586
2020-01-09,7825.6,3425.743937,12553.12664,9622.566322,8238.78,4727.59,5572.49,16717.47,7320.6892,7905.550444,9185.3009,7462.652225,5096.688686
2020-01-10,8060.74,3353.881226,12588.86501,9636.024995,8232.87,4731.54,5573.37,16720.11,7330.0372,7902.586556,9170.7416,7474.809038,5102.147421
2020-01-11,8039.14,3382.008144,12638.1292,9649.499141,8229.79,4736.54,5574.74,16724.22,7345.9144,7899.966556,9154.23385,7486.913736,5107.595343
2020-01-12,8133.79,3386.450728,12670.79263,9662.988774,8228.63,4740.27,5576.11,16728.33,7362.1378,7897.886889,9131.41905,7499.608819,5113.110279
2020-01-13,8126.84,3402.822636,12684.15111,9676.493907,8228.66,4743.77,5578.31,16734.93,7384.815,7897.800444,9116.67115,7511.838984,5118.619536
2020-01-14,8794.63,3627.014642,12684.14742,9690.014556,8311.63,4720.82,5591.82,16775.46,7417.2106,7906.661889,9099.0053,7526.138379,5124.603657
2020-01-15,8804.27,3594.566366,12709.71009,9703.550733,8344.69,4717.93,5601.68,16805.04,7450.2118,7915.055333,9083.09175,7540.425082,5130.594607
2020-01-16,8710.43,3633.659465,12734.33508,9717.102452,8352.44,4720.05,5606.77,16820.31,7474.1858,7923.507889,9071.83295,7554.361813,5136.517314
2020-01-17,8912.48,3610.15797,12749.66065,9730.669729,8368.84,4725.24,5613.24,16839.72,7504.0904,7934.268,9063.7661,7568.879615,5142.592257
2020-01-18,8908.66,3615.358412,12796.49991,9744.252576,8372.38,4727.9,5615.41,16846.23,7527.3028,7941.909889,9054.6616,7583.176538,5148.6644
2020-01-19,8665.83,3646.523256,12819.45062,9757.851007,8364.15,4734.06,5615.83,16847.49,7549.731,7946.830667,9038.4997,7597.232665,5154.559636
2020-01-20,8657.38,3644.293723,12824.43577,9771.465037,8357.72,4736.66,5615.77,16847.31,7574.748,7953.727889,9025.8657,7611.284423,5160.449036
2020-01-21,8707.06,3615.494641,12819.86406,9785.09468,8356.74,4739.29,5617.12,16851.36,7602.3378,7967.849667,9014.49775,7625.346593,5166.370464
2020-01-22,8618.81,3637.271769,12804.85308,9798.739949,8357.82,4740.78,5618.43,16855.29,7628.2132,7980.645333,9001.55015,7639.245714,5172.228493
2020-01-23,8340.16,3638.751969,12789.24504,9812.40086,8348.11,4744.78,5619.29,16857.87,7650.4876,7977.508222,8985.92275,7652.316181,5177.887986
2020-01-24,8424.31,3623.578347,12795.38312,9826.077425,8338.54,4754.75,5621.71,16865.13,7670.7792,7968.667111,8966.4275,7665.626648,5183.607414
2020-01-25,8327.31,3656.246918,12783.49729,9839.769658,8333.34,4758.06,5622.48,16867.44,7687.2374,7954.868111,8945.2026,7678.716154,5189.257514
2020-01-26,8558.81,3632.797127,12801.19013,9853.477575,8332.01,4761.16,5623.6,16870.8,7708.272,7945.055111,8927.40825,7692.470495,5195.066607
2020-01-27,8906.82,3721.923977,12798.63677,9867.201189,8341.95,4762.8,5627.21,16881.63,7736.1036,7939.122444,8915.56325,7707.500907,5201.127071
2020-01-28,9113.5,3775.958654,12785.57984,9880.940514,8360.71,4762.63,5632.37,16897.11,7771.7684,7938.445889,8902.09545,7723.161621,5207.33945
2020-01-29,9329.27,3786.192923,12799.5658,9894.695563,8389.36,4761.26,5645.02,16935.06,7813.5172,7940.568,8892.05605,7739.296181,5213.708214
2020-01-30,9530.07,3810.983257,12814.71232,9908.466352,8418.26,4766.65,5653.99,16961.97,7860.6816,7943.972,8886.98145,7756.052473,5220.217679
2020-01-31,9346.37,3777.574231,12822.61965,9922.252895,8450.64,4769.4,5664.73,16994.19,7904.1462,7944.186111,8879.1882,7772.213874,5226.595843
2020-02-01,9349.1,3941.327529,12832.48461,9936.055205,8442.68,4783,5667.25,17001.75,7946.2862,7945.661333,8878.49965,7788.386566,5232.975014
2020-02-02,9357.66,3995.579772,12808.77368,9949.873296,8444.78,4782.7,5667.53,17002.59,7991.8316,7944.894333,8876.90615,7804.68272,5239.360864
2020-02-03,9247.13,3932.063855,12757.44781,9963.707184,8414.88,4800,5671.43,17014.29,8034.8234,7943.905667,8870.02455,7820.664808,5245.667521
2020-02-04,9131.69,3951.104226,12765.83962,9977.556881,8420.86,4798.33,5673.64,17020.92,8079.881,7941.635222,8863.1392,7836.284038,5251.88895
2020-02-05,9647.15,3927.555722,12773.51801,9991.422402,8436.21,4799.3,5678.59,17035.77,8140.5668,7946.395333,8856.46685,7853.484368,5258.478479
2020-02-06,9734.05,3914.945355,12796.64332,10005.30376,8509.33,4784.14,5694.17,17082.51,8190.1606,7956.563222,8852.2344,7870.936621,5265.130357
2020-02-07,9773.16,3935.06806,12772.8487,10019.20097,8549.64,4777.2,5716.37,17149.11,8242.479,7967.291889,8849.4785,7887.828516,5271.812293
2020-02-08,9886.22,3929.575116,12788.04084,10033.11405,8573.59,4777.88,5723.41,17170.23,8296.8514,7976.688889,8849.4759,7905.002527,5278.57575
2020-02-09,10120.11,3937.026563,12813.66913,10047.04301,8592.3,4777.76,5729.66,17188.98,8356.173,7992.322111,8851.2286,7922.768489,5285.503236
2020-02-10,9871.31,3971.21935,12850.84207,10060.98786,8620.33,4784.3,5745.91,17237.73,8404.7958,8004.596667,8851.11045,7939.953022,5292.252807
2020-02-11,10236.41,3951.321909,12845.84106,10074.94863,8649.73,4784.18,5754.66,17263.98,8463.1612,8021.236,8853.30265,7958.179451,5299.259857
2020-02-12,10348.18,3943.641429,12873.23697,10088.92531,8679.35,4783.94,5763.18,17289.54,8525.3238,8040.374111,8857.82785,7976.726676,5306.347743
2020-02-13,10229.2,3919.671535,12876.93252,10102.91794,8697.8,4786.32,5770.36,17311.08,8586.364,8059.786889,8861.2585,7994.980302,5313.350021
2020-02-14,10346.06,3923.765805,12918.59045,10116.92652,8712.62,4788.94,5775.79,17327.37,8649.8532,8080.445222,8865.4129,8013.531813,5320.433621
2020-02-15,9900.24,3990.706723,12942.55522,10130.95106,8717.51,4789.44,5777.55,17332.65,8703.0134,8095.795889,8867.0854,8030.824396,5327.19685
2020-02-16,9872.96,4006.141883,12953.73885,10144.99158,8721.48,4792.87,5779.8,17339.4,8753.994,8114.228333,8866.3687,8047.992527,5333.943936
2020-02-17,9659.62,3947.685494,12970.33531,10159.0481,8714.85,4797.5,5780.19,17340.57,8798.9112,8131.253111,8862.793,8063.878956,5340.538736
2020-02-18,10161.94,3961.574578,12974.94057,10173.12062,8738.07,4797.91,5787.24,17361.72,8857.262,8154.703667,8861.17915,8081.047857,5347.488779
2020-02-19,9654.46,3928.520697,12980.62571,10187.20917,8755.98,4796.28,5794.07,17382.21,8907.044,8177.605,8855.3171,8096.682912,5354.069329
2020-02-20,9615.52,3960.41201,12985.5644,10201.31376,8752.55,4785.59,5791.98,17375.94,8956.0798,8203.941,8848.5244,8112.330604,5360.615029
2020-02-21,9666.81,4001.56014,12998.9025,10215.4344,8758.65,4791.15,5794.15,17382.45,9010.748,8229.987556,8838.06195,8127.97489,5367.2007
2020-02-22,9662.76,3959.355657,13045.78962,10229.5711,8767.71,4814.63,5795.49,17386.47,9057.5498,8259.651778,8829.64605,8143.179725,5373.780679
2020-02-23,9959.72,4017.274321,13076.63762,10243.72389,8784.33,4825.29,5799.11,17397.33,9110.1024,8290.594778,8819.83505,8160.172747,5380.566957
2020-02-24,9648.49,3947.232953,13087.03768,10257.89277,8795.19,4831.01,5801.1,17403.3,9156.439,8318.309,8808.8762,8176.120082,5387.125514
2020-02-25,9347.99,4011.467222,13123.93829,10272.07776,8824.13,4835.17,5809.05,17427.15,9188.3328,8338.711889,8796.2623,8191.317912,5393.468471
2020-02-26,8805.82,3944.490366,13149.4103,10286.27887,8805.92,4835.36,5805.14,17415.42,9202.2246,8354.140444,8783.7178,8204.987033,5399.435464
2020-02-27,8765.38,4032.407478,13157.5659,10300.49612,8781.48,4836.74,5799.52,17398.56,9216.8284,8365.444222,8770.0881,8218.604505,5405.376579
2020-02-28,8728.27,3930.873989,13183.32907,10314.72952,8768.87,4837.97,5797.95,17393.85,9234.8818,8378.598111,8756.8258,8232.038571,5411.285671
2020-02-29,8612.56,3969.565729,13224.42918,10328.97909,8766.25,4835.7,5797.12,17391.36,9245.9182,8391.998444,8745.66635,8245.22033,5417.116371
2020-03-01,8525.69,3755.579213,13253.01767,10343.24484,8757.79,4836.58,5795.54,17386.62,9255.6492,8405.310889,8738.04735,8258.200742,5422.882929
2020-03-02,8904.71,3713.133021,13264.94071,10357.52679,8753.08,4837.99,5797.6,17392.8,9271.0676,8422.862778,8730.8943,8272.449478,5428.9258
2020-03-03,8743.03,3710.906526,13255.39108,10371.82494,8747.62,4835.95,5800.01,17400.03,9283.3914,8439.713778,8722.74425,8285.896236,5434.848064
2020-03-04,8724.15,3715.687506,13272.98251,10386.13932,8708.69,4834.71,5790.39,17371.17,9281.9818,8454.318444,8715.28715,8299.25467,5440.760371
2020-03-05,9089,3782.798333,13301.98038,10400.46994,8720.72,4828.95,5792.1,17376.3,9287.6764,8471.925111,8708.97225,8313.578489,5446.932714
2020-03-06,9125.81,3707.896604,13317.83674,10414.81681,8727.93,4833.6,5794.26,17382.78,9295.984,8489.911,8700.5017,8328.074423,5453.122579
2020-03-07,8909.87,3913.431626,13360.6145,10429.17995,8729.23,4835.18,5794.89,17384.67,9295.9318,8505.406889,8691.14745,8341.758516,5459.159814
2020-03-08,8214.6,3728.391411,13401.54957,10443.55937,8718.73,4836.87,5793.16,17379.48,9282.0506,8515.232889,8681.7176,8353.538984,5464.700636
2020-03-09,7854.84,3963.458905,13417.00094,10457.95509,8667.57,4832.88,5780.84,17342.52,9265.8308,8522.044111,8670.40185,8364.480659,5469.981271
2020-03-10,7941.91,4040.485837,13426.07635,10472.36712,8640.25,4831.6,5774.88,17324.64,9251.5214,8530.600333,8658.1397,8375.63489,5475.330886
2020-03-11,7917.04,3972.415216,13450.54266,10486.79547,8577.39,4821.8,5758.59,17275.77,9235.721,8538.865889,8647.1505,8386.767885,5480.662686
2020-03-12,5558.99,3895.48531,13457.10184,10501.24016,8287.95,4801.69,5685.33,17055.99,9174.5246,8520.164667,8624.49925,8391.426896,5484.310093
2020-03-13,5628.66,3872.897326,13484.73435,10515.70121,8021.38,4789.32,5614.97,16844.91,9120.2946,8504.034333,8600.94215,8396.132225,5488.004086
2020-03-14,5274.34,3919.480535,13458.88443,10530.17863,7966.36,4786.09,5601.36,16804.08,9057.2952,8483.776556,8576.67105,8399.603352,5491.444886
2020-03-15,5366.88,3901.387792,13422.13647,10544.67243,7928.56,4785.69,5592.17,16776.51,8998.0866,8466.977333,8554.93935,8403.396374,5494.951529
2020-03-16,5008.51,3857.92289,13456.91555,10559.18262,7822.82,4783.87,5566.08,16698.24,8927.0806,8449.151222,8532.67035,8406.207692,5498.202929
2020-03-17,5433.08,3861.25993,13472.27181,10573.70923,7764.79,4777.92,5552.06,16656.18,8857.6058,8428.914778,8511.9987,8410.107143,5501.760186
2020-03-18,5359.65,3913.92838,13527.14167,10588.25227,7742.04,4777.48,5546.73,16640.19,8782.5288,8408.941556,8490.7712,8413.752363,5505.264721
2020-03-19,6238.8,3857.698608,13573.49297,10602.81175,7739.85,4777.74,5545.68,16637.04,8720.7194,8398.621556,8473.1104,8419.948929,5509.404793
2020-03-20,6205.35,3864.441735,13640.69881,10617.38768,7731.29,4778.3,5543.95,16631.85,8654.225,8388.080667,8452.28445,8426.044286,5513.52155
2020-03-21,6174.03,3899.162916,13654.34665,10631.98009,7724.67,4778.7,5542.37,16627.11,8590.7782,8374.012444,8430.0614,8432.04022,5517.615629
2020-03-22,5896.83,3934.954196,13685.70728,10646.58898,7728.95,4784.32,5543.65,16630.95,8521.7328,8358.220111,8406.60745,8437.297308,5521.514771
2020-03-23,6453.49,3875.253782,13725.956,10661.21437,7718.95,4781.84,5540.91,16622.73,8463.6494,8349.480556,8385.96625,8444.259396,5525.808743
2020-03-24,6760.22,3911.528627,13744.85629,10675.85627,7742.17,4782.07,5547.45,16642.35,8413.9112,8344.847556,8368.0041,8452.03272,5530.318507
2020-03-25,6665.52,3907.019973,13820.22131,10690.51471,7730.17,4778.16,5545.06,16635.18,8364.5878,8339.224444,8348.9288,8459.287857,5534.760179
2020-03-26,6747.4,3286.276595,13723.5224,10705.18968,7715.59,4787.38,5546.08,16638.24,8306.5928,8333.726333,8330.6963,8466.771676,5539.256329
2020-03-27,6662.84,3305.799079,13642.0434,10719.88122,7708.39,4790.28,5546.18,16638.54,8245.1686,8326.380889,8312.31085,8473.845907,5543.678421
2020-03-28,6229.54,3344.63271,13686.24575,10734.58933,7690.08,4792.11,5542.3,16626.9,8174.2962,8313.222889,8292.97795,8479.737198,5547.754443
2020-03-29,5897.31,3339.477195,13722.42416,10749.31402,7673.47,4790.4,5537.78,16613.34,8094.518,8298.255222,8271.916,8484.652527,5551.592379
2020-03-30,6462.71,3374.489293,13707.30023,10764.05532,7645.32,4804.21,5534.59,16603.77,8021.37,8290.448,8252.3493,8491.029258,5555.83255
2020-03-31,6440.67,3349.009432,13668.79569,10778.81324,7636.33,4804.59,5532.83,16598.49,7952.7572,8282.414,8232.9609,8495.555907,5560.055943
2020-04-01,6666.46,3410.634094,13640.37277,10793.58778,7547.2,4805.16,5510.5,16531.5,7881.3582,8279.448,8214.5136,8500.238242,5564.434079
2020-04-02,6804.66,3458.300702,13645.67918,10808.37898,7554.24,4803.31,5512.32,16536.96,7810.4878,8273.692333,8196.97175,8505.480385,5568.911079
2020-04-03,6752.22,3405.030063,13667.30798,10823.18683,7546.41,4812.02,5513.28,16539.84,7740.9482,8267.249333,8179.45785,8510.249231,5573.327129
2020-04-04,6842.1,3451.039719,13692.45258,10838.01136,7534.88,4817.57,5512.43,16537.29,7670.869,8261.809778,8162.5543,8515.127555,5577.804814
2020-04-05,6770.37,3436.881178,13739.84934,10852.85258,7532.68,4819.79,5512.82,16538.46,7608.2716,8250.888333,8145.64345,8519.476593,5582.230607
2020-04-06,7248.9,3546.881906,13758.91494,10867.71051,7554.63,4820.24,5519.08,16557.24,7555.7904,8241.306889,8130.71315,8524.947473,5586.992057
2020-04-07,7164.54,3417.119029,13664.33252,10882.58515,7565.49,4815.06,5520.95,16562.85,7505.8888,8231.633,8115.8856,8530.36794,5591.698421
2020-04-08,7352.38,3637.460816,13673.31046,10897.47653,7574.01,4814.82,5523.5,16570.5,7449.6976,8226.375,8102.62165,8536.018379,5596.534779
2020-04-09,7320.19,3637.587235,13710.55154,10912.38466,7579.92,4812.2,5524.93,16574.79,7403.0122,8218.146667,8089.155,8542.283874,5601.352464
2020-04-10,6844.88,3620.915155,13740.0915,10927.30955,7500.87,4813.41,5505.08,16515.24,7347.5994,8204.877111,8074.93235,8547.159038,5605.829743
2020-04-11,6854.89,3655.566897,13776.79768,10942.25122,7491.43,4818.82,5504.16,16512.48,7291.361,8190.667111,8065.6492,8552.062582,5610.308386
2020-04-12,7005.55,3633.41603,13797.81823,10957.20969,7487.29,4822.78,5504.42,16513.26,7238.2168,8178.208333,8058.54355,8557.210165,5614.833629
2020-04-13,6845.94,3671.875099,13792.19663,10972.18496,7467.97,4826.71,5500.67,16502.01,7175.9412,8156.556222,8052.1813,8562.158049,5619.224286
2020-04-14,6877.04,3619.132153,13785.72869,10987.17706,7465.9,4828.13,5500.73,16502.19,7120.5122,8135.142556,8045.5147,8566.798571,5623.646621
2020-04-15,6619.82,3633.840064,13717.09862,11002.186,7458.89,4827.92,5499.27,16497.81,7065.9488,8111.913556,8037.67725,8570.683297,5627.881207
2020-04-16,7139.11,3604.231541,13743.9437,11017.21178,7451.57,4832.18,5498.69,16496.07,7032.6146,8092.209444,8033.0826,8575.864533,5632.432721
2020-04-17,7079.7,3628.283968,13735.50388,11032.25444,7452.27,4835.31,5499.63,16498.89,6998.901,8071.887667,8027.28395,8580.825714,5636.956436
2020-04-18,7245.7,3645.450581,13672.08456,11047.31398,7452.04,4839.96,5500.63,16501.89,6969.2496,8056.108444,8021.8981,8586.154753,5641.59485
2020-04-19,7167.55,3675.863866,13656.98841,11062.39041,7449.43,4845.53,5500.84,16502.52,6940.3494,8039.554778,8016.12865,8591.322418,5646.170357
2020-04-20,6847.33,3618.343577,13674.64091,11077.48376,7446.01,4848.57,5499.45,16498.35,6906.7822,8018.891111,8009.1506,8595.374725,5650.536
2020-04-21,6911.16,3970.361395,13711.80324,11092.59404,7438.42,4849.87,5497.08,16491.24,6866.9112,7999.917222,8002.84955,8599.096429,5654.996629
2020-04-22,7106.31,3906.415295,13791.41688,11107.72125,7446.06,4858.06,5497.44,16492.32,6834.1768,7986.207778,7997.7173,8603.683654,5659.627514
2020-04-23,7532.66,3877.120102,13808.68684,11122.86543,7465.9,4857.02,5501.66,16504.98,6810.347,7976.300556,7996.06345,8610.252967,5664.563214
2020-04-24,7502.8,3940.900051,13846.07239,11138.02657,7482.47,4856.88,5505.43,16516.29,6778.623,7967.139333,7992.4389,8616.763159,5669.452743
2020-04-25,7514.18,3903.086291,13851.03943,11153.2047,7489.71,4860.06,5506.81,16520.43,6746.3904,7955.532333,7988.9914,8623.098654,5674.347629
2020-04-26,7648.43,3919.453639,13881.82109,11168.39984,7492.26,4861.88,5508.09,16524.27,6721.1616,7941.550222,7984.20135,8630.018159,5679.364507
2020-04-27,7757.45,3932.429255,13912.37156,11183.61199,7532.86,4864.92,5518.61,16555.83,6712.0186,7926.483,7980.04455,8637.205412,5684.443893
2020-04-28,7758.54,3910.480643,13897.1591,11198.84117,7539.14,4865.79,5520.37,16561.11,6710.0926,7909.030444,7977.2626,8644.089396,5689.524257
2020-04-29,8731.52,3883.474266,13980.52631,11214.0874,7659.37,4860.2,5548.84,16646.52,6725.8848,7900.157667,7979.28275,8653.488874,5695.3086
2020-04-30,8702.4,3786.359402,14053.36332,11229.35069,7758.84,4857.66,5572.68,16718.04,6741.592,7893.002444,7981.42005,8662.608846,5701.04715
2020-05-01,8847.99,3536.024414,14099.90402,11244.63105,7792.11,4857.6,5580.58,16741.74,6807.372,7887.434556,7984.0552,8671.333462,5706.884164
2020-05-02,8928.02,3647.929469,13981.99465,11259.92851,7811.84,4860.71,5584.99,16754.97,6873.3592,7882.660778,7988.0222,8680.565082,5712.76145
2020-05-03,8908,3657.347945,13901.84783,11275.24307,7851,4861.43,5594.2,16782.6,6946.0324,7878.892667,7992.5767,8689.268379,5718.651114
2020-05-04,8902.66,3656.726199,13942.98867,11290.57475,7869.34,4860.97,5598.29,16794.87,7016.748,7876.347889,7996.8457,8698.093819,5724.527757
2020-05-05,8960.42,3704.644382,13923.63251,11305.92357,7884.23,4859.42,5601.94,16805.82,7095.7862,7868.717556,8001.8993,8706.547637,5730.450143
2020-05-06,9309.91,3708.709993,13923.58748,11321.28955,7932.02,4855.22,5614.69,16844.07,7173.3228,7864.004889,8008.7285,8715.87,5736.617414
2020-05-07,9895.03,3642.246408,13930.1412,11336.67268,8030.05,4846.58,5641.92,16925.76,7264.0304,7865.359,8017.0992,8726.124286,5743.229307
2020-05-08,9903.74,3574.240179,13969.49277,11352.073,8111.81,4843.9,5660.77,16982.31,7337.3292,7865.553667,8025.5031,8735.867198,5749.831007
2020-05-09,9567.19,3633.3251,13984.19383,11367.49052,8131.44,4842.56,5665.6,16996.8,7404.566,7859.410111,8033.1559,8741.994863,5756.198521
2020-05-10,8719.35,3681.884886,13946.96112,11382.92524,8116.69,4842.15,5661.96,16985.88,7455.4724,7846.610556,8039.57215,8746.906566,5761.964786
2020-05-11,8600.04,3938.891486,13912.26804,11398.3772,8098.86,4841.41,5660.28,16980.84,7509.5366,7828.428667,8045.23635,8749.156593,5767.645364
2020-05-12,8815.89,6768.498484,13943.22528,11413.84639,8081.85,4840.9,5656.04,16968.12,7556.7846,7811.403222,8046.2033,8751.581566,5773.464593
2020-05-13,9327.55,6614.826881,13999.32695,11429.33284,8107.61,4840.75,5662.39,16987.17,7608.1312,7801.384889,8046.741,8754.675055,5779.654264
2020-05-14,9774.57,6406.881882,14017.80409,11444.83656,8143.96,4839.31,5670.94,17012.82,7670.3122,7795.035,8047.76775,8759.934863,5786.163457
2020-05-15,9369.14,6282.143671,14073.47547,11460.35757,8172.45,4834.67,5676.06,17028.18,7722.747,7789.133889,8047.40355,8765.746456,5792.378714
2020-05-16,9418.02,6877.762493,14058.72015,11475.89588,8179.38,4835.63,5677.82,17033.46,7777.8506,7784.079,8047.28985,8771.671868,5798.63225
2020-05-17,9749.38,6549.050848,14030.77819,11491.45151,8194.89,4837.04,5681.27,17043.81,7848.2474,7785.076333,8050.1648,8775.858214,5805.113293
2020-05-18,9694.77,6293.562675,13971.71528,11507.02447,8239.72,4839.94,5691.65,17074.95,7924.1966,7779.885556,8052.94725,8780.61217,5811.556271
2020-05-19,9692.03,6101.104981,13951.28651,11522.61478,8264.8,4839.41,5697.88,17093.64,7988.783,7780.303,8055.28885,8785.367253,5818.000079
2020-05-20,9545.53,5623.405614,13969.93038,11538.22244,8289.88,4838.22,5703.6,17110.8,8050.8802,7779.525333,8056.381,8790.481951,5824.341029
2020-05-21,9093.53,5763.741848,13962.52965,11553.84749,8286.25,4836.92,5701.99,17105.97,8099.4216,7773.155556,8055.767,8793.779505,5830.360279
2020-05-22,9196.04,5853.518827,14014.66197,11569.48993,8285.82,4836.53,5701.54,17104.62,8147.2492,7767.969778,8054.61375,8797.017995,5836.462086
2020-05-23,9212.75,6223.793762,13994.43565,11585.14978,8291.7,4835.9,5702.86,17108.58,8196.4598,7759.670111,8053.99695,8800.24011,5842.575464
2020-05-24,9022.06,6639.629238,13888.9608,11600.82705,8297.69,4836.39,5703.94,17111.82,8240.059,7752.709778,8052.4271,8801.138874,5848.5467
2020-05-25,8907.67,6374.137334,13866.84443,11616.52175,8272.44,4836.78,5697.42,17092.26,8282.805,7747.817333,8050.87175,8801.425082,5854.442
2020-05-26,8818.75,6457.311867,13878.30907,11632.23392,8268.82,4837.35,5696.8,17090.4,8314.202,7747.961,8050.8708,8801.720247,5860.274143
2020-05-27,9117.59,6726.873577,13843.10674,11647.96355,8278.48,4837.06,5699.47,17098.41,8353.263,7751.874444,8052.42085,8803.027363,5866.319421
2020-05-28,9539,6433.641942,13873.19206,11663.71066,8296.57,4835.42,5703.25,17109.75,8396.9954,7760.882556,8054.9134,8806.535962,5872.665879
2020-05-29,9434.81,6372.305301,13887.60462,11679.47527,8319.53,4830.12,5706.58,17119.74,8439.2878,7770.018667,8058.52185,8809.05283,5878.936314
2020-05-30,9665.83,6788.438563,13807.05548,11695.2574,8327.78,4829.14,5708.33,17124.99,8495.7068,7782.686889,8063.018,8812.105412,5885.373479
2020-05-31,9442.4,6692.198175,13734.30857,11711.05705,8341.74,4827.39,5710.55,17131.65,8547.457,7788.661222,8066.53565,8814.098819,5891.667614
2020-06-01,10214.65,6649.847301,13744.35515,11726.87426,8375.92,4811.77,5718.55,17155.65,8611.639,7805.012556,8074.48015,8818.917143,5898.5251
2020-06-02,9516.44,6645.166567,13790.69239,11742.70902,8418.12,4808.86,5729.31,17187.93,8665.049,7813.815778,8079.6521,8824.020165,5904.924743
2020-06-03,9603.64,6653.631429,13788.47393,11758.56135,8424.22,4808.99,5731.58,17194.74,8719.581,7819.534,8085.23625,8829.061951,5911.378786
2020-06-04,9782.9,6197.04393,13787.02453,11774.43128,8442.46,4808.51,5735.41,17206.23,8782.8426,7826.835,8091.55735,8834.635852,5917.955771
2020-06-05,9663.23,6362.02426,13788.79203,11790.31881,8453.64,4810.68,5738.13,17214.39,8833.325,7835.205667,8098.8033,8839.117967,5924.446929
2020-06-06,9662.86,6438.828743,13801.88618,11806.22397,8457.78,4813.17,5739.98,17219.94,8884.9882,7851.297444,8106.48065,8843.852473,5930.928786
2020-06-07,9760.93,6557.552919,13819.35498,11822.14676,8460.84,4815.23,5741.22,17223.66,8935.2928,7872.476222,8115.02835,8849.784643,5937.476864
2020-06-08,9756.65,6345.171504,13754.28893,11838.0872,8478.22,4816.92,5750.93,17252.79,8987.0748,7892.64,8125.8449,8854.734368,5944.024557
2020-06-09,9769.5,6422.038133,13740.49707,11854.04531,8487.79,4816.75,5754.05,17262.15,9045.5182,7913.222889,8138.466,8859.76706,5950.583536
2020-06-10,9885.38,6368.15649,13764.27899,11870.0211,8499.5,4816.04,5757.44,17272.32,9105.0026,7961.293889,8151.2798,8864.593956,5957.21915
2020-06-11,9303.26,6393.250753,13734.85026,11886.01459,8500.83,4816.18,5758.26,17274.78,9148.9416,8002.122778,8162.8312,8867.647033,5963.443407
2020-06-12,9437.64,6457.525351,13750.57212,11902.02579,8502.06,4817.93,5758.8,17276.4,9187.0412,8048.381667,8174.14515,8869.689643,5969.76455
2020-06-13,9443.26,6591.35508,13722.76332,11918.05472,8502.69,4821.36,5759.7,17279.1,9225.8504,8093.674778,8185.5904,8871.404615,5976.092386
2020-06-14,9341.58,6506.83598,13756.44489,11934.1014,8504.35,4824.2,5760.77,17282.31,9262.3984,8141.82,8194.73965,8872.269176,5982.3586
2020-06-15,9441.02,6400.831731,13791.71718,11950.16583,8493.55,4826.37,5758.77,17276.31,9298.2502,8186.352667,8204.8585,8872.565357,5988.697193
2020-06-16,9510.61,7541.420007,13802.70424,11966.24804,8505.3,4831.52,5762.91,17288.73,9333.3134,8232.474444,8213.67135,8873.914478,5995.07845
2020-06-17,9439.73,7195.339638,13850.35603,11982.34804,8507.54,4831.69,5763.94,17291.82,9366.9372,8268.040333,8223.1479,8874.310055,6001.414221
2020-06-18,9347.64,7474.154114,13860.36214,11998.46584,8563.2,4832.8,5778.92,17336.76,9379.2596,8302.954667,8232.85345,8873.784396,6007.681557
2020-06-19,9317.59,7189.619686,13881.65981,12014.60147,8562.69,4834.15,5779.26,17337.78,9391.5634,8337.883111,8242.80355,8872.225357,6013.926836
2020-06-20,9336.07,7336.900854,13909.50167,12030.75493,8563.54,4838.98,5780.18,17340.54,9401.325,8376.096889,8252.8587,8868.540934,6020.182793
2020-06-21,9304.2,7492.956613,13894.23269,12046.92624,8566.56,4840.37,5781.77,17345.31,9408.8486,8407.771444,8263.2475,8864.465714,6026.416364
2020-06-22,9659.75,7298.752027,13949.54156,12063.11542,8577.81,4840.47,5785.33,17355.99,9423.8836,8439.988444,8274.4976,8860.858984,6032.89975
2020-06-23,9625.66,7303.306498,13934.45606,12079.32249,8592.62,4841.26,5789.98,17369.94,9438.3436,8472.878889,8285.1039,8856.147363,6039.359064
2020-06-24,9274.97,7293.092668,13919.64077,12095.54745,8591.49,4833.47,5788.48,17365.44,9444.6346,8500.963,8293.94335,8846.746868,6045.572386
2020-06-25,9240.59,7263.661037,13954.37321,12111.79033,8585.62,4834.24,5787.25,17361.75,9443.2482,8529.604667,8302.5701,8841.703379,6051.761593
2020-06-26,9139.04,7349.940044,13941.07358,12128.05113,8647.88,4837.66,5804.44,17413.32,9428.1284,8561.932444,8311.614,8832.943049,6057.877514
2020-06-27,9013.14,7446.999303,13953.85134,12144.32988,8641.46,4847.63,5804.68,17414.04,9410.3164,8596.552778,8320.47055,8824.773159,6063.908679
2020-06-28,9123.24,7487.346342,13994.13877,12160.62659,8635.74,4850.53,5804.36,17413.08,9401.4374,8626.114222,8330.2275,8819.721099,6070.01785
2020-06-29,9212.59,7374.666886,13966.45462,12176.94128,8632.13,4854.57,5805.3,17415.9,9411.3022,8656.913333,8340.42475,8816.113242,6076.187714
2020-06-30,9123.72,7451.881803,13967.26903,12193.27395,8644.36,4847.14,5808.27,17424.81,9421.7758,8684.216222,8349.83285,8811.701593,6082.293393
2020-07-01,9225.75,7293.76734,13974.89577,12209.62464,8645.7,4849.82,5809.62,17428.86,9429.973,8711.117222,8360.55965,8804.35967,6088.475771
2020-07-02,9137.56,7389.746359,13982.5695,12225.99335,8643.44,4853.12,5810.03,17430.09,9426.1732,8737.621,8370.75975,8798.737088,6094.595657
2020-07-03,9062.64,7357.877344,13990.03788,12242.38009,8643.29,4855.53,5810.77,17432.31,9411.9346,8762.293667,8381.6789,8793.46783,6100.661557
2020-07-04,9120.83,7741.602006,13985.22014,12258.78489,8642.47,4857.38,5811.21,17433.63,9406.9684,8788.409889,8394.21875,8787.73294,6106.750543
2020-07-05,9064.12,7560.011444,13953.10428,12275.20776,8638.15,4861.81,5811.19,17433.57,9399.8904,8808.579,8403.26755,8781.135357,6112.794329
2020-07-06,9324.82,7460.272517,13942.31237,12291.64871,8616.68,4900.04,5813.39,17440.17,9391.3992,8832.582111,8414.10545,8772.89761,6119.023529
2020-07-07,9233.87,7445.000787,13991.65723,12308.10776,8590.43,4937.49,5814.92,17444.76,9382.1812,8853.487556,8424.4368,8763.726126,6125.184071
2020-07-08,9440.55,7520.261199,14004.47347,12324.58493,8599.6,4940.8,5822.83,17468.49,9377.1516,8877.047111,8435.8694,8756.371374,6131.487629
2020-07-09,9234.73,7351.303092,13993.96585,12341.08023,8601.83,4943.74,5824.85,17474.55,9370.9356,8903.601,8444.8422,8750.763984,6137.63825
2020-07-10,9247.85,7390.723946,13993.94761,12357.59367,8588.9,4956.3,5824.68,17474.04,9374.022,8930.189444,8454.49075,8743.733187,6143.798379
2020-07-11,9228.84,7543.025442,13973.2085,12374.12528,8584.98,4961,5825.38,17476.14,9374.678,8954.892667,8464.4347,8737.941126,6149.944579
2020-07-12,9293.58,7799.320153,13987.53075,12390.67507,8577.2,4968.64,5826.05,17478.15,9376.2946,8982.088667,8475.01665,8734.503187,6156.152264
2020-07-13,9229.11,8149.821945,14026.84799,12407.24306,8579.23,4967.93,5826.72,17480.16,9380.4356,9008.222778,8485.3042,8729.899038,6162.310714
2020-07-14,9242.57,8066.758309,14102.3242,12423.82925,8578.78,4969.3,5830.14,17490.42,9387.1336,9037.364444,8495.3059,8729.228049,6168.4774
2020-07-15,9221.76,8036.82519,14137.73872,12440.43367,8580.57,4970.1,5833.01,17499.03,9395.1938,9060.505,8504.79505,8727.979148,6174.628829
2020-07-16,9123.08,7795.943007,14206.44341,12457.05633,8577.54,4971.45,5833.04,17499.12,9395.3036,9083.209222,8513.34165,8723.857253,6180.711607
2020-07-17,9133.73,7705.127709,14292.64737,12473.69724,8574.53,4973.28,5833.02,17499.06,9387.1982,9104.187333,8522.7883,8720.079698,6186.801136
2020-07-18,9136.6,7841.75013,14332.26764,12490.35643,8571.15,4976.69,5833.49,17500.47,9381.234,9126.065667,8532.6445,8715.010962,6192.896136
2020-07-19,9198.52,8244.839531,14274.02675,12507.03391,8569.86,4979.63,5834.7,17504.1,9371.8878,9152.19,8542.81845,8711.214203,6199.03125
2020-07-20,9141.93,7815.789235,14293.9665,12523.72969,8567.62,4982.82,5835.19,17505.57,9365.8784,9176.976333,8553.8611,8707.965824,6205.125964
2020-07-21,9349.39,7587.513036,14361.46132,12540.44379,8575.74,4980.43,5836.93,17510.79,9348.5732,9201.899444,8563.9947,8706.489588,6211.368643
2020-07-22,9547.61,7343.712805,14435.05732,12557.17623,8576.59,4986.51,5840.35,17521.05,9349.1966,9224.287778,8575.0723,8705.879808,6217.762793
2020-07-23,9579.52,7346.010258,14482.82113,12573.92701,8589.38,4987.55,5844.93,17534.79,9348.7142,9247.362444,8586.3116,8705.013269,6224.179671
2020-07-24,9549.95,7623.357569,14488.54448,12590.69617,8598.24,4989.02,5848.16,17544.48,9344.0552,9269.982111,8595.29485,8704.331896,6230.570714
2020-07-25,9666.81,7791.004925,14439.80077,12607.48371,8606.88,4991.37,5850.88,17552.64,9344.1268,9292.408556,8603.07275,8704.946374,6237.045121
2020-07-26,9897.03,7950.826466,14332.22754,12624.28964,8622.53,4993.16,5855.17,17565.51,9348.8102,9316.181667,8612.38195,8705.918791,6243.6873
2020-07-27,11193.5,7316.564375,14357.56662,12641.114,8699.49,4993.23,5874.4,17623.2,9377.4616,9354.347889,8629.22145,8710.52956,6251.251614
2020-07-28,10968.85,6992.077283,14413.48984,12657.95678,8780.61,4985.3,5896.37,17689.11,9401.7056,9379.207111,8643.762,8714.384258,6258.655971
2020-07-29,11229.59,7002.071166,14448.15122,12674.818,8827.03,4984.78,5908.27,17724.81,9430.9074,9407.287,8659.71425,8717.717473,6266.246371
2020-07-30,11105.18,6865.204008,14509.26087,12691.69769,8862.39,4982.78,5917.62,17752.86,9455.3034,9432.366889,8674.5712,8719.724121,6273.747571
2020-07-31,11330.49,7009.913747,14528.14118,12708.59586,8897.93,4989.66,5928.51,17785.53,9495.848,9459.061,8690.58945,8722.047692,6281.408757
2020-08-01,11682.06,8053.635108,14514.92927,12725.51252,8937.67,4989.3,5938.18,17814.54,9540.7364,9489.883889,8705.0266,8724.397115,6289.316564
2020-08-02,11097.08,8260.298054,14465.43121,12742.44769,8957.86,4990.4,5944.05,17832.15,9573.8128,9514.266333,8716.49065,8724.735082,6296.808157
2020-08-03,11222.49,8306.360578,14423.61336,12759.40139,9037.64,4991.8,5964.56,17893.68,9611.431,9539.400444,8729.05095,8723.26033,6304.388429
2020-08-04,11212.32,8246.189228,14466.82341,12776.37363,9060.46,4990.58,5970.22,17910.66,9646.857,9560.538333,8740.55015,8722.893242,6311.96225
2020-08-05,11641.73,8106.127572,14504.30827,12793.36442,9114.47,4985.21,5983.87,17951.61,9689.4794,9579.946111,8754.2155,8722.123489,6319.842064
2020-08-06,11757.05,7708.52192,14499.70936,12810.37379,9220.35,4984.24,6010.1,18030.3,9735.8258,9600.538444,8769.6716,8721.89489,6327.804229
2020-08-07,11617.69,8144.483109,14488.6334,12827.40174,9295.28,4979.97,6028.16,18084.48,9781.2268,9623.321778,8784.47315,8721.199615,6335.662271
2020-08-08,11749.77,8623.238044,14447.80598,12844.4483,9347.27,4981.6,6040.29,18120.87,9829.8704,9656.993111,8799.6867,8722.394808,6343.613764
2020-08-09,11655.65,8812.183669,14376.87502,12861.51348,9399.81,4981.39,6047.97,18143.91,9876.262,9690.944333,8814.8709,8722.846264,6351.500779
2020-08-10,11886.08,8057.191346,14425.86357,12878.5973,9507.4,4980.66,6057.54,18172.62,9927.8996,9725.057556,8832.6005,8724.234588,6359.549721
2020-08-11,11357.52,8046.838744,14444.10483,12895.69977,9572.38,4972.05,6069.08,18207.24,9961.855,9747.612778,8847.26655,8725.644121,6367.206314
2020-08-12,11595.42,8262.186527,14439.33292,12912.82091,9609.11,4966.02,6075.5,18226.5,10001.2502,9767.844444,8863.6071,8729.891181,6375.034186
2020-08-13,11747.89,8383.178847,14505.08695,12929.96074,9665.89,4963.45,6082.01,18246.03,10050.7086,9794.275,8879.5525,8733.771868,6382.970907
2020-08-14,11757.47,8502.733708,14522.72376,12947.11926,9755.5,4961.09,6093.09,18279.27,10101.0462,9820.268889,8893.80575,8737.575247,6390.913043
2020-08-15,11887.48,8823.411046,14519.70788,12964.2965,9800.04,4959.78,6098.44,18295.32,10156.015,9844.025556,8907.67565,8742.168407,6398.947879
2020-08-16,11886.13,8872.832493,14459.78827,12981.49248,9851.32,4959.79,6103.16,18309.48,10213.4748,9868.374,8920.45995,8746.383104,6406.981429
2020-08-17,12317.99,8432.991162,14554.44111,12998.7072,9940.91,4960.86,6122.61,18367.83,10277.3698,9897.551333,8934.39955,8750.498681,6415.324057
2020-08-18,12031.95,7889.251174,14643.32652,13015.94069,9983.38,4960.64,6131.12,18393.36,10333.757,9925.178222,8947.82745,8753.936126,6423.464007
2020-08-19,11755.87,8069.243539,14713.60293,13033.19295,9998.11,4958.96,6134.02,18402.06,10386.4,9954.759778,8959.8613,8758.483654,6431.414307
2020-08-20,11875.97,8148.333033,14760.72331,13050.46402,10045.95,4956.88,6139.95,18419.85,10439.4044,9984.536778,8972.45285,8763.313269,6439.449393
2020-08-21,11708.31,8272.83764,14679.50297,13067.75389,10089.8,4957.58,6148.4,18445.2,10490.8194,10012.26522,8984.75875,8766.923077,6447.361929
2020-08-22,11634.72,8391.803117,14688.30512,13085.0626,10103.65,4957.93,6149.94,18449.82,10542.261,10041.29478,8997.2739,8771.098462,6455.206071
2020-08-23,11629.31,8785.755246,14607.09761,13102.39015,10119.83,4958.61,6151.89,18455.67,10592.4306,10071.53522,9007.1847,8775.329423,6463.047579
2020-08-24,11753.39,9199.231168,14670.03461,13119.73656,10157.96,4959.72,6158.36,18475.08,10646.216,10104.14233,9017.2814,8779.212143,6470.980293
2020-08-25,11354.37,8674.350315,14732.83526,13137.10185,10170.29,4957.52,6161.97,18485.91,10686.807,10128.99544,9025.18745,8782.579753,6478.623007
2020-08-26,11482.68,8599.320363,14742.65462,13154.48603,10189.14,4950.69,6165.34,18496.02,10731.7832,10150.59189,9033.16975,8787.440907,6486.346421
2020-08-27,11340.53,8438.79793,14839.75471,13171.88912,10202.29,4949.89,6168.25,18504.75,10769.7828,10171.76656,9039.27185,8792.600852,6493.960743
2020-08-28,11486.65,8869.131657,14816.73742,13189.31114,10230.02,4944.95,6174.76,18524.28,10814.8212,10191.99789,9047.34855,8797.873489,6501.676214
2020-08-29,11484.17,9000.787374,14745.1301,13206.75209,10245.52,4944.73,6175.96,18527.88,10859.5476,10214.68422,9053.58735,8803.035632,6509.368943
2020-08-30,11652.88,8929.201999,14728.88424,13224.21201,10268.77,4944.73,6180.11,18540.33,10908.0284,10230.66456,9060.11085,8808.205742,6517.193543
2020-08-31,11642.52,8909.128868,14791.68852,13241.69089,10302.19,4939.33,6189.35,18568.05,10955.0072,10254.28767,9067.17745,8811.700192,6525.009264
2020-09-01,12003.73,7988.303668,14894.01276,13259.18877,10348.08,4937.84,6202.49,18607.47,11010.4996,10280.95533,9075.4658,8815.505385,6533.066064
2020-09-02,11375.17,7915.919272,14955.11356,13276.70566,10350.17,4935.47,6205.2,18615.6,11053.1516,10298.64722,9082.84045,8817.668984,6540.670036
2020-09-03,10725.45,7932.097272,15018.85336,13294.24156,10360.13,4934.02,6206.77,18620.31,11083.2254,10310.44967,9087.1029,8818.063819,6547.84085
2020-09-04,10476.68,7578.810645,15022.8822,13311.79651,10342.62,4933.34,6202.66,18607.98,11110.2974,10319.49211,9091.1882,8818.40456,6554.825507
2020-09-05,10105.28,7956.448412,15052.63666,13329.37051,10333.13,4932.42,6199.61,18598.83,11129.7284,10323.31822,9090.9049,8817.373516,6561.542621
2020-09-06,10231.8,8401.170572,14899.51185,13346.96358,10339.11,4933.81,6198.89,18596.67,11151.6324,10328.59767,9093.7916,8816.928187,6568.344521
2020-09-07,10357.21,8146.486342,14790.00279,13364.57573,10323.08,4934.21,6195.3,18585.9,11174.8062,10335.12778,9097.50005,8816.975659,6575.236936
2020-09-08,10109.09,8158.886859,14825.28917,13382.20699,10313.85,4933.48,6193.71,18581.13,11194.1494,10337.61344,9099.71145,8817.011291,6581.951464
2020-09-09,10240.44,8146.129214,14872.10349,13399.85737,10307.97,4930.21,6192.83,18578.49,11211.9704,10348.02656,9102.59985,8817.370467,6588.752871
2020-09-10,10350.51,7975.324612,14855.58334,13417.52689,10317.61,4928.52,6193.77,18581.31,11228.0284,10358.16956,9104.5538,8817.300302,6595.637843
2020-09-11,10355.05,8101.462847,14893.72879,13435.21555,10310.37,4926.09,6192.74,18578.22,11243.539,10368.30056,9108.0866,8817.401126,6602.522543
2020-09-12,10455.16,8407.021835,14880.81237,13452.92339,10314.17,4925.23,6192.58,18577.74,11261.6432,10380.67367,9113.62245,8817.673764,6609.489079
2020-09-13,10336.48,8456.909838,14882.8185,13470.65041,10320.86,4925.53,6193.19,18579.57,11275.0366,10390.62322,9121.27575,8817.738187,6616.372179
2020-09-14,10661.32,8297.558421,14895.82728,13488.39663,10331.18,4925.44,6195.39,18586.17,11290.3224,10403.40889,9130.75545,8818.854451,6623.482479
2020-09-15,10811.1,8374.833484,14988.83643,13506.16207,10340.39,4923.77,6200.87,18602.61,11282.6744,10418.64633,9141.1696,8820.470632,6630.6963
2020-09-16,10979.95,8208.699641,15022.32688,13523.94674,10359.45,4917.89,6208.37,18625.11,11282.8964,10436.78311,9153.00655,8822.743736,6638.011664
2020-09-17,10963.94,8382.100896,14975.41998,13541.75066,10372.95,4915.25,6211.92,18635.76,11277.5834,10455.07589,9165.1978,8824.746429,6645.314436
2020-09-18,10940.9,8458.744664,15019.0034,13559.57384,10389.01,4911.89,6216.95,18650.85,11274.2978,10472.90733,9175.37875,8826.974038,6652.596771
2020-09-19,11084.39,8436.099192,15033.90775,13577.41631,10410.36,4908.74,6222.75,18668.25,11269.3758,10492.68722,9187.08555,8829.938929,6659.97825
2020-09-20,10856.57,9653.209669,15016.37107,13595.27808,10424.62,4908.69,6224.75,18674.25,11252.866,10505.98522,9197.74765,8832.255,6667.21545
2020-09-21,10482.02,9247.590215,15041.8847,13613.15916,10422.49,4909.2,6223.35,18670.05,11240.5648,10515.50033,9204.71275,8834.4325,6674.177707
2020-09-22,10486.14,9041.411855,15093.7115,13631.05958,10416.82,4906.74,6228.37,18685.11,11225.8378,10528.95778,9211.5144,8839.30783,6681.132657
2020-09-23,10236.75,8971.146477,15163.32695,13648.97934,10413.21,4906.72,6227.84,18683.52,11206.3264,10540.02622,9218.1488,8844.280549,6687.915229
2020-09-24,10702.23,9071.196329,15231.08026,13666.91846,10399.62,4907.71,6225.75,18677.25,11187.5364,10557.395,9230.58695,8851.379011,6695.035493
2020-09-25,10708.95,9201.048095,15169.14994,13684.87697,10412,4906.98,6230.06,18690.18,11166.5744,10576.23733,9244.8575,8858.243269,6702.160443
2020-09-26,10719.87,9516.994892,15090.773,13702.85487,10450.23,4927.61,6232.35,18697.05,11148.618,10593.97767,9258.7473,8865.200852,6709.294436
2020-09-27,10719.42,9622.40967,15097.34578,13720.85219,10464.05,4936.07,6233.45,18700.35,11128.011,10610.72022,9272.7592,8872.512335,6716.42825
2020-09-28,10846.74,9295.669689,15167.5215,13738.86894,10485.53,4943.04,6236.79,18710.37,11111.8328,10629.86489,9299.19795,8879.675275,6723.652786
2020-09-29,10791.91,9023.571071,15263.23366,13756.90513,10493.51,4940.62,6245.25,18735.75,11089.9494,10647.26667,9325.0142,8886.458352,6730.837621
2020-09-30,10734.66,8996.46772,15243.50046,13774.96078,10492.82,4936.81,6247.11,18741.33,11077.4922,10665.01222,9352.3158,8893.088077,6737.975321
2020-10-01,10600.06,8253.070559,15326.59768,13793.03592,10497.3,4938.24,6248.3,18744.9,11057.585,10682.09467,9378.4817,8899.563681,6745.010071
2020-10-02,10576.99,8403.152759,15368.05688,13811.13055,10489.31,4939.51,6248.7,18746.1,11034.167,10698.27422,9406.3241,8906.172527,6752.016443
2020-10-03,10585.69,8678.39679,15303.73111,13829.24469,10501.85,4951.34,6249.41,18748.23,11010.7314,10715.18056,9432.08715,8912.911346,6759.033329
2020-10-04,10655.47,8832.246616,15223.76138,13847.37836,10518.51,4969.74,6250.56,18751.68,10986.0912,10729.96556,9458.56625,8920.581786,6766.101236
2020-10-05,10721.34,8449.221486,15238.00849,13865.53158,10529.49,4980.17,6253.28,18759.84,10962.7954,10746.493,9480.97895,8927.432418,6773.222607
2020-10-06,10594.81,8189.499927,15297.86307,13883.70435,10532.3,4983.41,6255.05,18765.15,10928.3318,10759.31811,9502.92625,8934.001456,6780.248943
2020-10-07,10625.02,8514.053776,15340.30764,13901.89671,10539.03,4987.66,6257.79,18773.37,10900.1932,10774.76578,9525.1812,8939.547005,6787.290457
2020-10-08,10855.56,8468.912237,15341.15306,13920.10866,10555.73,4990.64,6261.99,18785.97,10882.187,10792.62922,9549.97485,8945.774341,6794.49605
2020-10-09,11081.05,8296.039626,15377.82773,13938.34022,10593.47,4994.52,6270.12,18810.36,10866.2886,10813.20933,9573.11265,8953.373571,6801.862436
2020-10-10,11341.09,8661.766784,15389.55564,13956.59141,10618.56,5000.07,6274.93,18824.79,10858.9442,10835.95944,9596.017,8961.652692,6809.412221
2020-10-11,11353.39,8878.443346,15401.0383,13974.86224,10629.58,5005.04,6277.75,18833.25,10853.3176,10859.56256,9619.45635,8970.109973,6816.973314
2020-10-12,11624.51,8927.244821,15421.843,13993.15274,10655.49,5007.57,6285,18855,10853.2216,10886.02856,9643.8419,8979.185659,6824.7221
2020-10-13,11457.72,8709.759376,15431.98594,14011.46291,10675.83,5008.65,6290.28,18870.84,10847.3082,10910.87256,9667.8163,8988.315055,6832.351421
2020-10-14,11365.66,8943.225011,15491.31761,14029.79277,10688.42,5006.9,6296.12,18888.36,10847.534,10935.79011,9693.4969,8997.569341,6839.915414
2020-10-15,11472.04,8616.892453,15529.48659,14048.14235,10708.12,5009.35,6302.43,18907.29,10847.3212,10961.77133,9721.37055,9006.973681,6847.555393
2020-10-16,11353.97,8752.099465,15579.61842,14066.51165,10718.96,5011.67,6305.51,18916.53,10847.59,10986.40878,9745.82685,9016.326071,6855.110143
2020-10-17,11352.13,9332.712744,15599.71394,14084.9007,10725.21,5015.13,6307.25,18921.75,10844.8996,11010.33778,9770.38415,9025.688874,6862.657157
2020-10-18,11476.7,9452.090959,15636.12803,14103.30951,10733.1,5016.46,6309.51,18928.53,10844.7502,11036.27967,9794.43535,9034.633407,6870.293157
2020-10-19,11740.63,9081.880925,15727.13289,14121.73809,10768.89,5011.21,6327.32,18981.96,10846.5052,11062.849,9819.1152,9044.297335,6878.116314
2020-10-20,11898.23,8909.984945,15800.61137,14140.18647,10811.99,5010.41,6339.17,19017.51,10851.6194,11088.967,9844.84525,9054.906126,6886.048114
2020-10-21,12898.2,8585.898743,15843.19313,14158.65466,10903.35,5010.31,6361.67,19085.01,10869.5088,11125.84122,9875.12575,9069.911896,6894.672414
2020-10-22,13075.09,8091.751417,15934.62381,14177.14267,11033.3,4993.28,6399.61,19198.83,10903.5072,11165.00944,9906.64935,9085.318187,6903.39655
2020-10-23,12913.58,8223.259943,16014.14842,14195.65053,11127.45,4962.82,6432.77,19298.31,10947.2698,11201.08467,9934.97275,9097.106868,6911.970179
2020-10-24,13052.91,8916.210142,15891.23194,14214.17825,11178.55,4964.59,6445.51,19336.53,10998.7944,11236.15,9964.4146,9107.636813,6920.6563
2020-10-25,13029.18,8877.414522,15857.23824,14232.72585,11206.57,4966.41,6453.19,19359.57,11057.2724,11256.54644,9992.7986,9117.142198,6929.326686
2020-10-26,13023.35,8549.482023,15927.98891,14251.29334,11234.01,4967.82,6461.18,19383.54,11113.1034,11279.37422,10021.3144,9126.981126,6937.9858
2020-10-27,13661.78,7377.627057,16035.66563,14269.88074,11300.22,4964.91,6481.07,19443.21,11179.1948,11306.39856,10055.3989,9138.577335,6947.078436
2020-10-28,13232.47,7096.220284,16160.80268,14288.48807,11351.22,4962.72,6496.96,19490.88,11241.6624,11330.03511,10087.2868,9149.725907,6955.839014
2020-10-29,13487.88,6986.562927,16276.66902,14307.11534,11419.82,4974.34,6511.44,19534.32,11306.6112,11354.00611,10119.69845,9161.675357,6964.783279
2020-10-30,13601.15,7269.262387,16355.81667,14325.76257,11452.75,4979.29,6520.31,19560.93,11371.624,11375.32933,10153.4745,9173.701291,6973.815707
2020-10-31,13797.77,7038.372009,16417.37725,14344.42978,11496.7,4981.45,6531.81,19595.43,11440.4784,11405.337,10188.07815,9185.983352,6982.982207
2020-11-01,13771.66,7931.448756,16433.81903,14363.11699,11543.76,4983.51,6545.24,19635.72,11506.8084,11433.66111,10223.83735,9198.497995,6992.1054
2020-11-02,13634.95,7197.687997,16496.64603,14381.82421,11588.23,4981.03,6563.14,19689.42,11572.7778,11460.57922,10256.31655,9210.059148,7001.121386
2020-11-03,13913.91,6143.044903,16561.53512,14400.55145,11709.22,4982.55,6657.11,19971.33,11637.8296,11485.82567,10290.4876,9222.635522,7010.328157
2020-11-04,14122.04,6861.3527,16435.54193,14419.29874,11778.6,4980.28,6677.48,20032.44,11704.0484,11512.10333,10324.8693,9235.783901,7019.619021
2020-11-05,15611.82,6368.779373,16460.29149,14438.06609,11935.71,4964.83,6727.76,20183.28,11796.6858,11556.48256,10367.09065,9253.347308,7030.078693
2020-11-06,15652.65,6577.288446,16488.96276,14456.85352,12066.48,4964.8,6764.91,20294.73,11890.46,11599.84789,10411.11725,9272.121236,7040.623129
2020-11-07,14813.85,7265.397138,16351.47962,14475.66104,12098.34,4966.89,6775.24,20325.72,11967.919,11634.939,10450.6307,9288.621978,7050.565164
2020-11-08,15479.91,7357.85881,16280.17017,14494.48867,12192.97,4967.81,6801.62,20404.86,12055.8294,11674.87044,10492.4987,9306.312692,7060.971986
2020-11-09,15312.29,7279.216849,16135.67266,14513.33644,12249.34,4967.2,6820.75,20462.25,12144.9438,11718.81233,10531.39685,9324.44228,7071.271079
2020-11-10,15302.92,6995.266054,16130.83811,14532.20435,12299.41,4967.32,6837.2,20511.6,12241.3618,11760.00678,10570.39745,9342.399203,7081.555329
2020-11-11,15710.47,7367.149541,16158.76911,14551.09242,12358.61,4965.98,6856.45,20569.35,12345.8484,11804.03544,10611.3789,9361.551951,7092.214543
2020-11-12,16235.46,7411.868833,16164.62077,14570.00067,12439.71,4966.62,6882.76,20648.28,12465.8226,11853.79089,10654.31405,9382.457747,7103.228357
2020-11-13,16278.87,7326.109721,16195.95647,14588.92912,12510.8,4965.63,6906.43,20719.29,12577.3554,11902.58411,10696.92115,9403.877582,7114.267171
2020-11-14,16039.88,7717.352106,16200.65355,14607.87778,12548.03,4966.08,6918.76,20756.28,12683.974,11948.73689,10738.32785,9424.627775,7125.134943
2020-11-15,16002.24,7820.220462,16182.04435,14626.84667,12617.03,4987.92,6926.67,20780.01,12789.6214,11989.673,10774.68145,9445.187005,7135.98215
2020-11-16,16773.68,8056.388197,16175.43733,14645.83581,12710.6,4998.57,6947.34,20842.02,12910.7066,12042.35889,10815.03785,9468.7025,7147.369436
2020-11-17,17623.14,7844.29954,16207.18807,14664.84521,12859.39,4994.71,6991.27,20973.81,13046.2346,12107.55078,10858.9136,9494.789725,7159.312907
2020-11-18,17776.34,7843.096025,16224.86067,14683.8749,13117.81,4986.93,7064.19,21192.57,13185.9232,12173.11044,10903.1552,9521.506621,7171.387364
2020-11-19,17795.9,7716.323468,16243.06218,14702.92488,13187.28,4986.25,7087.45,21262.35,13327.148,12240.75033,10947.5947,9549.535632,7183.454336
2020-11-20,18623.92,7987.313003,16210.5658,14721.99517,13413.72,4970.43,7158.71,21476.13,13487.6252,12318.40811,10996.201,9580.795632,7196.118221
2020-11-21,18633.79,8252.331139,16177.96897,14741.0858,13522.42,4963.23,7193.63,21580.89,13648.7612,12396.23567,11044.56785,9611.870275,7208.769071
2020-11-22,18603.46,8370.842225,16189.78464,14760.19678,13569.49,4963.31,7208.48,21625.44,13809.1166,12472.34756,11091.0356,9643.767198,7221.400029
2020-11-23,18405.87,8071.341133,16218.57578,14779.32812,13659.71,4965.82,7233.05,21699.15,13964.1246,12550.69756,11133.5898,9674.621648,7233.888671
2020-11-24,19132.26,7778.520136,16332.01348,14798.47985,13816.89,4959.16,7286.59,21859.77,14132.343,12635.69289,11179.7324,9707.528379,7246.909764
2020-11-25,18785.84,7826.602381,16424.52046,14817.65197,13901.73,4959.09,7312.92,21938.76,14296.1636,12718.41856,11225.82565,9738.501209,7259.690971
2020-11-26,17142.43,7816.610287,16414.19526,14836.84451,13947.44,4944.49,7333.69,22001.07,14426.5118,12781.26056,11267.94105,9765.218736,7271.283864
2020-11-27,16987.49,7929.905539,16368.46749,14856.05749,14001.71,4947.33,7348.96,22046.88,14549.1504,12842.40856,11309.8783,9790.601841,7282.759993
2020-11-28,17776.39,8090.489501,16278.40813,14875.29092,14037.51,4949.32,7359,22077,14683.0572,12910.44756,11354.6808,9818.711648,7294.804357
2020-11-29,18184.32,8947.384083,16278.00007,14894.54481,14081.18,4949.4,7372.49,22117.47,14819.9218,12983.13422,11398.96465,9848.320962,7307.141379
2020-11-30,19507.46,8461.434849,16349.72004,14913.81919,14241.24,4948.77,7423.23,22269.69,14983.0032,13066.509,11447.6291,9881.782198,7320.418129
2020-12-01,18852.8,8389.469013,16454.45457,14933.11407,14367.06,4945.21,7465.97,22397.91,15127.569,13149.59378,11495.0474,9913.451868,7333.200957
2020-12-02,19154.78,8297.986311,16578.23337,14952.42947,14470.78,4942.09,7502.57,22507.71,15281.5102,13243.253,11543.7312,9946.222033,7346.185207
2020-12-03,19482.31,8258.473727,16572.07997,14971.76541,14548.77,4937.74,7533.36,22600.08,15443.8432,13343.31556,11592.39585,9979.388462,7359.385129
2020-12-04,18805.31,8462.676321,16578.08832,14991.1219,14615.96,4937.42,7558.37,22675.11,15590.5086,13439.98256,11637.94855,10010.43492,7372.095
2020-12-05,19055.44,8865.296137,16465.29464,15010.49896,14656.06,4943,7567.34,22702.02,15744.538,13538.023,11684.7656,10042.16118,7384.968836
2020-12-06,19289.94,8974.396458,16425.10199,15029.89661,14700.09,4948.51,7577.59,22732.77,15903.2942,13637.27556,11733.48765,10074.50926,7398.025036
2020-12-07,19094.08,8839.944029,16438.47103,15049.31487,14756.22,4946.13,7598.02,22794.06,16055.6418,13737.10878,11783.4904,10106.82745,7410.932879
2020-12-08,18793.01,8842.108197,16483.26702,15068.75374,14801.24,4943.67,7618.83,22856.49,16196.6894,13832.13733,11831.47525,10138.56146,7423.608243
2020-12-09,18603.96,8755.253072,16545.63917,15088.21326,14830.51,4941.69,7632.62,22897.86,16330.804,13923.84233,11878.4313,10169.96835,7436.141793
2020-12-10,18372.1,8772.106488,16607.80956,15107.69343,14892.8,4932.38,7661.46,22984.38,16440.282,14012.92067,11925.1815,10200.73473,7448.567236
2020-12-11,18039.64,9022.930469,16597.02173,15127.19427,14923.64,4923.74,7673.3,23019.9,16539.573,14097.19267,11970.84135,10230.3983,7460.740121
2020-12-12,18823.11,9072.855769,16605.41529,15146.71581,14975.28,4922.93,7693.71,23081.13,16657.7636,14191.48856,12020.86315,10262.65852,7473.462193
2020-12-13,19081.17,8886.681618,16577.48789,15166.25805,15104.78,4904.93,7754.16,23262.48,16778.3288,14285.04244,12070.68105,10295.58058,7486.376679
2020-12-14,19257.76,8677.178063,16641.024,15185.82102,15161.61,4903.41,7774.14,23322.42,16902.9004,14378.89422,12119.27485,10329.58868,7499.417929
2020-12-15,19471.54,8681.38835,16679.53656,15205.40473,15226.52,4901.41,7800.95,23402.85,17031.8642,14473.24522,12169.4585,10364.91473,7512.604121
2020-12-16,21364.16,8485.698439,16738.7115,15225.0092,15398.17,4890.41,7866.56,23599.68,17185.9118,14588.80322,12227.95015,10403.67791,7527.141564
2020-12-17,22766.36,8047.438027,16858.69344,15244.63445,15795.94,4878.39,7996.43,23989.29,17376.5896,14720.19722,12294.56995,10446.56011,7542.664271
2020-12-18,22923.64,7708.722956,16957.9508,15264.28049,16218.59,4871.12,8130.44,24391.32,17565.3048,14851.74444,12358.1149,10489.84593,7558.282286
2020-12-19,23908.9,8242.946874,16944.03856,15283.94734,16347.83,4869.63,8172.38,24517.14,17771.4598,14996.77033,12430.0772,10535.8758,7574.603036
2020-12-20,23489,8633.083462,16836.38468,15303.63502,16477.55,4854.97,8219.99,24659.97,17965.2844,15141.29233,12499.504,10579.96599,7590.631893
2020-12-21,23140.84,7948.608587,16724.9188,15323.34355,16592.93,4848.02,8260.29,24780.87,18152.668,15281.90011,12566.2937,10623.43495,7606.403664
2020-12-22,23621.42,8046.673944,16745.49726,15343.07294,16785.73,4829.13,8349.05,25047.15,18352.3974,15430.61867,12636.08465,10668.43871,7622.482014
2020-12-23,23419.41,8205.022945,16787.46299,15362.82321,16968.16,4812.88,8435.11,25305.33,18542.5074,15571.92067,12704.8674,10713.06019,7638.400129
2020-12-24,23581.03,8143.736675,16793.59708,15382.59437,17184.15,4811.66,8509.5,25528.5,18731.6872,15714.94378,12773.9679,10758.14104,7654.450043
2020-12-25,24554.36,8441.128154,16747.50264,15402.38646,17258.05,4817.18,8531.68,25595.04,18910.538,15868.66033,12847.95645,10805.70184,7671.147321
2020-12-26,26463.51,8611.416575,16749.34881,15422.19947,17426.01,4825.12,8582.93,25748.79,19126.7552,16043.59467,12931.4265,10858.2831,7689.229086
2020-12-27,26446.15,8408.142135,16743.25545,15442.03344,17730.39,4828.48,8684.3,26052.9,19359.4012,16216.92144,13014.23035,10910.56989,7707.279629
2020-12-28,26863.27,8428.037115,16696.04367,15461.88837,18147.9,4793.44,8886.83,26660.49,19587.0684,16395.49211,13102.0304,10964.46788,7725.618836
2020-12-29,27141.71,8286.130894,16706.0655,15481.76429,18539.52,4792.9,9019.84,27059.52,19823.6568,16577.79267,13190.55075,11019.34797,7744.155571
2020-12-30,28816,8486.447013,16715.5933,15501.6612,18830.76,4792.26,9117.14,27351.42,20093.9184,16780.192,13287.41445,11078.83223,7763.867986
2020-12-31,29008.69,8300.753348,16706.96996,15521.57914,19135.24,4826.25,9193.98,27581.94,20359.8828,16984.98867,13385.75,11139.47863,7783.69085
2021-01-01,29310.83,8587.085308,16641.68782,15541.51812,19415.03,4826.76,9293.19,27879.57,20621.3902,17193.04578,13485.09905,11199.88566,7803.714671
2021-01-02,31987,8334.540977,16625.013,15561.47815,19773.59,4818.02,9454.4,28363.2,20935.5528,17430.06278,13597.481,11267.61893,7825.66335
2021-01-03,33424.64,8363.656154,16668.37236,15581.45925,20248.53,4818.05,9623.63,28870.89,21283.248,17682.32167,13717.40555,11339.30294,7848.63395
2021-01-04,31355.75,8212.710708,16680.02917,15601.46143,20639.94,4825.37,9770.95,29312.85,21590.3182,17912.99878,13827.4461,11404.14484,7870.120843
2021-01-05,33964.72,8205.524723,16736.56622,15621.48473,21038.74,4822,9913.19,29739.57,21934.139,18172.32878,13950.68175,11475.17091,7893.493507
2021-01-06,36298.64,8280.638698,16779.41938,15641.52915,21544.18,4821.32,10086.82,30260.46,22307.649,18455.02967,14085.4946,11552.81775,7918.589964
2021-01-07,39157.04,8098.134351,16929.72145,15661.59471,22394.3,4814.08,10386.98,31160.94,22735.263,18766.98511,14234.7588,11638.89313,7945.703671
2021-01-08,40778.9,7937.013962,17074.73841,15681.68143,23164.46,4806.51,10663.06,31989.18,23194.923,19094.07189,14390.35455,11728.77819,7973.940536
2021-01-09,40321.97,8947.432062,17152.61885,15701.78932,23655.89,4801.63,10847.35,32542.05,23628.884,19415.945,14543.8361,11817.46728,8001.903071
2021-01-10,38460.67,9165.947606,17156.99294,15721.91841,23905.76,4802.05,10942.29,32826.87,24025.4216,19714.12456,14689.7646,11900.78288,8028.497629
2021-01-11,35026.54,8843.929556,17200.15095,15742.06871,24014.84,4798.78,10998.9,32996.7,24353.8832,19976.00033,14818.69435,11974.68316,8052.628679
2021-01-12,33563.62,8498.801366,17205.06586,15762.24024,24212.38,4799.6,11073.49,33220.47,24657.0382,20222.64433,14940.81725,12042.72984,8075.713164
2021-01-13,37262.53,8755.348364,17206.83923,15782.43302,24383.7,4802.76,11134.1,33402.3,25019.6436,20509.20533,15082.0642,12120.91187,8101.43775
2021-01-14,38905.95,8678.3244,17273.78405,15802.64706,24735.68,4808.41,11255.56,33766.68,25422.0458,20815.33844,15230.97775,12203.86659,8128.388014
2021-01-15,36544.48,8805.549962,17268.81721,15822.88238,24904.01,4812.39,11323.57,33970.71,25810.0868,21095.25344,15367.6372,12279.77868,8153.700507
2021-01-16,35951.71,9134.287016,17273.11494,15843.139,25010.2,4814.81,11364.86,34094.58,26189.3712,21367.198,15501.77715,12354.07277,8178.692007
2021-01-17,36290.8,9274.250957,17241.85354,15863.41693,25087.1,4818.1,11393.85,34181.55,26559.6594,21639.97767,15637.1024,12429.96555,8203.875264
2021-01-18,36327.23,9158.45401,17248.69806,15883.7162,25242.25,4820.73,11458.1,34374.3,26922.5176,21911.411,15773.05075,12505.98162,8229.079486
2021-01-19,36376.48,9125.455676,17304.86055,15904.03682,25385.68,4819.68,11513.79,34541.37,27259.898,22172.28078,15909.61995,12581.99651,8254.270586
2021-01-20,35038.63,9374.743343,17372.71261,15924.37881,25433.72,4820.4,11536.24,34608.72,27583.6146,22416.32011,16039.20895,12654.57843,8278.5748
2021-01-21,31129.17,8714.980661,17418.30783,15944.74219,25438.63,4821.12,11546.03,34638.09,27823.1024,22618.71556,16149.5342,12717.1856,8300.074714
2021-01-22,33484.7,9175.719872,17476.38441,15965.12697,25454.9,4825.92,11553.48,34660.44,28103.1502,22845.73544,16270.3336,12786.03283,8323.323707
2021-01-23,31990.6,9380.55752,17427.09326,15985.53317,25532.3,4834,11571.14,34713.42,28366.856,23056.41789,16384.11725,12851.04187,8345.495671
2021-01-24,32057.72,9558.625525,17360.57956,16005.96082,25568.29,4838.3,11580.91,34742.73,28626.9016,23267.91089,16497.2031,12915.59931,8367.710593
2021-01-25,32410.68,9139.683813,17342.13499,16026.40992,25647.62,4841.26,11608.93,34826.79,28889.3164,23476.232,16613.08285,12980.17036,8390.128229
2021-01-26,32662.7,9358.66563,17310.21373,16046.88049,25658.5,4842.13,11617.28,34851.84,29160.6888,23692.12344,16730.1571,13044.86596,8412.716757
2021-01-27,30318.43,9252.766942,17372.54602,16067.37256,25713.92,4834.67,11683.8,35051.4,29391.1972,23879.12956,16835.60505,13102.52849,8433.632871
2021-01-28,33499.16,9434.224169,17425.46574,16087.88614,25873.67,4844.58,11731.16,35193.48,29689.1012,24100.21856,16956.63295,13168.37764,8456.827314
2021-01-29,34422.59,8602.938897,17571.10849,16108.42125,26173.59,4846.81,11843.5,35530.5,30010.111,24329.38322,17082.60035,13237.26835,8480.649379
2021-01-30,34287.9,8765.604544,17626.86668,16128.9779,26257.15,4851.23,11873.69,35621.07,30335.0762,24557.34144,17207.827,13305.78154,8504.374579
2021-01-31,33077.21,9165.486184,17609.32394,16149.55612,26317.76,4853.59,11909.16,35727.48,30620.1582,24773.36656,17327.10425,13370.94514,8527.225736
2021-02-01,33651.89,9212.619989,17725.1268,16170.15591,26416.34,4859.89,11933.74,35801.22,30911.5726,24992.67744,17449.7483,13437.99118,8550.443607
2021-02-02,35559.8,8894.209435,17818.82093,16190.77731,26564.07,4859.73,11986.45,35959.35,31237.6134,25230.87478,17581.87865,13510.59588,8575.032821
2021-02-03,37510.56,8989.241975,17900.21041,16211.42032,26714.31,4861,12039.85,36119.55,31598.3938,25474.19411,17723.74845,13587.14371,8601.022636
2021-02-04,37194.81,8916.779813,17992.35035,16232.08497,26937.05,4859.88,12122.86,36368.58,31915.0068,25713.55144,17863.7299,13662.58536,8626.740879
2021-02-05,37987.48,9205.254259,18001.31616,16252.77127,27193.43,4858.48,12224.47,36673.41,32219.4292,25971.03622,18007.95765,13740.09723,8653.025393
2021-02-06,39362.91,9452.573266,18026.08012,16273.47924,27389.72,4859.46,12292.39,36877.17,32548.2146,26236.40289,18158.02525,13821.07714,8680.300786
2021-02-07,38826.67,9732.486831,17986.86125,16294.2089,27518.32,4862.86,12347.87,37043.61,32846.57,26497.67378,18304.42055,13899.94132,8707.169329
2021-02-08,44748.92,9570.776615,18012.40645,16314.96026,27875.51,4860.63,12483.07,37449.21,33271.7684,26824.85156,18480.26755,13995.75893,8738.2728
2021-02-09,46714.02,8672.222794,18229.30336,16335.73335,28664.14,4855.45,12768.69,38306.07,33743.232,27169.33544,18666.0879,14095.97214,8770.768364
2021-02-10,45127.75,9463.08949,18374.90256,16356.52817,29060.66,4850.4,12919.82,38759.46,34173.3586,27490.36089,18843.3926,14191.52041,8802.133636
2021-02-11,47823.99,8600.663794,18546.31449,16377.34476,29415.71,4854.27,13039.77,39119.31,34661.4502,27840.86222,19033.0274,14294.8028,8835.455443
2021-02-12,47747.86,8613.512521,18707.99728,16398.18312,29767.89,4854.15,13166.7,39500.1,35144.7868,28193.17311,19215.7992,14397.555,8868.721036
2021-02-13,47285.77,9279.870503,18671.27674,16419.04328,29937.55,4856.11,13224.22,39672.66,35599.415,28540.76789,19397.3838,14500.2625,8901.655071
2021-02-14,48982.2,10085.03705,18600.20018,16439.92525,30079.03,4856.9,13277.72,39833.16,36049.7888,28898.64033,19586.14685,14607.70547,8935.80305
2021-02-15,48331.75,9361.912064,18615.66187,16460.82905,30523.02,4858.7,13431.3,40293.9,36487.5008,29239.84711,19772.2797,14713.94758,8969.480257
2021-02-16,49000.73,9129.006728,18758.21551,16481.7547,30738.57,4859.72,13514.62,40543.86,36930.25,29586.78478,19960.6309,14820.64755,9003.621686
2021-02-17,52107.86,9283.473263,18894.4754,16502.70222,31141.67,4857.58,13665.69,40997.07,37429.573,29968.02878,20162.7599,14937.27777,9039.982536
2021-02-18,51842.6,9152.895545,19022.86545,16523.67161,31575.04,4855.87,13833.78,41501.34,37890.105,30337.12522,20366.4875,15053.28624,9076.133757
2021-02-19,55628.25,9177.538899,19134.37722,16544.66292,32271.82,4849.66,14098.99,42296.97,38422.4962,30748.17478,20588.5163,15179.55393,9114.979193
2021-02-20,55651.54,9226.251818,19219.50143,16565.67614,32792.69,4846.48,14298.83,42896.49,38949.3104,31159.82011,20810.7124,15305.89673,9153.841679
2021-02-21,57509.7,9616.851263,19222.83334,16586.7113,33127.63,4847.24,14424.98,43274.94,39459.7644,31594.30711,21040.05225,15436.52854,9194.03095
2021-02-22,54293.07,9323.323769,19314.93201,16607.76841,33409.48,4845.67,14538.66,43615.98,39877.133,31984.98278,21252.73235,15559.17849,9231.91835
2021-02-23,48431.51,8709.547933,19464.50828,16628.8475,33710.48,4840.67,14685.26,44055.78,40218.6482,32314.37911,21436.80145,15666.5508,9265.602971
2021-02-24,49478.15,9003.651159,19555.74191,16649.94858,33949.03,4838.65,14808.49,44425.47,40528.9168,32673.66489,21625.44335,15778.28797,9300.017814
2021-02-25,48165.35,9330.012517,19602.77507,16671.07167,34178.09,4839.17,14909.27,44727.81,40766.251,33020.08556,21807.99185,15886.52964,9333.470757
2021-02-26,46105.46,9218.249517,19720.59152,16692.21679,34542.95,4845.82,15031.92,45095.76,40905.2194,33334.853,21979.08875,15989.21423,9365.456436
2021-02-27,46850.89,9752.435395,19705.44952,16713.38395,34482.15,4846.43,15020.72,45062.16,41026.6592,33653.37044,22156.5556,16094.26459,9397.968914
2021-02-28,45330.37,9734.115922,19629.32816,16734.57318,34518.04,4849.15,15035.09,45105.27,41126.8272,33940.29167,22325.23035,16195.37635,9429.385921
2021-03-01,49362.38,8989.93984,19704.24464,16755.78449,34729.92,4853.17,15102.24,45306.72,41344.8614,34279.287,22513.3028,16306.52379,9463.642314
2021-03-02,47954.78,8932.226406,19792.19047,16777.0179,34864.4,4850.53,15180.22,45540.66,41603.4262,34599.287,22694.28935,16414.24838,9496.871114
2021-03-03,50785.81,9060.932139,19894.96474,16798.27342,35024.88,4850.11,15242.89,45728.67,41947.87,34947.10367,22888.781,16529.80239,9532.125871
2021-03-04,48346.11,9059.993759,20016.07366,16819.55109,35161.66,4854.22,15287.81,45863.43,42169.5416,35275.33478,23071.0809,16637.65159,9565.564564
2021-03-05,48943.39,9137.000116,20064.46467,16840.8509,35239.46,4855.62,15333.77,46001.31,42370.2904,35607.42311,23254.2079,16747.04055,9599.436729
2021-03-06,48826.88,9422.755153,19950.27333,16862.17289,35321.67,4858.65,15361.24,46083.72,42615.9384,35935.61133,23438.18255,16856.70266,9633.207129
2021-03-07,51002.85,9395.403088,19899.35937,16883.51707,35437.35,4862.27,15395.77,46187.31,42916.9612,36290.15322,23634.41745,16974.2528,9668.542921
2021-03-08,51836.44,9382.540653,19846.44956,16904.88346,35694.96,4875.6,15480.72,46442.16,43227.874,36657.30244,23834.2198,17095.08137,9704.402193
2021-03-09,54531.13,9171.495393,19954.62651,16926.27207,35930.07,4874.06,15574.84,46724.52,43591.952,37056.49322,24048.3339,17223.07374,9742.124171
2021-03-10,56621.71,9056.481447,20062.06565,16947.68293,36207.03,4873.54,15681.19,47043.57,43996.8566,37481.48889,24273.26885,17356.87777,9781.311086
2021-03-11,57648.93,9332.663527,20177.38446,16969.11605,36611.6,4877.92,15849.14,47547.42,44449.0626,37921.59211,24503.36695,17499.98201,9821.176729
2021-03-12,57299.98,9003.106407,20235.48117,16990.57145,37107.75,4898.22,15983.18,47949.54,44972.4788,38349.11289,24731.0999,17641.93618,9860.884464
2021-03-13,61042.4,8957.270243,20261.49563,17012.04915,37379.5,4899.69,16083.1,48249.3,45523.6328,38815.34878,24979.54005,17795.14514,9903.221207
2021-03-14,60254.21,9350.693012,20227.88256,17033.54916,37606.84,4891.74,16183.16,48549.48,46088.905,39270.86489,25223.3977,17945.93451,9944.988236
2021-03-15,56311.67,9026.286598,20273.07148,17055.07152,37771.95,4894.82,16243.06,48729.18,46573.984,39680.19967,25448.2534,18086.87725,9983.974857
2021-03-16,56324.21,9359.487275,20355.75087,17076.61622,38043.41,4895.96,16346.03,49038.09,47052.2546,40068.64467,25672.4412,18226.68805,10022.97321
2021-03-17,58650.88,9007.147444,20509.49373,17098.1833,38221.62,4896.85,16429.21,49287.63,47572.0182,40467.36156,25908.27475,18373.09253,10063.59211
2021-03-18,57642.42,8966.821297,20650.77559,17119.77276,38524.51,4916.55,16489.66,49468.98,48118.498,40853.12578,26138.22245,18514.31126,10103.42296
2021-03-19,58269.38,9172.256353,20752.554,17141.38464,38667.15,4919.48,16539.33,49617.99,48613.9024,41234.90889,26371.35675,18657.34431,10143.64817
2021-03-20,58292.48,9561.808183,20741.131,17163.01894,38869.6,4930.1,16594.25,49782.75,49091.3002,41621.61422,26602.8005,18800.52687,10183.86066
2021-03-21,57566.54,9843.362377,20608.31183,17184.67568,39032,4940.38,16636.24,49908.72,49556.873,42004.122,26833.75735,18942.47662,10223.54112
2021-03-22,54414.9,9472.488841,20663.17366,17206.35489,39199.12,4945.94,16704.04,50112.12,49983.6268,42346.27178,27052.2046,19074.23874,10260.88487
2021-03-23,54499.23,9553.691189,20651.45879,17228.05658,39402.78,4948.53,16801.43,50404.29,50400.5736,42691.60311,27272.31735,19205.38986,10298.21344
2021-03-24,52540.46,9501.255875,20684.30907,17249.78076,39585.03,4950.15,16876.62,50629.86,50740.1868,43013.37456,27484.49325,19331.41992,10333.99026
2021-03-25,52161.98,9741.613002,20739.45056,17271.52747,39691.47,4953.05,16946.2,50838.6,51033.2152,43320.12589,27694.14415,19456.18525,10369.45481
2021-03-26,54502.58,9425.043881,20840.80974,17293.29671,39825.13,4958.26,17000.59,51001.77,51379.3706,43631.67111,27914.871,19587.6131,10406.59172
2021-03-27,56148.44,9677.024672,20807.11233,17315.0885,40046.22,4963.34,17083.6,51250.8,51742.5898,43961.69656,28145.06775,19724.75294,10444.90344
2021-03-28,55581.42,9879.147665,20690.19794,17336.90287,40170.41,4972.35,17119.25,51357.75,52066.96,44280.78711,28371.77265,19861.24775,10482.81126
2021-03-29,57611.91,9637.960892,20773.60592,17358.73983,40385.97,4975.7,17195.28,51585.84,52442.6648,44619.34489,28608.07965,20001.76753,10522.31783
2021-03-30,58843.33,9337.363049,20878.66582,17380.59939,40629,4981.27,17281.98,51845.94,52724.553,44952.98189,28850.52105,20145.73088,10562.55473
2021-03-31,58863.17,9409.147102,20988.8751,17402.48159,40862.41,4990.22,17367.76,52103.28,52967.536,45284.69833,29092.5611,20289.12843,10602.95949
2021-04-01,58889.08,9723.237368,21103.00137,17424.38643,41103.32,4989.31,17476.74,52430.22,53242.7626,45613.34556,29335.3241,20432.2175,10643.31161
2021-04-02,59016.78,10194.68183,21208.33033,17446.31393,41761.21,5072.45,17550.61,52651.83,53466.6184,45913.67644,29577.1014,20575.80146,10683.73232
2021-04-03,57540.91,10196.50544,21244.39976,17468.26411,41877.23,5083.46,17574.1,52722.3,53662.4794,46181.635,29810.75045,20715.0839,10723.00504
2021-04-04,58216.17,10391.46785,21145.04497,17490.237,42047.74,5105.16,17602.61,52807.83,53881.0874,46480.08411,30046.93155,20856.41852,10762.79398
2021-04-05,58863.22,10171.30682,21077.45348,17512.23261,42177.75,5112.72,17648.68,52946.04,54078.7078,46756.73411,30286.42795,20998.2161,10802.93924
2021-04-06,58182.31,10046.31601,21184.05574,17534.25095,42630.02,5095.26,17945.92,53837.76,54275.719,46999.886,30522.635,21138.37481,10842.45894
2021-04-07,56296.06,10115.03375,21228.59488,17556.29205,42734.51,5100.88,17985.09,53955.27,54421.6256,47190.31956,30748.69335,21272.83547,10880.74539
2021-04-08,57687.28,10207.08009,21321.13365,17578.35592,42879.37,5109.79,18031.29,54093.87,54533.214,47378.19044,30982.8469,21411.20659,10919.96654
2021-04-09,58165.2,9939.033962,21361.38252,17600.44259,43011.63,5117.59,18076.43,54229.29,54659.666,47576.44856,31221.2628,21552.19648,10959.49764
2021-04-10,59342.25,10284.58185,21339.54422,17622.55207,43194.52,5127.19,18138.08,54414.24,54733.946,47808.46611,31465.54335,21696.39253,10999.83889
2021-04-11,59836.52,10431.66765,21285.22275,17644.68437,43390.41,5148.29,18206.25,54618.75,54817.6456,48084.13256,31713.5422,21841.53255,11040.47126
2021-04-12,59926.93,10194.62777,21335.59455,17666.83953,43573.7,5150.47,18293.61,54880.83,54865.9902,48377.05822,31959.6657,21987.35945,11081.39344
2021-04-13,63123.32,10078.8383,21478.32506,17689.01755,43903.43,5154.08,18423.51,55270.53,55042.5952,48664.40033,32221.73755,22141.8822,11124.54535
2021-04-14,63030.35,9606.209164,21648.97128,17711.21846,44244.17,5162.16,18582.96,55748.88,55334.572,48932.44922,32483.28995,22296.85618,11167.76126
2021-04-15,63165.73,9935.782604,21714.06097,17733.44227,44469.69,5167.52,18696.12,56088.36,55608.3236,49228.24089,32745.5215,22450.77547,11211.16511
2021-04-16,61791.93,9336.035533,21959.42375,17755.689,44650.58,5179.74,18751.35,56254.05,55880.8552,49515.35444,33000.24745,22601.08379,11253.5303
2021-04-17,60930.34,8928.227143,22081.19792,17777.95868,44804.77,5193.31,18804.66,56413.98,56177.3528,49789.12711,33250.9396,22748.56907,11295.16321
2021-04-18,56321.75,9047.619204,22198.55437,17800.25131,44942.41,5161.5,19014.44,57043.32,56366.77,50011.28844,33478.87505,22883.60808,11333.60747
2021-04-19,56212.35,8385.813869,22378.50962,17822.56692,45033.96,5181.28,19029.16,57087.48,56584.4096,50231.687,33706.9365,23019.22626,11371.91973
2021-04-20,56408.91,8256.131094,22525.83817,17844.90553,45094.91,5189.69,19066.98,57200.94,56725.3402,50469.13456,33936.0961,23155.20909,11410.24732
2021-04-21,54437.32,8172.376064,22724.05945,17867.26716,45140.89,5200.76,19086.27,57258.81,56854.991,50728.114,34155.35425,23285.23934,11447.2432
2021-04-22,51888.09,8576.625085,22721.9443,17889.65181,45290.47,5208.55,19144.13,57432.39,56877.0366,50932.59611,34361.51735,23407.09492,11482.38226
2021-04-23,50733.74,8616.853724,22796.39622,17912.05952,45263.22,5234,19136.05,57408.15,56924.7892,51140.85322,34561.57935,23525.86124,11516.68669
2021-04-24,50275.6,9655.304079,22707.78821,17934.4903,45289.59,5240.57,19171.71,57515.13,56951.4334,51343.27411,34759.9833,23643.33766,11550.76434
2021-04-25,48503.03,10544.18599,22549.18447,17956.94417,45300.59,5256.47,19173.4,57520.2,56944.9564,51522.078,34949.37335,23755.57558,11583.62282
2021-04-26,53702.69,9204.040678,22637.6388,17979.42115,45498.8,5277.53,19232.42,57697.26,56998.9532,51755.85567,35163.609,23881.79876,11620.26211
2021-04-27,54984.38,9748.396471,22643.62818,18001.92125,45623.72,5278.39,19320.4,57961.2,57061.912,52029.92178,35383.12565,24011.54008,11657.74574
2021-04-28,54732.54,9860.67945,22610.18729,18024.4445,45699.53,5284.58,19357.81,58073.43,57065.9402,52265.84822,35600.0829,24137.91651,11695.01004
2021-04-29,53378.99,9555.922771,22691.05712,18046.99091,45835.54,5297.13,19428.12,58284.36,57001.0858,52476.47489,35810.2109,24260.6544,11731.31189
2021-04-30,57074.46,9887.199447,22661.43138,18069.56051,46064.06,5329.08,19514.77,58544.31,56989.5964,52729.65889,36037.46065,24393.1447,11770.30815
2021-05-01,57620.52,8333.664118,22618.92315,18092.1533,46188.44,5343.46,19551.51,58654.53,56996.0072,53002.36233,36268.27465,24526.9153,11809.73839
2021-05-02,56420.61,8675.753501,22218.93801,18114.76932,46282.54,5358.38,19581.9,58745.7,56903.5714,53255.34811,36493.5494,24657.44445,11848.24639
2021-05-03,57376.49,8560.196957,22038.61128,18137.40857,46446.82,5373.76,19641.62,58924.86,56846.017,53497.75578,36723.07165,24790.61431,11887.40013
2021-05-04,53860.07,8561.031076,21891.02816,18160.07109,46469.36,5376.56,19676.67,59030.01,56796.985,53679.417,36935.60215,24913.965,11924.02605
2021-05-05,57246.5,8560.268244,21869.46536,18182.75687,46580.89,5381.42,19732.56,59197.68,56815.4308,53902.21356,37165.074,25045.65893,11963.05929
2021-05-06,56430.28,8442.957069,21875.16564,18205.46596,46737.75,5388.44,19803.63,59410.89,56771.0188,54107.13356,37389.8419,25173.50302,12001.51069
2021-05-07,57428.88,8587.778448,21876.52969,18228.19835,47057.36,5398.89,19944.16,59832.48,56766.748,54307.86656,37618.28315,25304.06659,12040.74323
2021-05-08,58851.4,8660.884378,21848.42108,18250.95408,47222.68,5413.82,19990.69,59972.07,56778.3884,54530.36356,37853.049,25439.46277,12080.96676
2021-05-09,58221.64,8784.089088,21626.25935,18273.73316,47379.7,5433.83,20035.01,60105.03,56776.9716,54680.06044,38079.6662,25575.45808,12120.75819
2021-05-10,55748.17,8593.358206,21522.91805,18296.53561,47466.35,5435.89,20082.72,60248.16,56740.6042,54780.43989,38293.0316,25704.98591,12158.91707
2021-05-11,56383.45,8705.049348,21534.6091,18319.36145,47532.46,5449.93,20100.62,60301.86,56779.9752,54905.50322,38510.38095,25835.66602,12197.52004
2021-05-12,52389.71,8690.860593,21546.82202,18342.2107,48149.88,5564.07,20193.52,60580.56,56737.7848,54956.23344,38707.06495,25953.96865,12233.24554
2021-05-13,49289.66,10629.70605,21563.64025,18365.08337,47998.48,5570.12,20177.19,60531.57,56672.7688,54973.36456,38888.36735,26062.52659,12266.77875
2021-05-14,50161.74,10641.35462,21630.01793,18387.97949,47999.28,5581.82,20181.32,60543.96,56632.764,55005.31978,39074.0593,26174.59418,12301.04079
2021-05-15,48364.94,10468.14177,21624.28302,18410.89907,48024.41,5598.49,20186.87,60560.61,56510.0112,54998.46133,39247.5751,26281.59121,12334.13297
2021-05-16,45795.44,10646.3749,21536.65268,18433.84213,48037.56,5630.8,20175.75,60527.25,56302.9512,54970.28011,39410.38995,26380.61885,12365.46944
2021-05-17,43196.03,10707.59966,21601.52946,18456.8087,47953.21,5673.17,20125.37,60376.11,56055.2434,54905.78344,39558.9307,26472.65527,12394.77807
2021-05-18,42800.25,10220.31967,21701.93026,18479.79878,47884.99,5692.46,20109.25,60327.75,55759.0102,54802.36556,39704.9262,26563.61192,12423.70894
2021-05-19,39247.55,9938.514804,21819.41731,18502.81241,47308.22,5688.93,19980.65,59941.95,55367.0946,54662.42056,39832.1751,26645.21088,12450.12413
2021-05-20,41042.89,9517.440087,21948.97612,18525.84959,47073.9,5720.15,19896.76,59690.28,55010.689,54500.361,39968.53125,26732.98385,12477.45218
2021-05-21,37128.28,9593.396015,22084.0655,18548.91035,47171.86,5830.58,19862.24,59586.72,54575.473,54294.547,40085.9979,26809.72077,12502.08041
2021-05-22,37636.79,9918.049875,22092.16093,18571.99471,47372.23,5965.33,19822.51,59467.53,54147.8732,54073.73689,40204.6123,26887.80879,12526.94982
2021-05-23,34352.42,10716.36708,21944.17838,18595.10268,47288.87,6012.8,19789.79,59369.37,53684.1034,53852.17411,40305.7642,26957.39769,12549.50792
2021-05-24,38466.38,10079.61633,21926.43759,18618.23428,47257.61,6018.01,19831.96,59495.88,53289.1076,53741.45044,40420.037,27038.60294,12575.01621
2021-05-25,38225.84,10181.98503,21914.74173,18641.38954,47161.97,6035.41,19802.24,59406.72,52876.36,53616.42478,40532.90295,27119.39165,12600.50591
2021-05-26,38914.75,10354.29823,21952.306,18664.56847,47198.25,6073.24,19816.31,59448.93,52491.0088,53513.64033,40653.40745,27201.25198,12626.52233
2021-05-27,38846.33,10646.28868,22020.32454,18687.77109,47619.25,6317.15,19803.05,59409.15,52142.0142,53432.98333,40770.23955,27281.76662,12652.37541
2021-05-28,35160.74,10350.90204,21973.17109,18710.99742,47523.35,6343.33,19768.27,59304.81,51691.4834,53303.09278,40869.4818,27352.44225,12675.5076
2021-05-29,34635.55,10623.817,21898.87239,18734.24748,47496.61,6378.66,19746.57,59239.71,51220.8904,53184.26144,40966.14495,27421.04038,12698.31134
2021-05-30,35681.53,9203.215553,21601.73999,18757.52129,47505.19,6427.32,19762.87,59288.61,50747.676,53032.252,41066.00025,27493.12591,12721.85541
2021-05-31,37085.53,9237.162153,21504.61366,18780.81886,47520.25,6460.42,19757.34,59272.02,50292.6562,52911.48256,41170.2506,27566.94701,12746.30694
2021-06-01,36551.06,9192.87533,21509.54495,18804.14022,47475.54,6527.32,19770.36,59311.08,49825.1388,52753.31867,41271.61155,27641.21794,12770.46755
2021-06-02,37604.92,9450.135377,21409.99589,18827.48538,47485.8,6580.88,19769.92,59309.76,49314.7708,52633.97211,41379.43675,27718.14453,12795.40779
2021-06-03,38963.84,9183.955816,21405.64383,18850.85437,47510.89,6645.17,19785.32,59355.96,48833.4406,52523.08822,41494.24475,27798.31195,12821.25133
2021-06-04,36891.48,9206.460707,21416.85298,18874.2472,47485.25,6712.46,19757.65,59272.95,48307.9556,52390.47267,41594.83375,27873.11484,12845.56771
2021-06-05,35309.76,9415.612904,21444.73713,18897.66389,47486.56,6775.32,19745.8,59237.4,47778.3122,52216.105,41683.26685,27943.57335,12868.47769
2021-06-06,35754.45,9454.856994,21427.74102,18921.10446,47502.01,6893.51,19736.87,59210.61,47274.7944,52037.41622,41773.1574,28014.98412,12891.697
2021-06-07,33944.05,9296.116463,21434.27987,18944.56894,47491.03,7078.58,19721.34,59164.02,46827.2404,51808.67089,41853.89815,28081.43302,12913.54762
2021-06-08,33508.86,9329.455585,21401.84437,18968.05733,47283.57,7281.21,19646.9,58940.7,46373.1706,51551.86144,41928.32285,28146.65104,12935.03309
2021-06-09,37226.61,9436.755602,21490.70936,18991.56966,47311.61,7359.79,19670.25,59010.75,45989.5246,51324.94678,42021.28695,28221.76431,12959.23761
2021-06-10,36749.94,9109.779554,21578.93256,19015.10594,47324.4,7436.46,19676.69,59030.07,45635.777,51096.613,42112.01935,28297.16728,12983.04053
2021-06-11,37171.92,9203.864769,21674.34589,19038.66621,47335.05,7503.54,19688.36,59065.08,45341.4536,50831.38544,42205.8496,28373.36036,13007.01688
2021-06-12,35801.97,9283.213482,21520.00118,19062.25047,47320.55,7532.48,19679.45,59038.35,45042.8182,50559.69389,42289.19815,28445.7744,13029.84934
2021-06-13,38896.07,8918.729888,21444.162,19085.85874,47391.18,7660.41,19685.39,59056.17,44815.2276,50366.18722,42389.7493,28526.96805,13054.72684
2021-06-14,40293.57,9167.986986,21437.60091,19109.49105,47493.2,7723.16,19721.29,59163.87,44651.0384,50188.069,42505.505,28611.7278,13080.46184
2021-06-15,40218.39,8755.369471,21493.20032,19133.14741,47482.48,7730.81,19739.62,59218.86,44381.3524,49983.26356,42621.6595,28696.08984,13106.21461
2021-06-16,38385.56,8726.09382,21501.13485,19156.82784,47479.1,7750.14,19744.75,59234.25,44049.376,49769.29844,42724.70535,28775.61135,13130.54592
2021-06-17,37935.7,8828.813284,21525.58399,19180.53237,47416.63,7785.18,19724.27,59172.81,43713.4392,49543.36867,42823.46225,28854.14997,13154.55874
2021-06-18,35500.3,9029.561167,21542.2048,19204.261,47407.95,7868.9,19711.73,59135.19,43355.8654,49290.12222,42903.42645,28926.08049,13176.98045
2021-06-19,35584.88,8831.715104,21593.41306,19228.01377,47412.91,7913.72,19704.24,59112.72,42926.0738,49045.88156,42987.08685,28998.19261,13199.42936
2021-06-20,35534.41,8862.806867,21616.52303,19251.79068,47429.4,7968.03,19696.43,59089.29,42484.3516,48836.09833,43068.985,29070.25363,13221.86781
2021-06-21,31665.69,8804.107573,21636.58071,19275.59176,47244.1,7995.04,19650.41,58951.23,41989.2532,48582.39233,43129.9019,29130.70951,13241.62091
2021-06-22,32444.62,8458.810026,21721.17951,19299.41703,47088.25,8009.84,19615.45,58846.35,41490.6158,48359.10522,43198.09845,29193.39896,13261.89059
2021-06-23,33483.58,8421.954139,21781.44029,19323.26651,47014.24,8013.6,19615.65,58846.95,41083.086,48151.56744,43270.23915,29259.90613,13282.84911
2021-06-24,34682.13,8544.505435,21796.41241,19347.14021,46930.76,8021.19,19614.9,58844.7,40631.7986,47931.34022,43347.2001,29329.80047,13304.609
2021-06-25,31702.64,9008.077379,21736.78491,19371.03816,46300.33,8044.15,19436.54,58309.62,40137.2458,47659.72022,43410.2429,29391.78838,13324.14234
2021-06-26,31574.44,8709.140655,21758.23025,19394.96037,46265.32,8094.35,19408.02,58224.06,39620.157,47392.976,43474.15005,29453.76997,13343.60606
2021-06-27,32748.45,9732.073143,21843.05965,19418.90687,46317.83,8141.54,19415.17,58245.51,39098.098,47116.71533,43544.8725,29518.6744,13363.88193
2021-06-28,34317.08,8354.64106,21972.41001,19442.87767,46341.11,8184.08,19419.29,58257.87,38620.0068,46844.20144,43624.5974,29587.64277,13385.28579
2021-06-29,35991.59,8471.11109,22050.39109,19466.87279,46373.58,8210.9,19425.7,58277.1,38224.8752,46590.07278,43714.35715,29661.4556,13407.72004
2021-06-30,34719.04,8627.815339,22144.33725,19490.89226,46326.81,8235.5,19411.41,58234.23,37791.587,46321.51678,43793.8368,29731.49212,13429.25429
2021-07-01,33465.93,8593.316193,22271.30126,19514.93608,46243.82,8261.66,19391.33,58173.99,37413.1114,46037.61844,43865.7606,29798.3283,13449.77957
2021-07-02,33534.78,8692.426798,22283.81426,19539.00429,46013.36,8270.2,19336.51,58009.53,37098.0138,45770.88367,43937.1457,29865.55945,13470.24052
2021-07-03,34623.11,6470.859792,22109.2801,19563.0969,46030.38,8302.78,19339.75,58019.25,36787.2412,45508.73856,44012.90355,29935.62066,13491.72825
2021-07-04,35527.92,6671.309124,21941.12066,19587.21392,46058.21,8349.03,19346.73,58040.19,36530.5008,45249.45744,44083.72235,30008.32341,13513.82748
2021-07-05,33916.27,6574.593661,21787.21273,19611.35539,46056.19,8415.77,19341.59,58024.77,36292.9174,44979.83478,44139.4719,30075.88234,13534.95306
2021-07-06,33981.28,6649.749016,21792.94488,19635.52131,46025.67,8439.31,19338.78,58016.34,36108.6224,44731.89278,44194.7601,30143.86973,13556.04849
2021-07-07,34071.51,6627.21445,21815.54102,19659.71171,46000.42,8453.39,19343.61,58030.83,35934.0476,44469.49533,44245.57315,30211.5372,13577.11653
2021-07-08,32725.4,6775.18701,21847.18195,19683.92661,45915.06,8493.99,19322.85,57968.55,35803.6046,44186.83089,44291.75515,30276.07201,13597.19456
2021-07-09,33890.43,6732.487429,21823.82684,19708.16602,45867.87,8746.97,19324.76,57974.28,35660.5554,43904.03289,44345.5031,30343.7714,13618.32292
2021-07-10,33531.59,6823.330945,21849.65203,19732.42997,45850.95,8895.67,19323.94,57971.82,35588.6216,43611.75589,44395.05395,30410.5372,13639.19569
2021-07-11,34289.6,6846.668246,21774.49523,19756.71848,45839.56,8985.88,19325.79,57977.37,35521.6778,43326.89667,44449.4049,30479.20758,13660.63996
2021-07-12,33106.85,6708.815661,21767.11077,19781.03156,45724.82,9155.7,19335.2,58005.6,35496.7664,42993.38033,44497.034,30544.80577,13681.28252
2021-07-13,32655.63,6752.538368,21733.60237,19805.36924,45641.78,9218.75,19323.69,57971.07,35380.5514,42655.88344,44537.54035,30609.12736,13701.63174
2021-07-14,32774.64,6794.184867,21726.84364,19829.73152,45549.56,9244.46,19309.09,57927.27,35271.5274,42318.20467,44569.096,30673.83308,13722.25016
2021-07-15,31676.71,6761.462904,21726.32882,19854.11845,45418.76,9271.09,19285.14,57855.42,35126.7666,41983.59111,44595.2488,30735.7936,13742.50826
2021-07-16,31531.29,6873.097561,21761.21287,19878.53002,45293.64,9303.32,19269.22,57807.66,34980.4658,41656.935,44618.5889,30797.32536,13762.37278
2021-07-17,31619.53,6572.779364,21787.01897,19902.96627,45101.05,9393.56,19344.97,58034.91,34909.6416,41382.46589,44640.978,30859.09165,13782.30929
2021-07-18,31634.78,6531.692,21752.83267,19927.42721,44967.03,9582.18,19336.37,58009.11,34849.6262,41109.38178,44655.0719,30920.72973,13802.25479
2021-07-19,30909.57,6502.960921,21688.35814,19951.91286,44830.98,9672.38,19326.04,57978.12,34754.187,40826.05578,44664.5763,30980.53093,13821.45341
2021-07-20,29672.55,6627.10299,21690.03466,19976.42324,44570.91,9853.44,19315.13,57945.39,34605.9274,40550.89167,44666.3849,31036.36379,13839.84292
2021-07-21,32002.69,6560.202931,21699.7563,20000.95837,44450.53,9932.54,19317.05,57951.15,34514.96,40329.94278,44666.46335,31098.05357,13859.88116
2021-07-22,32334.32,6522.313793,21709.06297,20025.51828,44329.76,10043.12,19328.34,57985.02,34409.548,40125.50478,44661.01175,31160.56676,13880.38191
2021-07-23,33172.73,6614.863344,21751.12919,20050.10297,44027.42,10313.59,19279.83,57839.49,34293.7258,39935.47289,44670.09665,31225.46451,13901.50697
2021-07-24,34153.98,6532.254024,21758.11136,20074.71247,43985.75,10426.4,19285.85,57857.55,34238.9758,39776.039,44671.04295,31292.73695,13923.21901
2021-07-25,34859.79,6638.196284,21750.61277,20099.3468,43913.21,10577.55,19287.94,57863.82,34229.9764,39566.67344,44663.8487,31361.31596,13945.49273
2021-07-26,37478.42,6492.63891,21755.62203,20124.00598,43909.09,10627.75,19388.95,58166.85,34264.4558,39372.16278,44655.4556,31433.52728,13969.45348
2021-07-27,38931.45,6558.950479,21707.49176,20148.69003,43996.93,10646.03,19515.58,58546.74,34364.2038,39196.59511,44646.21835,31510.34761,13994.47689
2021-07-28,39830.53,6515.987163,21717.19967,20173.39896,44084.62,10665.1,19612.55,58837.65,34490.6372,39046.05667,44643.76115,31588.92162,14019.94399
2021-07-29,40007.94,6562.209042,21718.91359,20198.13281,44017.64,10744.64,19841.54,59524.62,34546.2638,38856.42867,44651.4975,31668.32481,14045.54183
2021-07-30,41415.03,6527.553505,21775.3174,20222.89158,44033.38,10772.73,19859.03,59577.09,34639.5656,38676.36767,44683.43995,31750.97464,14072.146
2021-07-31,41738.49,6983.126588,21828.12754,20247.67529,44055.7,10799.05,19874.74,59624.22,34730.897,38513.233,44724.3143,31833.54725,14098.8739
2021-08-01,40266.79,6570.752856,21851.28668,20272.48398,44060.74,10830.52,19884.85,59654.55,34820.1934,38323.12522,44739.3356,31913.68382,14124.53499
2021-08-02,39348.67,6453.942829,21775.27797,20297.31765,44025.4,10952.26,19890.75,59672.25,34829.2454,38161.88744,44741.5492,31990.95354,14149.51738
2021-08-03,38443.83,6511.177094,21809.90773,20322.17633,43966.35,10990.84,19884.61,59653.83,34792.2506,37952.96889,44751.04595,32065.76538,14173.91856
2021-08-04,39790.5,6437.157463,21809.32707,20347.06003,43977.51,11018.37,19897.36,59692.08,34783.6928,37768.08244,44770.2399,32143.09717,14199.33059
2021-08-05,40891.26,6535.864728,21854.06365,20371.96878,43967.01,11070.16,19910.05,59730.15,34833.8068,37584.33111,44793.2422,32223.13621,14225.45356
2021-08-06,42679.37,6458.810773,21869.54535,20396.90259,43991.17,11123.87,19944.26,59832.78,34928.6802,37404.64189,44825.0029,32308.47049,14252.8291
2021-08-07,44212.65,6525.570071,21906.9419,20421.86149,43999.45,11188.26,19967.56,59902.68,35102.9272,37248.98644,44864.18375,32397.65423,14281.28888
2021-08-08,44095.71,6486.67691,21885.55213,20446.84549,43877.77,11373.63,19986.15,59958.45,35273.1438,37119.51467,44909.46915,32486.77527,14309.50796
2021-08-09,46187.76,6586.745955,21840.75792,20471.85462,43923.02,11507.35,20036.23,60108.69,35486.2108,37006.22922,44984.7621,32581.01066,14339.08291
2021-08-10,45399.52,6542.159305,21854.46195,20496.88889,43987.8,11557.71,20072.8,60218.4,35760.8874,36928.56044,45044.3362,32674.53264,14368.08124
2021-08-11,45740.58,6458.06276,21907.71207,20521.94833,43991.21,11623.88,20102.41,60307.23,36026.8066,36889.12622,45113.0861,32768.33802,14397.32454
2021-08-12,44280.96,6506.138534,21937.57179,20547.03295,43950.48,11699.77,20116.29,60348.87,36242.7542,36823.78422,45174.2023,32857.71459,14425.1632
2021-08-13,47672.43,6896.455817,21976.07092,20572.14277,43872.26,11939.4,20152.94,60458.82,36502.5602,36816.08967,45250.51105,32956.38206,14455.2315
2021-08-14,46943.42,7168.313097,22043.42397,20597.27782,43865.63,12011.94,20200.47,60601.41,36807.3758,36828.845,45321.91465,33052.68959,14484.68179
2021-08-15,47067.6,6970.559277,21992.36301,20622.43811,43854.28,12048.39,20211.26,60633.78,37117.239,36871.86244,45405.6605,33149.34198,14514.24561
2021-08-16,45942.66,6917.890967,21946.93878,20647.62367,43893.62,12082.08,20237.18,60711.54,37381.1232,36906.77811,45467.878,33241.71745,14542.99077
2021-08-17,44704.08,7050.147538,21925.16569,20672.8345,43867.39,12122.79,20250.93,60752.79,37588.8632,36967.40622,45519.28545,33331.47604,14570.94408
2021-08-18,44910,6904.070586,21951.96337,20698.07065,43839.23,12202.25,20278.91,60836.73,37767.2314,37010.37411,45572.39595,33422.55882,14599.06634
2021-08-19,46678.15,6982.182935,21972.38746,20723.33211,43878.14,12238.36,20306.05,60918.15,38006.4136,37116.48378,45640.40065,33518.1692,14628.34288
2021-08-20,48987.71,6921.190955,21987.11011,20748.61892,43953.8,12309.35,20348,61044,38316.8492,37242.60511,45717.07975,33620.58514,14659.07116
2021-08-21,49099.67,7037.245153,22016.82287,20773.93109,44000.64,12357.84,20377.81,61133.43,38628.147,37406.46344,45784.7791,33723.51082,14689.81257
2021-08-22,49381.01,6951.331216,21994.49352,20799.26864,43994.96,12419.7,20398.4,61195.2,38923.305,37527.73711,45844.13135,33827.22429,14720.85816
2021-08-23,49554.24,7055.085632,21944.72402,20824.6316,44073.1,12482.44,20455.08,61365.24,39203.8314,37653.60822,45905.9285,33931.07277,14752.04926
2021-08-24,47984.87,6922.274364,21904.07939,20850.01998,44013.45,12595.4,20470.74,61412.22,39485.2034,37754.38733,45955.91545,34031.70602,14782.38574
2021-08-25,48973.99,7859.61504,21967.55024,20875.4338,44102.52,12623.82,20561.47,61684.41,39785.0576,37866.91689,46003.97085,34134.70412,14813.30464
2021-08-26,47276.09,7968.62797,22039.954,20900.87308,44082.23,12642.21,20586.72,61760.16,40049.1492,38001.53189,46046.21795,34233.42819,14842.87155
2021-08-27,48977.81,7858.049483,22092.49018,20926.33785,44073.81,12697.68,20608.42,61825.26,40374.1974,38160.89033,46067.3624,34336.42588,14873.74626
2021-08-28,48889.72,7920.925102,22139.72911,20951.82812,44050.65,12755.74,20627.16,61881.48,40674.1832,38307.648,46078.2409,34439.18838,14904.56287
2021-08-29,49025.17,7940.521036,22172.10997,20977.34391,43978.5,12848.22,20638.58,61915.74,40984.0548,38440.31067,46097.728,34541.85951,14935.16917
2021-08-30,47441.13,7844.106552,22125.12454,21002.88525,43975.45,12886.31,20661.13,61983.39,41247.0854,38561.31144,46095.8137,34640.20734,14964.70098
2021-08-31,47036.97,8113.209012,22152.75253,21028.45215,43952.65,12913.9,20682.1,62046.3,41525.6878,38666.112,46092.25925,34736.4525,14993.73761
2021-09-01,48447.12,7445.60746,22192.12466,21054.04463,43998.03,12915.7,20708.62,62125.86,41841.5176,38771.48178,46098.066,34838.29852,15023.61012
2021-09-02,49503.85,7590.128495,22204.94131,21079.66271,44126.82,12931.49,20753.48,62260.44,42176.1018,38911.61922,46100.67425,34944.83258,15053.91476
2021-09-03,49643.18,7451.388492,22163.89463,21105.30642,43916.69,13229.36,20784.82,62354.46,42535.4312,39070.87944,46107.2314,35052.43286,15084.23685
2021-09-04,49772.56,7555.370322,22213.79842,21130.97577,43948.7,13261.6,20807.15,62421.45,42900.2566,39226.63622,46111.09055,35161.4089,15114.48864
2021-09-05,51832.43,7522.960204,22231.42017,21156.67078,43944.2,13311.26,20823.64,62470.92,43304.5146,39425.396,46109.7134,35275.69635,15146.21484
2021-09-06,52502.27,7480.177509,22151.80199,21182.39148,44006.57,13336.26,20856.19,62568.57,43721.8644,39636.43389,46113.01175,35391.47948,15178.63649
2021-09-07,46790.81,7553.443634,22175.57169,21208.13788,43827.7,13426.95,20845.5,62536.5,44039.4892,39742.70278,46068.82455,35492.25343,15206.99893
2021-09-08,46477.75,7980.69321,22217.92698,21233.91,43760.4,13468.91,20846.96,62540.88,44375.5932,39850.78956,46022.9556,35591.80648,15234.93886
2021-09-09,46330.95,7816.194655,22287.92322,21259.70787,43737.39,13532.28,20882.84,62648.52,44662.1584,39952.55656,45967.06185,35690.65385,15262.92347
2021-09-10,44712.37,7987.723287,22308.21519,21285.5315,43625.84,13594.48,20885.69,62657.07,44909.7194,40051.561,45919.15835,35785.04209,15290.11009
2021-09-11,45204.44,7853.090238,22247.6084,21311.38091,43405.14,13756.97,20889.08,62667.24,45150.3536,40121.654,45903.023,35880.50714,15317.84232
2021-09-12,46205.77,7871.699747,22284.00819,21337.25613,43307.25,13836.81,20896.14,62688.42,45391.3894,40187.34511,45886.6611,35979.04915,15346.41449
2021-09-13,45086.38,7824.861839,22228.30121,21363.15717,43145.88,13921.79,20890.64,62671.92,45595.9212,40241.43389,45871.26625,36073.62349,15373.99629
2021-09-14,46861.81,7927.686418,22198.05097,21389.08406,43178.01,13944.35,20918.36,62755.08,45783.589,40335.61444,45875.048,36172.6639,15402.7572
2021-09-15,48162.32,7850.15453,22162.77042,21415.03681,43055.59,14152.58,20960.61,62881.83,45968.2064,40449.24356,45881.60515,36274.81327,15431.98983
2021-09-16,47827.79,7791.22713,22098.81893,21441.01545,43026.11,14202.1,20988.16,62964.48,46128.1516,40586.21567,45894.09225,36376.08758,15460.57539
2021-09-17,47263.98,7870.800534,22091.4709,21467.01999,43017.06,14225.48,21001.97,63005.91,46273.2724,40715.98344,45883.60025,36475.87626,15488.81797
2021-09-18,48017.31,8003.092012,22085.07037,21493.05046,43028.21,14256.9,21018.16,63054.48,46405.318,40854.68233,45883.9129,36577.34033,15517.56245
2021-09-19,47296.74,7880.096856,22118.55262,21519.10687,42927.37,14380.43,21026.28,63078.84,46516.483,41028.36067,45866.46755,36677.45069,15545.61332
2021-09-20,42800.22,7838.88836,22013.09924,21545.18925,42693.06,14469.14,20993.17,62979.51,46567.1516,41143.42289,45838.7381,36766.23695,15570.29671
2021-09-21,40751.44,8041.822504,22036.96233,21571.29761,42519.29,14509.85,20963.48,62890.44,46595.207,41224.17689,45797.77835,36849.38338,15593.61818
2021-09-22,43587.62,8181.788762,22058.76171,21597.43198,42477.05,14585.13,20974.88,62924.64,46698.0828,41323.12678,45771.58205,36941.00665,15618.87744
2021-09-23,44686.73,8186.338009,22083.31291,21623.59238,42446.82,14631.66,20984.43,62953.29,46796.0074,41467.39444,45740.00145,37034.37066,15644.98378
2021-09-24,42707.87,8055.903608,22074.49838,21649.77883,42254.07,14706.58,20964.41,62893.23,46832.3396,41591.09922,45694.3586,37122.27978,15669.60966
2021-09-25,42662.25,8175.655097,22162.80342,21675.99134,42203.4,14742.77,20964.61,62893.83,46831.9972,41701.25256,45635.0142,37210.03357,15693.86326
2021-09-26,43173.62,8117.310949,22183.83531,21702.22994,42078.14,14897.8,21106.6,63319.8,46811.2166,41799.65856,45567.77375,37299.19346,15718.03565
2021-09-27,43049.62,8195.031826,22185.95784,21728.49465,42009.59,14954.77,21118.84,63356.52,46790.2948,41878.08111,45494.7772,37387.66291,15741.90059
2021-09-28,41494.14,8080.231219,22122.79016,21754.78548,41906.17,14952.8,21101.86,63305.58,46696.4224,41953.36,45415.748,37472.0097,15764.46651
2021-09-29,41232.37,8208.354865,22149.19887,21781.10247,41839.18,14971.42,21102.37,63307.11,46613.0794,42039.65378,45316.69785,37555.79462,15786.88893
2021-09-30,43693.12,8084.637973,22082.69766,21807.44562,41851.9,15013.35,21129.85,63389.55,46572.1302,42152.52422,45233.8924,37646.70962,15811.06888
2021-10-01,47957.6,8463.130353,22152.86497,21833.81496,41969.49,15095.13,21187.11,63561.33,46645.663,42300.68522,45192.12205,37749.4036,15837.58985
2021-10-02,48072.57,8570.548301,22091.98356,21860.21052,42033.19,15147.68,21223.12,63669.36,46653.6658,42440.07022,45150.86385,37852.38953,15864.09242
2021-10-03,48001.62,8468.884372,22095.44169,21886.6323,42013.06,15203.44,21239.9,63719.7,46674.8298,42596.57411,45097.61755,37954.98885,15890.4472
2021-10-04,49123.49,8838.2236,21979.04521,21913.08034,41822.68,15426.09,21268.72,63806.16,46715.9476,42764.82089,45055.0229,38060.48926,15917.33536
2021-10-05,51347.16,8884.676156,21954.47538,21939.55464,41971.1,15467.49,21325,63975,46824.0376,42956.77256,45020.4118,38172.44626,15945.61834
2021-10-06,55142.21,8836.533017,22056.58643,21966.05524,42554.9,15500.45,21473.18,64419.54,47032.8002,43205.84822,45004.66045,38294.74624,15975.46849
2021-10-07,53799.88,8696.686734,22054.99982,21992.58215,42887.05,15537.41,21570.03,64710.09,47210.5978,43427.06433,44985.82715,38412.72514,16002.18569
2021-10-08,54029.94,8722.228498,22083.84318,22019.13539,42987.59,15584.26,21612.76,64838.28,47357.6336,43654.82378,44983.90235,38530.71659,16029.53702
2021-10-09,54968.67,8824.347089,21949.68895,22045.71499,42943.76,15707.28,21639.91,64919.73,47477.2528,43884.59122,44986.24955,38650.57258,16058.58901
2021-10-10,54917.36,9071.817856,21943.35202,22072.32096,42995.64,15748.98,21676.06,65028.18,47593.6066,44126.93022,44998.13405,38770.25382,16086.90356
2021-10-11,57077.58,8763.683345,21893.80606,22098.95332,43176.07,15810.07,21735.3,65205.9,47747.538,44398.28522,45022.71205,38895.12489,16115.50175
2021-10-12,56135.32,8828.278052,21922.86456,22125.6121,43327.72,15830.69,21796.31,65388.93,47879.1596,44657.84833,45030.87575,39017.86555,16143.30615
2021-10-13,57479.75,8822.036141,21876.20965,22152.29731,43519.15,15839.17,21847.13,65541.39,48069.0572,44944.54878,45037.5323,39144.55261,16172.62684
2021-10-14,57485.22,8795.269159,21861.12185,22179.00898,43795.22,15860.55,21915.36,65746.08,48239.2818,45232.92578,45047.0513,39270.96245,16201.91579
2021-10-15,61261.98,8885.183899,21947.54561,22205.74712,44270.85,15870.92,22024.7,66074.1,48518.9996,45562.28633,45065.30165,39408.07236,16233.10368
2021-10-16,60912.07,8928.841182,21982.18695,22232.51176,44555.87,15951.78,22077.93,66233.79,48757.6848,45887.58956,45075.64535,39544.22604,16262.76527
2021-10-17,61177.04,8862.067625,21959.66985,22259.30292,44731.82,16061.86,22102.28,66306.84,49003.4312,46223.89478,45087.2147,39680.76544,16292.64914
2021-10-18,61728.23,8955.801619,21966.98481,22286.12062,45078.04,16089.29,22189.21,66567.63,49257.4924,46580.069,45101.41045,39818.09401,16323.32238
2021-10-19,64297.35,8909.901193,21928.10085,22312.96487,45561.73,16104.54,22353.48,67060.44,49594.6168,46938.89856,45127.8133,39962.04764,16356.71938
2021-10-20,66081.71,8869.395044,22006.52243,22339.83571,46274.86,16089.49,22512.6,67537.8,49975.5116,47313.86956,45170.5173,40108.15618,16391.98365
2021-10-21,62399.22,8913.664936,21943.44852,22366.73314,46708.35,16107,22612.01,67836.03,50254.5536,47638.60833,45191.43255,40243.66203,16425.56781
2021-10-22,60789.68,8958.527702,21941.09732,22393.65719,46892.26,16026.35,22625.34,67876.02,50480.2702,47934.56056,45201.06485,40375.18978,16458.74226
2021-10-23,61027.86,8999.648629,22006.23422,22420.60789,46977.93,16053.61,22645.12,67935.36,50707.9638,48225.31689,45215.2926,40506.98909,16491.03785
2021-10-24,60945.11,8963.736839,22076.81301,22447.58525,47333.78,15907.38,22694.66,68083.98,50931.4148,48486.05789,45238.53785,40638.62626,16524.36756
2021-10-25,63048.55,9085.06431,21990.39366,22474.58929,47751.77,15879.04,22789.17,68367.51,51155.7372,48754.02567,45265.3442,40776.05813,16559.2054
2021-10-26,60302.24,8917.374272,22010.66508,22501.62003,48051.24,15911.32,22841.97,68525.91,51311.7366,48981.48911,45276.0294,40904.19126,16591.01067
2021-10-27,58555.68,8990.609931,22065.52938,22528.67749,47997.31,15917.97,22831.62,68494.86,51547.034,49187.57511,45272.09655,41028.70558,16621.98017
2021-10-28,60463.96,8926.739092,22075.4771,22555.7617,48225.57,15920.47,22883.83,68651.49,51826.7582,49399.22989,45275.23375,41157.76074,16655.13925
2021-10-29,62351.01,8969.444277,22146.15539,22582.87268,48505.23,15951.54,22938.62,68815.86,52147.1594,49628.25789,45287.35415,41291.68893,16689.36322
2021-10-30,61668.34,8951.662328,22216.5792,22610.01044,48595.82,15960.21,22960.93,68882.79,52486.2788,49866.05289,45280.07925,41423.20148,16724.01901
2021-10-31,61476.94,10005.84809,22161.93363,22637.17501,48688.36,15989.57,23006.34,69019.02,52811.7288,50111.92256,45272.3122,41554.25995,16757.95931
2021-11-01,60969.68,9230.22115,22142.84589,22664.3664,48977.57,16018.26,23117.72,69353.16,53107.007,50362.20978,45261.33195,41684.30041,16791.86149
2021-11-02,63019.48,9336.297428,22177.96536,22691.58465,49342.23,15997.05,23256.54,69769.62,53465.669,50620.30956,45267.4697,41819.20582,16826.27878
2021-11-03,63036.63,9466.215693,22148.75614,22718.82976,49687.19,15924.29,23349.95,70049.85,53789.1654,50866.36922,45278.00115,41953.58657,16860.62967
2021-11-04,61445.01,9214.067572,22179.79285,22746.10176,49764.78,15938.33,23366.28,70098.84,54054.8192,51074.87633,45303.61745,42079.50192,16893.86643
2021-11-05,60959.96,9275.786394,22152.1468,22773.40067,49903.56,15957.44,23423.41,70270.23,54317.4626,51260.95756,45327.3555,42203.97255,16925.37245
2021-11-06,61494.17,9279.19613,22244.94626,22800.72651,50030.93,15953.16,23450.63,70351.89,54602.0664,51454.27378,45352.7818,42332.21519,16957.27591
2021-11-07,63032.45,9289.404531,22257.33438,22828.07931,50157,15974.82,23472.39,70417.17,54902.3692,51641.437,45395.75745,42462.85404,16990.63219
2021-11-08,66218.68,9275.502638,22329.17942,22855.45908,50641.66,15977.17,23601.66,70804.98,55280.808,51872.761,45467.4104,42602.70676,17027.29312
2021-11-09,67330.06,9218.934236,22258.58032,22882.86584,51049.85,15971.09,23704.83,71114.49,55771.4048,52112.64411,45550.392,42745.63846,17065.14401
2021-11-10,64626.71,9201.035924,22317.1662,22910.29962,51303.35,15998.34,23781.68,71345.04,56248.9102,52338.708,45622.14755,42880.02374,17101.00056
2021-11-11,65167.21,9295.932145,22296.29729,22937.76043,51497.35,16009.55,23832.63,71497.89,56680.502,52533.09444,45705.46845,43014.45162,17138.02145
2021-11-12,63895.07,9358.17969,22337.13576,22965.2483,52891.54,16029.27,24144.57,72433.71,57064.6688,52721.44611,45756.43035,43145.26536,17173.87564
2021-11-13,64472.41,9279.214207,22428.58963,22992.76324,52972.17,16043.49,24167.32,72501.96,57499.9596,52914.83289,45803.8705,43278.32176,17209.7449
2021-11-14,64746.3,9736.557249,22482.75799,23020.30529,53054.97,16062.79,24184.15,72552.45,57941.6406,53123.76222,45853.9393,43412.23401,17246.34354
2021-11-15,63852.26,9820.956516,22410.54739,23047.87445,53323.29,16069.65,24254.12,72762.36,58355.2134,53336.51978,45906.30565,43541.57077,17282.0828
2021-11-16,60567.08,9817.643124,22419.68383,23075.47075,53259.7,16041.06,24292.7,72878.1,58705.5626,53510.48733,45923.76875,43659.54863,17317.44095
2021-11-17,60052.41,9682.602196,22418.17351,23103.09421,53231.81,16044.03,24321.63,72964.89,59076.728,53659.09022,45935.9282,43775.69168,17352.39622
2021-11-18,56827.28,9695.860725,22471.56966,23130.74486,53100.75,16036.55,24297.71,72893.13,59388.6262,53746.19656,45937.96155,43882.92074,17385.02897
2021-11-19,57933.79,9673.458896,22535.38334,23158.42271,53089.71,16042.43,24296.57,72889.71,59673.4396,53844.35344,45940.74805,43990.91489,17418.29765
2021-11-20,59608.71,9684.055271,22607.3447,23186.12778,53194.66,16056.31,24314.48,72943.44,59906.4618,53957.99456,45969.49125,44103.48335,17451.70629
2021-11-21,59050.31,9713.915565,22594.58611,23213.8601,53334.59,16089.58,24323.69,72971.07,60126.0166,54063.50644,45978.5103,44214.60107,17485.79201
2021-11-22,56354.45,10030.82139,22644.96225,23241.61968,53248.5,16093,24307.48,72922.44,60293.0732,54156.50178,45978.13115,44318.85541,17518.50971
2021-11-23,57548.71,9678.438604,22755.32543,23269.40655,53218.1,16095.72,24312.77,72938.31,60461.5776,54251.77644,45978.7303,44424.39511,17551.70075
2021-11-24,56987.29,9684.246269,22726.21891,23297.22072,53224.52,16094.18,24325.1,72975.3,60574.3802,54359.67867,45969.40975,44529.34415,17584.44841
2021-11-25,58917.76,9720.401853,22846.74549,23325.06223,53560.02,16067.62,24502.8,73508.4,60649.8912,54470.12256,45972.89035,44644.11154,17618.52679
2021-11-26,54007.37,9652.098135,22901.52546,23352.93108,53336.47,16067.07,24465.57,73396.71,60654.041,54526.98533,45964.18635,44745.81451,17649.33998
2021-11-27,54665.56,9798.708491,23016.14315,23380.82731,53366.67,16080.2,24460.05,73380.15,60666.7534,54589.65633,45955.5969,44847.15838,17680.19518
2021-11-28,57168.71,9801.752885,23010.82618,23408.75093,53449.99,16090.15,24471.23,73413.69,60710.7542,54697.74056,45979.4919,44954.25835,17712.64368
2021-11-29,58171.48,9824.238992,23052.37045,23436.70196,53930.96,16166.11,24517.21,73551.63,60775.8366,54821.45733,46023.901,45060.47819,17746.23844
2021-11-30,57442.07,9745.511091,23156.70408,23464.68042,53964.83,16148.09,24539.69,73619.07,60783.1264,54921.40122,46060.30265,45166.49266,17780.03193
2021-12-01,56954.63,8891.379785,23175.79037,23492.68635,54034.48,16142.87,24581.15,73743.45,60799.5126,55004.18767,46103.2511,45270.33841,17813.57469
2021-12-02,56803.67,8988.465757,23092.67993,23520.71974,54008.35,16148.25,24582.4,73747.2,60785.991,55083.74867,46158.29225,45372.86962,17847.6517
2021-12-03,53651.03,9151.710924,23135.79596,23548.78064,53932.62,16142.45,24566.97,73700.91,60709.3072,55126.84278,46210.56725,45468.59962,17880.85591
2021-12-04,49045.46,8943.753433,23220.42525,23576.86905,53422.64,16150.98,24455.65,73366.95,60464.9768,55095.87644,46241.7933,45550.98978,17909.36727
2021-12-05,49174.8,9132.005708,23079.00103,23604.985,53351.36,16145.81,24444.04,73332.12,60230.2314,55058.90456,46291.42955,45633.09104,17938.56324
2021-12-06,50630.83,8996.205037,22993.69821,23633.12851,53149.14,16145.21,24414.71,73244.13,60019.3072,55101.57144,46339.36925,45719.73047,17969.60706
2021-12-07,50502.68,9056.869017,23033.61129,23661.29961,53153.5,16130.57,24484.18,73452.54,59794.7962,55146.29289,46406.24125,45806.84495,18000.20719
2021-12-08,50601.38,9123.379629,23098.19911,23689.49831,53100.18,16137.67,24475.63,73426.89,59520.8768,55193.74211,46471.0642,45894.74995,18030.8632
2021-12-09,47943.14,8998.550167,23006.64307,23717.72463,52869.41,16135.26,24444.73,73334.19,59158.1054,55229.63956,46539.0178,45975.98907,18059.22689
2021-12-10,47496.06,8997.95601,23120.36733,23745.9786,52791.72,16122.24,24432.14,73296.42,58860.0422,55255.102,46584.1662,46056.9133,18087.05882
2021-12-11,49063.59,9845.534293,23182.34002,23774.26023,52823.13,16127.54,24440.84,73322.52,58625.5204,55286.85556,46638.35495,46139.99154,18116.01971
2021-12-12,50132.3,9929.631086,23292.31683,23802.56956,52844.59,16131.38,24445.93,73337.79,58407.6092,55342.92133,46694.4427,46225.29684,18145.89832
2021-12-13,46770.17,9720.251107,23309.41763,23830.90659,52793.23,16128.16,24430.99,73292.97,58124.1104,55341.90311,46734.0619,46300.88038,18172.93886
2021-12-14,48323.9,9871.246372,23334.06442,23859.27135,52797.95,16143.45,24439.46,73318.38,57829.6174,55343.69844,46799.8777,46380.14511,18201.36497
2021-12-15,48920.12,9803.608318,23268.73138,23887.66387,52755.34,16139.71,24440.87,73322.61,57601.975,55355.83544,46871.30055,46455.8483,18229.56064
2021-12-16,47856.63,9805.864364,23372.55888,23916.08415,52693.27,16138.89,24447.14,73341.42,57387.994,55362.42044,46932.17605,46524.77761,18256.52999
2021-12-17,46321.87,9792.479616,23353.43387,23944.53224,52591.89,16145.64,24424.55,73273.65,57105.1522,55343.58222,46978.35775,46589.05846,18282.3309
2021-12-18,46791.26,9755.793424,23380.21349,23973.00814,52575.34,16151.36,24421.26,73263.78,56793.9572,55337.96578,47029.55875,46651.92209,18307.8428
2021-12-19,46853.41,9789.53824,23470.99893,24001.51187,52631.96,16166.31,24424.08,73272.24,56497.6586,55383.00122,47075.8012,46716.11003,18333.83019
2021-12-20,46846.33,9811.553186,23413.74734,24030.04346,52540.17,16157.8,24403.48,73210.44,56205.0464,55450.72222,47115.21365,46781.235,18359.34675
2021-12-21,49005.22,9808.254916,23468.65629,24058.60294,52615.42,16159.06,24425.4,73276.2,55965.7572,55510.91778,47175.78235,46850.97071,18386.24525
2021-12-22,48689.77,9814.463344,23479.26102,24087.19031,52650.09,16172.02,24437.08,73311.24,55679.163,55555.396,47242.6824,46920.39478,18413.55437
2021-12-23,50711.97,10071.00819,23539.86823,24115.80561,52754.11,16196.33,24453.67,73361.01,55432.6698,55644.33044,47317.47,46994.93033,18442.70759
2021-12-24,50741.46,9738.42379,23576.91996,24144.44885,53064.59,16290.29,24477.16,73431.48,55218.5988,55734.09944,47401.45705,47066.87291,18471.72429
2021-12-25,50675.3,9805.535945,23569.38393,24173.12005,53234.15,16372.39,24475.44,73426.32,55012.9056,55817.45144,47487.28925,47133.38882,18501.01924
2021-12-26,50720.52,9803.597617,23670.59001,24201.81924,53593.84,16535.58,24478.4,73435.2,54797.4326,55902.68367,47554.7588,47200.07665,18530.38692
2021-12-27,50768.64,9821.489838,23683.4217,24230.54644,53675.46,16542.49,24500.75,73502.25,54552.1564,56005.73367,47624.8523,47265.75074,18559.29795
2021-12-28,47730.32,9687.754527,23701.53942,24259.30167,53554.99,16552.03,24480.86,73442.58,54182.3892,56077.93311,47677.6443,47322.31286,18585.75642
2021-12-29,47264.8,9718.389839,23615.9196,24288.08495,53444.63,16552.56,24465.92,73397.76,53781.084,56117.61844,47734.95845,47372.99637,18612.00076
2021-12-30,47226.91,9746.163227,23664.84832,24316.8963,53265.8,16537.94,24463.7,73391.1,53433.088,56109.49967,47776.61265,47423.04643,18637.913
2021-12-31,46279.03,9705.99816,23535.85475,24345.73575,53129.64,16535.68,24468.98,73406.94,53055.3244,56089.57144,47806.53995,47469.66236,18663.09375
2022-01-01,47332.22,9848.472252,23589.88102,24374.60331,53135.79,16543.76,24473.83,73421.49,52724.0674,56082.13367,47842.1091,47511.81956,18688.75213
2022-01-02,47308.72,9672.820958,23635.73249,24403.499,53140.2,16553.92,24473.09,73419.27,52380.7936,56061.96956,47886.7249,47549.96264,18714.35836
2022-01-03,46240.63,9635.878349,23602.30132,24432.42286,53053.15,16559.74,24461.82,73385.46,52010.6802,56005.23033,47928.24955,47590.85516,18739.11015
2022-01-04,46198.39,9755.287783,23614.90378,24461.37489,52970.07,16551.48,24448.96,73346.88,51657.6028,55905.85456,47981.74,47624.46415,18764.46978
2022-01-05,43478.86,9665.288863,23600.33816,24490.35513,52863.99,16559.13,24440.26,73320.78,51315.8384,55791.17656,48021.2099,47644.19003,18788.42906
2022-01-06,43152.19,9603.173528,23637.43394,24519.36358,52542.96,16560.9,24394.38,73183.14,50977.834,55670.31267,48059.2988,47655.16571,18812.58713
2022-01-07,41635.25,9675.088847,23614.48815,24548.40029,52292.69,16580.33,24347.67,73043.01,50673.9934,55522.16356,48109.1466,47657.51832,18835.72874
2022-01-08,41756.9,9901.133864,23653.34608,24577.46525,52251.6,16630.75,24336.54,73009.62,50350.4556,55375.93622,48155.708,47661.46044,18859.26664
2022-01-09,41775.6,9716.814949,23737.74777,24606.55851,52210.32,16638.89,24332.52,72997.56,49993.7934,55205.91422,48197.1681,47670.56739,18882.30141
2022-01-10,41704.51,9883.086727,23731.37172,24635.68007,52071.94,16648.3,24315.58,72946.74,49646.8774,55045.57189,48232.28,47688.91346,18905.56302
2022-01-11,42691.2,9688.650022,23762.56344,24664.82997,52009.07,16676.93,24306.53,72919.59,49373.6124,54881.25467,48287.2228,47713.98923,18929.52304
2022-01-12,43861.88,9812.89034,23749.47515,24694.00821,51999.47,16683.68,24323.78,72971.34,49099.8758,54729.88422,48348.66,47732.11931,18954.97909
2022-01-13,42660.58,9712.923105,23813.54126,24723.21483,51944.89,16704.25,24316.73,72950.19,48813.3416,54523.202,48398.22065,47742.43423,18979.54566
2022-01-14,43147.78,9770.135506,23809.48651,24752.44985,51888.67,16715.78,24311.33,72933.99,48497.942,54325.821,48442.37415,47760.57516,19004.28734
2022-01-15,43166.9,9733.847509,23911.4132,24781.71328,51897.53,16738.87,24313.44,72940.32,48281.1326,54125.70833,48478.2507,47780.39712,19029.47046
2022-01-16,43157.79,9746.805251,23984.96695,24811.00515,51879.24,16748.98,24315.12,72945.36,48050.9772,53919.37011,48520.44445,47799.26247,19054.43938
2022-01-17,42138.7,9957.164731,23919.13164,24840.32548,51746.89,16759.47,24294.57,72883.71,47750.377,53673.16289,48563.8083,47815.22805,19078.45895
2022-01-18,42508.8,9695.453121,23956.37307,24869.67429,51639.67,16758.41,24279.74,72839.22,47437.1234,53411.24167,48608.6784,47832.07508,19102.45388
2022-01-19,41730.46,9725.646045,23947.63822,24899.05161,51418.13,16751.65,24247.93,72743.79,47122.8912,53181.58878,48644.21515,47850.45923,19125.92306
2022-01-20,40795.75,9769.579094,23991.41169,24928.45745,51326.99,16765.4,24241.45,72724.35,46799.7136,52959.434,48670.5543,47877.01577,19148.84226
2022-01-21,36468.72,10563.95974,24023.12093,24957.89183,50676.34,16775.19,24112.24,72336.72,46393.0146,52686.55467,48683.31655,47885.21363,19168.66888
2022-01-22,35046.19,10655.36197,23983.92369,24987.35479,50346.4,16791.69,24059.98,72179.94,46020.9178,52398.78889,48688.6411,47893.6081,19187.54196
2022-01-23,35506.51,10925.92964,24033.70803,25016.84634,50228.55,16820.76,24048.81,72146.43,45750.1388,52092.76622,48695.8161,47903.0828,19206.76384
2022-01-24,36644.83,10585.76696,24014.04403,25046.3665,49919.82,16823.61,23999.35,71998.05,45499.5394,51829.90611,48715.41325,47914.71508,19227.09967
2022-01-25,36775.35,10735.55041,24057.14598,25075.91529,49822.54,16828.78,23997.8,71993.4,45222.4298,51587.90244,48729.83785,47926.01357,19247.70502
2022-01-26,36753.29,10561.3292,24118.44643,25105.49274,49764.3,16834.4,23993.23,71979.69,44947.442,51324.45056,48745.94635,47943.69176,19268.28042
2022-01-27,36800.1,10566.81212,24136.70837,25135.09886,49521.45,16845.84,23964.68,71894.04,44671.4164,51040.55156,48758.49885,47952.76027,19289.45517
2022-01-28,37672.14,10648.10547,24166.38696,25164.73369,49357.1,16871.36,23933.72,71801.16,44465.9964,50773.92711,48781.3253,47961.68761,19311.48768
2022-01-29,38032.44,10577.11671,24216.75755,25194.39723,49143.52,16903.54,23894.43,71683.29,44276.724,50513.43267,48808.20935,47971.97481,19333.70293
2022-01-30,37995.73,10884.93358,24269.16018,25224.08952,49022.45,16934.33,23874.65,71623.95,44055.3668,50258.16656,48834.3148,47985.48723,19355.98266
2022-01-31,38461.14,10563.24927,24254.57556,25253.81057,48946.79,16970.36,23865.69,71597.07,43821.9436,49985.29611,48868.23695,47998.69945,19378.44504
2022-02-01,38755.32,10178.20512,24179.49291,25283.56041,48400.88,17090.88,23995.47,71986.41,43661.6466,49715.50378,48904.3571,48007.47835,19400.82619
2022-02-02,36964.55,10202.71945,24177.06971,25313.33906,48307.24,17098.63,23982.09,71946.27,43434.4596,49443.49867,48931.0822,48005.97832,19422.39648
2022-02-03,37011.43,10354.64812,24193.71756,25343.14653,48183.65,17104.15,23962.41,71887.23,43196.2858,49177.40389,48957.96545,48005.47453,19443.97618
2022-02-04,40632.5,10177.25194,24309.86984,25372.98286,48299.01,17124.66,23993.46,71980.38,43051.8032,48945.60756,49006.5801,48012.74107,19468.27729
2022-02-05,41655.46,10159.09633,24350.10564,25402.84807,48369.4,17133.73,24013.85,72041.55,42958.475,48708.08544,49066.49465,48019.03929,19493.08965
2022-02-06,41855.2,10244.19095,24244.45126,25432.74217,48361.45,17143.86,24015.88,72047.64,42859.7538,48437.38011,49115.7572,48027.35942,19517.98079
2022-02-07,43942.51,10327.57456,24288.70384,25462.66518,48515.4,17150.28,24059.57,72178.71,42801.5358,48177.51844,49173.79815,48025.14401,19544.57554
2022-02-08,44142.93,10264.62436,24276.09666,25492.61714,48556.85,17145.33,24078.19,72234.57,42747.4678,47949.92089,49228.64915,48018.08058,19571.22606
2022-02-09,44495.67,10255.14875,24256.74124,25522.59806,48593.35,17145.4,24093.7,72281.1,42657.2768,47720.23711,49280.3576,48016.34409,19598.0621
2022-02-10,43721.08,10136.04953,24230.46858,25552.60796,48629.1,17156.49,24118.48,72355.44,42557.903,47496.08167,49324.66405,48005.07236,19623.68114
2022-02-11,42340.1,10160.39273,24252.94434,25582.64686,48608.23,17159.44,24127.43,72382.29,42390.4656,47250.16711,49348.97245,47990.21588,19648.25411
2022-02-12,42163.92,10353.14651,23986.71859,25612.7148,48630.25,17186.4,24135.53,72406.59,42218.9148,46999.25178,49365.1348,47976.14486,19672.62886
2022-02-13,42193.06,10261.5859,24033.59923,25642.81178,48619.44,17218.59,24138.25,72414.75,42049.27,46758.594,49376.94745,47957.49338,19696.82109
2022-02-14,42626,10299.51867,24050.21063,25672.93783,48580.08,17230.04,24134.18,72402.54,41887.3796,46559.24867,49390.03775,47941.81824,19721.52754
2022-02-15,44159.63,10352.2611,23993.56802,25703.09298,48663.22,17236.83,24164.22,72492.66,41755.1994,46382.66222,49403.76075,47928.51852,19747.44647
2022-02-16,44134.13,10246.06714,24053.77387,25733.27724,48671.07,17241.71,24173.5,72520.5,41683.2756,46241.62722,49415.73895,47906.61266,19773.14271
2022-02-17,40721.59,10738.67792,24093.15231,25763.49065,48562.32,17250.81,24159.22,72477.66,41552.4114,46050.38056,49418.01295,47876.06044,19796.31761
2022-02-18,39930.64,10726.64829,24112.99762,25793.7332,48445.65,17257.21,24137.08,72411.24,41406.486,45831.73533,49420.9228,47832.93514,19818.54251
2022-02-19,39982.79,10984.54882,24068.59206,25824.00495,48425.52,17267.26,24134.76,72404.28,41280.5612,45619.874,49428.6176,47789.88912,19840.80683
2022-02-20,38529.38,11078.02546,24124.33521,25854.30589,48320.42,17276.09,24118.16,72354.48,41104.5044,45421.81767,49422.312,47737.74538,19862.03054
2022-02-21,37417.98,10888.25685,24141.63614,25884.63606,48184.06,17284.07,24102.15,72306.45,40906.6896,45198.14289,49404.9456,47691.38525,19882.38919
2022-02-22,38036.13,10743.71108,24161.82281,25914.99548,48090.48,17286.83,24086.3,72258.9,40742.5996,44987.57444,49381.7294,47662.82651,19902.72061
2022-02-23,37368.22,10826.3728,24196.72348,25945.38417,48053.12,17292.63,24098.5,72295.5,40565.9962,44748.13511,49347.50725,47629.55747,19922.90091
2022-02-24,38267.78,10714.12008,24210.23538,25975.80215,47845.54,17302.88,24059.13,72177.39,40461.7746,44573.25078,49318.3676,47602.36635,19943.6536
2022-02-25,39301.41,10700.28057,24258.55987,26006.24944,47812.29,17313.55,24057.03,72171.09,40384.759,44402.538,49283.93585,47583.6739,19965.28374
2022-02-26,39199.4,11012.60653,24281.86109,26036.72607,47782.94,17321.06,24054.04,72162.12,40336.042,44202.879,49252.93525,47562.65332,19986.61475
2022-02-27,37595.57,10759.35853,24345.10443,26067.23206,47731.27,17327.18,24051.83,72155.49,40252.8154,43974.25778,49212.2102,47541.40387,20006.75025
2022-02-28,43151.74,10742.96304,24386.17029,26097.76743,47455.01,17157.83,24098.39,72295.17,40280.3382,43815.47633,49206.5641,47524.34168,20030.98443
2022-03-01,43883.87,10631.46052,24398.37017,26128.3322,47599.4,17149.8,24137.66,72412.98,40323.9254,43670.24567,49187.6213,47513.15786,20055.83572
2022-03-02,44086.55,10487.11481,24358.07956,26158.9264,47614.45,17154.77,24155.67,72467.01,40351.8324,43528.94433,49173.33695,47494.7533,20080.73806
2022-03-03,42521.59,10521.0821,24354.87888,26189.55004,47610.6,17158.78,24175.63,72526.89,40325.0266,43405.28389,49150.6069,47478.75187,20104.14966
2022-03-04,38940.88,10424.64975,24368.86213,26220.20315,47449.28,17166.99,24150.4,72451.2,40250.6326,43293.01078,49115.598,47451.27245,20125.0561
2022-03-05,39353.77,10625.36324,24424.73289,26250.88575,47392.55,17191.57,24144.59,72433.77,40174.7524,43183.88822,49088.84645,47425.24742,20146.16735
2022-03-06,38488.77,10487.37144,24450.39541,26281.59787,47326.45,17232.67,24142.06,72426.18,40081.1898,43048.97644,49056.7403,47390.86808,20166.81829
2022-03-07,38143.17,10622.32224,24453.76503,26312.33953,47200.27,17253.92,24132.93,72398.79,39980.8974,42911.64856,49014.0654,47353.2492,20187.39648
2022-03-08,38520.63,10488.49486,24425.70451,26343.11074,47126.32,17254.48,24135.21,72405.63,39908.536,42777.418,48961.73,47309.26431,20208.32425
2022-03-09,41897,10471.78205,24508.31627,26373.91153,47129.63,17279.63,24153.15,72459.45,39896.3,42710.23867,48925.71665,47268.81181,20231.60161
2022-03-10,39383.52,10473.87045,24488.84315,26404.74192,46930.04,17314.13,24122.41,72367.23,39849.3612,42620.09933,48875.7292,47218.63212,20253.23433
2022-03-11,38889.17,10474.53025,24538.33013,26435.60194,46665.66,17400.83,24145.54,72436.62,39811.2296,42507.05022,48822.40385,47168.05297,20274.99718
2022-03-12,38964.03,10725.78543,24579.73362,26466.49161,46621.99,17419.22,24147.2,72441.6,39861.1358,42382.95833,48777.29965,47107.3981,20296.76048
2022-03-13,37701.5,10532.92897,24619.90061,26497.41095,46554.22,17446.53,24144.15,72432.45,39914.242,42282.19533,48720.9372,47045.44011,20317.46683
2022-03-14,39596.95,10495.33185,24640.95901,26528.35998,46472.95,17486.53,24144.4,72433.2,39996.0508,42185.22922,48682.5415,46999.52055,20339.55717
2022-03-15,39376.39,10716.38066,24688.52626,26559.33872,46379.04,17508.73,24137.14,72411.42,40050.682,42079.18778,48634.5344,46952.9606,20361.61477
2022-03-16,41063.5,10497.70508,24724.74542,26590.3472,46378.54,17518.04,24160.77,72482.31,40136.445,42003.70856,48595.4033,46904.64363,20385.00567
2022-03-17,40833.82,10460.29887,24777.24389,26621.38544,46134.55,17540.93,24150.39,72451.17,40218.0556,41942.73022,48554.44655,46858.46615,20408.42677
2022-03-18,41718.64,10593.1855,24827.6175,26652.45346,46100.14,17587.3,24161.04,72483.12,40316.4264,41886.36778,48525.8341,46812.99709,20432.34892
2022-03-19,42139.33,10483.84415,24874.48653,26683.55128,45977.38,17679.89,24170.82,72512.46,40405.7702,41833.98911,48501.3459,46768.6203,20456.57372
2022-03-20,41242.88,10636.8218,24934.07252,26714.67893,45893.03,17733.35,24172.8,72518.4,40469.979,41771.72856,48465.3247,46723.77508,20479.95004
2022-03-21,41151.79,10467.03871,24952.27695,26745.83643,45770.73,17791.67,24174.1,72522.3,40533.1002,41684.46822,48423.5644,46687.33797,20503.33486
2022-03-22,42571,10589.90882,25028.32667,26777.0238,45849.86,17801.07,24201.71,72605.13,40615.2974,41616.48189,48388.2035,46654.5681,20528.01634
2022-03-23,42578.24,10446.11774,25023.12645,26808.24106,45697.03,17923.01,24208.54,72625.62,40691.7558,41526.10711,48352.2319,46627.19937,20553.06823
2022-03-24,44000.99,10657.03961,25074.809,26839.48824,45754.72,17941.75,24237.26,72711.78,40832.4846,41451.213,48313.0747,46604.77907,20579.0782
2022-03-25,44219.29,10432.78818,25080.58382,26870.76536,45734.09,18007.44,24358.77,73076.31,40976.6418,41379.47956,48271.6598,46576.52827,20605.36529
2022-03-26,44515.17,10485.61859,25161.50926,26902.07244,45699.17,18038.38,24364.57,73093.71,41054.2952,41310.53122,48260.2816,46544.56874,20631.92655
2022-03-27,46734.03,10475.25436,25219.20265,26933.4095,45750.22,18058.37,24385.52,73156.56,41155.8666,41265.70222,48261.563,46520.26272,20660.07006
2022-03-28,47340.86,10457.10984,25187.59263,26964.77657,46038.41,18090.49,24468.91,73406.73,41265.5798,41261.37489,48266.61255,46492.04555,20688.80835
2022-03-29,47312.94,10529.80221,25240.34853,26996.17366,46077.22,18122.57,24516.45,73549.35,41332.9884,41261.90978,48279.6154,46460.36865,20717.29115
2022-03-30,47132.61,10510.04834,25262.91254,27027.60081,46095.16,18163.65,24536.47,73609.41,41392.782,41260.862,48289.25625,46428.14184,20745.7043
2022-03-31,45704.52,10799.90031,25340.38646,27059.05803,46002.96,18191.72,24535.44,73606.32,41416.959,41254.47856,48286.75,46391.92052,20773.00408
2022-04-01,46231.75,10799.52761,25361.14513,27090.54535,46012.23,18209.66,24553.78,73661.34,41467.1724,41242.25111,48292.47685,46356.79681,20800.66579
2022-04-02,46177.65,10953.75901,25367.01021,27122.06278,45836.83,18346.3,24559.28,73677.84,41543.9234,41229.68367,48289.05605,46325.57907,20828.20369
2022-04-03,46365.62,10909.02728,25408.56202,27153.61036,45803.4,18370.74,24566.27,73698.81,41627.9574,41231.07244,48280.07255,46293.02261,20855.83704
2022-04-04,46726.58,11108.5059,25410.66442,27185.1881,45762.65,18390.91,24577.19,73731.57,41718.6278,41236.94122,48274.5665,46259.68019,20883.85798
2022-04-05,45731.21,10909.08823,25474.54973,27216.79603,45736.09,18401.77,24586.42,73759.26,41780.732,41261.96733,48266.90265,46225.47387,20911.09716
2022-04-06,43564.15,11284.20894,25505.27359,27248.43416,45589.17,18406.81,24561.28,73683.84,41768.8224,41266.54467,48244.63685,46190.4961,20936.74065
2022-04-07,43616.51,10913.04232,25536.45378,27280.10253,45397.53,18479.94,24547.83,73643.49,41758.47,41288.55867,48226.2357,46151.84014,20962.41741
2022-04-08,42194.88,10972.1745,25607.04987,27311.80115,45259.88,18529.72,24540.72,73622.16,41787.9358,41293.42511,48223.209,46107.96563,20987.11467
2022-04-09,42631.55,11018.31662,25654.02017,27343.53005,45168.85,18570.07,24537.98,73613.94,41841.954,41302.93567,48232.60955,46062.05712,21012.1436
2022-04-10,42190.08,11032.81492,25693.25385,27375.28924,45105.27,18598.5,24537.14,73611.42,41886.0998,41308.33089,48225.62185,46013.57788,21037.48079
2022-04-11,39758.79,10985.84653,25687.73473,27407.07876,44049.68,19160.28,24502.54,73507.62,41910.688,41275.74856,48200.98215,45958.17091,21061.03278
2022-04-12,39917.96,10917.74148,25655.70905,27438.89863,43891.92,19171.76,24522.31,73566.93,41960.6876,41231.92722,48187.0326,45894.41992,21084.883
2022-04-13,41209.46,10970.20221,25683.53322,27470.74886,43884.82,19175.3,24529.55,73588.65,42024.1542,41215.80367,48179.76865,45834.47242,21109.81568
2022-04-14,39822.62,10840.53377,25733.40762,27502.62948,43608.36,19250.01,24549.33,73647.99,42073.2422,41178.85744,48163.01365,45770.34299,21133.5252
2022-04-15,40348.57,10871.98109,25812.89184,27534.54051,43519.72,19297.75,24550.18,73650.54,42114.858,41147.54267,48149.5084,45711.43266,21157.75869
2022-04-16,40347.97,10817.55651,25896.54624,27566.48198,43459.45,19326.44,24548.28,73644.84,42135.7892,41116.32244,48143.77755,45654.88769,21181.94294
2022-04-17,39755.27,10844.39835,25948.67322,27598.45391,43330.25,19405.57,24547.06,73641.18,42146.9066,41089.83989,48136.39205,45609.37538,21205.72221
2022-04-18,40758.15,11193.48398,25904.50035,27630.45632,43254.69,19430.04,24541.26,73623.78,42210.1582,41070.38822,48121.7172,45566.91879,21230.05697
2022-04-19,41311.33,10770.35605,25964.22699,27662.48924,43245.14,19435.9,24549.93,73649.79,42173.35,41065.73122,48088.48585,45525.44192,21254.75069
2022-04-20,41400.33,10871.9791,25990.53149,27694.55268,43244.34,19446.09,24558.89,73676.67,42123.6792,41072.44878,48055.12465,45489.62602,21279.49917
2022-04-21,40321.04,10789.50731,26009.87974,27726.64667,43187.94,19473.25,24610.43,73831.29,42048.369,41115.25233,48016.72175,45457.84841,21303.51377
2022-04-22,39770.01,10760.68237,26037.74568,27758.77123,43073.9,19463.22,24587.04,73761.12,41993.3374,41167.73922,47969.95435,45427.72827,21327.57791
2022-04-23,39813.58,11078.85961,26047.81819,27790.92639,42990.6,19498.98,24584.44,73753.32,42010.7914,41215.59556,47912.28645,45398.98646,21351.60651
2022-04-24,39446.73,10832.44087,26059.29707,27823.11217,42775.92,19626.99,24580.57,73741.71,42012.6506,41246.72778,47833.80905,45374.10651,21375.38379
2022-04-25,40331.55,10830.73287,26039.00926,27855.32858,42662.66,19648.74,24566.93,73700.79,42049.5062,41286.24111,47766.4674,45337.37261,21399.73567
2022-04-26,38116.35,10761.49723,26067.54454,27887.57566,42527,19643.74,24541.74,73625.22,42048.9698,41301.38622,47686.89945,45291.03187,21422.58168
2022-04-27,39189.26,11520.6088,26079.51423,27919.85343,42462.4,19664.61,24537.38,73612.14,42062.3424,41327.93244,47608.0024,45248.33055,21446.17351
2022-04-28,39796.93,11351.19545,26083.03963,27952.16191,42403.27,19683.8,24538.43,73615.29,42020.341,41351.54122,47532.40025,45211.0172,21470.37339
2022-04-29,38509.65,11568.29827,26069.45303,27984.50111,42200.76,19734.93,24518,73554,42002.8636,41356.84356,47439.5606,45160.01497,21493.42398
2022-04-30,37694.02,11379.31836,26068.66508,28016.87108,42071.01,19786,24511.82,73535.46,41978.9606,41353.49122,47347.3541,45105.27184,21515.81353
2022-05-01,38446.55,11344.44924,26130.7836,28049.27182,41935.63,19820.37,24498.65,73495.95,41968.611,41353.32911,47252.1881,45055.89255,21538.71552
2022-05-02,38508.84,11175.1174,26125.27995,28081.70336,41796.53,19785.81,24465.63,73396.89,41984.7578,41350.59044,47157.3062,45004.05835,21561.4932
2022-05-03,37624.41,11476.97959,26163.08007,28114.16573,41648.39,19771.61,24433.87,73301.61,41945.307,41357.92222,47039.11835,44959.45489,21583.65372
2022-05-04,39660.11,11140.11335,26231.68361,28146.65895,41676.08,19780.47,24451.89,73355.67,41950.9814,41387.352,46932.85855,44911.14063,21607.21786
2022-05-05,36345.88,11042.71605,26198.27357,28179.18303,41446.9,19808.83,24415.4,73246.2,41856.629,41339.72289,46808.70275,44855.96371,21628.5134
2022-05-06,35940.35,11082.33083,26121.39035,28211.73801,41241.92,19845.31,24389.38,73168.14,41758.7596,41276.22167,46679.76335,44796.92929,21649.46939
2022-05-07,35409.43,11200.40682,26186.40653,28244.3239,41149.67,19869.44,24377.47,73132.41,41632.5754,41204.602,46535.32375,44732.52827,21669.93196
2022-05-08,34151.43,11153.21888,26194.22723,28276.94073,40984.78,19896.5,24353.87,73061.61,41472.8174,41095.81222,46375.67235,44666.40132,21689.54131
2022-05-09,31091.25,11139.46431,26163.07066,28309.58853,40312.47,19901.94,24227.83,72683.49,41269.7848,40950.79356,46219.1325,44598.66253,21706.97464
2022-05-10,30928.32,11634.12619,26196.59102,28342.26731,39953.03,19908.5,24161.51,72484.53,41065.3154,40800.04522,46069.8257,44528.73085,21724.51796
2022-05-11,28781.13,11570.35733,26277.38429,28374.97709,39287.17,19876.5,24030.07,72090.21,40789.518,40634.04578,45908.59205,44463.87212,21740.51781
2022-05-12,29031.37,11528.80989,26397.95319,28407.71791,38859.39,19870.83,23948.1,71844.3,40518.5806,40486.171,45749.02335,44408.21747,21756.85047
2022-05-13,29416.34,11541.10238,26477.9108,28440.48978,38620.34,19876.99,23916.58,71749.74,40226.8876,40344.53122,45580.8623,44351.22462,21773.42416
2022-05-14,30027.05,11511.90921,26424.20095,28473.29273,38396.11,19927,23940.6,71821.8,39943.0428,40209.35333,45429.48635,44300.8458,21790.41313
2022-05-15,31131.52,11693.65956,26223.41936,28506.12678,38371.66,19939.96,23941.02,71823.06,39675.3698,40081.63689,45292.36555,44260.5603,21808.10264
2022-05-16,29941.57,11749.89929,26039.63945,28538.99196,38222.82,19944.14,23917.67,71753.01,39339.5206,39923.65844,45139.7536,44224.14695,21824.71695
2022-05-17,30480.34,11607.39713,25948.3901,28571.88828,38127.54,19934.32,23899.17,71697.51,39002.3102,39771.94967,44980.40025,44190.30104,21841.25496
2022-05-18,28915.22,11790.28912,25959.76091,28604.81577,37972,19933.93,23868.92,71606.76,38634.3558,39640.76778,44816.63465,44161.91552,21856.65639
2022-05-19,30190.92,11586.63154,26025.34874,28637.77445,37877.2,19898.4,23839.16,71517.48,38295.522,39532.54867,44660.20455,44132.10242,21872.87555
2022-05-20,29194.55,11598.40047,26029.01296,28670.76435,37687.61,19912.72,23807.61,71422.83,37965.3226,39412.67933,44501.3289,44110.30646,21888.49459
2022-05-21,29438.67,11766.29799,26070.16445,28703.78549,37581.3,19965.02,23801.67,71405.01,37629.461,39311.67144,44333.42485,44087.78415,21904.22371
2022-05-22,30219.26,11668.09114,26093.77268,28736.83789,37488.77,20029.43,23802.48,71407.44,37310.2932,39231.68567,44169.338,44076.42931,21920.51487
2022-05-23,29161.48,11661.75299,26050.41489,28769.92157,37389.92,20021.92,23779.81,71339.43,36966.2104,39133.07844,44007.92035,44050.8664,21935.83566
2022-05-24,29516.25,11692.93322,26114.40922,28803.03657,37287.7,20031.76,23766.3,71298.9,36622.0038,39045.83433,43850.7018,44026.93896,21950.97542
2022-05-25,29589.02,11093.22183,26053.07712,28836.18289,37237.11,20033.39,23761.11,71283.33,36299.16,38949.40367,43691.17605,44001.31882,21966.23071
2022-05-26,29447.74,11189.74226,26071.47667,28869.36057,37080.93,20050.91,23737.52,71212.56,36016.8318,38839.91844,43523.2525,43975.49852,21981.59914
2022-05-27,28743.3,11188.87409,26136.86729,28902.56963,36828.66,20059.64,23694.8,71084.4,35719.3676,38723.73956,43335.8756,43957.86819,21996.27101
2022-05-28,28906.17,11341.3978,26173.2184,28935.81009,36753.11,20095.52,23691.86,71075.58,35453.5934,38627.19067,43143.75615,43942.12813,22011.06015
2022-05-29,29329.34,11288.47202,26180.58729,28969.08198,36675.6,20132.11,23690.37,71071.11,35187.5492,38473.60844,42967.2693,43924.67706,22026.1388
2022-05-30,31629.95,11178.27145,26136.06664,29002.38531,36633.18,20175.53,23698.32,71094.96,34976.3466,38337.45378,42799.583,43909.6892,22042.91179
2022-05-31,31779.26,11241.96883,26115.53199,29035.72012,36676.31,20179.84,23714.43,71143.29,34816.756,38200.70611,42639.00395,43896.57986,22060.12131
2022-06-01,29822.29,10515.40501,26143.70251,29069.08642,36518.67,20168.37,23684.28,71052.84,34614.8426,38059.60278,42465.75335,43875.19901,22076.00411
2022-06-02,30512.06,10409.52145,26143.5683,29102.48424,36401.88,20083.36,23626.33,70878.99,34400.8946,37965.94922,42294.58215,43851.97984,22092.419
2022-06-03,29591.06,10457.97414,26156.10286,29135.9136,36175.51,20159.68,23604.35,70813.05,34196.2634,37857.47467,42123.27615,43831.92374,22108.25813
2022-06-04,29834.91,10744.44395,26185.7236,29169.37452,36073.9,20160.28,23582.82,70748.46,33985.9902,37761.32067,41969.6153,43816.88294,22124.56745
2022-06-05,29893.56,10560.29432,26208.68072,29202.86704,36013.36,20180.53,23576.05,70728.15,33776.902,37669.65833,41818.82105,43800.78159,22140.90702
2022-06-06,31278.43,10527.06181,26156.54604,29236.39116,35955.75,20190.9,23567.74,70703.22,33607.3652,37589.18944,41691.0768,43793.45846,22158.30756
2022-06-07,31242.69,10546.96958,26102.31871,29269.94692,35874.96,20132.3,23530.55,70591.65,33417.056,37470.80822,41557.6213,43787.23272,22175.82846
2022-06-08,30215.2,10943.76064,26129.98584,29303.53434,35796.92,20137,23518.92,70556.76,33195.1334,37368.938,41410.65375,43767.9706,22192.94644
2022-06-09,30028.72,10689.4095,26139.87756,29337.15344,35731.43,20098.53,23488.87,70466.61,32967.7012,37270.48856,41265.5458,43749.50571,22209.7106
2022-06-10,29153.11,10650.08334,26191.04357,29370.80424,35608.88,20093.29,23469.71,70409.13,32744.3426,37161.47833,41129.5391,43727.47602,22226.16934
2022-06-11,28353.8,10682.21171,26162.66844,29404.48678,35519.19,20080.65,23443,70329,32516.0184,37057.615,40983.56455,43707.01401,22241.86239
2022-06-12,27030.12,11013.09374,26193.6032,29438.20106,35393.58,20084.05,23421.47,70264.41,32260.3492,36917.98356,40833.7787,43674.41525,22256.66148
2022-06-13,22360.5,10453.42558,26313.21872,29471.94712,34390.59,20055.72,23206.01,69618.03,31918.6246,36728.91811,40650.9924,43625.14857,22268.16996
2022-06-14,22122.8,10578.92853,26233.85585,29505.72498,33601.77,20013.97,23023.08,69069.24,31554.4496,36518.46589,40491.56955,43575.43541,22279.56596
2022-06-15,22457.34,10543.95799,26171.52265,29539.53466,33147.35,19934.88,22893.69,68681.07,31241.2694,36314.28278,40330.52845,43531.67657,22291.09907
2022-06-16,20325.71,10830.46093,26215.76312,29573.37619,32772.72,19927.9,22810.88,68432.64,30863.9984,36076.58356,40146.31345,43483.29747,22301.12743
2022-06-17,20452.17,10469.13387,26305.00229,29607.24958,32287.22,19896.61,22734.89,68204.67,30477.1032,35835.61511,39957.7169,43441.95646,22311.06406
2022-06-18,19043.9,10580.20918,26283.23172,29641.15487,31788.45,19888.93,22623.53,67870.59,30087.7882,35588.95978,39765.72605,43396.5142,22320.10239
2022-06-19,20464.8,10882.70889,26326.18342,29675.09208,31729.25,19892.62,22614.02,67842.06,29743.2038,35359.10433,39583.2769,43355.11418,22330.07969
2022-06-20,20417.93,10773.19007,26369.42263,29709.06123,31587.77,19915.68,22590.61,67771.83,29382.6314,35112.95911,39401.3482,43324.21374,22340.17677
2022-06-21,20852.52,10693.39984,26359.45337,29743.06234,31487.19,19899.48,22557.46,67672.38,29029.505,34871.56222,39237.35565,43292.36731,22350.45606
2022-06-22,19988.17,10335.54951,26387.45585,29777.09543,31276.85,19899.22,22510.13,67530.39,28676.7802,34604.75311,39092.0692,43255.29201,22360.17551
2022-06-23,21108.92,10459.31292,26423.30254,29811.16054,31220.15,19903.23,22497.65,67492.95,28305.7564,34347.97122,38951.7398,43218.00297,22370.59471
2022-06-24,21358.07,10345.53456,26468.10161,29845.25768,31111.74,19906.86,22476.35,67429.05,28006.0002,34090.67011,38805.376,43189.58382,22381.07559
2022-06-25,21395.7,10474.25197,26534.20617,29879.38688,31066.52,19924.48,22480.75,67442.25,27715.1072,33809.13311,38659.8411,43161.62025,22391.54989
2022-06-26,21128.7,10474.6563,26613.06461,29913.54816,31028.01,19942.03,22477.26,67431.78,27429.4926,33517.88689,38512.4777,43129.69786,22401.86876
2022-06-27,20745.63,10377.22448,26513.44809,29947.74154,30913.67,19937.79,22449.39,67348.17,27161.3766,33222.69456,38376.49015,43092.41365,22411.86334
2022-06-28,20271.02,10677.06645,26491.62169,29981.96706,30799.95,19943.16,22428.24,67284.72,26944.972,32924.23244,38240.36495,43049.22527,22421.28056
2022-06-29,20146.33,10404.35287,26493.23653,30016.22473,30652.49,19950.02,22402.61,67207.83,26729.3322,32640.25256,38095.77865,43009.19036,22430.63403
2022-06-30,19017.22,10452.62085,26511.38402,30050.51457,30323.92,19921.35,22317.29,66951.87,26534.054,32337.86889,37940.20325,42969.4961,22439.26321
2022-07-01,19309.6,10509.01194,26617.53518,30084.83661,30017.56,20033.43,22287.04,66861.12,26339.6186,32039.335,37802.9004,42930.41593,22448.04709
2022-07-02,19278.15,10192.75957,26650.63113,30119.19088,29951.44,20036.34,22273.55,66820.65,26136.8548,31738.36311,37657.67165,42888.25945,22456.69565
2022-07-03,19271.37,10244.19109,26711.72043,30153.57739,29872.31,20037.68,22258.72,66776.16,25921.7412,31433.30522,37509.4279,42843.5986,22465.277
2022-07-04,20156.33,10409.13375,26722.86776,30187.99617,29841.39,20043.54,22254.86,66764.58,25702.2374,31149.13989,37370.9264,42805.79657,22474.49766
2022-07-05,20282.02,10080.26458,26763.81918,30222.44725,29771.47,20055.52,22245.22,66735.66,25509.0464,30890.44956,37240.72715,42768.16124,22483.74713
2022-07-06,20467.89,10040.2227,26790.28541,30256.93065,29587.73,20045.21,22199.83,66599.49,25308.7974,30633.24267,37109.1103,42730.78865,22493.42813
2022-07-07,21628,10019.84318,26731.51761,30291.44639,29541.92,20056.4,22195.75,66587.25,25163.053,30404.72178,36982.98325,42700.30129,22504.25465
2022-07-08,21844.09,10159.65193,26747.8726,30325.99449,29448.09,20081.51,22188.26,66564.78,24996.1164,30173.75,36857.97205,42667.20695,22515.28896
2022-07-09,21615.79,10014.5336,26782.46647,30360.57498,29278.87,20091.79,22156.07,66468.21,24844.5412,29945.14678,36721.0249,42634.47124,22526.31844
2022-07-10,20849.52,10267.18231,26815.26198,30395.18789,29221.83,20103.07,22149.69,66449.07,24672.7582,29735.04378,36581.82365,42597.54794,22536.75178
2022-07-11,19982.7,10004.11375,26841.58502,30429.83324,29013.42,20058.49,22079.13,66237.39,24468.027,29513.54089,36428.1773,42561.49258,22546.5242
2022-07-12,19325.21,10085.87423,26810.3115,30464.51104,28924.97,20061.01,22061.85,66185.55,24271.3016,29270.38256,36271.09605,42524.87055,22555.85304
2022-07-13,19884.14,9962.970194,26933.08112,30499.22133,28862.1,20069.91,22052.78,66158.34,24078.6594,29048.84389,36117.14025,42489.45709,22565.54977
2022-07-14,20500.4,9805.134415,26929.34725,30533.96413,28791.24,20059.46,22032.5,66097.5,23896.887,28828.30867,35966.03965,42458.75294,22575.57195
2022-07-15,20893.09,10122.15307,26897.91832,30568.73946,28571.82,20001.9,21951.22,65853.66,23725.794,28612.14333,35816.6619,42429.52712,22585.83714
2022-07-16,21148.6,10006.12756,26928.99614,30603.54735,28536.67,20013.72,21950.2,65850.6,23573.9,28405.40256,35683.7533,42400.76082,22596.27863
2022-07-17,20892.83,10080.60203,26933.99943,30638.38782,28504.39,20023.32,21947.96,65843.88,23413.6332,28184.67678,35551.89345,42371.24997,22606.57667
2022-07-18,21663.88,10084.81802,26946.84665,30673.26089,28487.15,20027.67,21947.55,65842.65,23260.324,27966.37178,35424.0783,42345.84973,22617.59168
2022-07-19,23441.35,9897.629531,26876.03998,30708.16659,28406.27,19981.12,21918.65,65755.95,23096.552,27766.82756,35309.8899,42328.73104,22629.81846
2022-07-20,23286.19,9882.052839,26906.07842,30743.10495,28447.91,19986.73,21932.74,65798.22,22926.6906,27577.55144,35189.65975,42304.78462,22641.89134
2022-07-21,23143.56,9497.997528,26898.40678,30778.07597,28295.86,19949.35,21890.41,65671.23,22793.116,27392.81311,35068.83395,42279.53527,22653.79893
2022-07-22,22664.61,9443.812884,26997.82156,30813.0797,28296.69,19898.13,21857.6,65572.8,22636.167,27202.269,34950.95385,42250.66681,22665.17431
2022-07-23,22418.36,9559.162416,27036.20971,30848.11616,28239.15,19895.92,21842.15,65526.45,22492.713,27013.06489,34832.0537,42218.4261,22676.41075
2022-07-24,22668.86,9710.551898,27072.30364,30883.18536,28214.21,19901.64,21838.11,65514.33,22349.392,26816.81278,34728.0037,42184.93453,22687.82381
2022-07-25,21640.83,9623.727692,27057.99711,30918.28733,28110.14,19898.9,21812.2,65436.6,22184.3374,26633.75144,34620.4469,42141.42467,22698.56567
2022-07-26,21130.58,9553.612291,27003.00167,30953.4221,27989.34,19904.66,21788.5,65365.5,21981.3804,26433.09944,34517.92355,42092.52118,22709.09215
2022-07-27,22833.66,9637.95267,27030.97345,30988.58968,27993.25,19912.85,21794.19,65382.57,21813.1998,26244.61867,34423.30735,42045.82648,22720.78834
2022-07-28,23888.52,9585.910543,26981.36238,31023.79012,27312.28,20246.29,21806.8,65420.4,21686.6662,26082.16167,34333.87195,42001.54236,22733.07839
2022-07-29,23975.22,9534.250771,27035.0995,31059.02342,27288.03,20257.29,21807.91,65423.73,21565.5962,25929.73056,34245.2255,41953.6308,22745.47612
2022-07-30,23678.72,9545.019682,27101.83898,31094.28961,27202.96,20293.98,21810.24,65430.72,21456.1084,25765.64356,34150.1631,41904.01604,22757.67504
2022-07-31,23297.95,9771.458496,27135.02082,31129.58871,27101.8,20320.84,21803.63,65410.89,21354.9914,25596.63367,34047.34345,41857.39835,22769.59509
2022-08-01,23273.51,9608.773329,27115.86605,31164.92076,27060.41,20333.17,21801.56,65404.68,21279.8592,25437.17922,33950.4081,41813.23582,22781.53539
2022-08-02,23062.38,9621.420895,27115.7802,31200.28577,27023.52,20330.37,21792.72,65378.16,21293.8968,25252.76,33849.9811,41770.97909,22793.34085
2022-08-03,22896.97,9607.003888,27132.92474,31235.68377,27006.32,20332.54,21790.72,65372.16,21309.3802,25103.32767,33748.63145,41724.5683,22805.07931
2022-08-04,22632.43,9882.436386,27170.33946,31271.11479,26905.88,20335.99,21771.77,65315.31,21312.882,24955.46189,33646.00465,41674.40668,22816.57489
2022-08-05,23170.93,9803.632731,27230.60717,31306.57883,26895.28,20338.67,21770.97,65312.91,21369.7864,24819.47856,33551.1658,41620.81206,22828.41392
2022-08-06,23006.41,9810.140732,27213.21488,31342.07594,26845.8,20357.23,21771.79,65315.37,21420.8712,24695.645,33453.65385,41562.55316,22840.17059
2022-08-07,23166.66,10141.58695,27247.46836,31377.60614,26810.71,20367.19,21770.77,65312.31,21503.3264,24607.594,33360.83485,41505.05577,22852.04895
2022-08-08,23780.3,9773.679307,27269.66769,31413.16944,26792.15,20382.12,21774.73,65324.19,21569.6364,24528.17156,33275.7576,41443.49681,22864.30786
2022-08-09,23157.32,9761.224827,27253.46347,31448.76588,26740.62,20355.59,21746.78,65240.34,21624.4242,24465.68478,33209.2006,41382.39187,22876.12814
2022-08-10,23932.41,9807.294007,27128.01523,31484.39547,26744.7,20366.81,21759.76,65279.28,21686.022,24409.02967,33153.6317,41322.47931,22888.54531
2022-08-11,24062.37,9804.311383,27142.26065,31520.05825,26748.93,20366.4,21760.38,65281.14,21767.506,24349.54111,33096.411,41266.93374,22901.29714
2022-08-12,24285.18,9766.833479,27177.00994,31555.75423,26735.24,20375.27,21762.18,65286.54,21831.0312,24285.74256,33034.61275,41202.68305,22914.19416
2022-08-13,24453.23,9811.582339,27232.10085,31591.48344,26706.36,20390.04,21764,65292,21892.9344,24211.53933,32973.00215,41140.89681,22927.21042
2022-08-14,24270.23,9922.227824,27178.15689,31627.2459,26680.64,20395.65,21761.75,65285.25,21950.425,24148.52444,32910.58685,41078.26668,22940.09235
2022-08-15,23996.95,9895.97884,27137.58754,31663.04165,26531.51,20441.31,21754.76,65264.28,22007.79,24076.48678,32846.5711,41017.97626,22952.61694
2022-08-16,23884.27,9883.413061,27067.00697,31698.87069,26508.63,20446.2,21753.13,65259.39,22070.5628,24020.58733,32777.63175,40960.77898,22965.05594
2022-08-17,23375.42,9758.498799,27119.99838,31734.73306,26477.77,20438.66,21741.91,65225.73,22132.6508,23944.85956,32704.34665,40901.61805,22977.13216
2022-08-18,23260.17,9977.952955,27044.91642,31770.62879,26397.02,20464.28,21739.9,65219.7,22194.9276,23878.922,32630.66885,40837.28294,22989.16914
2022-08-19,20922.05,9881.852293,27086.79165,31806.55789,26198.01,20466.97,21699.76,65099.28,22233.0242,23784.29289,32542.9734,40760.17948,22999.52013
2022-08-20,21123.63,10041.50041,27095.8178,31842.52039,26131.93,20478.71,21693.09,65079.27,22269.3048,23683.23033,32454.81495,40683.32223,23010.00188
2022-08-21,21592.14,9986.508832,27111.13627,31878.51631,26089.26,20489.5,21690.71,65072.13,22315.5846,23599.12656,32377.9529,40606.97918,23020.77586
2022-08-22,21165.04,9889.581824,27114.641,31914.54568,25732.27,20587.62,21675.08,65025.24,22353.458,23506.33533,32298.72095,40528.98687,23031.29443
2022-08-23,21528.99,10013.98908,27055.86623,31950.60853,25677.41,20593.49,21667.95,65003.85,22380.9112,23416.77944,32203.2034,40456.30588,23042.08161
2022-08-24,21458.8,9898.604522,27057.6129,31986.70487,25617.2,20601.33,21660.75,64982.25,22404.4468,23328.01344,32102.2201,40380.7147,23052.8022
2022-08-25,21613.24,9958.4129,27049.19443,32022.83474,25478.91,20630.89,21651.32,64953.96,22427.3538,23248.79056,32001.0103,40310.21236,23063.64132
2022-08-26,20220.67,9959.075593,27086.58593,32058.99815,25379.51,20643.15,21639.44,64918.32,22399.2072,23152.285,31882.4011,40231.20923,23073.48229
2022-08-27,19987.15,9976.960869,27092.97484,32095.19513,25253.52,20654.83,21621.19,64863.57,22362.0684,23048.48289,31761.6222,40151.80657,23083.15724
2022-08-28,19725.14,9930.716859,27104.75092,32131.4257,25131.57,20689.61,21620.79,64862.37,22324.2554,22916.20722,31637.76955,40071.31198,23092.65542
2022-08-29,20189.24,10019.73039,27052.3413,32167.6899,25040.04,20709.67,21617.3,64851.9,22311.0498,22787.42922,31520.11035,39996.44415,23102.58756
2022-08-30,19798.28,9886.534376,27029.14116,32203.98773,24919.99,20705.93,21591.51,64774.53,22307.3614,22676.05133,31407.40125,39921.61258,23112.23259
2022-08-31,20024.3,10924.58721,27039.64679,32240.31924,24845.24,20715.14,21582.38,64747.14,22321.3432,22559.52067,31296.70315,39843.52791,23122.02664
2022-09-01,20056.83,10700.24643,27080.9531,32276.68444,24726.44,20727.12,21566.04,64698.12,22324.797,22453.58478,31186.022,39762.62951,23131.80801
2022-09-02,19952.13,10641.60462,27158.21613,32313.08336,24561.45,20755.23,21551.09,64653.27,22313.8316,22343.77611,31072.65265,39681.06069,23141.51002
2022-09-03,19743.53,10713.5479,27127.9405,32349.51601,24481.02,20773.5,21546.95,64640.85,22290.8404,22230.998,30950.57215,39598.56335,23151.09466
2022-09-04,19900.6,10967.82718,27123.74082,32385.98244,24425.12,20790.45,21548.62,64645.86,22265.8804,22104.57767,30829.4045,39510.83854,23160.71172
2022-09-05,19741.02,10725.23805,27056.07075,32422.48265,24365.4,20798.61,21541.98,64625.94,22242.8442,21976.78133,30724.50165,39420.83511,23170.23741
2022-09-06,18847.93,10698.50875,27049.25004,32459.01668,24248.15,20795.61,21516.42,64549.26,22186.5252,21850.47833,30619.0881,39344.06896,23179.0908
2022-09-07,19279.93,10709.38015,27014.41914,32495.58455,24163.5,20798.5,21501.63,64504.89,22103.2968,21731.04733,30515.5738,39269.34967,23188.2005
2022-09-08,19277.72,10759.92425,27045.50782,32532.18629,24105.25,20798.7,21489.86,64469.58,22023.1274,21621.32078,30419.3155,39195.02761,23197.36726
2022-09-09,21362.44,10679.21542,27075.5693,32568.82191,24132.84,20804.94,21500.09,64500.27,21987.505,21543.639,30339.0378,39130.87945,23208.10064
2022-09-10,21647.85,10746.8718,27103.79605,32605.49145,24087.12,20820.66,21501.28,64503.84,21967.1698,21483.836,30257.0964,39066.16354,23219.00326
2022-09-11,21632.87,10845.41123,27086.31781,32642.19492,24026.24,20834.24,21497.85,64493.55,21951.46,21475.75122,30178.41965,38998.65558,23229.93149
2022-09-12,22368.99,10807.33118,27005.43605,32678.93236,24041.27,20834.44,21501.31,64503.93,21945.4626,21478.48667,30098.9257,38936.24516,23241.3649
2022-09-13,20176.02,11057.21202,27022.24209,32715.70378,23864.4,20808.87,21447.16,64341.48,21916.1664,21453.13867,30003.29875,38862.93255,23251.22737
2022-09-14,20205.44,11020.47398,26993.46038,32752.50922,23780.65,20796.79,21421.53,64264.59,21897.6636,21451.80233,29908.32895,38786.12794,23261.68484
2022-09-15,19721.21,11200.3553,27022.32762,32789.34869,23688.3,20787.11,21395.44,64186.32,21835.4146,21443.68056,29818.95715,38708.91206,23271.80313
2022-09-16,19717.45,10995.98253,27158.57531,32826.22223,23607.13,20798.42,21386.28,64158.84,21751.9932,21451.16444,29701.7857,38633.23478,23281.94861
2022-09-17,20155.45,11147.62625,27127.25023,32863.12985,23538.65,20813.5,21382.53,64147.59,21675.5978,21447.72722,29583.1436,38556.69121,23292.38057
2022-09-18,19461.56,11334.09021,27141.91392,32900.07158,23315.26,20871.72,21376.69,64130.07,21591.2546,21437.10089,29460.01865,38480.22093,23302.28729
2022-09-19,19506.44,11079.31933,27153.72226,32937.04745,23153.1,20887.88,21355.2,64065.6,21515.4244,21422.14444,29344.9429,38416.22703,23312.72925
2022-09-20,18845.31,11159.07366,27065.98478,32974.05747,22925.64,20930.13,21338.58,64015.74,21426.8604,21409.446,29244.46505,38356.04536,23322.60049
2022-09-21,18465.91,11082.01302,27044.64086,33011.10168,22856.56,20929.97,21324.71,63974.13,21334.931,21380.07922,29140.02575,38287.02967,23332.53944
2022-09-22,19324.83,11165.75965,27089.46404,33048.1801,22797.56,20936.82,21317.71,63953.13,21263.4882,21357.48767,29044.20605,38217.35412,23343.15914
2022-09-23,19279.79,11051.72593,27073.99013,33085.29276,22734.16,20943.44,21309.78,63929.34,21196.4354,21333.97756,28949.88915,38152.99126,23353.84798
2022-09-24,18853.31,11273.90483,27107.13723,33122.43967,22692.5,20951.36,21307.08,63921.24,21110.083,21308.69544,28851.55255,38087.58209,23364.56126
2022-09-25,18818.88,11130.78083,27151.8333,33159.62087,22635.83,20960.14,21302,63906,21026.3324,21287.28711,28736.16195,38020.67346,23375.1528
2022-09-26,19143.23,11234.91431,27069.66756,33196.83638,22579.42,20969.15,21297.31,63891.93,20945.8638,21274.75611,28634.9605,37954.99657,23386.16719
2022-09-27,19061.15,11114.09469,27013.26733,33234.08622,22514.96,20974.39,21288.6,63865.8,20851.4808,21262.69856,28535.8204,37893.36747,23397.04909
2022-09-28,19497.42,10855.0713,27026.01115,33271.37041,22448.11,20967.8,21270.05,63810.15,20778.2828,21268.03411,28438.48735,37833.65607,23407.95797
2022-09-29,19498.16,10837.18666,27068.89234,33308.68899,22380.77,20974.16,21261.05,63783.15,20689.5978,21270.12922,28347.47065,37767.1864,23418.8575
2022-09-30,19416.95,10911.44814,27085.30877,33346.04198,22317.5,20973.02,21247.39,63742.17,20596.6894,21271.67144,28246.57065,37688.77802,23429.88314
2022-10-01,19282.25,10681.49323,27095.73858,33383.42941,22250.91,20986.08,21243.57,63730.71,20496.6308,21271.79233,28146.09995,37609.68374,23440.66591
2022-10-02,19030.95,10835.56581,27059.35872,33420.85128,22195.16,20996.1,21239.74,63719.22,20388.1852,21259.28811,28035.9372,37530.09398,23451.31245
2022-10-03,19559.59,10670.47941,26970.85224,33458.30765,22158.89,20998.67,21234.29,63702.87,20293.9724,21251.26111,27929.56605,37448.87448,23462.51935
2022-10-04,20295.37,10755.72878,26948.50371,33495.79852,22149.12,20997.56,21231.46,63694.38,20219.9408,21249.34422,27822.4497,37363.56736,23474.21216
2022-10-05,20153.31,10768.77363,26980.36085,33533.32392,22125.3,20996.16,21225.79,63677.37,20145.3216,21232.95878,27712.5196,37267.44401,23485.93262
2022-10-06,19949.73,10688.30339,27001.25559,33570.88388,22059.37,21007.65,21220.69,63662.07,20076.8078,21211.91033,27606.05385,37174.44909,23497.59703
2022-10-07,19505.49,10691.81112,27018.21246,33608.47842,21989.43,21019.99,21215.68,63647.04,20001.7142,21188.46256,27497.82235,37079.6017,23509.10544
2022-10-08,19413.2,10854.85101,27095.32084,33646.10756,21913.67,21022.96,21201.9,63605.7,19971.5372,21172.50344,27382.03335,36981.92184,23520.56706
2022-10-09,19429.17,10869.1332,27127.3237,33683.77134,21854.63,21036.9,21199.91,63599.73,19937.648,21166.35311,27266.288,36884.42681,23531.88631
2022-10-10,19100.95,12167.35407,27074.93245,33721.46978,21709.2,21063.36,21190.41,63571.23,19887.8242,21163.86133,27141.7878,36780.09541,23543.05694
2022-10-11,19047.42,12461.23014,27057.87757,33759.2029,21630.63,21072.6,21181.94,63545.82,19845.4718,21154.56444,27015.92845,36678.20558,23554.26349
2022-10-12,19116.5,12127.58301,27104.61062,33796.97073,21554.62,21060.3,21157.71,63473.13,19797.222,21139.18778,26888.9351,36572.81203,23565.44506
2022-10-13,19329.68,12145.88554,27135.72508,33834.77329,21495.8,21065.8,21150.31,63450.93,19754.6396,21121.81656,26751.91335,36467.98912,23576.89604
2022-10-14,19121.47,12230.52627,27160.02282,33872.6106,21452.13,21071.23,21145.89,63437.67,19704.8042,21099.29289,26610.8164,36352.21849,23588.25564
2022-10-15,19057.2,12142.31034,27182.86069,33910.4827,21416.61,21075.89,21142.52,63427.56,19681.5348,21078.897,26469.5377,36237.23258,23599.56256
2022-10-16,19265.82,12319.03407,27233.20358,33948.3896,21369.66,21083.13,21138.97,63416.91,19667.1082,21052.25189,26330.20375,36122.09187,23611.01311
2022-10-17,19510.27,12092.84708,27215.90949,33986.33134,21328.07,21069.21,21119.89,63359.67,19662.8108,21008.57322,26199.2325,36006.10846,23622.42238
2022-10-18,19294.57,12119.15342,27249.98687,34024.30794,21272.24,21097.78,21132.29,63396.87,19644.9174,20964.22189,26064.5466,35882.47445,23633.64693
2022-10-19,19087.24,12127.3675,27194.63617,34062.31941,21226.86,21095.21,21121.26,63363.78,19630.6966,20919.15167,25929.09455,35753.36876,23644.60477
2022-10-20,19044.07,12257.3769,27189.63595,34100.3658,21180.07,21098.19,21114.35,63343.05,19611.092,20878.92344,25792.4868,35634.26121,23655.29931
2022-10-21,19149.06,12114.60894,27232.6933,34138.44711,21148.55,21098.7,21108.53,63325.59,19592.9366,20842.59789,25654.5992,35519.8639,23666.21301
2022-10-22,19197.78,12217.97743,27278.66098,34176.56339,21116.37,21089.77,21095.03,63285.09,19577.8496,20804.03033,25521.93205,35404.9461,23677.07921
2022-10-23,19515.46,12582.16582,27319.19997,34214.71465,21089.79,21093.95,21093.13,63279.39,19573.2882,20780.41511,25401.6886,35291.12838,23688.18644
2022-10-24,19310.35,12507.02921,27291.24243,34252.90091,21052.4,21098.56,21089.48,63268.44,19561.4832,20760.19033,25280.1578,35170.96849,23699.06787
2022-10-25,20100.08,12612.93056,27373.09047,34291.12221,21057.63,21103.28,21094.29,63282.87,19568.6644,20729.81722,25169.6838,35060.52299,23710.71497
2022-10-26,20831.04,12381.89544,27247.48973,34329.37857,21130.4,21096.94,21103.54,63310.62,19608.3266,20695.84522,25060.68125,34956.88387,23722.85606
2022-10-27,20224.46,12519.26532,27268.14754,34367.67001,21106.77,21105.19,21105.5,63316.5,19627.2172,20654.17011,24950.85315,34846.3358,23734.71801
2022-10-28,20648.17,12448.34045,27290.56529,34405.99656,21054.61,21113.12,21101.63,63304.89,19654.6262,20620.49733,24855.30005,34731.76755,23746.67774
2022-10-29,20748.7,12478.14397,27376.62215,34444.35824,21040.68,21117.37,21102.33,63306.99,19642.3514,20592.17233,24759.45375,34619.35096,23758.68968
2022-10-30,20636.04,12679.42292,27396.48284,34482.75509,21014.74,21117.72,21097.55,63292.65,19622.1152,20562.86711,24656.58665,34507.15069,23770.68301
2022-10-31,20428.55,12504.69218,27338.99488,34521.18712,20955.49,21124.86,21091.82,63275.46,19598.0288,20533.60233,24559.6163,34395.77396,23782.62785
2022-11-01,20433.75,12572.14998,27301.00817,34559.65435,20922.83,21125.38,21085.94,63257.82,19559.324,20506.23322,24460.0422,34278.78019,23794.48523
2022-11-02,20171.66,12711.74833,27359.34443,34598.15683,20885.24,21128.54,21081.12,63243.36,19559.2368,20478.89133,24359.16065,34161.01929,23806.09932
2022-11-03,20187.17,12549.35991,27348.5727,34636.69456,20817.68,21140.32,21077.69,63233.07,19558.8714,20445.73844,24261.32015,34047.67357,23817.8033
2022-11-04,21134.86,12476.81158,27427.65654,34675.26758,20844.22,21166.19,21103.08,63309.24,19587.1444,20424.94344,24163.2037,33938.26396,23830.15374
2022-11-05,21337.9,12567.68884,27400.92259,34713.87591,20842.71,21169.11,21105.07,63315.21,19619.5534,20404.62389,24063.33655,33827.94453,23842.65339
2022-11-06,21085.3,12762.45616,27398.67814,34752.51958,20792.01,21170.53,21096.39,63289.17,19638.1504,20374.67944,23961.7614,33712.70511,23854.81711
2022-11-07,20604.78,12534.24053,27410.53918,34791.1986,20729.9,21117.51,21041.27,63123.81,19661.0148,20346.31789,23863.1801,33587.3922,23866.66179
2022-11-08,18544.19,12563.94922,27340.74408,34829.91302,20603.42,21106.85,21007.57,63022.71,19641.7698,20286.44878,23757.051,33453.36508,23877.03938
2022-11-09,15728.99,12422.50889,27379.44086,34868.66285,20272.11,21062.89,20905.53,62716.59,19579.4434,20193.85567,23636.62805,33319.03069,23885.40172
2022-11-10,17725.64,12595.40649,27452.87173,34907.44811,20114.45,21046.54,20862.17,62586.51,19564.638,20120.97189,23528.0226,33188.6967,23895.46514
2022-11-11,16831.38,12430.0185,27575.22703,34946.26884,19930.21,21047.66,20826.24,62478.72,19514.769,20036.28467,23410.52175,33059.40085,23904.89066
2022-11-12,16780.2,12861.63176,27651.22194,34985.12506,19827.83,21010.22,20775.37,62326.11,19464.7772,19953.06211,23303.841,32928.3783,23914.28149
2022-11-13,16380.51,12501.70179,27741.58327,35024.01679,19772.11,21005.66,20762.3,62286.9,19415.3212,19868.435,23189.79725,32795.50525,23923.47273
2022-11-14,16426.06,12488.03992,27845.67575,35062.94406,19648.34,20987.8,20726.05,62178.15,19367.4648,19785.566,23072.9429,32665.21349,23932.58059
2022-11-15,16806.46,12373.97724,27988.64681,35101.90689,19590.6,20955.69,20688.75,62066.25,19320.7294,19712.57756,22964.42695,32544.99201,23942.02116
2022-11-16,16600.46,12289.84074,28116.79573,35140.90532,19466.3,20929.8,20641.88,61925.64,19271.5156,19638.58078,22858.95915,32425.61852,23951.30441
2022-11-17,16648.24,12353.20373,28259.5761,35179.93936,19308.41,20864.35,20555.67,61667.01,19214.532,19591.094,22749.9676,32315.23654,23960.59783
2022-11-18,16606.78,12144.24033,28350.53543,35219.00904,19170,20630.33,20331.23,60993.69,19156.7044,19540.90678,22640.4573,32201.7008,23969.86839
2022-11-19,16733,12474.92033,28131.30854,35258.11439,19149.47,20621.02,20319.92,60959.76,19103.0254,19486.91633,22536.00025,32083.91038,23979.1744
2022-11-20,16221.89,12642.95545,27926.72502,35297.25544,19116.86,20611.67,20305.94,60917.82,19041.8182,19431.99244,22418.80915,31966.24989,23988.22618
2022-11-21,15731.36,12429.79189,27878.27994,35336.4322,19030.5,20589.55,20269.98,60809.94,18975.8264,19367.57433,22315.73655,31854.64799,23996.93248
2022-11-22,16107.36,13186.41588,27854.14109,35375.6447,18954.8,20573.51,20240.98,60722.94,18906.7818,19308.11389,22216.5716,31740.79813,24005.87457
2022-11-23,16561.76,12414.43305,27842.98947,35414.89297,18890.24,20607.86,20250.18,60750.54,18832.1096,19251.98633,22122.33325,31629.73898,24015.16188
2022-11-24,16585.48,12391.08068,27797.49367,35454.17704,18855.37,20601.74,20238.19,60714.57,18760.753,19211.59533,22034.5035,31513.44151,24024.44971
2022-11-25,16513.93,12485.701,27774.12627,35493.49692,18815.46,20594.72,20224.98,60674.94,18692.037,19173.004,21961.6169,31410.43755,24033.68874
2022-11-26,16418.65,12390.59206,27752.1974,35532.85266,18802.34,20581.64,20212.53,60637.59,18630.3002,19136.26522,21889.06855,31305.36363,24042.87154
2022-11-27,16443.43,12742.83013,27699.84771,35572.24426,18788.47,20576.71,20207.86,60623.58,18570.9048,19094.64511,21827.38005,31193.48099,24052.07954
2022-11-28,16214.82,12580.87473,27645.16287,35611.67176,18727.48,20557.49,20180.33,60540.99,18506.6178,19054.82889,21763.2973,31078.21544,24061.20744
2022-11-29,16419.55,12466.86368,27610.9746,35651.13518,18698.27,20553.35,20171.14,60513.42,18452.9898,19014.77611,21698.31335,30965.51621,24070.49784
2022-11-30,17144.04,12880.33321,27628.55266,35690.63455,18693.94,20539.37,20159.82,60479.46,18414.9222,18982.41178,21633.8983,30856.14646,24080.2748
2022-12-01,16973.36,12286.80243,27599.4769,35730.1699,18679.13,20531.15,20152.03,60456.09,18372.0594,18949.31433,21563.1075,30746.72253,24089.94807
2022-12-02,16996.64,12409.01819,27647.76606,35769.74124,18667.29,20517.81,20138.29,60414.87,18325.3986,18918.79333,21498.38285,30646.02365,24099.61451
2022-12-03,16929.48,12316.29352,27652.15695,35809.34861,18657.51,20513.05,20133.4,60400.2,18281.5588,18885.78089,21430.62855,30557.79294,24109.23397
2022-12-04,17133.4,12512.3375,27608.19897,35848.99203,18644.28,20501.84,20122.51,60367.53,18243.0828,18856.80733,21371.71945,30469.76712,24119.02507
2022-12-05,16973.42,12374.22152,27551.37712,35888.67153,18611.71,20444.91,20067.72,60203.16,18197.2348,18835.97944,21305.63195,30377.3017,24128.69919
2022-12-06,16997.81,11600.58512,27516.5071,35928.38713,18601.43,20425.52,20049.36,60148.08,18146.9856,18810.62256,21244.64825,30285.25536,24138.37885
2022-12-07,16805.96,11539.3551,27490.0855,35968.13886,18583.32,20424.73,20044.83,60134.49,18097.2134,18783.15856,21181.4847,30192.4108,24147.96437
2022-12-08,17185.24,11640.4268,27502.30689,36007.92674,18573.58,20414.95,20034.74,60104.22,18059.1734,18736.74522,21116.3146,30107.91107,24157.82424
2022-12-09,17154.75,11720.73453,27535.41573,36047.7508,18562.17,20398.07,20017.93,60053.79,18021.387,18686.82189,21056.28095,30024.55582,24167.48869
2022-12-10,17160.04,11588.45777,27450.94492,36087.61107,18557.62,20398.1,20017.54,60052.62,17981.6066,18637.12378,20994.4999,29936.90871,24177.14952
2022-12-11,17109.46,11632.33208,27495.17737,36127.50757,18548.84,20391.46,20011.06,60033.18,17939.8402,18578.68456,20932.1021,29846.18662,24186.76106
2022-12-12,17171.94,11815.5283,27480.27867,36167.44032,18535.85,20387.07,20005.48,60016.44,17892.9698,18545.30589,20870.7231,29764.8728,24196.44378
2022-12-13,17779.72,11587.50032,27503.46667,36207.40936,18545.36,20372.02,19994.63,59983.89,17862.3572,18518.35344,20815.9052,29680.96022,24206.57073
2022-12-14,17785.68,11703.65913,27524.05465,36247.4147,18563.02,20349.92,19979.35,59938.05,17816.0692,18496.84756,20760.30275,29595.42604,24216.70551
2022-12-15,17362.35,11467.45522,27589.20306,36287.45638,18545.12,20346.65,19973.21,59919.63,17746.6954,18470.67978,20700.4678,29511.65055,24226.54656
2022-12-16,16626.44,11501.54619,27736.00785,36327.53442,18459.78,20351.18,19963.53,59890.59,17674.735,18431.46856,20625.45025,29430.0697,24235.85594
2022-12-17,16779.39,11586.90592,27715.6603,36367.64885,18421.89,20349.75,19955.05,59865.15,17597.3594,18401.66667,20550.4509,29347.61951,24245.26569
2022-12-18,16781.15,11587.97291,27711.12181,36407.79969,18316.43,20361.95,19951.3,59853.9,17518.0084,18371.38567,20485.2452,29265.00341,24254.66382
2022-12-19,16407.59,12042.05078,27602.85012,36447.98697,18194.93,20357.83,19923.3,59769.9,17433.4394,18344.29989,20414.72285,29181.38049,24263.61427
2022-12-20,16856.73,11874.83194,27563.55541,36488.21071,18183.11,20353.65,19917.46,59752.38,17362.003,18326.42011,20351.0512,29093.06047,24272.86018
2022-12-21,16784.8,11982.94438,27538.54946,36528.47094,18156.98,20342.59,19902.81,59708.43,17289.024,18298.19756,20285.80065,29005.40945,24282.01839
2022-12-22,16776.67,12054.49201,27563.09871,36568.76768,18135.76,20338.17,19895.18,59685.54,17221.1242,18270.38511,20220.2162,28912.1806,24291.2019
2022-12-23,16784,11869.82937,27663.49713,36609.10097,18104.8,20335.76,19886.65,59659.95,17153.0608,18247.39278,20147.74405,28818.89088,24300.35312
2022-12-24,16793.39,11747.28721,27758.51837,36649.47083,18092.81,20332.94,19882.36,59647.08,17066.2314,18224.88733,20075.49755,28725.80871,24309.39969
2022-12-25,16793.47,11934.16457,27733.91573,36689.87728,18073.54,20323.95,19871.38,59614.14,16975.3428,18198.77889,20008.3889,28632.60253,24318.69912
2022-12-26,16802.14,12137.57467,27723.23195,36730.32035,18052.5,20324.56,19868.47,59605.41,16889.6796,18173.67878,19942.256,28539.28797,24327.95518
2022-12-27,16694.93,11832.52764,27705.07044,36770.80006,18034.8,20316.82,19858.37,59575.11,16811.4826,18142.54,19879.9651,28454.02591,24337.15443
2022-12-28,16523.61,12027.2292,27707.67065,36811.31645,17992.99,20297.42,19830.53,59491.59,16771.071,18109.48944,19820.81415,28369.57209,24346.22111
2022-12-29,16595.29,11843.20379,27704.03103,36851.86953,17968.56,20281.36,19810.68,59432.04,16788.397,18078.13767,19768.64,28285.41929,24355.35444
2022-12-30,16591.55,11933.14641,27619.88793,36892.45934,17936.13,20279.99,19802.69,59408.07,16765.7152,18048.241,19739.79525,28203.86027,24364.46393
2022-12-31,16537.08,12277.19525,27656.27962,36933.08589,17912.6,20237.39,19761.09,59283.27,16759.8292,18020.53133,19711.86665,28119.25824,24373.55156
2023-01-01,16595.17,11827.05383,27663.59155,36973.74923,17889.78,20237.6,19757.64,59272.92,16756.1286,17987.59333,19682.5558,28034.88036,24382.69038
2023-01-02,16689.83,11807.03022,27616.5749,37014.44936,17878.66,20238.05,19755.76,59267.28,16762.315,17947.53178,19664.3764,27953.69684,24391.95585
2023-01-03,16603.58,11409.57646,27515.22206,37055.18633,17861.18,20231.87,19746.46,59239.38,16765.8654,17908.09033,19645.13345,27872.39242,24401.06669
2023-01-04,16794,11378.10308,27506.82091,37095.96014,17849.57,20222.21,19734.77,59204.31,16765.6162,17873.02667,19633.88395,27799.08236,24410.30406
2023-01-05,16790.17,11321.21435,27531.93652,37136.77084,17825.95,20223.26,19727.54,59182.62,16769.4104,17842.85644,19615.5108,27726.65923,24419.52909
2023-01-06,16970.93,11415.71613,27563.52106,37177.61844,17789.89,20217.18,19715.95,59147.85,16775.8642,17815.72011,19598.2758,27658.90011,24428.90169
2023-01-07,16969.72,11534.41071,27626.66981,37218.50298,17765.3,20216.89,19711.53,59134.59,16783.123,17788.39289,19578.8618,27590.80346,24438.21659
2023-01-08,16969.24,11479.52526,27673.89354,37259.42447,17747.11,20217.83,19709.29,59127.87,16787.8478,17764.70722,19563.76715,27522.65412,24447.53282
2023-01-09,17177.58,11355.97388,27685.2639,37300.38296,17745.09,20216.33,19707.96,59123.88,16806.9616,17743.93122,19544.11045,27455.27245,24457.03676
2023-01-10,17363.16,11433.04127,27442.59013,37341.37845,17742.28,20204.95,19696.89,59090.67,16839.5976,17724.44967,19524.1359,27385.68992,24466.66632
2023-01-11,17580.22,11409.71916,27478.81886,37382.41097,17740.79,20186.21,19680.02,59040.06,16869.0548,17705.01122,19505.0585,27313.48755,24476.46317
2023-01-12,18841.05,11288.32526,27437.59808,37423.48057,17796.18,20182.95,19688.2,59064.6,16914.6406,17701.89544,19493.62025,27248.04929,24487.1617
2023-01-13,19813.51,11438.97837,27379.44079,37464.58725,17872.3,20176.22,19698.3,59094.9,16979.2012,17710.29889,19488.95965,27183.94415,24498.51712
2023-01-14,20973.14,11337.08486,27422.43822,37505.73105,17962.01,20170.65,19712.19,59136.57,17068.3854,17729.26911,19492.47025,27122.97228,24510.63304
2023-01-15,20878.5,12565.52068,27500.5314,37546.91199,17997.31,20165.37,19715.47,59146.41,17157.5824,17744.47167,19496.1311,27061.76544,24522.69896
2023-01-16,21136.56,12608.71548,27465.33192,37588.13009,18038.48,20164.9,19724.6,59173.8,17251.445,17764.93822,19506.7278,27004.06725,24534.94994
2023-01-17,21210.67,12578.12052,27400.67734,37629.3854,18136.18,20156.48,19737.83,59213.49,17351.362,17788.53189,19516.23315,26945.55591,24547.2335
2023-01-18,20685.97,12435.24332,27411.33718,37670.67792,18184.3,20145.25,19737.89,59213.67,17436.6904,17806.77522,19523.27225,26887.74137,24559.12863
2023-01-19,21070.15,12441.21264,27444.63716,37712.00769,18222.07,20128,19731.48,59194.44,17515.2126,17828.12067,19532.26615,26833.55016,24571.33356
2023-01-20,22628.46,12464.39545,27547.36652,37753.37474,18294.76,20119.68,19740.12,59220.36,17628.3146,17866.23933,19544.6268,26795.52747,24584.64914
2023-01-21,23018.5,12518.70892,27624.68936,37794.77908,18385.87,20113.27,19753.98,59261.94,17748.7518,17905.162,19558.3092,26762.48437,24598.23985
2023-01-22,22653.32,12564.6556,27622.37418,37836.22076,18425,20112,19761.28,59283.84,17863.2286,17942.30611,19569.23635,26727.17341,24611.57561
2023-01-23,22908.19,12475.39294,27588.42219,37877.69978,18482.85,20102.97,19766.16,59298.48,17978.7244,17973.50733,19575.6373,26689.43538,24625.13911
2023-01-24,22659.13,12595.79258,27596.26355,37919.21619,18532.84,20098.29,19772.69,59318.07,18092.4386,17993.81944,19579.7125,26650.65456,24638.51654
2023-01-25,23131.43,12515.7943,27633.10055,37960.77,18581,20093.05,19778.16,59334.48,18215.111,18026.11911,19587.2907,26613.23187,24652.16424
2023-01-26,22947.08,12749.8549,27668.40773,38002.36124,18736.21,20045.51,19768.88,59306.64,18337.9334,18051.66256,19597.7785,26575.17412,24665.68124
2023-01-27,23060.68,12559.54811,27737.18472,38043.98994,18811.48,20013.03,19757.7,59273.1,18455.4422,18077.35122,19613.1684,26535.03275,24679.23328
2023-01-28,22931.29,12599.96603,27778.65413,38085.65612,18831.28,20011.56,19760.9,59282.7,18570.973,18102.854,19631.1988,26493.54607,24692.69484
2023-01-29,23725.31,13146.4621,27833.04643,38127.35982,18871.44,20008.3,19766.94,59300.82,18702.2784,18139.48467,19650.40465,26454.34162,24706.70711
2023-01-30,22686.03,13370.18939,27820.01436,38169.10105,18908.98,20004.83,19772.14,59316.42,18813.8098,18164.51,19661.3328,26411.00341,24719.95314
2023-01-31,23101.71,12922.36075,27911.61954,38210.87985,18955.57,19999.98,19778.01,59334.03,18932.4052,18197.06611,19672.3759,26367.99898,24733.03081
2023-02-01,23709.87,13348.03961,27890.6584,38252.69624,19060.41,19995.67,19796.95,59390.85,19051.0082,18236.20722,19685.18225,26331.58503,24746.42209
2023-02-02,23475.41,13083.55706,27948.02194,38294.55025,19121.31,19990.51,19805.8,59417.4,19164.8028,18262.21333,19698.09515,26294.39816,24759.69272
2023-02-03,23440.01,13017.92688,28047.38894,38336.4419,19182.87,19981.3,19811.58,59434.74,19286.356,18285.57011,19706.9758,26247.16604,24772.85247
2023-02-04,23409.68,13181.96324,28053.25946,38378.37122,19226.9,19978.75,19819.06,59457.18,19422.0208,18311.39656,19706.81745,26197.04027,24785.95482
2023-02-05,22912.08,13204.846,28108.64776,38420.33823,19241.38,19975.23,19819.5,59458.5,19544.6746,18337.03322,19704.9469,26144.99874,24798.61536
2023-02-06,22878.48,13581.23142,28155.67727,38462.34297,19255.13,19973.59,19821.41,59464.23,19666.6212,18385.192,19703.6215,26087.13052,24811.20178
2023-02-07,23191.82,13072.10259,28248.81015,38504.38546,19281.97,19968.42,19822.94,59468.82,19802.3058,18468.11233,19706.25755,26029.57253,24824.05916
2023-02-08,22904.6,13499.60908,28305.13967,38546.46573,19300.23,19968.16,19826.7,59480.1,19923.2632,18525.65633,19708.68875,25970.2564,24836.637
2023-02-09,21861.84,13119.86389,28388.45048,38588.5838,19313.15,19964.2,19826.33,59478.99,20024.804,18581.55033,19704.65365,25910.20354,24848.65292
2023-02-10,21633.92,13018.48278,28543.37579,38630.7397,19289.16,19960.73,19818.17,59454.51,20121.949,18635.48056,19704.6191,25853.31843,24860.48406
2023-02-11,21846.51,13880.97923,28629.77494,38672.93346,19287.67,19959.08,19816.69,59450.07,20223.1992,18696.21389,19708.19875,25797.50137,24872.46729
2023-02-12,21808.11,13084.55091,28694.05084,38715.1651,19297.04,19955.29,19815.71,59447.13,20323.4936,18756.01444,19703.071,25741.49876,24884.37891
2023-02-13,21824.3,13009.19298,28697.43021,38757.43464,19294.2,19951.32,19811.92,59435.76,20424.1102,18811.76822,19692.7499,25684.35124,24896.36419
2023-02-14,22149.51,13237.57317,28793.90648,38799.74213,19298.69,19949.16,19811.14,59433.42,20531.0576,18873.42433,19683.62135,25623.88387,24908.47964
2023-02-15,24259.6,12885.76217,28837.52544,38842.08758,19359.06,19943.32,19819.26,59457.78,20682.351,18957.995,19686.52575,25569.28352,24922.08951
2023-02-16,23855.04,12970.33764,28779.02092,38884.47102,19470.6,19938.43,19839.2,59517.6,20828.9796,19038.53122,19689.3112,25522.94684,24935.37658
2023-02-17,24555.69,13075.42428,28739.53444,38926.89247,19509.95,19932.71,19843.13,59529.39,20988.1876,19125.45,19695.7221,25480.70797,24949.14934
2023-02-18,24572.24,13084.29872,28623.42404,38969.35197,19540.53,19929.79,19847.35,59542.05,21147.8014,19218.23167,19703.2714,25438.37129,24962.91099
2023-02-19,24388.09,13376.43124,28507.39251,39011.84953,19566.95,19927.4,19851.08,59553.24,21304.8216,19314.41756,19710.727,25399.52159,24976.55496
2023-02-20,24807.55,13167.36731,28467.74633,39054.3852,19600.3,19924.9,19856.2,59568.6,21469.0692,19411.08633,19721.6026,25364.87755,24990.43729
2023-02-21,24289.32,13115.2354,28376.53765,39096.95898,19636.63,19919.95,19859.93,59579.79,21621.059,19496.94811,19727.19455,25327.11159,25003.81791
2023-02-22,24093.8,13150.80987,28403.74576,39139.57092,19670.19,19904.55,19854.78,59564.34,21770.8634,19580.37389,19732.6315,25290.64341,25017.14451
2023-02-23,23831.85,13252.92398,28272.81772,39182.22104,19702.96,19902.59,19860.2,59580.6,21911.6204,19661.68411,19735.95745,25250.98426,25030.49481
2023-02-24,23155.4,13046.28006,28334.30389,39224.90935,19734.56,19891.87,19858.44,59575.32,22038.925,19736.53689,19732.83295,25206.62709,25043.36789
2023-02-25,23098.04,14318.27806,28463.32716,39267.6359,19733.88,19886.5,19854.1,59562.3,22161.4672,19810.477,19732.53655,25162.39258,25056.14644
2023-02-26,23462.86,14538.6744,28437.3746,39310.40071,19746.64,19884.71,19855.43,59566.29,22291.33,19891.01078,19730.1888,25123.56646,25069.24154
2023-02-27,23442.42,14290.00535,28398.98134,39353.2038,19776.46,19881.61,19859.31,59577.93,22420.7936,19969.04267,19727.08905,25069.41997,25082.31377
2023-02-28,23172.79,14334.74278,28507.01327,39396.0452,19809.9,19850.92,19842.18,59526.54,22540.6978,20036.02878,19721.5271,25012.5214,25095.11379
2023-03-01,23500.37,12643.13371,28624.29966,39438.92494,19863.89,19825.26,19833.54,59500.62,22663.442,20108.55111,19716.7628,24955.96596,25108.10683
2023-03-02,23440.9,12615.05325,28774.40449,39481.84304,19876.34,19818.71,19831.07,59493.21,22780.6556,20180.154,19712.61615,24903.54648,25121.00552
2023-03-03,22346.92,12615.49972,28869.30022,39524.79953,19849.96,19816.62,19823.77,59471.31,22850.773,20240.34778,19704.366,24857.95868,25132.91601
2023-03-04,22357.07,13181.70161,28958.88361,39567.79445,19839.55,19817.1,19821.89,59465.67,22901.6442,20298.38856,19696.73,24811.26445,25144.90841
2023-03-05,22386.29,12884.79497,28829.47513,39610.82781,19852.77,19798.36,19809.98,59429.94,22929.9072,20358.53156,19691.78435,24767.02687,25156.79862
2023-03-06,22392.42,12584.09138,28899.33317,39653.89964,19854.64,19791.73,19805.15,59415.45,22960.1856,20418.47167,19687.4456,24723.75558,25168.72878
2023-03-07,22120.15,12636.39525,28918.16727,39697.00997,19885.22,19697.87,19738.33,59214.99,22979.8574,20477.51822,19693.4361,24678.69931,25180.32658
2023-03-08,21855.08,12742.84762,28987.10338,39740.15883,19869.78,19695.8,19733.4,59200.2,22992.7456,20529.40533,19697.09335,24623.63909,25191.71123
2023-03-09,20376.07,12297.68578,29101.11337,39783.34624,19833.87,19691.4,19722.2,59166.6,22986.5476,20565.19778,19691.013,24571.42082,25201.8638
2023-03-10,20184.15,12456.36686,29252.98271,39826.57223,19749.44,19688.78,19701.9,59105.7,22968.8276,20598.799,19686.10855,24520.03341,25211.74011
2023-03-11,20498.56,12917.71285,29331.54854,39869.83683,19739.18,19686.27,19697.73,59093.19,22926.2296,20636.45567,19680.9564,24469.30409,25221.14142
2023-03-12,21883.01,13465.39644,29318.852,39913.14006,19744.93,19683.16,19696.51,59089.53,22903.5198,20688.80089,19683.07745,24425.8467,25231.82108
2023-03-13,24195.31,12760.58815,29385.49986,39956.48196,19888.89,19678.34,19724.02,59172.06,22934.3596,20760.08522,19695.9878,24383.53451,25243.54556
2023-03-14,24709,12673.83875,29439.00041,39999.86254,20053.85,19672.84,19755.67,59267.01,22970.3758,20837.011,19718.42945,24343.23948,25255.52828
2023-03-15,24406.31,12637.44743,29520.22099,40043.28184,20143.63,19663.77,19768.58,59305.74,23005.3194,20915.27722,19740.52525,24297.47797,25267.10313
2023-03-16,25031.96,12597.92243,29669.9258,40086.73988,20201.89,19660.31,19778.35,59335.05,23043.33,21008.67189,19767.05935,24254.06626,25279.36881
2023-03-17,27530.91,12691.3514,29719.93635,40130.23669,20434.12,19653.52,19823.65,59470.95,23135.0066,21128.13322,19803.7677,24215.08898,25293.85252
2023-03-18,27132.88,12741.68553,29755.61809,40173.7723,20506.33,19651.53,19837.74,59513.22,23216.4506,21243.15244,19840.4407,24173.86247,25308.0466
2023-03-19,28190.56,12793.90885,29827.1501,40217.34673,20582.08,19646.54,19850.48,59551.44,23321.636,21374.07433,19881.272,24138.00445,25322.30732
2023-03-20,27871.08,12708.69905,29840.05029,40260.96001,20701.95,19640.26,19871.98,59615.94,23404.5514,21496.456,19920.34325,24101.51898,25336.52643
2023-03-21,28172.98,12870.79416,29869.45264,40304.61217,20805.13,19637.23,19892.05,59676.15,23514.2904,21622.99133,19961.4475,24061.96398,25350.96343
2023-03-22,27257.63,12650.33442,29966.97057,40348.30324,20893.63,19630.32,19906.23,59718.69,23597.4088,21739.44644,19999.018,24019.8744,25364.94475
2023-03-23,28311.21,13624.59103,30069.66464,40392.03323,21031.54,19624.86,19932.98,59798.94,23689.4356,21867.52656,20041.07105,23976.7706,25379.52903
2023-03-24,27496,13666.18096,30216.84952,40435.80219,21088.43,19621.87,19943.16,59829.48,23769.8474,21986.44444,20079.84595,23930.8275,25393.44244
2023-03-25,27519.9,13818.3232,30259.95794,40479.61014,21106.24,19620.27,19945.15,59835.45,23851.4452,22105.627,20123.2058,23884.1372,25407.35672
2023-03-26,28024.12,13756.25048,30313.91761,40523.45709,21146.31,19619.86,19953.05,59859.15,23943.734,22230.31567,20166.92675,23832.73635,25421.1633
2023-03-27,27179.46,13839.24378,30210.18136,40567.34309,21294.76,19614.62,19981.64,59944.92,24029.0816,22346.81044,20206.43545,23777.34788,25434.28899
2023-03-28,27218.79,13634.41026,30214.50251,40611.26816,21322.97,19612.34,19986.05,59958.15,24115.8878,22465.64578,20235.7172,23722.14418,25447.50862
2023-03-29,28400.41,13680.49033,30273.40224,40655.23233,21409.83,19609.24,20002.66,60007.98,24220.0596,22596.81378,20269.48,23670.68209,25461.62191
2023-03-30,27927.18,14054.78636,30293.34467,40699.23562,21740.64,19103.64,19702.44,59107.32,24320.5112,22722.76522,20300.95155,23621.84324,25475.66856
2023-03-31,28511.66,13588.62779,30330.12651,40743.27805,21828.97,19100.67,19721.08,59163.24,24453.5076,22855.81611,20331.6649,23573.16168,25489.94927
2023-04-01,28503.61,13147.33639,30305.21575,40787.35967,21873.1,19100.17,19730.26,59190.78,24590.9014,22988.13211,20373.30285,23524.60662,25504.1985
2023-04-02,28155.03,13361.35994,30208.83354,40831.48049,21890.67,19099.85,19733.31,59199.93,24717.0718,23115.52322,20413.0508,23474.57753,25518.08295
2023-04-03,27842.06,13275.74125,30233.84177,40875.64054,21945.61,19111.56,19739.97,59219.91,24837.7508,23240.39522,20453.65505,23422.69698,25531.92672
2023-04-04,28163.74,13261.95093,30248.19684,40919.83985,22016.4,19097.35,19745.99,59237.97,24964.5396,23366.72567,20495.8865,23374.4347,25546.57301
2023-04-05,28175.14,13136.31935,30359.71538,40964.07845,22139.39,19082.81,19763.96,59291.88,25085.0522,23493.22533,20535.98495,23332.1572,25561.14923
2023-04-06,27998.72,13649.41587,30424.72653,41008.35637,22209.5,19062.91,19765.4,59296.2,25159.8346,23615.75633,20578.67075,23289.25118,25575.60974
2023-04-07,27880.27,13513.37121,30547.88436,41052.67362,22252.83,19046.28,19761.09,59283.27,25240.3392,23736.98467,20620.5399,23249.92533,25589.78726
2023-04-08,27894.08,13600.54416,30665.57424,41097.03025,22329.65,19039.06,19763.6,59290.8,25307.107,23858.37178,20665.78375,23209.43777,25604.04054
2023-04-09,28380.93,13671.36809,30512.759,41141.42627,22398.85,19031.56,19765.84,59297.52,25383.2808,23982.85344,20715.35885,23171.50055,25618.8829
2023-04-10,29515.69,13651.21364,30485.07054,41185.86171,22534.88,19013.95,19776.48,59329.44,25485.8328,24117.88156,20766.31315,23143.36016,25634.28343
2023-04-11,30203.23,13489.38188,30436.57682,41230.33661,22845.57,18979.66,19813.61,59440.83,25593.7464,24258.13722,20820.93035,23116.67135,25650.18745
2023-04-12,29860.59,13760.1633,30399.88158,41274.85098,23010.57,18939.85,19820.34,59461.02,25705.1718,24380.57656,20875.96675,23085.49313,25665.71045
2023-04-13,30245.4,13529.30576,30405.48611,41319.40486,23163.82,18927.06,19837.54,59512.62,25828.2038,24496.48644,20933.09935,23059.18209,25681.46292
2023-04-14,30489.86,13496.78842,30448.45438,41363.99828,23316.7,18918.81,19859.84,59579.52,25961.364,24602.22778,20989.8325,23032.09772,25697.0313
2023-04-15,30249.19,13804.61804,30302.95919,41408.63125,23404.25,18909.86,19863.42,59590.26,26103.2398,24706.34656,21045.7727,23004.35382,25712.33857
2023-04-16,30260.66,14084.03252,30292.93805,41453.30382,23517.86,18899.47,19867.66,59602.98,26246.4922,24807.72544,21099.5889,22978.26973,25727.50556
2023-04-17,29505.96,13719.41212,30245.43508,41498.016,23695.97,18880.68,19869.25,59607.75,26367.3542,24899.89533,21149.6279,22947.35712,25741.91466
2023-04-18,30248.6,13656.62586,29998.27244,41542.76782,23791.01,18875.89,19883.33,59649.99,26503.4778,25006.14678,21203.78615,22916.965,25757.07829
2023-04-19,28871.08,13597.45656,29976.15205,41587.55932,23855.08,18878.59,19897.71,59693.13,26617.4436,25092.82378,21251.7303,22882.54398,25771.06067
2023-04-20,28211.38,13915.39359,30001.36898,41632.39051,23890.11,18872.46,19896.21,59688.63,26711.6638,25154.85622,21297.63245,22849.27569,25784.3981
2023-04-21,27241.02,13892.84022,30057.34019,41677.26143,23993.84,18862.42,19899.17,59697.51,26787.6662,25201.77311,21336.0396,22814.85538,25796.7952
2023-04-22,27846.12,14012.88917,30054.7914,41722.17211,24031.99,18857.55,19898.04,59694.12,26897.6502,25259.47089,21373.79335,22781.97775,25809.05871
2023-04-23,27547.89,13956.72237,30078.33937,41767.12256,24073.23,18854.92,19902.34,59707.02,27001.4666,25311.02311,21410.76625,22749.28863,25821.03036
2023-04-24,27499.31,14234.19205,29962.70724,41812.11283,24083.47,18851.89,19900.37,59701.11,27103.727,25364.80289,21448.51415,22714.03522,25832.83516
2023-04-25,28203.09,13696.10141,30012.19931,41857.14293,24097.18,18846.93,19899.25,59697.75,27219.9404,25421.15467,21492.00215,22686.80099,25844.87973
2023-04-26,28312.24,13610.14601,30134.40539,41902.2129,24195.16,18843.65,19915.17,59745.51,27343.7822,25480.76756,21536.49735,22656.91907,25856.03365
2023-04-27,29495.7,13782.85513,30243.47272,41947.32276,24531.36,18817.85,19922.25,59766.75,27496.5946,25552.26778,21586.83,22628.61898,25869.19028
2023-04-28,29363.12,13674.43043,30362.67967,41992.47254,24605.49,18814.13,19932.78,59798.34,27676.3356,25623.73256,21638.14085,22603.49115,25881.35836
2023-04-29,29194.09,13686.60179,30488.18476,42037.66226,24664.85,18811.46,19940.7,59822.1,27856.5344,25684.49678,21688.8742,22580.1397,25893.64916
2023-04-30,29406.43,13470.59124,30621.83288,42082.89197,24712.58,18807.76,19943.07,59829.21,28034.6918,25759.16789,21740.32385,22555.3042,25906.82361
2023-05-01,28152.76,13115.7056,30690.81835,42128.16167,24725.8,18803.44,19939.79,59819.37,28160.0868,25815.29067,21784.43925,22526.85343,25919.41426
2023-05-02,28574.02,12377.79826,30819.27141,42173.4714,24762.72,18800.51,19943.6,59830.8,28247.661,25869.33678,21831.702,22501.98973,25932.16031
2023-05-03,29127.52,12195.63744,30915.69909,42218.8212,24935.96,18796.07,19973.49,59920.47,28336.0314,25932.138,21882.0536,22473.05404,25944.46696
2023-05-04,28820.56,12195.84116,31011.10743,42264.21108,24975.61,18792.85,19977.46,59932.38,28424.3164,25991.92189,21929.8273,22452.38008,25957.06437
2023-05-05,29519.98,11801.37398,31197.11651,42309.64107,25034.67,18788.83,19984.04,59952.12,28514.0768,26059.81411,21979.87585,22434.7417,25970.30675
2023-05-06,28840.25,11547.32391,31368.99327,42355.11121,25063.74,18786.63,19986.12,59958.36,28540.2636,26125.68267,22027.60425,22416.69451,25982.90098
2023-05-07,28819.87,9360.426073,31558.66206,42400.62151,25306.92,18805.67,20088.37,60265.11,28574.0034,26191.69811,22076.2674,22402.04736,25995.29686
2023-05-08,27576.14,7986.520577,31701.75892,42446.17201,25341.67,18802.36,20095.53,60286.59,28561.715,26240.41278,22118.92775,22392.39047,26006.1917
2023-05-09,27548.15,9536.213947,31772.74296,42491.76274,25328.57,18800.76,20091.07,60273.21,28555.2564,26292.00778,22160.9232,22383.10429,26016.88874
2023-05-10,27569.53,10389.9697,31854.33714,42537.39372,25344.76,18795.42,20090.93,60272.79,28543.1874,26355.42656,22202.78195,22379.77571,26027.92578
2023-05-11,26928.76,11445.8679,31876.87502,42583.06498,25353.35,18788.56,20086.89,60260.67,28536.61,26414.25811,22239.84845,22373.99931,26039.10645
2023-05-12,26678.58,11457.48162,31957.48732,42628.77654,25371.57,18784.55,20084.45,60253.35,28503.9574,26467.94778,22276.6896,22366.47799,26049.72896
2023-05-13,26905.89,12411.67753,32055.41937,42674.52845,25416.76,18781.27,20084.76,60254.28,28492.1552,26524.58978,22310.71865,22357.90338,26060.84949
2023-05-14,26907.99,12681.40157,32008.73098,42720.32072,25452.95,18780.23,20087.06,60261.18,28479.917,26581.07522,22341.1034,22346.30027,26072.53735
2023-05-15,27249.71,12831.2777,32014.42396,42766.15338,25504.09,18789.49,20109.75,60329.25,28464.4288,26637.74411,22376.22965,22338.90505,26084.21213
2023-05-16,26948.19,12263.20711,32092.57523,42812.02646,25559.08,18786.12,20115.69,60347.07,28459.8034,26667.61733,22407.72975,22329.20135,26096.68454
2023-05-17,27304.41,12544.43004,32153.8513,42857.93999,25593.88,18781.02,20116.14,60348.42,28461.5158,26705.94367,22440.5083,22324.77604,26109.27601
2023-05-18,26921.52,12890.96999,32228.74592,42903.894,25731.55,18769.07,20115.04,60345.12,28431.938,26732.23067,22471.9357,22315.79418,26120.91749
2023-05-19,26904.72,12588.60931,32293.06199,42949.88851,25733.18,18766.15,20111.66,60334.98,28411.4888,26758.14711,22504.31655,22309.50343,26132.62889
2023-05-20,27093.83,12819.65641,32378.99247,42995.92355,25777.92,18763,20112.8,60338.4,28383.1322,26788.21089,22537.61695,22303.06157,26144.13761
2023-05-21,26789.82,13244.49773,32365.0545,43041.99915,25806.89,18759.23,20113.82,60341.46,28348.8564,26810.23611,22570.70775,22293.64003,26155.71566
2023-05-22,26904.04,13119.03226,32391.4734,43088.11534,25900.55,18752.14,20140.87,60422.61,28323.8366,26839.28856,22604.2921,22287.43827,26167.55831
2023-05-23,27223.8,13711.42787,32440.85588,43134.27215,25943.25,18746.49,20145.2,60435.6,28311.4714,26874.06633,22634.7368,22281.14033,26179.94192
2023-05-24,26319.73,13183.14104,32448.71985,43180.4696,25941.18,18742.55,20141.52,60424.56,28274.5912,26901.70944,22659.64595,22272.15876,26191.76346
2023-05-25,26402.45,12898.05015,32507.46975,43226.70772,25938.17,18733.55,20152.18,60456.54,28239.1374,26937.78778,22686.2317,22263.79258,26203.55454
2023-05-26,26645.83,12839.96741,32591.4773,43272.98654,25946.64,18728.85,20153.25,60459.75,28212.0796,26977.20767,22716.43695,22258.0303,26215.58873
2023-05-27,26882.02,13337.45545,32642.41795,43319.30609,26034.77,18722.24,20153.36,60460.08,28192.1146,27015.19833,22758.1261,22252.46945,26228.04507
2023-05-28,28129.55,13403.39915,32675.6914,43365.6664,26093.1,18719.89,20159.44,60478.32,28196.824,27067.27756,22820.1289,22249.17332,26241.32113
2023-05-29,27770.73,13224.51663,32698.25636,43412.06749,26173.76,18713.36,20166.33,60498.99,28184.62,27118.36578,22870.35435,22238.57107,26254.36081
2023-05-30,27739.03,13238.8444,32728.8625,43458.50939,26276.4,18707.7,20175.24,60525.72,28149.0868,27165.462,22924.8926,22227.47154,26267.34173
2023-05-31,27204.66,13673.77485,32815.30496,43504.99214,26280.37,18703.42,20174.99,60524.97,28089.1154,27207.28156,22977.0149,22220.28025,26279.61913
2023-06-01,26877.81,13939.661,32866.37586,43551.51575,26293.7,18695.29,20178.66,60535.98,28029.4598,27257.62478,23029.5014,22210.29604,26291.40702
2023-06-02,27227.76,13884.87652,32904.42636,43598.08026,26343.89,18690.63,20182.14,60546.42,27969.107,27311.74356,23083.5099,22203.80346,26303.36634
2023-06-03,27058.75,14130.22613,32931.20429,43644.68569,26380.37,18686.55,20182.24,60546.72,27900.4848,27363.65978,23134.77135,22196.17665,26314.96054
2023-06-04,27207.51,14303.75422,32858.14625,43691.33208,26449.05,18681.18,20182.78,60548.34,27839.6512,27417.16078,23187.8066,22188.79739,26326.55586
2023-06-05,25723.08,14061.34453,32875.45491,43738.01945,26454.13,18674.38,20177.55,60532.65,27748.8996,27457.19333,23233.1808,22173.53544,26336.52999
2023-06-06,27168.72,13967.70705,33058.00928,43784.74783,26474.61,18671.15,20177.1,60531.3,27702.1548,27516.23378,23285.9905,22162.34321,26347.83198
2023-06-07,26303.29,13354.20212,33124.28496,43831.51725,26491.92,18668.82,20179.16,60537.48,27623.2486,27582.09178,23333.84195,22151.59621,26358.10439
2023-06-08,26593.12,13894.9865,33125.03848,43878.32773,26502.31,18667.5,20179.66,60538.98,27577.6894,27653.30256,23385.6981,22142.15775,26368.64214
2023-06-09,26449.99,14015.09619,33044.99729,43925.17931,26531.87,18665.63,20180.26,60540.78,27542.4616,27719.42956,23439.29125,22134.73159,26379.05587
2023-06-10,25813.81,14168.35252,33020.24763,43972.07201,26538.35,18657.01,20173.8,60521.4,27513.9174,27763.10511,23487.8235,22127.7536,26389.41236
2023-06-11,25958.65,14490.97597,32926.10903,44019.00586,26568.45,18655.27,20173.16,60519.48,27476.168,27782.69778,23534.80795,22124.81,26399.74617
2023-06-12,25941.61,14371.2932,32787.56376,44065.98089,26568.34,18654.3,20169.31,60507.93,27444.0424,27796.39344,23581.5886,22134.64821,26410.1468
2023-06-13,25784.08,14513.31331,32801.62483,44112.99713,26556.97,18652.45,20168.06,60504.18,27409.7378,27811.702,23627.93935,22144.70668,26420.81796
2023-06-14,25102.73,14461.15886,32883.99306,44160.0546,26543.7,18647.65,20169.62,60508.86,27347.7306,27812.48833,23671.35975,22151.97423,26431.57028
2023-06-15,25557.68,14872.56325,32940.44026,44207.15334,26506.93,18642.68,20160.52,60481.56,27292.6394,27790.56356,23716.931,22166.34777,26442.44339
2023-06-16,26305.5,14530.26296,33079.44094,44254.29337,26526.65,18644.27,20161.2,60483.6,27228.8354,27781.37044,23767.3844,22182.42835,26453.82372
2023-06-17,26584.87,15075.83375,33138.52662,44301.47472,26544.65,18644.42,20162.72,60488.16,27173.2704,27763.52944,23818.211,22203.1453,26465.51608
2023-06-18,26314.84,14747.00038,33115.44754,44348.69742,26568.33,18647.25,20169.85,60509.55,27115.6854,27746.23789,23864.065,22219.21684,26476.91812
2023-06-19,26681.2,14705.94296,33044.6333,44395.9615,26506.03,18649.33,20156.61,60469.83,27061.1808,27729.66256,23912.6042,22236.42363,26488.24761
2023-06-20,28196.85,14693.08547,33114.20232,44443.26698,26581.95,18624.44,20156.59,60469.77,27062.0626,27740.09833,23968.60525,22256.60036,26500.6877
2023-06-21,30091.86,14388.51364,33211.13832,44490.6139,26745.99,18603.94,20183.47,60550.41,27092.4194,27759.88333,24034.41715,22284.35775,26514.96719
2023-06-22,29912.69,14683.91642,33181.88563,44538.00228,26866.61,18602.76,20205.77,60617.31,27108.1228,27786.73544,24098.3136,22308.54393,26529.10626
2023-06-23,30604.95,14480.01919,33246.13186,44585.43216,26992.85,18591.64,20226.28,60678.84,27143.8106,27821.01378,24166.47125,22333.94745,26543.54241
2023-06-24,30545.79,14680.62612,33135.86647,44632.90355,27055.39,18594.09,20238.9,60716.7,27164.3268,27849.03233,24234.21115,22359.08505,26558.13592
2023-06-25,30512.47,14962.7434,33053.99159,44680.41649,27097.04,18600.3,20246.59,60739.77,27197.7712,27886.06578,24302.7437,22384.86464,26572.72394
2023-06-26,30205.09,14701.76736,32981.81134,44727.97101,27165.5,18602.04,20258.66,60775.98,27225.4756,27919.24689,24367.84295,22410.85217,26586.91324
2023-06-27,30565.24,14796.92871,32996.95947,44775.56714,27259.09,18601.33,20280.38,60841.14,27285.2576,27943.30056,24434.8954,22439.13299,26601.51086
2023-06-28,30171.6,14234.32377,33081.40949,44823.20489,27318.96,18602.37,20300.68,60902.04,27337.7266,27968.23856,24499.9532,22466.67495,26616.12399
2023-06-29,30500.08,14153.15646,33095.20697,44870.88431,27394.2,18573.42,20301.56,60904.68,27396.3376,27990.33211,24566.9063,22498.22126,26631.15097
2023-06-30,30525.66,14317.99656,33088.13162,44918.60542,27488.14,18576.21,20319.97,60959.91,27468.2756,28012.79933,24633.6749,22529.03462,26646.12115
2023-07-01,30551.17,14269.73005,33030.60266,44966.36826,27536.1,18591.01,20347.92,61043.76,27545.7274,28039.42311,24697.53215,22560.00445,26661.08259
2023-07-02,30554.22,14278.79219,32691.23789,45014.17283,27567.19,18594.32,20353.5,61060.5,27618.694,28069.55822,24761.37485,22591.00129,26675.92778
2023-07-03,31048.38,14278.22768,32647.52038,45062.01919,27619.51,18594.84,20362.6,61087.8,27701.5018,28101.60978,24829.805,22620.92451,26690.69766
2023-07-04,30843.03,15037.82315,32544.60233,45109.90735,27655.28,18593.77,20370.41,61111.23,27773.3682,28131.253,24900.88795,22649.93827,26705.14366
2023-07-05,30509.76,14281.83731,32576.16504,45157.83735,27685.72,18592.17,20375.01,61125.03,27844.5996,28159.15344,24969.5398,22677.52582,26719.37376
2023-07-06,30169.63,14272.65314,32610.47642,45205.8092,27761.88,18531.79,20353.89,61061.67,27901.904,28184.59078,25036.4822,22700.99184,26733.36511
2023-07-07,30244.05,14344.24477,32625.76948,45253.82295,27780.48,18531.29,20356.7,61070.1,27968.3546,28210.70156,25105.6645,22724.06865,26747.57326
2023-07-08,30200.57,14648.62012,32535.1334,45301.87862,27795.86,18531.95,20359.52,61078.56,28034.2716,28230.91978,25172.3837,22747.65321,26761.65896
2023-07-09,30191.23,14416.74699,32516.71793,45349.97624,27812.61,18532.83,20362.55,61087.65,28096.2196,28238.42578,25239.41585,22773.31725,26775.79991
2023-07-10,30268.72,14354.4229,32538.33779,45398.11583,27856.94,18527.95,20369.02,61107.06,28165.7976,28239.15344,25306.8761,22801.57555,26790.03476
2023-07-11,30546.54,14521.19139,32553.28279,45446.29743,27893.91,18528.49,20380.13,61140.39,28238.6476,28246.77511,25375.6888,22832.40338,26804.64221
2023-07-12,30331.58,15211.62752,32639.12355,45494.52107,27945.19,18526.26,20387.68,61163.04,28300.8032,28247.73267,25443.37975,22861.10514,26819.08641
2023-07-13,31277.99,15140.84757,32763.48389,45542.78677,28009.96,18505.91,20388.81,61166.43,28399.9684,28256.48967,25515.80235,22890.7139,26834.01636
2023-07-14,30201.87,15468.7548,32834.90127,45591.09456,28046.57,18504.32,20396.61,61189.83,28475.9568,28255.96389,25582.801,22916.28747,26848.21888
2023-07-15,30226.14,15241.85482,32921.06113,45639.44447,28053.66,18505.94,20396.33,61188.99,28547.563,28255.58033,25650.45705,22941.22577,26862.41189
2023-07-16,30229.16,15392.76173,32972.25029,45687.83653,28066.18,18508.28,20398.2,61194.6,28614.5058,28263.61589,25718.9848,22966.87503,26876.6377
2023-07-17,30179.33,15229.11366,33000.90639,45736.27077,28083.54,18494.12,20393.61,61180.83,28655.5014,28262.84622,25786.905,22990.26912,26890.86936
2023-07-18,29824.5,15250.17704,33039.4537,45784.74722,28113.8,18494.25,20403.14,61209.42,28696.5768,28273.43978,25853.06975,23007.80525,26904.87057
2023-07-19,29844.7,15753.27448,33109.96358,45833.2659,28166.08,18493.37,20413.96,61241.88,28738.6902,28291.58778,25919.60785,23025.82313,26918.9364
2023-07-20,29843.27,15107.96989,33186.21015,45881.82685,28181.9,18492.32,20418.25,61254.75,28791.4624,28320.50167,25985.84835,23044.22893,26932.94234
2023-07-21,29848.84,15044.79087,33287.61626,45930.43009,28192.86,18476.75,20409.92,61229.76,28850.883,28342.75411,26051.6434,23063.96582,26947.02719
2023-07-22,29837.53,15279.11713,33120.88084,45979.07566,28204.8,18480.64,20412.84,61238.52,28903.0784,28368.19456,26117.81315,23084.34816,26961.19316
2023-07-23,29991.11,15117.31063,33156.247,46027.76358,28220.52,18483.12,20415.84,61247.52,28961.7256,28395.88122,26183.7987,23104.46423,26975.46286
2023-07-24,29173.26,15212.10885,33168.38772,46076.49387,28208.97,18483.11,20414.06,61242.18,29001.0406,28406.66089,26245.71415,23125.15772,26989.3799
2023-07-25,29179.91,15222.53757,33254.61404,46125.26658,28213.53,18479.43,20413.14,61239.42,29070.1772,28416.30167,26306.75905,23147.27126,27004.00018
2023-07-26,29481.25,15080.37435,33233.97411,46174.08172,28222.09,18478.75,20413.3,61239.9,29116.4278,28416.14111,26369.3167,23165.53387,27019.03916
2023-07-27,29182.1,14725.71494,33294.13452,46222.93934,28267.61,18433.84,20397.14,61191.42,29174.004,28414.12978,26430.381,23180.07668,27034.08466
2023-07-28,29215.9,15264.948,33349.33843,46271.83944,28323.6,18282.75,20334.06,61002.18,29226.4596,28414.37211,26490.5726,23194.47415,27049.08862
2023-07-29,29352.45,14904.09433,33449.12305,46320.78208,28357.44,18292.47,20335.2,61005.6,29284.5088,28413.77233,26550.51905,23210.06132,27064.20658
2023-07-30,29184.37,14839.38937,33495.93082,46369.76726,28366.06,18293.17,20335.67,61007.01,29351.92,28425.23467,26608.5398,23226.2328,27079.29681
2023-07-31,29180.62,15221.58039,33532.71765,46418.79503,28382.54,18286.89,20334.22,61002.66,29416.3594,28431.97467,26660.23765,23242.46113,27094.25481
2023-08-01,29263.66,14778.56417,33570.14963,46467.86542,28379.1,18285.86,20333.05,60999.15,29482.8004,28433.48733,26707.4884,23259.49761,27109.21251
2023-08-02,29164.53,15060.15488,33426.3071,46516.97844,28426.76,18274.66,20329.41,60988.23,29550.4094,28437.30922,26748.44535,23276.71618,27124.10044
2023-08-03,29181.34,14730.18928,33388.95848,46566.13413,28440.15,18275.7,20330.14,60990.42,29631.9816,28433.54656,26789.95955,23294.70769,27139.05644
2023-08-04,29019.79,14898.83332,33427.04918,46615.33253,28508.78,18283.39,20331.96,60995.88,29701.2238,28435.54144,26829.3757,23310.77599,27153.94816
2023-08-05,29011.04,14769.05996,33440.54127,46664.57365,28521.01,18284.55,20332.18,60996.54,29755.3346,28437.66556,26868.37755,23327.27223,27168.86122
2023-08-06,29073.8,14847.97586,33484.05303,46713.85753,28541.07,18285.66,20334,61002,29805.1132,28454.30622,26910.3167,23343.50063,27184.01149
2023-08-07,29153.49,14726.75128,33504.9107,46763.18419,28570.08,18283.53,20333.71,61001.13,29861.8862,28472.14333,26950.7334,23358.26214,27198.95847
2023-08-08,29818.48,14783.51818,33532.64047,46812.55367,28626.37,18274.65,20335.6,61006.8,29924.6318,28497.13167,26986.6835,23376.56203,27214.39761
2023-08-09,29519.62,14717.315,33482.84176,46861.966,28664.33,18273.49,20341.4,61024.2,29951.0872,28525.919,27019.1891,23391.91151,27229.3356
2023-08-10,29490.34,14656.41453,33619.76628,46911.4212,28691.29,18272.81,20342.33,61026.99,29939.0568,28557.16078,27053.3742,23406.82352,27244.26526
2023-08-11,29376.99,14842.10768,33667.13884,46960.9193,28709.03,18279.76,20345.9,61037.7,29928.3428,28584.61744,27085.7182,23420.81201,27259.30959
2023-08-12,29470.19,14835.02819,33700.67297,47010.46033,28725.88,18284.64,20349.41,61048.23,29905.6476,28613.08633,27119.7735,23434.59486,27274.41152
2023-08-13,29215.26,14983.57085,33703.39199,47060.04433,28738.76,18288.9,20352.13,61056.39,29879.037,28634.92578,27150.19265,23448.18011,27289.36889
2023-08-14,29468.45,14858.22051,33684.29103,47109.67132,28752.51,18289.84,20354.84,61064.52,29858.1566,28662.92867,27182.7995,23463.2117,27304.47424
2023-08-15,29175.56,14944.07307,33683.79143,47159.34132,28752.29,18292.35,20356.44,61069.32,29837.566,28683.71922,27213.3739,23477.74821,27319.50349
2023-08-16,28829.31,14848.1536,33648.26951,47209.05438,28746.82,18291.67,20356.52,61069.56,29802.8474,28704.91689,27242.864,23492.73143,27334.38364
2023-08-17,26625.28,14918.15154,33662.95176,47258.81051,28685.71,18299.07,20349.86,61049.58,29731.921,28701.812,27257.36385,23501.97624,27347.65251
2023-08-18,26009.53,14843.82474,33821.03599,47308.60975,28569.53,18300.33,20330.83,60992.49,29642.11,28689.76422,27273.98135,23515.95283,27360.55239
2023-08-19,26017.66,14828.07436,33806.49139,47358.45213,28549.8,18307.06,20327.33,60981.99,29551.95,28681.18467,27288.5611,23529.39797,27373.46209
2023-08-20,26170.27,15166.43979,33789.91415,47408.33767,28540.44,18318.84,20326.09,60978.27,29464.332,28673.03167,27300.8631,23541.97525,27386.28308
2023-08-21,26042.12,14872.0219,33863.17602,47458.26641,28481.8,18322.74,20316.66,60949.98,29374.09,28659.90189,27313.69665,23555.37382,27399.01105
2023-08-22,25981.09,15712.06833,33802.1214,47508.23837,28417.26,18324.15,20308.92,60926.76,29272.7442,28656.13922,27326.40205,23567.60486,27411.82852
2023-08-23,26389.1,15811.37474,33787.41371,47558.25358,28396.43,18327.08,20304.92,60914.76,29183.6656,28655.99089,27341.29915,23581.14964,27425.36638
2023-08-24,26026.88,16066.14653,33720.78645,47608.31208,28349.23,18331.47,20296.26,60888.78,29094.008,28649.11367,27356.87315,23593.27503,27438.62329
2023-08-25,26006.95,15707.01566,33791.94586,47658.4139,28300.13,18336.34,20288.51,60865.53,29010.7544,28639.39067,27372.5155,23609.1714,27451.04076
2023-08-26,26002.78,15746.93917,33932.74482,47708.55905,28288.74,18342.61,20286.44,60859.32,28925.929,28615.75989,27386.5703,23625.69786,27463.02845
2023-08-27,26018.75,16293.20483,33955.68742,47758.74758,28280.19,18461.86,20288.3,60864.9,28842.2926,28596.29344,27402.14105,23642.98799,27474.77811
2023-08-28,26020.6,15681.86115,33997.54006,47808.9795,28244.34,18470.71,20284.47,60853.41,28758.88,28577.19978,27422.93485,23659.00821,27486.61999
2023-08-29,27563.84,15805.76098,34001.00471,47859.25486,28233.6,18450.78,20273.12,60819.36,28704.7824,28581.19067,27452.58445,23680.34217,27499.56504
2023-08-30,27233.07,15660.53028,34102.63287,47909.57367,28238.22,18451.46,20275.87,60827.61,28638.513,28585.138,27479.51725,23700.14648,27512.4641
2023-08-31,25996.97,15583.22327,34173.71079,47959.93598,28214.1,18453.52,20272.9,60818.7,28551.8208,28571.46256,27500.46155,23716.46555,27524.50602
2023-09-01,25727.98,15442.48397,34234.28673,48010.3418,28156.73,18456.84,20264.34,60793.02,28440.8206,28556.67622,27519.97995,23732.33327,27536.29479
2023-09-02,25813.95,15490.41534,34348.28342,48060.79117,28145.2,18461.14,20262.64,60787.92,28353.0622,28541.19222,27538.30215,23749.01025,27548.07111
2023-09-03,25980.63,15454.66101,34456.70647,48111.28412,28139.69,18480.43,20261.03,60783.09,28268.152,28544.05389,27546.9073,23765.71363,27560.04561
2023-09-04,25712.08,15501.01426,34602.21631,48161.82067,28122.53,18481.97,20258.98,60776.94,28177.8104,28527.869,27556.1925,23782.11764,27571.67803
2023-09-05,25705.93,15284.83017,34772.52185,48212.40087,28086.09,18481.98,20253.43,60760.29,28088.3424,28521.23167,27561.9437,23800.9583,27583.37076
2023-09-06,25697.93,14817.64312,34789.66442,48263.02472,28051.93,18483.23,20249.26,60747.78,28005.811,28511.28511,27567.57215,23818.59016,27595.05783
2023-09-07,26200.68,14835.67569,34841.50814,48313.69228,28022.45,18504.82,20246.2,60738.6,27932.9306,28508.515,27576.6351,23837.60929,27607.18779
2023-09-08,25837.64,14714.27617,34811.82651,48364.40355,27993.19,18524.06,20245.44,60736.32,27852.818,28508.77978,27581.78555,23849.90379,27619.344
2023-09-09,25867.63,14935.77312,34937.27266,48415.15859,27968.53,18536.34,20242.9,60728.7,27773.1938,28507.76844,27589.6771,23861.49659,27631.52975
2023-09-10,25750.97,14601.02978,35051.32714,48465.9574,27949.4,18546.93,20242.13,60726.39,27691.4626,28505.65022,27597.96295,23872.81005,27643.46581
2023-09-11,25111.14,14953.4732,34842.09889,48516.80003,27902.34,18552.55,20235.68,60707.04,27593.8632,28498.17311,27604.3594,23880.34343,27655.17868
2023-09-12,25903.7,14826.88622,34855.87445,48567.68651,27893.4,18550.55,20233.72,60701.16,27528.472,28507.07278,27618.1009,23896.07882,27667.41946
2023-09-13,26284.33,14845.94735,34879.46603,48618.61685,27885.51,18552.25,20233.55,60700.65,27470.5604,28515.14667,27634.03235,23912.77907,27679.95194
2023-09-14,26602.6,15078.31107,34913.43973,48669.5911,27877.97,18566.17,20240.3,60720.9,27412.9874,28518.44778,27649.73105,23931.68398,27692.79254
2023-09-15,26612.61,14934.37374,35028.51791,48720.60928,27872.21,18573.94,20242.64,60727.92,27361.5976,28518.756,27665.582,23950.62673,27705.74294
2023-09-16,26598.4,15129.98499,35176.99915,48771.67143,27866.16,18578.69,20243.59,60730.77,27309.2476,28521.90667,27682.71005,23968.32714,27718.67979
2023-09-17,26468.92,14896.15312,35304.52295,48822.77756,27860.65,18586.32,20244.35,60733.05,27251.577,28519.548,27697.5528,23987.57813,27731.50139
2023-09-18,26835.86,14739.70618,35295.34042,48873.92772,27873.98,18594.03,20251.81,60755.43,27204.6068,28504.42589,27714.5276,24007.7139,27744.80269
2023-09-19,27219.16,15360.6495,35264.16826,48925.12192,27882.54,18603.81,20266.42,60799.26,27165.3776,28472.507,27738.8888,24030.71898,27758.43967
2023-09-20,27138.45,15391.59551,35313.5981,48976.36021,27875.75,18607.98,20265.73,60797.19,27122.8734,28441.68211,27762.7957,24054.54464,27772.07329
2023-09-21,26599.46,15459.41543,35243.1737,49027.64261,27865.64,18609.5,20264.22,60792.66,27071.572,28397.17667,27783.86155,24074.52989,27785.64909
2023-09-22,26610.73,15316.91734,35304.81097,49078.96915,27857.71,18612.99,20263.62,60790.86,27020.1598,28353.45378,27804.9531,24094.66984,27799.48155
2023-09-23,26592.32,15574.38409,35389.77007,49130.33986,27852.36,18616.16,20263.75,60791.25,26971.6104,28309.89656,27827.31395,24115.93085,27813.24562
2023-09-24,26417.11,15771.51917,35238.6851,49181.75476,27844.34,18621.08,20263.99,60791.97,26919.7318,28267.80789,27850.1241,24136.80511,27827.12
2023-09-25,26304.93,15615.79811,34993.76402,49233.2139,27816.3,18624.81,20261.77,60785.31,26864.3544,28220.47111,27879.7684,24156.48011,27840.78434
2023-09-26,26135.77,16141.91124,34828.23219,49284.7173,27802.85,18626.68,20261.12,60783.36,26804,28175.62856,27909.5265,24175.91588,27854.3426
2023-09-27,26302.54,15983.19957,34554.2586,49336.26498,27789.94,18626.34,20259.54,60778.62,26733.6812,28128.98922,27938.5464,24194.61126,27867.76461
2023-09-28,26957.27,15691.80571,34407.05481,49387.85699,27782.82,18628.61,20260.33,60780.99,26682.4342,28089.34044,27963.9177,24215.10332,27881.72176
2023-09-29,26913.56,15689.29798,34355.65151,49439.49334,27791.38,18628.11,20264.39,60793.17,26630.8986,28048.92256,27977.50895,24235.69841,27895.41142
2023-09-30,26939.23,16139.34554,34186.34538,49491.17408,27790.07,18632.93,20267.05,60801.15,26582.1434,28008.756,27988.6601,24256.73407,27909.26486
2023-10-01,27868.77,15848.11659,34109.7842,49542.89922,27789.19,18645.54,20268.78,60806.34,26550.115,27973.427,28005.9724,24281.01379,27923.88074
2023-10-02,27538.29,15750.66391,34033.01391,49594.6688,27849.6,18633.7,20276.14,60828.42,26516.5756,27936.70767,28018.50405,24302.9333,27938.31697
2023-10-03,27404.87,15893.68064,33825.07387,49646.48285,27838.81,18635.49,20277.6,60832.8,26475.304,27902.20889,28017.87385,24322.46489,27952.65971
2023-10-04,27821.07,15739.05425,33849.12004,49698.3414,27825.89,18681.61,20283.35,60850.05,26448.2142,27876.11378,28021.3148,24343.53016,27967.37016
2023-10-05,27473.83,15879.76684,33876.28902,49750.24447,27829.27,18671.16,20282.75,60848.25,26421.1046,27845.33356,28017.73115,24364.20077,27981.70166
2023-10-06,27890.59,15582.3665,33937.47819,49802.19211,27843.46,18676.2,20288.82,60866.46,26446.4108,27819.66711,28017.8287,24387.23676,27996.26322
2023-10-07,27898.91,15729.93823,33947.66557,49854.18433,27850.68,18688.2,20294.74,60884.22,26484.1984,27794.19689,28016.45835,24410.54915,28010.82881
2023-10-08,27872.38,15979.70544,33978.32313,49906.22117,27855.95,18695.5,20296.22,60888.66,26521.2928,27767.57089,28019.5321,24433.74478,28025.36963
2023-10-09,27549.59,16125.14927,33801.55291,49958.30266,27851.96,18708.36,20302.43,60907.29,26548.8792,27734.27144,28015.724,24456.95533,28039.81201
2023-10-10,27464.86,15974.05235,33770.71717,50010.42882,27843.48,18709.67,20302.48,60907.44,26577.334,27702.419,28015.5683,24480.08016,28054.25703
2023-10-11,26823.47,15902.15741,33802.87426,50062.5997,27815.35,18701.71,20300.61,60901.83,26594.1816,27652.92433,28012.08615,24501.25316,28068.2939
2023-10-12,26655,15960.71924,33810.6928,50114.81531,27797.27,18706.03,20297.13,60891.39,26599.4996,27613.51467,28005.24055,24521.37766,28082.20951
2023-10-13,26886.56,15839.37072,33841.84843,50167.0757,27792.78,18717.52,20296.16,60888.48,26616.6932,27576.40822,28003.77605,24542.71033,28096.24127
2023-10-14,26899.03,16006.82714,33899.96802,50219.38088,27787.86,18722.87,20306.05,60918.15,26634.5348,27539.40678,28002.17725,24564.25382,28110.39744
2023-10-15,27162.65,16262.65325,33957.82344,50271.73089,27789.07,18724.17,20307.19,60921.57,26657.7322,27505.88811,27995.98845,24585.94841,28124.72966
2023-10-16,28506.59,16902.94594,33810.00226,50324.12576,27840.72,18723.63,20316.2,60948.6,26707.489,27491.24467,27998.8855,24610.66357,28140.17808
2023-10-17,28486.91,16970.94523,33798.85644,50376.56551,27876.9,18720.79,20321.96,60965.88,26756.8152,27476.15811,27998.76175,24635.91725,28155.8024
2023-10-18,28210.31,17407.03227,33731.84755,50429.05019,27909.61,18720.04,20329.22,60987.66,26769.7446,27458.01411,27997.29525,24660.98063,28170.77094
2023-10-19,28610.54,17661.7533,33749.56288,50481.57981,27873.57,18720.95,20320.09,60960.27,26797.294,27444.25522,27999.5728,24687.26214,28186.09472
2023-10-20,29595.14,16890.63179,33828.42578,50534.15442,27962.99,18729.37,20334.7,61004.1,26869.2574,27441.562,28008.3382,24715.96016,28202.11439
2023-10-21,29871.36,17005.78729,33879.83891,50586.77403,28002.39,18740.9,20340.39,61021.17,26952.125,27440.23144,28016.8763,24745.28319,28218.34106
2023-10-22,29907.38,17075.9158,33926.35879,50639.43869,28033.04,18748.23,20344.94,61034.82,27033.9936,27448.38833,28025.5375,24773.83242,28234.38906
2023-10-23,33068.38,17218.85968,33762.6264,50692.14841,28198.53,18742.66,20374.46,61123.38,27175.7486,27491.59356,28050.8858,24811.6292,28252.78209
2023-10-24,33948.11,16494.18428,33854.52389,50744.90323,28604.71,18723.28,20447.97,61343.91,27340.4692,27541.22533,28081.225,24849.67324,28271.85928
2023-10-25,34559.67,16544.65329,33880.83977,50797.70319,28762.06,18721.19,20478.03,61434.09,27517.544,27600.97611,28114.55295,24887.38926,28291.41819
2023-10-26,34246.75,16999.43793,33859.93621,50850.5483,28887.02,18723.12,20514.1,61542.3,27688.5204,27656.87444,28143.88205,24925.91203,28310.75759
2023-10-27,33881.23,16849.5721,33897.34239,50903.43861,28958.28,18722.14,20528.88,61586.64,27842.1314,27707.19422,28165.70975,24962.26659,28329.78544
2023-10-28,34136.32,16967.1139,33991.47066,50956.37413,29018.32,18731.72,20540.44,61621.32,28008.105,27762.21589,28185.3752,24999.04577,28348.93715
2023-10-29,34642.26,17150.85405,34030.37198,51009.35491,29061.99,18734.91,20549.95,61649.85,28183.5976,27822.90078,28209.28355,25037.5244,28368.38608
2023-10-30,34515.79,17379.9337,33952.07178,51062.38097,29174.72,18744.92,20568.07,61704.21,28358.894,27881.25778,28230.6355,25076.2256,28387.86564
2023-10-31,34644.16,17375.80853,33963.40132,51115.45234,29260.04,18740.41,20583.76,61751.28,28549.5544,27942.14256,28251.407,25115.26519,28407.49336
2023-11-01,35329.73,17852.7618,34036.92823,51168.56906,29375.67,18750.78,20619.75,61859.25,28738.075,28010.458,28276.8097,25156.90824,28427.61193
2023-11-02,34733.55,17118.38627,34119.47479,51221.73115,29496.51,18750.47,20641.48,61924.44,28907.0594,28073.94422,28299.17415,25196.87082,28447.46918
2023-11-03,34664.73,16900.33539,34335.00465,51274.93864,29599.3,18746.92,20658.34,61975.02,29068.302,28136.763,28324.968,25234.0408,28466.99922
2023-11-04,35065.18,16418.62762,34572.21687,51328.19156,29647.5,18750.23,20666.86,62000.58,29237.3534,28203.33389,28349.0509,25271.7531,28486.80857
2023-11-05,34892.27,16912.86321,34628.53186,51381.48995,29694.81,18754.45,20674.09,62022.27,29403.2308,28267.09811,28379.15685,25309.68434,28506.49472
2023-11-06,35065.17,16052.11863,34625.62057,51434.83383,29770.37,18756.65,20688.45,62065.35,29575.1558,28325.39467,28413.4258,25349.41069,28526.0032
2023-11-07,35428.9,16114.10321,34717.36082,51488.22324,29857.41,18758.03,20704.91,62114.73,29747.0166,28391.05333,28454.3652,25395.79725,28545.51582
2023-11-08,35814.25,15581.93057,34900.89593,51541.6582,29968.96,18764.14,20723.01,62169.03,29918.9184,28461.319,28494.20585,25450.97654,28565.35801
2023-11-09,36670.17,13736.49345,35076.25664,51595.13875,30274.05,18723.35,20777.5,62332.5,30109.5528,28542.35433,28539.81725,25503.02195,28585.96127
2023-11-10,37283.72,15103.86376,35128.78863,51648.66491,30433.23,18727.4,20805.37,62416.11,30323.238,28629.17133,28588.7393,25559.2097,28606.83483
2023-11-11,36761.26,16050.57349,35283.62234,51702.23672,30504.2,18730.45,20816.28,62448.84,30526.2486,28713.01578,28631.53015,25614.10272,28627.35063
2023-11-12,37121.38,16304.23175,35491.91609,51755.85421,30593.06,18741.52,20823.77,62471.31,30736.8298,28798.04833,28675.57585,25671.08313,28648.05605
2023-11-13,36610.19,16046.21856,35428.37487,51809.5174,30673.15,18746.08,20836.61,62509.83,30940.6914,28880.65533,28711.1483,25726.53404,28668.4013
2023-11-14,35511.47,16385.60547,35510.7411,51863.22633,30715.01,18745.89,20845.34,62536.02,31124.8222,28954.90156,28741.89005,25777.92143,28687.48476
2023-11-15,37616.78,16200.95573,35647.23036,51916.98104,30809.7,18746.01,20863.06,62589.18,31354.4424,29077.02933,28784.0035,25835.65857,28708.06512
2023-11-16,36181.04,13534.99743,35853.37303,51970.78154,31066.48,18796.04,20882.93,62648.79,31552.0124,29190.04611,28817.87655,25889.32011,28727.68699
2023-11-17,36445.2,14584.27508,35872.38532,52024.62787,31131.2,18800.71,20893.54,62680.62,31741.771,29305.90767,28859.33875,25943.82126,28747.35321
2023-11-18,36491.31,13565.21659,36031.54173,52078.52006,31170.04,18818.36,20899.81,62699.43,31933.326,29420.58589,28898.9252,25998.10234,28767.05511
2023-11-19,37188.32,15472.70064,36146.19893,52132.45814,31200.77,18826.64,20907.39,62722.17,32138.3078,29544.43256,28939.2292,26055.70242,28787.42831
2023-11-20,37562.04,15521.47501,36119.26539,52186.44215,31314.16,18844.3,20929.13,62787.39,32332.1732,29673.10978,28982.9366,26115.67681,28808.0745
2023-11-21,36027.09,15387.08468,36163.25523,52240.4721,31411.37,18844.01,20957.42,62872.26,32501.9492,29780.19856,29015.47215,26170.40135,28827.58881
2023-11-22,37489.35,15824.51685,36289.82737,52294.54804,31483.71,18832.17,20972.4,62917.2,32703.6388,29907.55933,29058.71765,26227.89473,28848.21062
2023-11-23,37210.16,14854.567,36371.23382,52348.67,31542.83,18838.05,20983.55,62950.65,32891.4206,30032.03944,29100.6691,26284.55593,28868.83205
2023-11-24,37615.3,16631.0013,36337.64934,52402.83799,31629.43,18863.47,20997.53,62992.59,33094.25,30161.06744,29150.8649,26342.52673,28889.68276
2023-11-25,37626.6,16846.42188,36434.87356,52457.05207,31675.58,18885.88,21004.11,63012.33,33288.9702,30290.04356,29201.25715,26400.79033,28910.61082
2023-11-26,37549.6,17782.34348,36519.65366,52511.31224,31714.74,18901.95,21011.89,63035.67,33481.984,30418.14356,29251.1575,26458.77431,28931.31853
2023-11-27,37117.93,18001.6396,36552.65336,52565.61856,31744.42,18913.19,21017.18,63051.54,33666.895,30524.30011,29302.10335,26516.20044,28951.46932
2023-11-28,37999.52,17592.84253,36519.77656,52619.97104,31818.94,18916.58,21033.27,63099.81,33875.8936,30643.92733,29358.70805,26575.48607,28972.10219
2023-11-29,37678.96,17770.91795,36519.88763,52674.36972,31915.96,18915.99,21050.72,63152.16,34080.1756,30773.72722,29412.5734,26631.90069,28992.35197
2023-11-30,37619.91,17617.73865,36536.85028,52728.81463,32057.25,18886.46,21063.01,63189.03,34296.1044,30905.85978,29466.133,26688.62198,29012.41614
2023-12-01,38663.01,17539.0849,36575.91863,52783.3058,32211.29,18888.32,21093.45,63280.35,34536.2646,31048.62711,29523.1995,26748.14497,29033.3566
2023-12-02,39372.9,17658.54884,36740.10534,52837.84325,32265.2,18894.31,21106.88,63320.64,34785.9914,31197.43011,29585.32305,26809.80272,29054.80217
2023-12-03,39848.24,16867.86113,36883.68698,52892.42703,32365.11,18917,21121.86,63365.58,35044.9756,31354.49856,29648.0422,26872.20613,29076.58116
2023-12-04,41716.25,16831.71763,36888.8319,52947.05716,32716.9,18914.87,21187.06,63561.18,35336.0476,31532.391,29722.01585,26940.18093,29099.77339
2023-12-05,44107.95,15616.67652,36983.08411,53001.73368,32976.07,18908.21,21234.25,63702.75,35648.0748,31736.94678,29808.032,27014.65934,29124.75643
2023-12-06,43670.13,14175.55688,37065.20647,53056.45661,33372.79,18889.54,21308.25,63924.75,35951.7392,31931.05178,29890.9135,27088.46201,29149.05856
2023-12-07,43213.31,15347.437,37057.99694,53111.22598,33568.81,18889.73,21346.09,64038.27,36251.7992,32124.11478,29973.03095,27159.96769,29172.97231
2023-12-08,44222.16,16152.58812,37072.33162,53166.04182,33734.24,18888.09,21376.06,64128.18,36564.0316,32328.054,30059.62155,27234.32871,29197.57874
2023-12-09,43734.99,16795.73884,37157.80892,53220.90418,33848.03,18897.55,21397.59,64192.77,36846.8286,32527.87644,30142.1775,27307.33681,29221.75644
2023-12-10,43670.74,16817.79063,37228.5621,53275.81307,33929.55,18919.73,21408.48,64225.44,37122.8162,32734.09422,30228.93255,27380.30736,29245.72117
2023-12-11,41201.74,16684.45707,37132.56949,53330.76853,33989.7,18924.9,21427.09,64281.27,37348.7034,32904.07244,30302.929,27446.3233,29268.10005
2023-12-12,41282.09,17235.94857,37210.75463,53385.77059,34118.78,18922.24,21470.6,64411.8,37512.9776,33070.71422,30376.1103,27510.89025,29290.27554
2023-12-13,43045.34,15595.2122,37373.27528,53440.81927,34198.75,18923.38,21487.22,64461.66,37694.9222,33253.41133,30456.9269,27580.28492,29313.63065
2023-12-14,43100.42,14489.97012,37535.48893,53495.91462,34341.23,18932.7,21510.3,64530.9,37865.7372,33436.60922,30531.78125,27650.9939,29337.11009
2023-12-15,42101.6,13364.47084,37659.4815,53551.05666,34466.91,18930.49,21543.98,64631.94,38022.8342,33608.867,30603.4356,27720.9806,29359.79262
2023-12-16,42177.07,11881.6166,37822.31768,53606.24543,34541.69,18930.22,21558.92,64676.76,38188.751,33783.402,30675.6258,27790.75445,29382.8475
2023-12-17,41637.73,11905.48269,37917.04002,53661.48094,34577.21,18936.73,21564.17,64692.51,38338.7792,33947.86722,30747.79115,27859.04176,29405.53662
2023-12-18,42589.55,13848.87535,37929.64953,53716.76325,34680.12,18953.76,21588.05,64764.15,38497.725,34118.64933,30826.34985,27930.97022,29429.058
2023-12-19,42191.12,13364.9564,38039.39177,53772.09237,34825.01,18947.76,21617.08,64851.24,38651.2316,34285.90122,30901.16665,28000.57019,29451.93599
2023-12-20,43636.28,12844.96239,38159.20974,53827.46833,34972.47,18940.61,21651.17,64953.51,38831.074,34475.19922,30984.0543,28074.33799,29476.20871
2023-12-21,43805.74,13348.58208,38329.97546,53882.89118,35093.9,18939.1,21674.43,65023.29,39000.5942,34666.25489,31067.04545,28148.59368,29500.6303
2023-12-22,43997.82,14430.47979,38346.5168,53938.36093,35226.98,18927.19,21700.75,65102.25,39185.8796,34859.64933,31158.41915,28223.35692,29525.15245
2023-12-23,43686.75,17325.17914,38360.01515,53993.87763,35281.93,18928.64,21715.19,65145.57,39366.32,35051.53422,31241.0093,28297.23978,29549.4553
2023-12-24,43131.89,17311.05617,38403.96044,54049.44129,35438.68,18965.72,21742.95,65228.85,39527.6542,35238.50044,31325.1523,28369.59808,29573.14971
2023-12-25,43647.22,17041.65513,38467.93513,54105.05196,35696.81,19038.14,21751.32,65253.96,39702.7532,35433.07211,31410.4228,28443.3483,29597.43451
2023-12-26,42468.45,16937.47117,38514.78506,54160.70966,35875.23,19038.77,21782.74,65348.22,39850.8188,35612.69333,31490.5151,28514.15467,29621.09199
2023-12-27,43317.98,15393.08422,38641.03218,54216.41443,36018.04,19045.86,21848.74,65546.22,40008.6004,35794.479,31578.03595,28587.76558,29645.74353
2023-12-28,42655.05,15466.92023,38612.40262,54272.16629,36122.4,19047.79,21867.03,65601.09,40145.4164,35969.38444,31661.51795,28659.35832,29669.95044
2023-12-29,41728.38,16726.15988,38655.4021,54327.96529,36330.9,19012.65,21897.03,65691.09,40246.5806,36133.70833,31740.4518,28728.41555,29693.52194
2023-12-30,42163.8,15646.20042,38718.57458,54383.81144,36367.72,19019.2,21908.71,65726.13,40344.1822,36292.542,31822.3504,28798.81863,29717.48711
2023-12-31,42299.41,14822.04894,38854.82576,54439.70478,36441.51,19019.35,21923,65769,40454.9452,36456.55444,31908.3338,28869.43467,29741.6112
2024-01-01,43739.99,15335.29087,38838.31795,54495.64534,36489.69,19019.85,21932.3,65796.9,40587.3174,36638.05578,31999.24535,28943.7483,29766.49354
2024-01-02,45097.72,15924.10435,38703.18712,54551.63315,36722.22,19011.4,21979.99,65939.97,40757.068,36830.01856,32093.20645,29022.0289,29792.46118
2024-01-03,42689.15,16283.8934,38647.07456,54607.66825,36801.3,19008.07,22005.66,66016.98,40900.6216,36999.07767,32173.72785,29093.16942,29816.72189
2024-01-04,44283.24,16985.59717,38527.98057,54663.75066,37255.77,18897.57,22172.95,66518.85,41033.9508,37181.21822,32263.56985,29168.69984,29841.86064
2024-01-05,44124.77,16583.7314,38627.75738,54719.88042,37378.35,18888.12,22201.91,66605.73,41192.8254,37361.50556,32350.7877,29243.2983,29866.85989
2024-01-06,43732.12,17527.82171,38623.85606,54776.05755,37438.29,18892.51,22212.52,66637.56,41338.5638,37537.72489,32428.46405,29316.82137,29891.73293
2024-01-07,43831.77,17223.24561,38630.94205,54832.2821,37491.94,18893.5,22223.26,66669.78,41485.373,37718.638,32497.1636,29390.61953,29917.17376
2024-01-08,46848.75,16481.12614,38662.26882,54888.55408,37646.06,18891.74,22254.77,66764.31,41678.5816,37934.01456,32581.8439,29472.13374,29945.02656
2024-01-09,46036.26,17110.69305,38584.82681,54944.87354,37878.46,18885.82,22307.31,66921.93,41848.066,38147.49,32659.00045,29550.90599,29972.23681
2024-01-10,46844.05,17259.633,38591.33453,55001.2405,38006.21,18881.16,22336.85,67010.55,42064.4052,38371.81278,32740.49175,29631.30113,30000.04181
2024-01-11,46250.77,17477.64625,38600.19397,55057.65499,38199.65,18879.69,22380.52,67141.56,42239.6336,38586.97067,32819.18325,29706.60255,30029.10737
2024-01-12,42649.65,17237.74147,38434.01597,55114.11705,38212.36,18875.91,22385.65,67156.95,42348.4234,38761.97756,32881.40605,29769.3392,30055.55094
2024-01-13,42757.92,16855.11067,38623.30643,55170.62671,38208.3,18878.32,22387.11,67161.33,42451.2758,38935.25833,32942.36945,29829.1875,30082.32492
2024-01-14,42193.45,15035.90452,38740.66391,55227.184,38227.95,18883.83,22390.68,67172.04,42542.6128,39087.33456,33002.4787,29887.74505,30108.62961
2024-01-15,42621.14,16316.56665,38710.67293,55283.78894,38309.31,18890.84,22396.79,67190.37,42644.0436,39244.38156,33063.084,29946.76863,30135.49578
2024-01-16,43233.07,17314.75508,38693.99024,55340.44158,38397.01,18926.32,22501.88,67505.64,42766.3464,39411.30111,33126.62105,30007.26973,30162.49577
2024-01-17,42626.01,16695.73839,38765.01466,55397.14194,38427.78,18905.27,22512.54,67537.62,42858.8762,39567.02856,33186.99525,30067.54456,30189.1146
2024-01-18,41197.14,16719.87527,38748.90565,55453.89005,38640.05,18898.1,22560.01,67680.03,42929.2398,39695.93967,33240.20985,30122.83849,30214.08484
2024-01-19,41664.06,17898.71791,38810.92039,55510.68596,38666.48,18891.04,22570.87,67712.61,43010.1228,39826.96967,33293.28825,30175.13409,30239.41249
2024-01-20,41684.32,16899.11509,38887.78946,55567.52968,38708.86,18894.37,22574.32,67722.96,43070.549,39957.82456,33347.4947,30226.41382,30264.77699
2024-01-21,41657.78,17365.19156,38977.01649,55624.42124,38734.05,18896.68,22577.46,67732.38,43116.2466,40053.26233,33403.2348,30278.62387,30290.32052
2024-01-22,39612.74,16973.86331,38784.17942,55681.36069,38759.09,18884.15,22578.72,67736.16,43111.5366,40116.20267,33450.45035,30324.51549,30314.0057
2024-01-23,39536.15,16834.37394,38743.27071,55738.34805,38733.14,18867.99,22582.16,67746.48,43067.9346,40171.49689,33496.91085,30370.88093,30337.41708
2024-01-24,39900.15,17155.98143,38610.32382,55795.38336,38737.16,18862.43,22624.39,67873.17,42983.7786,40234.31244,33545.40875,30416.94885,30361.1561
2024-01-25,39825.1,17475.03211,38223.52157,55852.46664,38831.48,18863.46,22642.57,67927.71,42906.878,40300.35544,33593.5781,30463.31703,30384.78303
2024-01-26,41736.45,17260.41457,38269.00547,55909.59793,38997.23,18859.46,22658.03,67974.09,42877.3408,40384.80133,33650.91675,30514.62409,30409.83561
2024-01-27,42144.6,17422.08319,38215.34742,55966.77725,39044.49,18861.67,22668.32,68004.96,42835.7896,40468.16067,33708.90705,30567.40791,30435.48922
2024-01-28,41765.6,17301.20064,38309.38775,56024.00465,39100.31,18864.36,22675.99,68027.97,42796.4018,40548.71411,33766.07715,30616.96915,30461.10943
2024-01-29,43118.61,17497.7908,38231.51284,56081.28015,39200.84,18851.12,22693.43,68080.29,42785.3592,40642.87467,33825.28025,30673.10261,30487.29221
2024-01-30,43150.93,17273.0645,38246.76981,56138.60378,39388,18826.31,22752.79,68258.37,42824.343,40729.77689,33890.02555,30728.18288,30513.51383
2024-01-31,42612.5,18004.41733,38206.94717,56195.97558,39516.74,18820.95,22787.75,68363.25,42850.9512,40817.32078,33951.95735,30780.11319,30539.18957
2024-02-01,42982.64,17994.25323,38201.01909,56253.39558,39548.33,18815.09,22793.87,68381.61,42849.6972,40909.742,34015.72475,30833.70448,30565.03099
2024-02-02,43126.66,19486.59448,38251.70591,56310.8638,39606.28,18810.49,22808.33,68424.99,42850.222,40999.314,34080.4614,30887.78868,30591.01273
2024-02-03,43097.18,17347.50194,38338.2536,56368.38029,39663.66,18814.74,22812.86,68438.58,42870.1336,41090.47967,34146.8248,30941.87522,30616.90921
2024-02-04,42639.03,18580.3016,38330.8997,56425.94506,39690.3,18814.86,22818.56,68455.68,42879.3728,41174.63367,34210.79645,30996.07014,30642.52969
2024-02-05,42603.42,19192.13702,38258.04396,56483.55817,39730.7,18812.2,22831.72,68495.16,42898.6866,41254.35056,34274.5972,31050.25953,30667.78291
2024-02-06,43111.32,19608.55277,38162.46349,56541.21962,39782.79,18816.28,22860.99,68582.97,42909.122,41335.42911,34340.9096,31104.98343,30693.45919
2024-02-07,44151.92,19193.54289,38116.51924,56598.92947,39840.81,18812.96,22878.08,68634.24,42948.338,41418.55967,34412.48155,31163.35519,30719.74457
2024-02-08,45250.5,19562.98717,38091.7304,56656.68773,39997.49,18809.32,22910.17,68730.51,42980.6224,41507.07944,34488.7785,31227.60975,30746.83765
2024-02-09,47292.62,19442.75805,37961.94119,56714.49445,40211.48,18802.32,22953.79,68861.37,43050.36,41624.09456,34579.3753,31298.10069,30775.72889
2024-02-10,47812.48,19617.58313,37886.83646,56772.34965,40307.45,18801.87,22973.34,68920.02,43126.6532,41742.88456,34672.53815,31369.43577,30804.98431
2024-02-11,48024.27,20094.09558,37826.37888,56830.25337,40411,18801.33,22994.86,68984.58,43213.4036,41869.70767,34765.25325,31441.45819,30834.2834
2024-02-12,50087.14,19308.79298,37726.64184,56888.20563,40689.66,18790.02,23050.84,69152.52,43352.5086,42031.65956,34869.77845,31519.10335,30865.16997
2024-02-13,49523.84,19522.35316,37670.03154,56946.20647,40897.03,18782.86,23089.77,69269.31,43470.041,42163.96022,34971.31815,31594.30755,30895.63197
2024-02-14,51812.23,19266.62584,37715.92514,57004.25592,41361.22,18753.81,23209.34,69628.02,43656.9166,42337.64011,35083.61705,31670.00159,30927.91226
2024-02-15,51841.06,21453.5024,37681.09456,57062.35401,41609.98,18745.95,23262.45,69787.35,43827.3782,42508.70522,35196.9005,31746.88626,30959.84223
2024-02-16,51924.76,21319.74812,37711.30485,57120.50078,41812.75,18741.95,23300.39,69901.17,44012.7724,42680.188,35310.6212,31822.07602,30991.87441
2024-02-17,51769.11,21778.51872,37683.4276,57178.69626,41903.18,18742.94,23317.15,69951.45,44213.587,42842.19678,35423.14845,31896.79269,31023.67685
2024-02-18,52024.8,21454.13748,37705.93282,57236.94047,42007.36,18743.48,23338.35,70015.05,44410.807,43002.89411,35537.4498,31972.71772,31055.71774
2024-02-19,51861.27,21420.57349,37678.19441,57295.23346,42197.1,18755.1,23415.59,70246.77,44602.0442,43178.82944,35650.84945,32047.04113,31087.87056
2024-02-20,52336.02,21535.16431,37691.37686,57353.57525,42373.68,18756.51,23440.12,70320.36,44773.9648,43343.79244,35767.4306,32124.0925,31120.31689
2024-02-21,51375.57,21993.39077,37769.93862,57411.96587,42532.5,18740.27,23471.75,70415.25,44899.5218,43501.18589,35879.25325,32199.04242,31151.93779
2024-02-22,51302.34,21913.98231,37851.16479,57470.40536,42719.3,18739.98,23517.6,70552.8,45071.7856,43653.26411,35990.39595,32274.5108,31183.20184
2024-02-23,50712.21,21488.63972,37833.91633,57528.89374,42873.4,18716.38,23562.01,70686.03,45200.365,43798.65978,36098.18955,32350.21632,31214.06571
2024-02-24,51523.17,21660.17361,37816.97745,57587.43106,42941.51,18717.29,23575.9,70727.7,45348.333,43953.92167,36206.713,32428.30734,31245.5007
2024-02-25,51844.23,21773.72714,37739.39581,57646.01734,43016.67,18719.7,23590.4,70771.2,45510.5752,44117.54722,36318.33605,32506.27813,31277.06913
2024-02-26,54368.45,21491.02649,37748.01808,57704.65262,43279.39,18718.26,23642.59,70927.77,45721.3088,44299.42422,36442.7266,32591.23975,31310.3627
2024-02-27,56902.04,21230.31974,37825.1924,57763.33692,43831.3,18706.69,23768.38,71305.14,45922.3746,44513.014,36580.35185,32683.90253,31345.4652
2024-02-28,62307.37,20815.24694,37935.73985,57822.07028,45172.31,18669.04,24099.63,72298.89,46247.7968,44787.31911,36744.53775,32790.51516,31383.73366
2024-02-29,61391.14,20773.92265,38100.23935,57880.85274,45790.21,18655.68,24240.97,72722.91,46538.7386,45039.85389,36905.41715,32894.77407,31421.36848
2024-03-01,62396.95,20462.06093,38143.15195,57939.68431,46300.75,18655,24404.39,73213.17,46861.6622,45295.67667,37070.05965,33004.80162,31459.61774
2024-03-02,61817.35,21440.10583,38223.29422,57998.56504,46435.32,18653.9,24429.28,73287.84,47245.0162,45539.77789,37233.2686,33113.20898,31497.39583
2024-03-03,62968.1,20732.33829,38283.19085,58057.49496,46593.98,18654.29,24462.93,73388.79,47649.2198,45775.90956,37403.96255,33224.69747,31536.01019
2024-03-04,67661.77,19697.00669,38363.09324,58116.4741,47317.87,18629.12,24632.21,73896.63,48158.5862,46037.61867,37609.145,33349.06382,31577.98098
2024-03-05,63694.73,19883.57846,38257.183,58175.5025,48128.25,18595.37,24847.22,74541.66,48580.058,46260.11422,37797.571,33463.2797,31617.07691
2024-03-06,66112.71,20164.34287,38317.94197,58234.58017,49148.8,18525.59,25236.64,75709.92,49037.6508,46514.552,37998.04625,33584.86659,31657.65034
2024-03-07,66977.75,20872.69446,38294.14077,58293.70717,49751.17,18517.94,25423.89,76271.67,49524.6856,46767.39189,38202.08365,33712.89319,31698.42371
2024-03-08,68341.14,20821.28022,38387.20124,58352.88351,50302.66,18503.37,25582.55,76747.65,50067.5656,47040.79356,38413.57875,33845.19261,31740.16471
2024-03-09,68389.28,21269.63754,38395.25283,58412.10923,50528.97,18501.63,25636.44,76909.32,50602.07,47315.444,38625.6197,33976.76052,31782.18049
2024-03-10,68626.94,20866.57587,38419.4622,58471.38437,50725.91,18501.14,25696.32,77088.96,51140.9224,47620.16844,38836.8089,34105.17791,31824.97163
2024-03-11,72356.87,21035.0756,38194.96831,58530.70895,51621.2,18477.59,25925.81,77777.43,51754.9042,47965.44378,39068.45885,34237.48989,31870.51222
2024-03-12,71160.16,20808.21895,38087.74006,58590.08301,52126.2,18461.67,26061.22,78183.66,52385.8526,48277.83067,39294.2249,34365.10297,31915.04384
2024-03-13,73181.77,20972.15748,37932.70155,58649.50658,54188.02,18454.51,26544.65,79633.95,53058.765,48612.06789,39530.11985,34499.10148,31960.654
2024-03-14,71457.28,22130.30262,37891.04242,58708.97969,54515.26,18455.73,26662.02,79986.06,53689.9076,48938.24211,39757.3125,34626.64357,32004.71308
2024-03-15,68998.6,22123.63872,37995.84103,58768.50238,54621.91,18445.98,26704.8,80114.4,54273.3776,49236.25911,39972.2025,34740.5658,32047.30555
2024-03-16,65906.54,22348.31444,37929.01597,58828.07468,54733.47,18448,26729.74,80189.22,54756.7794,49505.91256,40163.916,34847.08684,32087.65449
2024-03-17,68338.14,22352.6566,37903.65824,58887.69662,55188.09,18500.05,26800.21,80400.63,55280.6502,49792.008,40369.44135,34957.38239,32129.50361
2024-03-18,67593.88,22261.43461,37975.7594,58947.36823,55400.86,18490.55,26852.39,80557.17,55797.2158,50074.26089,40577.4259,35066.51096,32170.86011
2024-03-19,61772.79,21947.79161,37996.83254,59007.08954,55314.31,18478.71,26842.34,80527.02,56170.2994,50275.77767,40757.64995,35158.81813,32208.06066
2024-03-20,67593.21,22185.87905,37923.39273,59066.86059,55360.16,18461.08,26867.25,80601.75,56659.145,50540.08289,40966.54625,35269.63016,32249.52329
2024-03-21,65317.61,22049.62758,37990.04196,59126.68141,55652.22,18443.41,26939.72,80819.16,57113.2472,50776.96944,41163.23115,35371.2961,32289.68334
2024-03-22,63117.21,22164.74622,38013.33218,59186.55203,55781.86,18472.87,27005.32,81015.96,57515.9386,50992.86344,41350.2568,35469.15657,32328.19846
2024-03-23,64573.27,22556.86194,37943.89941,59246.47249,56036.84,18532.24,27278.91,81836.73,57944.8708,51231.101,41544.5935,35570.95154,32367.74169
2024-03-24,67027.13,22791.32102,37809.61774,59306.44281,56148.81,18547.56,27304.95,81914.85,58423.4698,51490.87778,41751.2395,35678.10266,32409.17389
2024-03-25,69971.81,22228.05196,37767.03418,59366.46304,56726.94,18474.18,27576.68,82730.04,58970.1254,51796.47067,41970.09515,35795.66407,32452.79113
2024-03-26,69993.66,22635.61108,37803.92067,59426.53319,56881.79,18469.44,27630.59,82891.77,59517.9302,52092.86711,42190.87525,35913.17745,32496.48749
2024-03-27,69169.5,22185.93934,37852.78285,59486.65331,57022.71,18465.97,27673.8,83021.4,60039.0938,52387.47211,42407.3846,36025.18044,32539.38171
2024-03-28,70802.18,22487.56244,37874.53497,59546.82343,57318.13,18483.63,27792.55,83377.65,60572.099,52710.51433,42632.64065,36142.9689,32583.14113
2024-03-29,69941.01,22035.50222,37950.36839,59607.04358,57426.37,18487.75,27822.57,83467.71,61065.9092,53019.15,42856.79,36256.7858,32626.35984
2024-03-30,69808.33,22214.6932,37965.74089,59667.31379,57564.34,18499.22,27844.96,83534.88,61516.2234,53324.80467,43076.31315,36370.2603,32669.31877
2024-03-31,70883.31,22353.12793,38067.82504,59727.63409,57662.18,18502.77,27866.97,83600.91,61977.64,53626.39711,43299.30805,36487.64569,32713.20514
2024-04-01,69939.43,21329.66461,37953.97511,59788.00453,57825.95,18474.9,28010.82,84032.46,62415.9432,53902.41611,43515.9922,36603.2978,32755.86569
2024-04-02,65481.48,21573.27321,37916.70137,59848.42512,57869.59,18461.91,28093.53,84280.59,62723.83,54155.66422,43710.33655,36705.81907,32795.84072
2024-04-03,66075.19,21287.75989,38006.3169,59908.89591,57954.97,18456.85,28134.47,84403.41,63054.857,54397.797,43907.7205,36809.94008,32836.17754
2024-04-04,68371.53,21378.24442,37903.49354,59969.41692,58035.98,18456.12,28161.33,84483.99,63386.043,54667.20544,44117.23355,36920.8544,32878.02656
2024-04-05,67617.18,21468.38222,37848.40637,60029.98819,58110.38,18460.59,28180.05,84540.15,63701.5654,54932.595,44321.14015,37030.02173,32919.42224
2024-04-06,69097.04,21689.17601,37846.69508,60090.60975,58214.7,18466.33,28209.55,84628.65,64045.011,55213.32022,44530.52955,37143.21668,32961.87523
2024-04-07,69229.02,21636.37371,37871.10504,60151.28164,58317.03,18479.86,28231.5,84694.5,64394.2092,55461.98989,44740.9824,37255.4367,33004.35244
2024-04-08,71612.7,21237.34146,37934.63425,60212.00388,58582.08,18486.42,28296.32,84888.96,64785.9672,55746.17256,44966.0486,37371.08783,33048.53533
2024-04-09,69115.18,21012.0347,37974.0012,60272.77651,58705.04,18477.58,28332.01,84996.03,65131.0454,55993.62956,45178.57085,37477.98879,33090.9251
2024-04-10,70735.3,21239.16164,38136.48809,60333.59956,58770,18476.04,28353.76,85061.28,65499.031,56265.67989,45399.28575,37590.28195,33134.38933
2024-04-11,70041.8,20402.33035,38312.58266,60394.47307,58886.24,18478.25,28386.81,85160.43,65872.3556,56570.03711,45617.4092,37699.61272,33177.774
2024-04-12,66889.2,19250.23687,38453.80381,60455.39707,58986.02,18483.36,28418.6,85255.8,66184.0928,56838.16244,45820.33055,37799.61091,33218.81083
2024-04-13,64772.36,20808.2762,38516.97744,60516.37158,58978.11,18496.51,28412.42,85237.26,66465.2958,57089.03922,46013.5135,37894.45478,33258.33161
2024-04-14,65357.37,21167.88721,38578.89162,60577.39665,58986.26,18508.61,28413.67,85241.01,66741.9798,57341.664,46208.78765,37990.87431,33298.34289
2024-04-15,63167.57,19673.58391,38692.07749,60638.47231,59043.93,18506.23,28431.8,85295.4,66968.4466,57563.15844,46389.83915,38083.35126,33336.719
2024-04-16,63829.69,20889.75001,38745.4707,60699.59858,59021.89,18507.55,28455.08,85365.24,67157.6714,57798.75489,46574.4198,38175.60701,33375.51834
2024-04-17,61543.89,20591.76085,38875.84576,60760.77551,58982.75,18510.76,28453.49,85360.47,67250.5084,58024.82989,46747.4431,38265.36747,33412.7356
2024-04-18,63712.79,20379.60755,38985.80947,60822.00312,59014.35,18505.94,28482.96,85448.88,67278.6168,58269.81578,46926.6632,38362.89882,33451.56785
2024-04-19,63740.37,20295.90889,39168.29595,60883.28144,59095.48,18512.67,28518.89,85556.67,67325.6014,58514.883,47107.6736,38463.17176,33490.44126
2024-04-20,64627.63,11288.49086,39302.52933,60944.61052,59194.61,18533.37,28525.97,85577.91,67370.215,58770.10356,47293.7874,38564.21986,33529.93524
2024-04-21,64944.5,25537.48943,39387.7568,61005.99039,59307.9,18554.01,28538.2,85614.6,67432.758,59051.56756,47479.40455,38666.9578,33569.67831
2024-04-22,66858.93,29728.7381,39444.88416,61067.42106,59406.26,18560.16,28568.43,85705.29,67510.5746,59355.154,47676.33005,38775.08863,33610.53486
2024-04-23,66208.76,25005.289,39527.24417,61128.90259,59440.18,18559.21,28585.7,85757.1,67481.5144,59647.47189,47867.9209,38879.49981,33650.95136
2024-04-24,63977.66,30524.44096,39536.4257,61190.435,59601.22,18519.08,28728.43,86185.29,67487.173,59915.83367,48048.31465,38977.48173,33690.02471
2024-04-25,64550.29,39733.35227,39543.13509,61252.01833,59632.97,18525.02,28738.44,86215.32,67455.9246,60169.32078,48231.7042,39073.78555,33729.53164
2024-04-26,63815.94,37742.76706,39661.11656,61313.6526,59647.78,18525.71,28745.59,86236.77,67392.6884,60410.11344,48413.03595,39168.43615,33768.58657
2024-04-27,63139.89,40664.10368,39776.19412,61375.33786,59685.93,18537.65,28758.68,86276.04,67288.6634,60647.60556,48591.4111,39261.69385,33807.24854
2024-04-28,63141.28,42370.39333,39777.64489,61437.07413,59803.63,18564.31,28788.21,86364.63,67183.7034,60870.07967,48773.00015,39354.37201,33845.83285
2024-04-29,63811.77,41878.9966,39751.19861,61498.86145,59835.49,18571.59,28802.51,86407.53,67087.4,61099.64456,48958.784,39452.33632,33884.83226
2024-04-30,60419.03,42185.81295,39806.99381,61560.69984,59836.21,18565.97,28815.49,86446.47,66848.6432,61297.49489,49126.44635,39539.82261,33921.47177
2024-05-01,57720.92,44772.38098,39826.66971,61622.58936,59661.69,18565.71,28780.51,86341.53,66579.8584,61461.25356,49280.5558,39618.37591,33956.11118
2024-05-02,59027.41,46271.65558,39793.91409,61684.53001,59651.75,18582.22,28774.38,86323.14,66296.7712,61637.92856,49439.8796,39701.36176,33991.74679
2024-05-03,62959.68,47150.77602,39832.52643,61746.52185,59711.76,18593.57,28790.42,86371.26,66126.8192,61858.623,49612.14505,39793.22907,34030.24467
2024-05-04,63808.4,44576.0009,39925.46924,61808.5649,59842.26,18636.44,28807.58,86422.74,66023.0152,62093.83822,49788.7525,39889.29541,34069.30722
2024-05-05,63923.74,38003.44674,39964.34395,61870.6592,59910.4,18660.47,28816.56,86449.68,65983.3592,62330.73067,49967.31965,39985.73462,34108.49266
2024-05-06,63164.26,44181.88521,39975.93835,61932.80478,59999.8,18681.08,28842.25,86526.75,65879.8816,62553.54111,50140.08825,40083.50418,34146.94941
2024-05-07,62657.09,45395.5935,39952.23893,61995.00167,60040.4,18689.01,28856.16,86568.48,65781.1458,62759.15411,50305.398,40179.95731,34185.10885
2024-05-08,60971.56,45409.79564,39959.13406,62057.2499,60117.19,18698.61,28878.17,86634.51,65765.1212,62933.83256,50460.899,40271.72113,34221.91671
2024-05-09,62681.9,43209.18902,39988.54685,62119.54952,60199.57,18726.46,28887.68,86663.04,65666.895,63104.82456,50624.7716,40369.94404,34260.09326
2024-05-10,60939.4,43746.29504,40067.52902,62181.90054,60367.36,18796,28891.53,86674.59,65579.3308,63250.67922,50764.1267,40464.06717,34297.0158
2024-05-11,60944.68,42941.65068,40082.80771,62244.30302,60396.9,18807.19,28899.46,86698.38,65535.8802,63394.23933,50899.10955,40557.58033,34333.95569
2024-05-12,61213.29,44472.38807,40034.40411,62306.75697,60430.9,18819.07,28911.99,86735.97,65468.6806,63517.86322,51032.37765,40651.82566,34371.04119
2024-05-13,62901.62,43612.38572,39921.50767,62369.26243,60504.6,18830.66,28932.07,86796.21,65386.1704,63666.50522,51175.652,40749.77047,34409.3787
2024-05-14,61657.19,44517.7291,39888.82948,62431.81944,60532.27,18833.83,28949.44,86848.32,65219.878,63775.89367,51314.5318,40845.12486,34446.81771
2024-05-15,66039.73,43855.5586,39899.77654,62494.42802,60619.63,18843.17,29032.41,87097.23,65140.7994,63933.65667,51474.04885,40951.54058,34487.40198
2024-05-16,65307.39,44806.34035,39912.17506,62557.08822,60801.53,18860.96,29073.13,87219.39,65063.5572,64082.35256,51627.3745,41056.99626,34527.53363
2024-05-17,66829.74,44152.10552,39901.87268,62619.80006,60897.65,18869.83,29106.68,87320.04,64984.1084,64249.69289,51788.94425,41166.68038,34568.74506
2024-05-18,66834.98,44156.01516,39857.9208,62682.56359,60971.93,18889.85,29119.01,87357.03,64921.9878,64414.25044,51949.89835,41275.85937,34609.95819
2024-05-19,66137.9,45476.51712,39765.31121,62745.37882,61045.97,18906.81,29136.47,87409.41,64848.5792,64572.87967,52103.9392,41383.95849,34650.62918
2024-05-20,70034.2,44510.17043,39746.29504,62808.2458,61212.69,18933.48,29181.77,87545.31,64831.597,64769.52611,52280.44245,41502.44794,34694.12366
2024-05-21,69983.07,43575.68458,39703.57055,62871.16456,61483.85,18935.45,29263.93,87791.79,64832.4698,64976.27611,52457.03415,41619.91846,34737.43343
2024-05-22,69142.47,44159.37761,39672.6997,62934.13513,61627.87,18954.57,29307.1,87921.3,64905.6896,65174.49978,52627.4206,41737.56335,34780.00119
2024-05-23,67595.32,44295.75593,39673.9928,62997.15754,61679.07,18951.58,29340.1,88020.3,64936.0922,65362.08989,52790.93585,41850.73058,34821.44104
2024-05-24,68600.7,45291.28988,39703.60683,63060.23184,61774.38,18973.67,29363.2,88089.6,64940.6756,65551.84022,52958.6135,41965.99121,34863.62015
2024-05-25,69168.11,44912.66535,39761.60352,63123.35804,61874.26,18998.8,29376.85,88130.55,64971.6942,65744.32778,53127.30955,42082.16179,34906.12108
2024-05-26,68414.01,45132.00152,39809.92826,63186.5362,61959.21,19022.96,29399.22,88197.66,64958.0336,65900.38956,53290.30835,42192.83338,34947.91892
2024-05-27,69246.52,44976.99381,39811.47278,63249.76633,62099.51,19046.37,29437.73,88313.19,64958.3836,66037.55044,53453.1901,42306.77786,34989.38536
2024-05-28,68382.77,45545.56407,39774.5974,63313.04847,62389.12,19238.93,29945.64,89836.92,64893.785,66105.05489,53608.68535,42418.43648,35030.39531
2024-05-29,67572.59,42906.31038,39903.36281,63376.38267,62469.27,19258.3,29961.33,89883.99,64862.9332,66173.73767,53762.742,42529.33739,35070.64031
2024-05-30,68365,43344.94801,39995.31105,63439.76894,62537.87,19261.92,29984.22,89952.66,64815.5272,66240.04933,53918.9601,42643.31319,35111.54018
2024-05-31,67482.91,40982.733,40090.26628,63503.20732,62602.42,19278.47,30002.77,90008.31,64764.3494,66303,54073.3237,42753.90426,35151.64905
2024-06-01,67605.06,41212.48141,40190.39963,63566.69786,62679.29,19303.38,30012.15,90036.45,64778.6666,66354.52178,54233.79165,42865.29522,35191.59405
2024-06-02,67663.45,41978.03767,40219.51822,63630.24057,62770.13,19334.37,30024.9,90074.7,64836.4884,66354.54044,54384.025,42976.43791,35231.9986
2024-06-03,69040.69,41902.23084,40226.5603,63693.8355,62955.19,19348.38,30084.61,90253.83,64910.1548,66413.94,54548.32325,43095.44234,35273.29731
2024-06-04,70618.15,42143.19949,40283.89265,63757.48267,63119.2,19367.18,30125.5,90376.5,65059.1664,66464.00044,54719.188,43214.8089,35315.73005
2024-06-05,70924.85,39538.9373,40379.1975,63821.18213,63271.56,19375.25,30176.04,90528.12,65201.0696,66507.85711,54891.3557,43337.3956,35358.07514
2024-06-06,70812.54,40005.06787,40459.57161,63884.9339,63415.39,19367.84,30260.07,90780.21,65386.4426,66535.31711,55059.4768,43458.87753,35400.25763
2024-06-07,69206.05,26394.55088,40571.53571,63948.73802,63542.74,19389.23,30299.88,90899.64,65496.3078,66544.39233,55217.69685,43576.33923,35441.39217
2024-06-08,69215.61,35097.94918,40635.49381,64012.59453,63599.39,19414.53,30311.72,90935.16,65605.8126,66550.93311,55383.63945,43695.57495,35482.4392
2024-06-09,69727.75,39500.34065,40682.12704,64076.50345,63677.73,19446.44,30323.72,90971.16,65707.815,66521.72067,55544.83145,43815.81973,35523.91927
2024-06-10,69305.69,39077.22745,40662.35451,64140.46482,63746.27,19461.51,30341.84,91025.52,65795.0388,66501.11544,55705.3091,43934.95181,35564.93328
2024-06-11,67310.77,40339.75541,40635.42498,64204.47867,63752.99,19473.11,30405.08,91215.24,65804.0756,66435.88211,55853.78645,44049.03613,35604.89989
2024-06-12,68324.24,41102.85223,40623.27032,64268.54505,63817.89,19469.11,30435.38,91306.14,65846.3852,66401.07056,56007.27465,44167.77654,35645.42047
2024-06-13,66835.56,39922.39369,40686.12963,64332.66397,63879.9,19488.95,30443.98,91331.94,65903.5432,66377.03678,56153.70445,44281.17731,35684.76881
2024-06-14,66047.82,41019.53573,40797.83229,64396.83548,64099.77,19571.3,30452.87,91358.61,65933.4938,66378.60656,56298.3539,44390.35951,35723.54763
2024-06-15,66089.7,40624.44672,40783.01271,64461.0596,64152.87,19589.86,30466.5,91399.5,65978.969,66353.62389,56438.8048,44498.88926,35762.2635
2024-06-16,66785.82,41946.30128,40567.89235,64525.33638,64486.22,19690.2,30473.41,91420.23,66051.8876,66344.64544,56584.3391,44610.07327,35801.47756
2024-06-17,66525.71,42644.97672,40396.00565,64589.66585,64509.11,19699.54,30484.85,91454.55,66119.5762,66397.45567,56728.8681,44719.53621,35840.19736
2024-06-18,65213.01,41718.05414,40311.50945,64654.04804,64463.81,19701.14,30483.18,91449.54,66147.601,66371.009,56861.6181,44821.22896,35878.18384
2024-06-19,64723.51,42128.34932,40323.14853,64718.48298,64465.2,19688.32,30499.03,91497.09,66233.6906,66364.40789,56988.37115,44916.37085,35916.01786
2024-06-20,64763.79,41747.39243,40301.05741,64782.9707,64517.28,19700.59,30506.34,91519.02,66374.548,66382.70322,57112.9489,45012.11563,35953.79488
2024-06-21,63892.08,42606.19803,40306.15091,64847.51126,64628.94,19736.69,30526.03,91578.09,66471.8414,66375.13444,57223.82805,45103.56379,35991.069
2024-06-22,64348.82,43366.92647,40288.98717,64912.10466,64737.4,19742.64,30614.82,91844.46,66499.6242,66345.37544,57325.0324,45196.42926,36028.72193
2024-06-23,63614.62,43137.66013,40271.08806,64976.75096,64780.59,19755.8,30617.35,91852.05,66495.7486,66274.74,57424.75485,45287.36923,36065.85429
2024-06-24,60245.89,43465.76535,40134.01223,65041.45018,64635.87,19755.94,30600.89,91802.67,66422.1916,66166.43144,57509.91775,45369.8989,36100.49179
2024-06-25,61735.23,43251.59322,40086.42617,65106.20235,64595.51,19759.04,30595.61,91786.83,66393.611,66083.82844,57597.4831,45455.53074,36136.47812
2024-06-26,60930.82,42919.78303,40111.70357,65171.00752,64550.74,19756.64,30599.53,91798.59,66359.0856,65974.14667,57683.46225,45540.03409,36171.79822
2024-06-27,61640.89,43051.17696,40078.51862,65235.86572,64515.56,19757.56,30652.71,91958.13,66372.4722,65881.92311,57773.313,45625.58577,36207.72705
2024-06-28,60242.22,44387.08554,40108.0974,65300.77697,64507.35,19767.55,30659.4,91978.2,66323.6786,65775.633,57868.5154,45707.22467,36242.55246
2024-06-29,60946.03,43531.53563,40090.63169,65365.74132,64594.15,19796.93,30662.63,91987.89,66323.8112,65665.21878,57966.8351,45790.72703,36277.88236
2024-06-30,62747.75,43787.04261,40093.22029,65430.75879,64619.09,19801.39,30669.3,92007.9,66359.8726,65585.31122,58065.34715,45879.1708,36314.37869
2024-07-01,63063.53,44956.94593,40093.99171,65495.82943,64694.04,19805.41,30694.7,92084.1,66396.8774,65558.44511,58165.1627,45967.12451,36351.10799
2024-07-02,61864.77,43902.33224,40017.1162,65560.95326,64671.61,19807.95,30695.88,92087.64,66376.1404,65511.66267,58263.97855,46052.34907,36386.72301
2024-07-03,60256.35,43970.11865,39943.4147,65626.13033,64630.09,19822.57,30721.05,92163.15,66348.1236,65421.494,58354.37495,46134.07047,36421.63814
2024-07-04,58125.77,43846.22598,39922.57092,65691.36065,64461.36,19766.02,30730.22,92190.66,66189.8444,65316.03389,58436.81515,46210.87305,36455.49551
2024-07-05,56806.31,41985.96671,39956.1961,65756.64428,64216.04,19781.39,30723.03,92169.09,66019.8228,65179.47022,58507.89895,46283.84629,36488.58811
2024-07-06,58224.41,41999.28531,39917.38299,65821.98123,64263.27,19805.31,30724.86,92174.58,65847.7162,65057.19678,58588.0654,46360.83486,36522.95891
2024-07-07,56276.25,42384.41405,39896.19505,65887.37156,64295.23,19824.86,30730.52,92191.56,65636.5416,64886.79178,58651.26525,46432.49701,36555.84781
2024-07-08,56794.76,42012.97202,39819.76877,65952.81528,64200.06,19842.11,30704.22,92112.66,65449.6788,64749.89822,58716.21035,46505.37074,36589.01749
2024-07-09,58014.39,42380.06141,39729.05651,66018.31244,64182.06,19848.65,30724.93,92174.79,65209.2826,64608.55478,58786.2932,46580.83187,36623.23556
2024-07-10,57540.79,41985.97662,39739.24449,66083.86306,64177.46,19863.9,30740.09,92220.27,64960.437,64469.65467,58855.5634,46655.58245,36657.02152
2024-07-11,57405.23,42068.92229,39767.28994,66149.46719,64187.17,19890.01,30739.82,92219.46,64725.6922,64364.27722,58926.9301,46727.36058,36690.63204
2024-07-12,57653.23,42437.33564,39749.2551,66215.12486,64177.35,19908.03,30746.18,92238.54,64526.8504,64285.17578,58996.96015,46802.7764,36724.41645
2024-07-13,59324.46,41584.28956,39771.60267,66280.8361,64270.1,19973.15,30757.28,92271.84,64341.3256,64218.14344,59081.2402,46882.71684,36759.32309
2024-07-14,60967.75,42193.21885,39602.54386,66346.60094,64370.97,20028.98,30773.39,92320.17,64177.3184,64193.701,59169.48905,46967.16352,36795.48829
2024-07-15,64497.88,42100.45788,39508.15163,66412.41942,64545.7,20054.71,30827.36,92482.08,64098.9958,64201.12533,59278.7032,47061.44525,36833.94297
2024-07-16,64866.72,42707.16396,39461.87779,66478.29158,64681,20065.74,30864.71,92594.13,64011.3998,64238.04567,59394.3949,47157.71508,36872.55413
2024-07-17,64292.12,42074.57626,39412.49268,66544.21745,64756.26,20075.79,30900.54,92701.62,63929.5868,64244.48267,59505.0365,47252.35085,36910.63425
2024-07-18,63863.23,43903.41417,39283.75914,66610.19706,64793.03,20081.27,30929.86,92789.58,63855.3996,64245.84778,59612.8556,47345.81228,36948.41946
2024-07-19,66804.53,43798.73194,39272.83063,66676.23044,64911.71,20100.33,30997.22,92991.66,63824.1902,64270.03556,59728.1783,47447.3389,36988.32205
2024-07-20,66921.57,43787.34309,39211.5276,66742.31764,64997.18,20118.33,31019.91,93059.73,63812.9634,64292.003,59837.29755,47549.21813,37028.20575
2024-07-21,68067.98,44351.98771,39202.83714,66808.45868,65102.2,20165.88,31036.09,93108.27,63822.2218,64305.43689,59964.1917,47653.82492,37069.07104
2024-07-22,67574.69,43583.28851,39127.47273,66874.65361,65214.56,20183.39,31071.55,93214.65,63820.4466,64320.61389,60080.64895,47759.32335,37109.85152
2024-07-23,66034.69,43722.93771,39170.00808,66940.90245,65267.52,20199.28,31172.93,93518.79,63760.3266,64343.46978,60190.19855,47860.57275,37149.52906
2024-07-24,65306.58,43942.54456,39168.99235,67007.20523,65314.79,20206.94,31191.62,93574.86,63654.0952,64351.873,60298.07085,47958.99398,37188.86465
2024-07-25,65633.47,43735.14252,39207.17735,67073.56201,65302.95,20230.95,31194.01,93582.03,63548.2676,64372.06778,60407.07935,48059.13511,37228.10125
2024-07-26,67719.78,45931.56255,39266.48771,67139.97279,65506.56,20321.44,31237.1,93711.3,63486.4124,64422.95544,60511.4345,48164.915,37268.82327
2024-07-27,68376.55,43723.23774,39298.61982,67206.43764,65751.57,20735.67,31266.35,93799.05,63469.8224,64481.12511,60623.13595,48272.12407,37310.00661
2024-07-28,68129.45,43878.08927,39347.30872,67272.95656,65788.89,20850.8,31275.19,93825.57,63448.0992,64529.09933,60729.56295,48379.11604,37351.01378
2024-07-29,66850.73,43796.48948,39327.62238,67339.52961,65970.52,20951.01,31326.67,93980.01,63390.5588,64600.56267,60832.56275,48482.60536,37391.01663
2024-07-30,66113.52,44328.80452,39377.51674,67406.15682,65905.53,20902.97,31339.69,94019.07,63326.7154,64693.81378,60949.8821,48583.84124,37430.53206
2024-07-31,64620.36,48182.15825,39377.92939,67472.83821,65903.11,20923.06,31345.84,94037.52,63272.9072,64755.95767,61059.1943,48681.24736,37469.02185
2024-08-01,65104.83,48421.40148,39370.96016,67539.57383,65788.13,21014.6,31356.3,94068.9,63208.519,64779.79267,61173.7512,48779.93827,37507.95383
2024-08-02,61880.78,48419.91743,39359.43063,67606.36371,65764.93,21235.02,31357.93,94073.79,63109.4234,64758.37467,61270.0494,48870.21571,37544.59939
2024-08-03,60579.01,48531.096,39345.53948,67673.20789,65691.09,21594.03,31359.09,94077.27,63000.0472,64721.211,61356.7791,48956.94091,37580.30891
2024-08-04,58448.99,48325.9465,39331.74722,67740.10639,65583.3,21764.22,31353.86,94061.58,62847.233,64668.81911,61435.894,49037.64198,37614.44714
2024-08-05,54779.1,49744.21035,39316.8432,67807.05926,64759.81,21838.59,31253.98,93761.94,62607.0986,64581.28589,61503.8038,49108.04201,37645.91696
2024-08-06,56187.1,48209.91633,39288.33128,67874.06652,64645.36,21865.22,31238.63,93715.89,62400.3264,64528.12522,61576.419,49180.48327,37678.48289
2024-08-07,55049.37,48120.73634,39233.88927,67941.12822,64530.92,21906.14,31247.83,93743.49,62197.0536,64443.31933,61643.24425,49250.61995,37710.21456
2024-08-08,62167.49,48040.54186,39277.65121,68008.24438,64416.16,22168.56,31271.84,93815.52,62145.9332,64456.96478,61745.7928,49340.39234,37746.86594
2024-08-09,60475.19,48834.49318,39298.78977,68075.41504,64439.36,22266.23,31302.17,93906.51,62060.1612,64451.74822,61850.10505,49425.82695,37782.14747
2024-08-10,60946.65,48304.06875,39321.21558,68142.64025,64244.43,22556.08,31342.64,94027.92,62001.2526,64448.78556,61957.15755,49512.30074,37817.58001
2024-08-11,58863.85,48780.4264,39253.15823,68209.92002,64094.43,22764.35,31342.58,94027.74,61891.5532,64403.92144,62051.97605,49593.75291,37851.51606
2024-08-12,59023.73,48533.6503,39154.33699,68277.2544,64036.68,22824.33,31347.27,94041.81,61799.7354,64374.66078,62147.9692,49674.94874,37885.37264
2024-08-13,60456.29,48278.19241,39123.6879,68344.64342,63915.32,22841.46,31338.74,94016.22,61803.9434,64312.62256,62241.5684,49760.88481,37920.37162
2024-08-14,58894.3,46165.97651,39174.23295,68412.08711,63861.95,22873.9,31338.11,94014.33,61747.1248,64241.366,62325.3169,49843.48093,37954.32065
2024-08-15,57534.86,46549.91403,39161.77279,68479.58551,63740.45,22961.64,31330.73,93992.19,61679.2056,64138.08956,62404.1632,49928.39736,37987.22266
2024-08-16,58909.7,46458.60168,39194.80034,68547.13866,63694.19,23013.28,31330.74,93992.22,61624.5818,64050.03089,62483.11865,50018.78245,38021.19104
2024-08-17,59515.52,46337.25818,39252.79801,68614.74659,63682.45,23059.96,31332.19,93996.57,61610.0478,63976.44889,62564.9416,50110.80953,38055.59346
2024-08-18,58992.06,46965.79191,39322.78841,68682.40933,63667.16,23121.55,31337.84,94013.52,61570.9684,63853.75844,62646.8394,50200.97929,38089.53301
2024-08-19,59057.03,46406.92628,39289.03705,68750.12693,63594.03,23182.28,31334.38,94003.14,61497.154,63732.358,62727.21135,50291.67959,38123.33044
2024-08-20,59091.94,46078.28524,39354.23256,68817.8994,63563.41,23432.7,31339.57,94018.71,61417.7222,63620.68544,62807.03775,50382.64346,38157.04023
2024-08-21,61088.04,46833.82516,39409.99608,68885.7268,63534.98,23460.79,31348.09,94044.27,61402.1876,63548.38233,62896.99205,50477.97022,38191.46154
2024-08-22,60296.82,39197.7209,39437.45767,68953.60915,63455.62,23699.73,31362.58,94087.74,61402.997,63456.117,62985.281,50572.11841,38225.19135
2024-08-23,64131.27,46736.68638,39474.17159,69021.54649,63472.96,23767.67,31393.75,94181.25,61523.107,63400.15211,63092.92025,50676.85555,38261.77541
2024-08-24,63848.08,46936.46718,39529.92321,69089.53885,63562.46,23805.35,31420.94,94262.82,61663.9424,63349.41956,63196.60405,50780.82615,38298.05768
2024-08-25,64551.06,46275.41828,39576.63074,69157.58627,63532.53,23878.39,31428.49,94285.47,61790.4754,63297.24778,63298.59975,50886.68415,38334.85902
2024-08-26,63081.19,46466.14106,39538.6204,69225.68878,63548.01,23894.52,31445.04,94335.12,61926.5742,63238.34133,63387.7532,50988.49896,38370.61462
2024-08-27,59537.48,46246.28771,39534.98377,69293.84642,63470.17,23713.79,31435.84,94307.52,61981.4286,63149.06233,63448.9775,51076.33863,38403.38298
2024-08-28,58969.99,48327.74423,39488.53062,69362.05923,63295.9,23729.88,31417.12,94251.36,62000.5406,63044.67333,63504.76505,51163.52797,38436.05264
2024-08-29,59306.92,47882.28483,39542.68887,69430.32723,62876.02,24379.13,31461.9,94385.7,62035.8632,62953.829,63561.1783,51255.03882,38468.78052
2024-08-30,59010.21,47606.85294,39469.55141,69498.65047,62813.18,24410.17,31461.68,94385.04,62067.9628,62858.33067,63605.79365,51346.47352,38501.21556
2024-08-31,58886.32,49434.35474,39522.26281,69567.02898,62785.61,24446.34,31469.03,94407.09,62092.6246,62760.807,63652.60605,51437.33168,38533.42167
2024-09-01,57501.2,45524.9611,39524.19304,69635.46279,62693.1,24508.69,31462.81,94388.43,62056.1594,62632.59044,63681.0509,51523.92665,38564.65706
2024-09-02,59042.05,45796.25271,39499.17638,69703.95193,62615.38,24533.85,31458.11,94374.33,62017.6454,62503.96711,63717.05585,51615.4925,38597.0907
2024-09-03,57574.77,45362.15449,39543.41733,69772.49646,62510.32,24543.76,31451.9,94355.7,61879.1832,62355.63289,63745.3059,51703.04426,38628.27703
2024-09-04,58167.62,45740.03186,39562.18172,69841.09639,62434.45,24553.88,31452.54,94357.62,61745.2012,62215.13378,63777.29845,51792.2467,38659.73816
2024-09-05,56158.18,45185.41648,39593.30859,69909.75176,62298.36,24589.69,31442.25,94326.75,61582.5224,62070.15744,63797.96535,51874.54753,38688.69984
2024-09-06,53720.55,46050.05795,39638.21202,69978.46261,62069.22,24619.11,31428.25,94284.75,61379.6688,61897.99011,63807.26175,51951.14893,38715.8912
2024-09-07,53905.07,45871.07011,39684.56914,70047.22898,61993.33,24647.74,31422.51,94267.53,61121.6796,61722.18256,63815.107,52028.17486,38743.8135
2024-09-08,54890.73,45634.47551,39735.02134,70116.05089,61931.39,24677.89,31419.48,94258.44,60881.0628,61562.01633,63832.6828,52108.22915,38771.96409
2024-09-09,57139.21,45808.21894,39644.51335,70184.92839,61871.67,24707.6,31439.36,94318.08,60662.4874,61448.999,63861.86715,52196.21835,38801.84046
2024-09-10,57568.08,45448.45046,39627.98716,70253.86151,61802,24714.79,31436.21,94308.63,60462.3552,61329.48611,63896.1465,52283.20841,38832.02986
2024-09-11,57498.03,46916.00631,39668.29658,70322.85029,61732.43,24723.86,31432.49,94297.47,60291.622,61225.73578,63926.0208,52368.96033,38861.87811
2024-09-12,58195.27,47324.02018,39684.0474,70391.89475,61760.56,24740.81,31446.32,94338.96,60149.3958,61138.48522,63957.776,52455.75338,38891.84941
2024-09-13,60334.27,46924.30309,39626.70476,70460.99494,61778.19,24761.22,31480.97,94442.91,60043.4118,61074.536,63987.6051,52548.3953,38923.31755
2024-09-14,60144.97,47462.52311,39673.85378,70530.15089,61800.76,24776.9,31490.7,94472.1,59891.9156,61000.74878,64003.81975,52640.55621,38954.82119
2024-09-15,59103.76,47206.33892,39664.84171,70599.36263,61799.95,24844.88,31497.45,94492.35,59706.4598,60918.28267,63987.8017,52730.21236,38985.60799
2024-09-16,58127.12,47434.80595,39685.77934,70668.63021,61720.89,24877.19,31501.97,94505.91,59506.4132,60839.55056,63971.4816,52816.17736,39015.14616
2024-09-17,60240.9,47325.89707,39627.84745,70737.95365,61777.15,24875.17,31523.87,94571.61,59374.2166,60789.74378,63960.70135,52906.89643,39045.58741
2024-09-18,60705.02,47755.35198,39626.62916,70807.33299,61811.7,24873.19,31544.69,94634.07,59266.0466,60744.64633,63955.1397,52999.11228,39076.25076
2024-09-19,63053.58,47005.94567,39637.72765,70876.76827,61989.77,24890.77,31588.91,94766.73,59234.711,60735.32967,63955.5671,53099.26096,39108.57767
2024-09-20,63105.98,46855.63116,39587.32697,70946.25953,62113.99,24896,31640.06,94920.18,59194.734,60721.52033,63932.78815,53199.52264,39140.35057
2024-09-21,63156,47509.32373,39632.12393,71015.80679,62139.64,24921.55,31654.84,94964.52,59220.2384,60716.42456,63930.0945,53299.97231,39172.15215
2024-09-22,63628.04,47598.47619,39676.45261,71085.41009,62144.34,24940.65,31662.93,94988.79,59281.219,60754.004,63917.67115,53402.20014,39204.31256
2024-09-23,63159.89,47041.60721,39578.58475,71155.06947,62213.03,24912.6,31704.43,95113.29,59375.437,60769.83356,63898.58185,53503.45003,39236.27972
2024-09-24,64461.12,47439.2669,39550.85905,71224.78496,62271.2,24918.23,31724.6,95173.8,59569.0774,60809.05911,63879.18175,53608.73945,39268.65748
2024-09-25,63088.87,44972.05644,39564.44731,71294.55661,62363.87,24905.45,31768.17,95304.51,59707.1128,60825.14778,63852.6797,53709.8008,39300.3025
2024-09-26,64957.31,46760.90484,39594.4465,71364.38443,62455.37,24921.87,31804.85,95414.55,59905.2716,60877.53767,63834.33155,53814.19651,39334.45599
2024-09-27,65902.26,44486.11423,39638.57675,71434.26848,62605.63,24930.78,31839.8,95519.4,59979.967,60932.60689,63802.0585,53921.30832,39369.39511
2024-09-28,65618,44525.65912,39707.29279,71504.20879,62729.54,24943.77,31866.41,95599.23,60082.8232,60964.49856,63774.3477,54027.56868,39403.56769
2024-09-29,65562.5,44937.69048,39687.07837,71574.20538,62777.22,24994.7,31875.33,95625.99,60175.1402,60992.26489,63736.25135,54131.12288,39437.40924
2024-09-30,63378.53,44868.34843,39700.87977,71644.2583,62758.78,25005.37,31881.41,95644.23,60265.4338,61009.08444,63695.8576,54229.58508,39468.74572
2024-10-01,60913.79,48310.5296,39682.19717,71714.36758,62716.83,25010.66,31881.99,95645.97,60303.235,61016.38933,63655.43355,54321.64255,39498.78929
2024-10-02,60823.07,48096.50391,39675.69207,71784.53326,62637.38,25003.63,31872.7,95618.1,60310.5706,61046.35933,63630.0162,54412.30739,39528.55235
2024-10-03,60917.91,48339.19603,39699.90221,71854.75537,62556.5,25009.11,31866.81,95600.43,60351.0428,61092.04378,63592.91505,54504.18673,39558.14921
2024-10-04,62216,48695.89677,39729.24871,71925.03396,62563.19,25021.83,31885.14,95655.42,60444.6656,61136.39478,63566.02565,54598.48731,39589.15684
2024-10-05,61863.79,47559.62375,39834.90597,71995.36904,62576.48,25064.77,31892,95676,60503.7474,61198.47856,63566.48065,54691.79742,39619.73424
2024-10-06,62601.52,47796.36774,39887.49307,72065.76067,62582.35,25076.21,31898.49,95695.47,60565.4674,61262.99811,63541.5222,54787.20714,39650.67108
2024-10-07,62895.29,48145.58145,39895.0123,72136.20887,62662.27,25086.16,31919.99,95759.97,60643.532,61317.23033,63529.4106,54884.31071,39681.95766
2024-10-08,62287.41,47256.80811,39866.02411,72206.71368,62624.78,24970.64,32188.44,96565.32,60708.1396,61369.97056,63525.2616,54979.97706,39713.02509
2024-10-09,60765.56,49298.07607,39904.64325,72277.27514,62604,24933.4,32200.53,96601.59,60741.612,61407.30756,63506.22305,55073.22456,39743.14051
2024-10-10,60255.65,48584.51004,39913.5314,72347.89328,62509.51,24920.14,32185,96555,60724.9642,61436.22333,63472.36565,55165.53404,39773.05734
2024-10-11,62391.21,46415.28428,39886.15204,72418.56813,62529.61,24884.2,32268.32,96804.96,60766.852,61470.29833,63434.46265,55263.07429,39804.73703
2024-10-12,63082.97,46161.26719,39960.6706,72489.29975,62543.14,24930.44,32294.08,96882.24,60745.886,61493.80078,63399.9092,55362.48071,39836.35121
2024-10-13,62629.18,48036.17017,39962.31155,72560.08815,62539.87,24951.75,32304.69,96914.07,60721.508,61473.03744,63367.2076,55459.91624,39867.45694
2024-10-14,66063.83,48304.38506,39908.35159,72630.93337,62641.53,24965.68,32340.05,97020.15,60751.7634,61486.33867,63343.51585,55563.09547,39900.88984
2024-10-15,66791.37,48545.20812,39816.63348,72701.83546,62836.42,24969.64,32418.45,97255.35,60825.967,61514.10811,63327.76765,55668.3275,39934.68972
2024-10-16,67619.03,45853.86797,39881.76898,72772.79445,63000.91,24974.78,32463.91,97391.73,60987.598,61555.83922,63316.82115,55776.59321,39967.72891
2024-10-17,67375.77,45140.00212,39865.38844,72843.81036,63069.41,24999.85,32496.14,97488.42,61155.7136,61562.18633,63299.28345,55883.0911,39999.59278
2024-10-18,68383.55,47957.38679,39884.63174,72914.88325,63166.71,25025.41,32533.88,97601.64,61337.2462,61578.43056,63291.50405,55989.65266,40032.06414
2024-10-19,68391.8,49365.17596,39893.876,72986.01313,63201.03,25049.58,32557.62,97672.86,61524.878,61582.02856,63306.05565,56095.47805,40063.83764
2024-10-20,69130.9,49835.58639,39846.63775,73057.20006,63251.11,25064.12,32634.13,97902.39,61729.7696,61599.31978,63321.3342,56203.23497,40096.439
2024-10-21,67596.15,49177.51494,39819.6001,73128.44407,63347.48,25087.25,32726.31,98178.93,61931.6686,61616.66933,63317.4573,56298.09148,40128.19279
2024-10-22,67619.85,50543.27247,39891.71035,73199.74518,63398.79,25092.29,32749.29,98247.87,62103.2246,61642.37233,63317.47065,56390.59626,40159.62024
2024-10-23,66478.87,51249.35237,39852.95165,73271.10344,63397.42,25111.13,32763.56,98290.68,62281.3066,61651.76567,63304.3798,56478.28637,40190.377
2024-10-24,68186.55,47840.09279,39846.12876,73342.51889,63446.37,25127.01,32787.27,98361.81,62481.6852,61656.952,63299.16745,56571.52758,40222.23809
2024-10-25,66459.12,50309.22298,39800.5499,73413.99156,63489.67,25150.76,32812.31,98436.93,62687.704,61635.64722,63273.39955,56661.02728,40252.17006
2024-10-26,66857.48,51597.15505,39785.35279,73485.52148,63489.05,25166.33,32821.78,98465.34,62950.4426,61621.51422,63262.11105,56750.92058,40281.02289
2024-10-27,67833.2,52260.81679,39773.95274,73557.10869,63461.41,25261.57,32832.4,98497.2,63229.0052,61632.43056,63247.60055,56842.10448,40310.58507
2024-10-28,69948.84,52035.44671,39734.19491,73628.75323,63547.77,25324.42,32868.42,98605.26,63530.1674,61675.04522,63247.13575,56939.44802,40341.36048
2024-10-29,72516.5,51909.966,39722.60771,73700.45513,63919.73,25314.83,32964.62,98893.86,63837.7132,61762.78011,63275.27225,57043.49291,40373.77104
2024-10-30,72443.87,52788.01832,39713.75671,73772.21443,64062.84,25314.29,33012.75,99038.25,64135.229,61844.325,63313.6298,57145.45484,40404.93381
2024-10-31,70195.51,46590.07515,39683.91711,73844.03116,64145.51,25339.01,33046.02,99138.06,64389.1786,61936.71089,63337.8205,57242.8778,40434.35296
2024-11-01,69251.79,51766.06704,39639.14644,73915.90537,64171.91,25390.82,33074.93,99224.79,64610.309,62033.07511,63368.2416,57337.8972,40462.88222
2024-11-02,69223.39,51523.30229,39668.27155,73987.83708,64154.26,25434.68,33088.65,99265.95,64788.0914,62152.79067,63395.2101,57431.73843,40489.47964
2024-11-03,68573.74,51321.12445,39684.66272,74059.82634,64073.98,25561.56,33095.97,99287.91,64956.6668,62306.06444,63430.35935,57524.26995,40514.58614
2024-11-04,67610.05,55588.60453,39587.26253,74131.87317,64110.97,25602.68,33124.27,99372.81,65126.7926,62432.98611,63449.84565,57613.67896,40540.48207
2024-11-05,69439.84,54418.35496,39595.24703,74203.97762,64169.49,25591.81,33149.71,99449.13,65353.047,62592.88022,63478.343,57707.1156,40565.82144
2024-11-06,75815.83,54292.21261,39580.20068,74276.13973,65054.88,25079.25,33325.92,99977.76,65664.5456,62744.52844,63534.284,57817.01005,40594.04801
2024-11-07,75865.62,54839.15316,39609.39485,74348.35952,65357.5,25088.26,33407.94,100223.82,65967.7576,62915.53322,63588.8896,57924.68986,40620.26842
2024-11-08,76616.34,54259.62286,39619.88461,74420.63703,65623.47,25107.83,33489.45,100468.35,66239.0128,63089.64089,63637.67665,58032.74651,40645.86659
2024-11-09,76725.53,53603.87245,39702.53541,74492.9723,65697.39,25141.15,33515.04,100545.12,66511.4038,63288.104,63690.2605,58142.53846,40671.86914
2024-11-10,80325.27,53968.35061,39731.66074,74565.36537,66015.45,25152.74,33602.51,100807.53,66854.7892,63524.78778,63771.99855,58261.23047,40701.77242
2024-11-11,88980.79,53715.40117,39716.73825,74637.81627,66817.08,25136,33808.87,101426.61,67361.8442,63841.72667,63894.15105,58405.10574,40740.31117
2024-11-12,88193.92,54726.53063,39730.75176,74710.32504,67811.52,25094.23,34070.88,102212.64,67862.5248,64167.278,64016.04095,58549.83775,40779.33281
2024-11-13,90046.78,52443.52196,39836.2507,74782.89171,68651.45,25073.89,34311.64,102934.92,68374.238,64528.52156,64150.5754,58693.87621,40817.03585
2024-11-14,87404.46,52815.75698,39871.2229,74855.51633,69449.19,24952.87,34559.29,103677.87,68860.5498,64845.13,64271.8913,58834.59989,40851.67764
2024-11-15,91194.33,51086.49179,39832.83019,74928.19892,69910.65,24981.9,34718.38,104155.14,69385.2902,65197.11678,64408.8041,58985.00959,40890.71325
2024-11-16,90455.72,53252.78267,39825.77754,75000.93952,70110.66,24988.11,34779.98,104339.94,69876.3594,65546.713,64558.98755,59133.26346,40929.64469
2024-11-17,89322.04,55221.71834,39860.36172,75073.73818,70209.21,24994.65,34815.5,104446.5,70350.4402,65882.99089,64716.99315,59276.48797,40967.52414
2024-11-18,90726.66,53653.13073,39826.77285,75146.59492,70653.74,25001.22,34938.63,104815.89,70853.7234,66234.48778,64875.4894,59422.54462,41006.38088
2024-11-19,92151.38,53813.30682,39846.50358,75219.50978,71324.52,25050.04,35178,105534,71429.1804,66579.636,65021.4479,59576.73223,41046.22009
2024-11-20,94263.8,53122.74171,39909.45633,75292.4828,71938.95,24989.39,35381.34,106144.02,72096.1806,66957.04689,65173.7249,59732.70599,41088.52379
2024-11-21,98634.69,52890.06724,39896.99133,75365.51401,73840.12,24946.03,35909.9,107729.7,72852.413,67340.41822,65347.27965,59901.4547,41136.74201
2024-11-22,98883.17,54827.5512,39956.38537,75438.60346,74670.46,24851.16,36180.57,108541.71,73611.7182,67729.697,65525.8742,60069.77302,41183.45521
2024-11-23,97695.58,53858.3865,39915.34889,75511.75118,75184.85,24836.86,36336.95,109010.85,74321.3098,68097.96944,65701.06665,60234.79769,41230.38734
2024-11-24,97782.22,54767.93057,39859.78033,75584.95719,75605.51,24982.92,36410.72,109232.16,75039.6784,68483.53644,65885.11995,60400.27192,41277.33341
2024-11-25,93579.64,54402.027,39711.33931,75658.22155,76026.17,24917.46,36550.81,109652.43,75659.2408,68861.78267,66039.60865,60555.38651,41321.02552
2024-11-26,91945.24,53463.67586,39720.12,75731.54429,76158.93,24915.77,36642.45,109927.35,76240.2398,69228.17433,66194.63785,60703.58904,41363.37019
2024-11-27,96015.45,54683.46564,39758.97004,75804.92544,76430.02,24917,36755.23,110265.69,76914.8006,69636.04689,66369.9917,60863.85412,41410.29664
2024-11-28,95522.78,53910.7572,39845.34675,75878.36503,76629.1,24942.98,36848.01,110544.03,77609.945,70041.74211,66541.53915,61022.92794,41454.59922
2024-11-29,97572.82,53725.51337,39931.50101,75951.86312,76987.84,24956.31,36954.27,110862.81,78356.2884,70471.59211,66714.89515,61184.76808,41499.70653
2024-11-30,96565.7,54505.15208,39933.56784,76025.41973,77092.08,24965.03,36988.86,110966.58,79039.7782,70905.64211,66889.4377,61341.89115,41544.19067
2024-12-01,97426.41,51065.2436,39988.34694,76099.03489,77259.54,24992.16,37027.38,111082.14,79726.647,71332.135,67046.3711,61500.07294,41590.15439
2024-12-02,95508.95,54754.37154,39905.43298,76172.70866,77807.98,25089.83,37150.9,111452.7,80384.2424,71753.62589,67197.3789,61647.85508,41634.338
2024-12-03,95733.04,52349.69982,39875.96083,76246.44105,78081.14,25126.87,37269.07,111807.21,80977.6266,72171.01944,67341.8954,61789.68225,41677.31889
2024-12-04,98792.37,53000.66908,39853.87321,76320.23211,78612.66,25110.16,37413.26,112239.78,81617.6466,72644.73267,67501.68235,61941.11698,41721.09161
2024-12-05,96664.19,52453.25923,39904.62387,76394.08188,79902.42,24851.86,37864.77,113594.31,82198.5498,73121.88422,67654.3138,62087.96005,41763.56974
2024-12-06,100282.55,53022.1308,39903.7746,76467.99039,80717.26,24502.62,38136.37,114409.11,82856.6854,73637.18956,67805.55555,62241.97212,41808.06621
2024-12-07,99971.27,52140.41981,39928.54627,76541.95768,80863.04,24511.71,38179.95,114539.85,83488.4398,74138.08444,67955.49655,62396.46739,41851.3579
2024-12-08,100271.65,52257.15439,39803.79687,76615.98379,80966.76,24516.42,38218.89,114656.67,84126.0368,74617.33378,68111.14245,62551.9644,41895.24717
2024-12-09,97281.86,52710.53292,39657.35478,76690.06875,81930.78,24470.24,38515.22,115545.66,84689.056,75058.598,68259.57515,62706.03066,41932.7707
2024-12-10,96724.28,52275.37326,39589.14555,76764.21259,82426.89,24452.15,38660.59,115981.77,85271.6186,75494.44522,68400.19305,62858.34437,41968.49231
2024-12-11,101182.05,52884.54467,39701.38945,76838.41536,82725.08,24438.71,38807.41,116422.23,85942.8626,75972.07611,68560.26275,63018.0606,42008.5311
2024-12-12,100104.27,51795.29356,39766.45702,76912.6771,82998.85,24441.43,38892.36,116677.08,86615.3706,76413.965,68718.71405,63174.66459,42045.87416
2024-12-13,101169.33,52881.69545,39730.76087,76986.99783,83215.45,24428.41,38984.7,116954.1,87275.0262,76869.79122,68878.3281,63336.93857,42084.03235
2024-12-14,101149.01,53722.36179,39791.04514,77061.37759,83332.09,24445.99,39028.87,117086.61,87968.824,77336.96067,69042.1593,63498.9494,42122.50609
2024-12-15,104423.84,53205.5542,39844.86689,77135.81643,83495.76,24411.57,39097.77,117293.31,88720.1512,77851.36867,69226.41555,63671.43871,42162.10726
2024-12-16,105896.31,54928.03592,39798.78639,77210.31438,84202.96,24450.2,39298.45,117895.35,89481.4134,78358.651,69414.0721,63845.35838,42203.22481
2024-12-17,105972.57,55556.32434,39856.60196,77284.87148,84819.65,24327.42,39534.63,118603.89,90201.888,78861.62378,69606.5204,64020.58214,42243.91898
2024-12-18,101043.67,56317.40787,39807.45123,77359.48775,85089.06,24318.53,39666.69,119000.07,90772.4314,79283.73589,69773.71345,64178.29475,42278.87313
2024-12-19,97716.58,53682.33962,39859.37094,77434.16325,85482.18,24221.94,39921.26,119763.78,91277.8856,79668.29811,69923.9791,64326.40146,42311.64026
2024-12-20,97652.81,54995.67478,39902.79133,77508.898,85705.34,24290.49,40020.43,120061.29,91827.0316,80051.596,70067.0397,64473.80527,42341.6578
2024-12-21,96803.61,55851.46017,39943.45762,77583.69204,85757.17,24300.93,40045.7,120137.1,92378.068,80420.21344,70197.967,64619.73071,42371.05214
2024-12-22,95250.42,55443.7609,39882.49666,77658.54542,85867.55,24366.97,40070.77,120212.31,92898.6086,80776.77489,70319.59485,64762.91349,42398.00979
2024-12-23,94591.4,55811.28859,39845.93149,77733.45816,86453.22,24277.63,40392.29,121176.87,93418.9618,81111.55578,70438.48915,64902.87003,42426.79431
2024-12-24,98822.75,56365.81893,39848.48091,77808.43031,86579.68,24280.13,40519.54,121558.62,94043.2158,81508.59889,70586.57265,65057.68953,42462.78806
2024-12-25,98843.71,55854.85453,39841.32595,77883.46189,86650.3,24287.31,40547.19,121641.57,94631.2932,81885.11444,70734.71315,65210.23275,42498.04917
2024-12-26,95490.64,55347.84297,39803.19191,77958.55295,86709.74,24302.94,40593.22,121779.66,95024.7894,82213.87422,70863.5276,65355.38547,42531.85295
2024-12-27,94389.52,56671.11706,39736.47928,78033.70353,86759.83,24327.61,40663.25,121989.75,95395.2674,82533.55778,70988.94675,65500.05893,42566.34156
2024-12-28,95138.86,55686.74647,39768.79992,78108.91366,86863.24,24395.61,40682.38,122047.14,95765.7178,82862.184,71128.0872,65645.59481,42600.83297
2024-12-29,93354.48,57378.39401,39739.58212,78184.18338,86944.53,24437.44,40735.13,122205.39,96098.2968,83195.25011,71253.2384,65785.85599,42635.13591
2024-12-30,92345.06,56245.83812,39642.44735,78259.51272,87099.12,24395.19,40861.98,122585.94,96338.6926,83544.48644,71380.7859,65919.3864,42665.83782
2024-12-31,93373.52,56220.73302,39620.32222,78334.90172,87209.65,24392.57,40951.76,122855.28,96426.5472,83906.15811,71517.4144,66052.01223,42698.27978
2025-01-01,94460.79,59236.52401,39612.24686,78410.35043,87266.48,24411.46,41012.54,123037.62,96551.8846,84278.85678,71659.26985,66194.24201,42729.47619
2025-01-02,96613.46,60669.91383,39568.55965,78485.85887,87593.43,24453.94,41072.76,123218.28,96683.2182,84661.05078,71808.40805,66338.00635,42763.95287
2025-01-03,97956.89,59064.76656,39607.75602,78561.42708,87729.51,24467.31,41110.74,123332.22,96894.2668,85062.08522,71965.56395,66485.89679,42798.96251
2025-01-04,98026.83,59921.50218,39649.43061,78637.05511,87853.36,24491.17,41136.45,123409.35,97030.9168,85455.69978,72129.63305,66635.05808,42834.10534
2025-01-05,98706.82,59543.06704,39656.61551,78712.74298,87965.53,24519.88,41155.17,123465.51,97195.9388,85853.60567,72299.5496,66785.81371,42868.1796
2025-01-06,102273.4,58942.62832,39687.61497,78788.49074,88267.36,24563,41225.09,123675.27,97454.966,86297.89444,72487.09765,66938.07923,42904.206
2025-01-07,96717.35,59738.76208,39700.31259,78864.29842,88413.7,24488.64,41332.87,123998.61,97574.7798,86697.35878,72651.224,67077.31299,42934.33901
2025-01-08,94797.87,59211.53643,39707.11141,78940.16605,88393.89,24488.77,41344.01,124032.03,97627.7096,87081.16122,72803.46925,67209.05426,42961.6077
2025-01-09,92287.1,58973.99217,39724.36762,79016.09369,88351.56,24497.29,41343.08,124029.24,97588.1756,87413.33778,72946.83165,67335.52769,42986.34925
2025-01-10,94522.52,59379.67199,39686.98603,79092.08135,88378.48,24502.19,41364.94,124094.82,97505.9322,87762.66611,73118.2148,67478.03558,43012.93678
2025-01-11,94491.4,59990.49784,39738.03163,79168.12909,88416.42,24511.88,41379.91,124139.73,97418.0968,88116.69078,73281.99565,67620.16052,43036.82892
2025-01-12,94300.8,59702.68698,39692.30985,79244.23694,88480.84,24530.74,41394.91,124184.73,97350.2012,88430.43489,73448.84555,67763.31258,43061.14791
2025-01-13,94422.92,59097.24739,39686.07541,79320.40493,88481.16,24535.79,41404.85,124214.55,97283.0152,88737.45211,73612.7557,67905.62516,43088.37024
2025-01-14,96607.87,59823.92592,39653.42688,79396.6331,88595.06,24535.52,41450.98,124352.94,97343.5798,89059.55033,73794.58395,68052.25923,43117.14428
2025-01-15,99947.84,59222.09019,39683.69656,79472.9215,88763.12,24533.52,41532.39,124597.17,97503.6318,89421.46222,73989.593,68209.73679,43146.64211
2025-01-16,99879.84,60546.09238,39709.25005,79549.27014,89123.21,24544.92,41638.12,124914.36,97580.9196,89771.421,74175.25345,68370.95299,43176.81169
2025-01-17,104601.24,59111.89964,39724.33668,79625.67909,89529.8,24577.78,41751.41,125254.23,97762.4888,90173.74811,74382.942,68543.85734,43209.90588
2025-01-18,104366.67,61170.66853,39799.22329,79702.14836,89671.2,24592.47,41811.76,125435.28,97898.3658,90565.25667,74595.4515,68716.06159,43242.81601
2025-01-19,101082.72,59424.486,39862.9002,79778.67801,89816.14,24601.28,41864.63,125593.89,97988.7062,90937.32967,74799.58335,68879.31692,43273.899
2025-01-20,103099.9,59103.36063,39916.37519,79855.26806,90111.17,24618.69,41967.32,125901.96,98102.176,91331.55244,75024.454,69053.7322,43308.674
2025-01-21,105968.39,58799.46948,39809.5337,79931.91855,90299.75,24613.22,42062.55,126187.65,98311.3648,91770.32489,75270.2644,69236.23835,43345.43769
2025-01-22,103756.5,60857.63898,39756.05989,80008.62952,90505.9,24616.87,42175.92,126527.76,98471.834,92165.54656,75497.92485,69411.66788,43382.02057
2025-01-23,104076.32,59297.48316,39720.42668,80085.40101,90706.09,24641.52,42411.34,127234.02,98577.513,92583.51544,75736.9252,69588.18223,43419.10224
2025-01-24,104761.7,60216.99596,39733.56934,80162.23306,91150.72,24781.73,42468.57,127405.71,98739.4632,93004.67344,75976.7599,69761.32852,43455.00161
2025-01-25,104750.8,59438.8655,39775.47897,80239.1257,91246.24,24802.04,42493.19,127479.57,98828.8282,93414.869,76210.44195,69933.32357,43489.71759
2025-01-26,103518.73,60096.82297,39813.11821,80316.07897,91364.4,24834.25,42515,127545,98899.7774,93787.86778,76440.33165,70102.97503,43523.95852
2025-01-27,101909.18,58979.97062,39748.48801,80393.09291,91372.3,24802.29,42553.71,127661.13,98932.528,94114.45311,76662.8514,70264.48758,43555.59943
2025-01-28,101095.61,62314.12372,39722.57273,80470.16756,91501.5,24807.88,42604.57,127813.71,99008.803,94432.80578,76880.0633,70423.67626,43585.77963
2025-01-29,103711.82,58384.86972,39722.78495,80547.30294,91564.48,24811.26,42631.78,127895.34,99148.5538,94805.20922,77102.0001,70591.53154,43617.81438
2025-01-30,104829.87,58326.57563,39739.40357,80624.49911,91769.44,24810.66,42695.18,128085.54,99221.5102,95200.52122,77321.3107,70761.44151,43650.62923
2025-01-31,102231.71,59627.04321,39802.53819,80701.7561,91900.04,24807.03,42740.71,128222.13,99264.059,95567.28033,77509.97985,70923.81802,43681.49704
2025-02-01,100487.62,58678.89519,39820.82657,80779.07394,91941.02,24819.87,42753.18,128259.54,99250.4248,95921.879,77688.08435,71081.48407,43712.17326
2025-02-02,97230.22,59694.21274,39738.60553,80856.45267,91941.55,24831.15,42756.52,128269.56,99172.049,96250.992,77852.77485,71231.45986,43740.04044
2025-02-03,101406.12,58419.74598,39697.05694,80933.89234,92015.48,24832.68,42781.03,128343.09,99111.6946,96606.17289,78040.4893,71393.00574,43770.42822
2025-02-04,96951.85,61566.9126,39619.76561,81011.39297,92140.55,24681.67,42894.76,128684.28,98932.8054,96841.01756,78191.2259,71540.91929,43798.12075
2025-02-05,96598.65,58453.81845,39607.51003,81088.95461,92117.43,24695.95,42975.13,128925.39,98745.327,97071.38456,78339.6113,71685.00371,43826.90831
2025-02-06,96594.09,58884.80028,39611.30278,81166.57729,92168.56,24708.57,43034.25,129102.75,98656.3354,97293.35956,78482.24185,71826.05753,43854.69889
2025-02-07,95972.42,58924.72921,39616.99279,81244.26106,92200.9,24701.17,43053.99,129161.97,98621.4522,97507.21389,78624.2305,71959.79324,43881.70405
2025-02-08,96610.42,58635.9651,39660.85763,81322.00594,92214.03,24696.15,43066.82,129200.46,98600.6044,97688.16,78777.10915,72093.85352,43908.32417
2025-02-09,95740.57,62432.54847,39671.55573,81399.81198,92298.84,24731.17,43139.06,129417.18,98579.3436,97763.26867,78929.2791,72224.94225,43933.96992
2025-02-10,97475.27,62721.21476,39567.70578,81477.67921,92396.81,24759.55,43161.26,129483.78,98623.8406,97866.39478,79088.4881,72355.12942,43960.79016
2025-02-11,95670.57,61647.15182,39470.89175,81555.60767,92407.81,24767.96,43203.39,129610.17,98645.424,97928.88133,79228.24205,72481.90615,43984.0382
2025-02-12,97744.64,62723.53963,39474.52988,81633.59741,92406.66,24768.67,43216.65,129649.95,98623.8618,98043.77222,79375.0825,72608.09409,44008.83412
2025-02-13,96576.89,61773.49183,39478.06517,81711.64845,92454.75,24782.92,43230.49,129691.47,98578.5254,98103.57844,79517.3197,72730.99473,44032.69924
2025-02-14,97547.31,61865.78782,39509.38857,81789.76084,92507.39,24791.96,43254.65,129763.95,98619.6588,98182.37389,79670.8026,72856.3314,44058.23879
2025-02-15,97704.52,62400.27073,39534.75197,81867.93461,92570.76,24807.88,43275.71,129827.13,98685.9588,98275.51256,79828.7576,72982.52758,44084.50606
2025-02-16,96552.96,62327.11874,39563.13624,81946.1698,92609.76,24827.26,43282.17,129846.51,98714.2408,98340.24922,79988.4206,73104.85769,44113.24264
2025-02-17,95602.97,61595.78102,39476.1425,82024.46645,92672.11,24860.1,43290.67,129872.01,98759.2106,98378.60022,80140.9113,73225.0272,44141.3788
2025-02-18,95471.64,62260.71819,39374.82995,82102.82459,92687.11,24865.69,43305.52,129916.56,98821.7422,98392.02067,80308.8656,73343.53165,44169.28075
2025-02-19,96611.83,62659.59105,39406.28836,82181.24427,92712.5,24873.64,43318.84,129956.52,98886.5084,98369.54444,80489.0297,73467.80709,44199.4054
2025-02-20,98211.33,61672.03447,39443.72777,82259.72552,92792.31,24887.77,43344.82,130034.46,98961.5192,98362.07956,80687.8414,73596.67794,44232.49343
2025-02-21,95620.51,62096.5646,39515.60169,82338.26838,92882.34,24903.04,43372.82,130118.46,98941.6602,98339.02322,80892.04845,73720.05239,44264.55541
2025-02-22,96602.24,62466.40096,39564.92161,82416.87289,93036.25,24950.37,43399.14,130197.42,98914.5672,98325.91233,81094.12415,73843.89599,44297.64586
2025-02-23,95643.07,60203.32932,39679.06958,82495.53909,93084.55,24973.05,43408.59,130225.77,98866.892,98348.83933,81297.09265,73964.22247,44331.31732
2025-02-24,92381.72,58515.76062,39672.48188,82574.267,93126.7,24989.41,43427.45,130282.35,98740.39,98353.68911,81448.1638,74068.65453,44358.9452
2025-02-25,88934.51,59048.98811,39736.66846,82653.05668,92830.97,24988.34,43415.68,130247.04,98473.6122,98275.012,81590.4604,74156.65582,44383.19529
2025-02-26,84117.77,59575.40522,39768.09054,82731.90816,92502.84,24978.81,43388.24,130164.72,98221.6206,98148.28967,81706.316,74216.57451,44404.18474
2025-02-27,84163.22,61431.9587,39690.89306,82810.82148,92364.39,24946.64,43392.95,130178.85,98008.9276,97999.29411,81832.81285,74279.13516,44426.17348
2025-02-28,84116.05,59711.21654,39635.95028,82889.79667,92098.02,24933.76,43357.66,130072.98,97845.5066,97860.96467,81958.27445,74338.80302,44445.4889
2025-03-01,85966.82,62200.72294,39521.71271,82968.83378,92090.48,24942.62,43358.4,130075.2,97674.3926,97733.63589,82085.8271,74405.14772,44465.73626
2025-03-02,94370.09,65087.83526,39556.29851,83047.93284,92183.21,24956.67,43390.23,130170.69,97671.9664,97720.98189,82263.20605,74491.41692,44492.84303
2025-03-03,86210.31,62613.96299,39511.80879,83127.09389,92241.84,24967.52,43433.87,130301.61,97510.1566,97615.17378,82406.5833,74542.37445,44513.43861
2025-03-04,87191.63,62287.5763,39578.26696,83206.31696,92070.46,24959.51,43406.68,130220.04,97365.5308,97486.27667,82547.99295,74606.92637,44537.24687
2025-03-05,90231.9,64143.27024,39606.60609,83285.6021,92102.93,24964.27,43427.57,130282.71,97238.0114,97414.80678,82701.57485,74673.18788,44560.80787
2025-03-06,90255.29,62396.0222,39607.86939,83364.94935,92264.04,24992.53,43493.29,130479.87,97044.1604,97303.39278,82857.891,74737.13717,44584.96859
2025-03-07,86337.59,62208.10009,39548.89393,83444.35874,92959.53,25335.48,43497.05,130491.15,96773.3154,97151.90744,82994.2938,74786.57797,44605.61767
2025-03-08,86132.85,62370.14654,39618.40514,83523.8303,93327.6,25502.31,43497.54,130492.62,96403.9476,96994.80967,83129.49835,74835.32404,44625.10442
2025-03-09,80533.62,63740.92152,39654.40891,83603.36409,93493.44,25580.44,43494.55,130483.65,95927.2866,96808.71811,83226.72625,74868.0347,44641.04155
2025-03-10,79320.57,63616.61503,39663.04311,83682.96013,93588.52,25711.54,43488.46,130465.38,95492.0436,96615.34356,83321.845,74887.16574,44657.87898
2025-03-11,82895.03,63479.85699,39695.68359,83762.61847,93421.76,25689.73,43484,130452,95087.9462,96412.15444,83415.6638,74919.4044,44676.81582
2025-03-12,83276.29,64044.64477,39749.53965,83842.33914,93289.66,25605.46,43504.07,130512.21,94634.1042,96225.17689,83512.80485,74947.13659,44698.87766
2025-03-13,81254.57,63197.72946,39780.05518,83922.12218,93309.75,25648.65,43506.63,130519.89,94184.0656,96003.90178,83596.3224,74974.05223,44721.70974
2025-03-14,84149.47,63574.45066,39782.77291,84001.96763,93358.85,25690.57,43525.34,130576.02,93785.5286,95815.018,83701.6638,75015.67549,44745.98669
2025-03-15,84162.67,64106.54705,39833.80797,84081.87553,93400.23,25711.58,43531.87,130595.61,93373.548,95589.89389,83824.78975,75065.8297,44771.5565
2025-03-16,82307.68,63329.01354,39793.14802,84161.84591,93408.61,25731.32,43537.13,130611.39,92924.6856,95327.798,83941.4782,75104.20755,44797.63667
2025-03-17,84082.65,63679.42386,39731.83004,84241.87882,93369.87,25747.37,43535.39,130606.17,92535.964,95084.57667,84065.35685,75149.50637,44826.8414
2025-03-18,82395.67,63262.35727,39756.31282,84321.97429,93310.6,25750.36,43536.08,130608.24,92145.6938,94877.37667,84182.28415,75206.16264,44855.12384
2025-03-19,86439.4,63201.21211,39780.92258,84402.13236,93468.98,25847.81,43555.69,130667.07,91852.5696,94752.07467,84320.04955,75257.93788,44888.83231
2025-03-20,84127.68,63571.11191,39765.9142,84482.35307,93636.03,25954.1,43584.06,130752.18,91460.8868,94601.79544,84453.18195,75309.6139,44919.60716
2025-03-21,84147.43,64072.62786,39777.0988,84562.63646,93613.29,25970.4,43579.82,130739.46,91047.238,94461.17122,84578.70885,75367.38923,44953.19226
2025-03-22,83975.45,62595.02994,39820.94746,84642.98256,93648.48,25998.11,43595.51,130786.53,90682.1128,94335.89378,84710.71225,75420.69192,44986.29131
2025-03-23,85395.4,64856.80619,39854.57463,84723.39142,93684.82,26020.35,43601.5,130804.5,90380.2684,94233.716,84846.85115,75471.1542,45022.75058
2025-03-24,87171.65,64000.50202,39812.62823,84803.86307,93771.97,26037.59,43629.6,130888.8,90179.097,94104.25933,85001.9185,75518.40651,45057.54006
2025-03-25,87642.34,63469.86683,39876.61974,84884.39755,93796.71,26044.37,43642.86,130928.58,89903.8214,93979.79967,85171.52745,75566.8919,45092.83756
2025-03-26,86968.54,64780.36318,39889.32766,84964.9949,93780.73,26050.08,43657.54,130972.62,89704.1552,93885.10967,85336.8448,75615.79036,45127.16169
2025-03-27,87150.46,64088.43928,39892.49959,85045.65516,93799.8,26075.49,43667.99,131003.97,89515.1914,93804.67567,85498.14345,75660.70321,45161.66464
2025-03-28,84125,64839.0832,39860.50191,85126.37836,93726.08,26101.74,43715.61,131146.83,89265.8096,93682.29944,85633.0724,75699.67022,45196.63911
2025-03-29,82312.89,64208.59478,39897.90831,85207.16455,93708.06,26131.28,43708.81,131126.43,88992.619,93559.61511,85756.79645,75734.02341,45230.69436
2025-03-30,82236.59,64817.61456,39911.05623,85288.01377,93676.05,26157.11,43700.82,131102.46,88705.1424,93447.29878,85880.48925,75765.21374,45263.94797
2025-03-31,82291.37,65440.85696,39828.84291,85368.92604,93585.97,26181.3,43692.93,131078.79,88436.1584,93324.16378,86000.96975,75799.14764,45296.23786
2025-04-01,85128.69,65957.02604,39779.54028,85449.90142,93545.76,26190.7,43689.84,131069.52,88189.2268,93220.47378,86124.94185,75853.12349,45330.93616
2025-04-02,82462.21,66476.82628,39783.04911,85530.93993,93485.43,26163.19,43728.28,131184.84,87925.0596,93063.23767,86236.52805,75898.14277,45362.97709
2025-04-03,82861.99,65836.40718,39779.46809,85612.04163,93372.43,26193.79,43782.84,131348.52,87627.4066,92895.51656,86355.3192,75937.95173,45394.33291
2025-04-04,83960.6,66352.67815,39788.50163,85693.20654,93395.75,26233.75,43793.49,131380.47,87375.0808,92739.22511,86484.4866,75982.85124,45427.95371
2025-04-05,83166.79,70583.41121,39785.00068,85774.4347,93458.81,26308.64,43798.87,131396.61,87087.4704,92566.55811,86599.11605,76021.5044,45462.1373
2025-04-06,77664.72,70992.34651,39806.86203,85855.72616,93444.12,26346.65,43798.46,131395.38,86686.6744,92293.12833,86683.91455,76044.6794,45492.07321
2025-04-07,79593.19,71608.48821,39809.95807,85937.08095,93179.65,26390.31,43793.39,131380.17,86347.479,92102.85989,86766.6126,76066.60382,45524.67974
2025-04-08,76469.42,70023.64626,39857.3494,86018.49911,93111.04,26397.64,43791.23,131373.69,85964.808,91899.21044,86833.4298,76086.80777,45555.36585
2025-04-09,83062.06,70749.7044,39907.17154,86099.98068,92998.3,26409.3,43798.32,131394.96,85716.6164,91796.71,86932.9601,76120.6725,45588.10546
2025-04-10,79486.65,70846.94874,39892.55395,86181.5257,92960.74,26497.96,43831.35,131494.05,85374.1128,91629.64478,87012.25315,76146.61989,45618.63168
2025-04-11,83229.73,70488.55572,39912.79118,86263.1342,92877.03,26677.8,43837.55,131512.65,85074.4808,91504.51511,87112.60235,76191.51146,45651.53011
2025-04-12,85152.73,70330.33249,39975.40969,86344.80623,92913.4,26823.87,43852.8,131558.4,84865.1252,91402.86989,87216.0604,76247.50148,45686.78066
2025-04-13,83295.39,70620.39722,40000.20277,86426.54183,92953.32,27005.36,43872.76,131618.28,84598.9882,91279.23067,87317.093,76296.78176,45718.49446
2025-04-14,84455.32,70693.91193,39985.88885,86508.34102,92979.21,27078.45,43895.72,131687.16,84375.2332,91144.20233,87414.58305,76355.26459,45750.03856
2025-04-15,83842.49,70290.34488,39977.13316,86590.20386,92826.18,27122.02,43870.22,131610.66,84204.4486,90965.254,87504.2842,76410.24481,45781.19864
2025-04-16,84167.83,70760.79575,39976.90364,86672.13038,92743.57,27127.49,43882.57,131647.71,84109.115,90790.67611,87597.03335,76472.39849,45813.90026
2025-04-17,85039.58,70293.87882,39968.31646,86754.12062,92320.03,27196.21,43788.54,131365.62,84127.5512,90573.32433,87694.41875,76530.98857,45847.54589
2025-04-18,84245.75,71335.96966,40009.91681,86836.17462,92320.97,27278.47,43797.99,131393.97,84129.2018,90349.75856,87798.75485,76587.32203,45882.36406
2025-04-19,85114.78,71144.43854,40033.62166,86918.29242,92293.45,27505.15,43800.66,131401.98,84149.1764,90172.337,87919.7598,76643.60541,45917.74256
2025-04-20,85059.54,71752.98471,40063.5554,87000.47405,92217.18,27811.46,43806.71,131420.13,84131.0308,89971.88856,88040.94215,76698.86651,45953.11766
2025-04-21,87117.94,72696.75311,40071.75982,87082.71956,92160.7,28161.75,43837.08,131511.24,83985.9878,89762.43911,88171.9423,76754.52313,45992.72641
2025-04-22,93294.05,71265.68418,40047.29799,87165.02898,92255.15,28305.99,43894.64,131683.92,84127.6626,89646.18967,88327.33255,76828.93327,46036.19029
2025-04-23,93416.13,69971.40242,40133.65751,87247.40235,92703.56,28407.94,44044.2,132132.6,84252.1526,89527.74311,88485.09425,76909.80819,46078.99925
2025-04-24,93433.85,71250.37821,40151.53883,87329.83971,92719.05,28734.87,44109.84,132329.52,84316.1916,89401.87811,88639.2559,76989.15863,46120.96476
2025-04-25,94619.23,71222.03046,40121.9702,87412.34111,92869.82,28795.49,44258.36,132775.08,84403.4704,89289.30511,88797.8756,77073.78305,46165.90519
2025-04-26,94492,72505.18273,40198.2915,87494.90657,92892.17,28846.54,44281.95,132845.85,84566.5586,89189.00811,88958.89855,77159.91522,46210.8463
2025-04-27,93651.62,71313.16354,40219.60673,87577.53615,92912.56,28900.3,44298.87,132896.61,84716.934,89097.25744,89123.32885,77243.73484,46254.34856
2025-04-28,94827.22,71623.79488,40095.21672,87660.22987,92970.41,28905.9,44357.29,133071.87,85002.806,89027.60867,89296.1867,77328.94212,46297.57009
2025-04-29,94336.91,72200.91978,40170.82487,87742.98778,93034.32,28938.37,44433,133299,85303.1328,88923.443,89455.9152,77422.1231,46339.24532
2025-04-30,94352.92,71053.62834,40203.9197,87825.80991,93087.98,28930.33,44473.47,133420.41,85532.2906,88807.03244,89612.26495,77522.76047,46381.84095
2025-05-01,96566.68,79139.43084,40235.92517,87908.69631,93210.54,28996.11,44534.4,133603.2,85798.0984,88744.08767,89781.95245,77625.89033,46426.91291
2025-05-02,96611.96,78125.72788,40142.06371,87991.64701,93324.62,29056.3,44601.3,133803.9,86105.2462,88701.02478,89934.6931,77718.34165,46471.96804
2025-05-03,96007.03,75776.70206,40197.14306,88074.66206,93370.79,29175.03,44627.18,133881.54,86342.3974,88687.43378,90080.7714,77806.79942,46515.8137
2025-05-04,94706.76,77404.83111,40187.76474,88157.74149,93112.57,29874.92,44632.92,133898.76,86553.2792,88612.99644,90216.21005,77891.36816,46558.0843
2025-05-05,94729.67,75656.18568,40209.03924,88240.88533,92905.59,30662.25,44720.86,134162.58,86801.719,88588.30556,90352.97955,77978.08632,46601.52244
2025-05-06,96436.86,77088.33721,40181.0673,88324.09364,92901.94,30706.61,44787.91,134363.73,87048.8032,88586.50789,90493.2461,78070.88788,46646.13357
2025-05-07,96980.21,75302.00729,40123.29232,88407.36645,93015.98,30715.23,44850.58,134551.74,87340.494,88590.79811,90636.18815,78169.81275,46691.06836
2025-05-08,102737.67,77266.84832,40128.15017,88490.7038,93056.12,31307.04,44935.15,134805.45,87666.4594,88665.96756,90804.222,78279.85607,46741.07712
2025-05-09,102659.65,75182.92625,40139.55872,88574.10572,93334.27,31699.57,45050.9,135152.7,88037.0988,88733.18122,90979.5395,78394.47214,46790.19799
2025-05-10,103803.42,77664.12494,40180.00159,88657.57226,93319.52,31953.07,45075.68,135227.04,88430.2186,88822.76844,91160.45735,78512.21593,46840.39216
2025-05-11,103669.59,75804.78293,40216.234,88741.10346,93307.44,32184.93,45106.86,135320.58,88824.1014,88891.59422,91346.41095,78628.85412,46889.94929
2025-05-12,102714.2,76289.8985,40207.12714,88824.69935,93435.17,32320.47,45178.03,135534.09,89170.4774,88969.85678,91519.0492,78738.22934,46939.66883
2025-05-13,103898.53,75202.02987,40138.39622,88908.35998,93645.41,32334.72,45301.64,135904.92,89505.015,89038.23333,91706.24625,78854.27698,46990.55661
2025-05-14,103537.57,75680.78939,40121.47803,88992.08539,93753.1,32409.62,45358.25,136074.75,89822.9196,89115.57422,91889.6467,78957.29302,47041.10156
2025-05-15,103553.33,75464.89503,40184.10962,89075.8756,93671.55,32769.63,45460.53,136381.59,90154.6154,89182.30778,92068.24735,79062.36429,47092.44201
2025-05-16,103542.54,74773.61674,40131.73399,89159.73067,93574.13,33104.05,45522,136566,90482.457,89247.17467,92236.21585,79163.22363,47143.87861
2025-05-17,103282.49,77293.56173,40068.44646,89243.65063,93562.2,33199.67,45541.19,136623.57,90865.6068,89321.94722,92390.0458,79263.35415,47195.06644
2025-05-18,105818.84,77566.59192,40129.0875,89327.63552,93581.03,33307.81,45569.99,136709.97,91335.7258,89435.45689,92556.92065,79372.36772,47248.05506
2025-05-19,105659.41,77338.45917,40143.275,89411.68538,93731.03,33411.08,45670.71,137012.13,91804.1822,89548.65433,92734.24015,79470.23918,47301.4478
2025-05-20,106904.59,76760.96638,40173.71435,89495.80026,93962.99,33441.89,45767.41,137302.23,92296.4466,89663.01833,92922.50415,79571.67192,47356.61354
2025-05-21,109529.81,77711.84005,40148.9768,89579.98018,94268.02,33439.3,45888.35,137665.05,92784.469,89788.77922,93124.03625,79682.62615,47411.99006
2025-05-22,110960.94,77205.94082,40139.36157,89664.22519,94720.21,33501.27,46020.35,138061.05,93354.4436,89959.22844,93335.97225,79801.76247,47468.15193
2025-05-23,107641.51,77025.61423,40101.51635,89748.53533,95008.91,33525.02,46116.13,138348.39,93850.034,90081.887,93536.12955,79909.01745,47521.34391
2025-05-24,108157.47,77078.63539,40150.10601,89832.91063,95040.78,33554.64,46136.04,138408.12,94333.9714,90220.93589,93729.7177,80016.13107,47574.20355
2025-05-25,108428.6,77836.43076,40136.78512,89917.35115,95065.79,33590.19,46159.59,138478.77,94839.2076,90399.23456,93892.78155,80126.06126,47626.7527
2025-05-26,109561.08,77163.14103,40115.7388,90001.85691,95321.47,33614.07,46282.38,138847.14,95477.1348,90628.41867,94061.25885,80236.81555,47678.24031
2025-05-27,109096.19,78092.50252,40183.44244,90086.42796,95667.74,33569.47,46420.63,139261.89,96067.1948,90905.95667,94223.6581,80348.6656,47728.35799
2025-05-28,107649.79,76788.56385,40183.73083,90171.06433,95856.12,33625.68,46487.59,139462.77,96690.8022,91166.91856,94378.2794,80458.7678,47776.80031
2025-05-29,105897.24,77658.83313,40225.27782,90255.76607,95959.83,33757.31,46570.79,139712.37,97147.5058,91408.93178,94506.13925,80561.87835,47823.8641
2025-05-30,103725.29,77050.83353,40253.58468,90340.53321,96146.93,34163.83,46615.2,139845.6,97632.2786,91606.24811,94579.86175,80661.44533,47868.37143
2025-05-31,104710.47,81761.97642,40278.41196,90425.3658,96129.69,34188.19,46619.31,139857.93,98061.8934,91721.14122,94662.4445,80763.38327,47913.35141
2025-06-01,105821.35,81900.98268,40254.90185,90510.26387,96130.99,34242.76,46630.81,139892.43,98475.2658,91939.04167,94741.31735,80868.21266,47960.1761
2025-06-02,105827.35,84103.88283,40200.73972,90595.22747,96609.6,34272.31,46750.1,140250.3,98925.905,92146.10522,94833.4318,80969.27492,48007.66087
2025-06-03,105800.31,81713.04819,40067.51887,90680.25662,97107.3,34281.15,46864,140592,99352.8048,92319.08756,94906.4617,81065.9292,48055.77264
2025-06-04,104736.97,82256.17353,40073.05299,90765.35139,97164.73,34293.59,46945.05,140835.15,99770.6944,92479.99511,94977.86795,81158.81964,48102.16298
2025-06-05,101351.62,81635.78704,40114.97418,90850.51179,97152.86,34344,46958.21,140874.63,100114.3702,92646.81767,95038.01585,81242.71821,48145.34895
2025-06-06,104600.8,82331.18879,40094.96022,90935.73788,97160.84,34482.74,46980.22,140940.66,100505.5946,92852.01711,95107.38655,81339.95654,48189.57854
2025-06-07,105860.43,83130.63895,40154.95603,91021.02968,97229.23,34557.13,47010.29,141030.87,100937.8882,93133.42611,95175.9318,81440.62912,48233.61267
2025-06-08,105881.8,82042.91353,40170.83887,91106.38725,97275.4,34593.25,47035.63,141106.89,101353.2286,93428.55089,95234.0218,81539.95343,48277.74559
2025-06-09,109794.09,82818.88609,40125.20052,91191.81063,97451.64,34772.69,47079.05,141237.15,101847.9196,93727.42933,95289.8188,81651.1853,48323.17869
2025-06-10,109743.83,81758.50166,40079.86652,91277.29984,97725.21,34811.53,47158.13,141474.39,102300.4374,94021.51311,95344.1221,81767.75964,48369.13891
2025-06-11,108426.23,81702.90932,40090.58632,91362.85493,97861.09,34788.55,47212.47,141637.41,102603.081,94323.42044,95397.77535,81877.92995,48413.91437
2025-06-12,105955.19,82279.41038,40106.76964,91448.47595,97891.07,34805.26,47233.3,141699.9,102853.8622,94565.70622,95438.6402,81985.40146,48457.96739
2025-06-13,105881.18,81413.4758,40118.62115,91534.16292,97947.04,34853.03,47306.49,141919.47,103102.8088,94807.023,95500.1479,82094.83376,48499.54507
2025-06-14,105322.44,82226.54064,40149.72538,91619.9159,97955.57,34932.56,47316.87,141950.61,103316.873,95062.74256,95567.0339,82202.61602,48541.24437
2025-06-15,105207.65,82310.39914,40164.22553,91705.73491,97972.08,34979.78,47336.65,142009.95,103531.186,95297.46478,95612.9949,82308.17049,48582.77298
2025-06-16,107462.28,81338.86123,40181.20005,91791.62001,98206.21,35002.14,47437.44,142312.32,103807.3992,95575.98267,95672.6924,82420.6336,48626.71556
2025-06-17,104677.81,81528.0605,40203.88872,91877.57122,98155.67,35038.52,47453.69,142361.07,104004.411,95778.63167,95708.21735,82529.05338,48669.55394
2025-06-18,104738.8,80929.17095,40235.76953,91963.5886,98182.65,35058.82,47488.26,142464.78,104212.4488,96007.64411,95749.08285,82638.98549,48712.2888
2025-06-19,104708.63,81176.67703,40239.10457,92049.67217,98160.76,35153.11,47516.78,142550.34,104419.563,96236.10189,95785.49395,82748.72407,48753.73914
2025-06-20,103423.33,81845.79523,40248.74077,92135.82199,98156.76,35205.33,47545.88,142637.64,104556.696,96452.18944,95825.06585,82857.3264,48792.62173
2025-06-21,101329.79,81563.88749,40225.84334,92222.03808,98110.82,35283.92,47559.89,142679.67,104651.0526,96629.23822,95853.0496,82958.92247,48829.92896
2025-06-22,100924.39,83823.15357,40225.75509,92308.32049,98004.14,35362.67,47576.09,142728.27,104749.3998,96782.04644,95863.7097,83061.42184,48866.74566
2025-06-23,105205.36,81029.55928,40260.63021,92394.66927,97956.54,35437.15,47609.9,142829.7,104959.3718,96977.19111,95906.41555,83184.93687,48906.49646
2025-06-24,105942.3,81544.10209,40205.65379,92481.08444,98095.19,35439.02,47677.87,143033.61,105183.6244,97188.01067,95934.7143,83306.38486,48947.89462
2025-06-25,107195.23,82476.09298,40203.91199,92567.56605,98302.35,35441.19,47754.57,143263.71,105398.7918,97410.73033,95970.8341,83433.48489,48989.48122
2025-06-26,107135.68,80965.11512,40217.38358,92654.11414,98424.74,35510.43,47863.81,143591.43,105601.9012,97666.40456,96005.15425,83558.47058,49032.23807
2025-06-27,107151.1,81916.84754,40210.19927,92740.72875,98529.77,35527.46,47972.27,143916.81,105690.1698,97942.38467,96054.50045,83687.34113,49073.79042
2025-06-28,107194.17,82084.32371,40193.53754,92827.40992,98550.61,35547.28,47986.41,143959.23,105780.8602,98219.69111,96106.8499,83814.39646,49115.43646
2025-06-29,108366.18,75657.94557,40243.80691,92914.15769,98610.83,35583.39,48012.12,144036.36,105872.1154,98509.41122,96142.77055,83939.72181,49157.82289
2025-06-30,107163.82,75363.78408,40234.51563,93000.9721,98757.92,35641.87,48133.06,144399.18,105942,98754.246,96178.0683,84060.87646,49200.48196
2025-07-01,105794.69,74669.54342,40195.89956,93087.85319,98779.45,35663.51,48170.66,144511.98,106003.6098,99013.49578,96201.1951,84181.56305,49242.45176
2025-07-02,108744.97,73617.53864,40200.64941,93174.801,98888.05,35679.38,48220.16,144660.48,106100.5386,99301.08444,96239.1749,84314.77354,49285.52165
2025-07-03,109681.42,74131.69453,40230.52145,93261.81557,99053.54,35866.9,48300.24,144900.72,106223.4156,99586.87133,96265.4628,84456.40995,49328.50563
2025-07-04,108284.64,74270.8182,40279.94089,93348.89694,99290.46,36115.73,48758.94,146276.82,106318.0418,99865.95856,96277.40445,84597.83393,49370.39239
2025-07-05,108358.9,73844.99948,40303.43706,93436.04515,99325.84,36241.81,48771.75,146315.25,106414.369,100207.005,96289.3361,84735.56604,49412.23977
2025-07-06,109299.54,75097.67145,40301.23727,93523.26024,99372.15,36272.19,48789.22,146367.66,106534.71,100537.0756,96330.61545,84881.23442,49453.28771
2025-07-07,108309.63,73676.16969,40338.38002,93610.54225,99462,36318.97,48871.77,146615.31,106584.5258,100890.8557,96383.5807,85022.75879,49493.15011
2025-07-08,108578.05,74071.80612,40251.89992,93697.89123,99543.89,36334.55,48954.95,146864.85,106642.8986,101174.3667,96438.2069,85161.66995,49537.28385
2025-07-09,111054.15,74045.62152,40225.09251,93785.3072,99704.06,36359.38,49068.24,147204.72,106725.8898,101525.1167,96509.4596,85308.68467,49583.40985
2025-07-10,115986.14,73621.80355,40231.3683,93872.79022,99976.19,36387.55,49146.21,147438.63,106855.0164,101889.0768,96613.1382,85469.62124,49633.16356
2025-07-11,117531.61,74422.18656,40227.13381,93960.34032,100590.31,36367.72,49327.29,147981.87,106986.4298,102248.8421,96727.83925,85634.12228,49685.1773
2025-07-12,117481.95,79541.07535,40249.23406,94047.95754,100740.31,36425.8,49410.67,148232.01,107183.2386,102628.6928,96821.13525,85793.8956,49736.80409
2025-07-13,118798.03,81777.63793,40271.23379,94135.64192,100870.12,36449.7,49454.82,148364.46,107396.0498,103010.2784,96920.90685,85952.77,49788.65571
2025-07-14,120146.01,79219.36196,40289.11836,94223.39351,101612.12,36476.42,49659.36,148978.08,107630.398,103413.6509,97044.1837,86105.64948,49842.26973
2025-07-15,117543.48,80061.12765,40313.62767,94311.21234,101782.04,36480.52,49741.93,149225.79,107790.046,103784.4914,97159.9535,86250.36585,49892.75664
2025-07-16,119055.25,79344.23605,40391.4113,94399.09845,103007.78,36154.54,50071.25,150213.75,107989.2272,104162.4433,97279.53545,86400.81401,49943.39444
2025-07-17,119961.35,80209.31212,40408.41152,94487.05189,103646.73,36060.65,50273.88,150821.64,108235.4584,104559.2833,97412.5698,86554.92973,49994.91841
2025-07-18,117648.14,79409.57361,40440.83357,94575.07269,103901.18,36053.76,50367.48,151102.44,108470.4764,104920.7651,97539.0852,86694.60997,50045.19281
2025-07-19,117624.64,79445.53093,40470.48934,94663.1609,103976.56,36089.12,50429.83,151289.49,108748.4634,105282.5996,97660.3408,86833.90412,50094.91234
2025-07-20,117470.75,80218.10305,40461.97477,94751.31655,104045.25,36127.49,50457.06,151371.18,109003.669,105619.853,97775.3906,86969.62602,50145.03663
2025-07-21,117493.93,80030.82447,40477.83811,94839.53969,104390.74,36164.13,50554,151662,109237.1206,105888.7406,97879.79295,87106.76679,50198.38928
2025-07-22,119896.63,80547.78652,40515.47379,94927.83035,104637.79,36163.09,50680.8,152042.4,109518.5062,106182.9683,97989.49165,87254.73915,50254.92156
2025-07-23,118722.18,79462.54183,40487.68032,95016.18859,104821.3,36185.89,50785.78,152357.34,109776.9436,106463.9498,98092.9684,87401.4853,50308.5891
2025-07-24,118626.16,78544.79766,40518.9088,95104.61442,104978.81,36207.58,50860.29,152580.87,110054.7274,106730.6934,98192.5651,87547.06962,50361.40298
2025-07-25,117459.59,81862.49482,40546.78975,95193.10791,105158.93,36294.98,50957.26,152871.78,110376.8868,106985.8889,98268.49605,87683.71745,50414.79706
2025-07-26,117736.89,80370.67699,40580.9057,95281.66909,105294.09,36355.32,50985.62,152956.86,110639.6086,107253.503,98373.59375,87819.32277,50468.42181
2025-07-27,119100.18,80308.2144,40582.68731,95370.29799,105463.49,36415.77,51015.28,153045.84,110904.4036,107523.2026,98495.1053,87959.35225,50522.65506
2025-07-28,117755.37,85321.27606,40587.50513,95458.99466,105688.6,36477.1,51080.5,153241.5,111141.875,107783.4077,98622.44665,88099.20016,50576.01631
2025-07-29,117641.33,79922.67802,40634.64769,95547.75915,105847.46,36454.56,51174.3,153522.9,111298.8198,108042.1678,98738.0407,88240.76008,50630.40716
2025-07-30,117495.1,82052.83166,40668.59857,95636.59148,105949.67,36472.85,51243.07,153729.21,111453.8452,108274.7058,98853.0592,88386.02036,50684.88054
2025-07-31,116120.39,80417.60614,40707.05354,95725.49171,106090.33,36500.02,51287.74,153863.22,111607.7284,108491.4661,98962.15715,88526.17299,50736.61431
2025-08-01,113478.76,80436.45197,40728.95088,95814.45987,106102.67,36517.78,51303.73,153911.19,111758.1998,108685.5964,99057.43635,88667.92569,50783.41514
2025-08-02,112339.13,83416.12449,40758.29457,95903.496,106143.43,36550.73,51312.14,153936.42,111887.3588,108881.5117,99136.09265,88810.12382,50829.31982
2025-08-03,114132.26,80874.68274,40767.67587,95992.60014,106209.44,36582.18,51348.8,154046.4,112063.5552,109097.096,99207.01475,88963.09984,50876.55599
2025-08-04,114982.17,81334.18157,40792.58367,96081.77234,106289.01,36594.78,51381.64,154144.92,112259.0456,109303.155,99282.5264,89128.49288,50923.59791
2025-08-05,113686.92,80678.29355,40784.34785,96171.01263,106277.02,36603.25,51416.88,154250.64,112383.5384,109488.7851,99327.9548,89286.45942,50968.12631
2025-08-06,114829.92,80316.32172,40933.18679,96260.32106,106313.98,36609.98,51433.26,154299.78,112586.5806,109623.1434,99380.27105,89450.6917,51010.76039
2025-08-07,117453.18,81033.75466,40972.31781,96349.69767,106576.71,36657.34,51505.87,154517.61,112840.8682,109787.516,99462.12335,89602.57547,51056.22703
2025-08-08,116708.84,81445.92793,41181.18643,96439.14249,106854.96,36707.32,51561.2,154683.6,113080.8724,109930.9096,99530.16805,89757.06352,51100.99767
2025-08-09,116247.21,81512.23342,41254.98896,96528.65557,107144.76,36827.69,51580.31,154740.93,113337.35,110070.6609,99581.56215,89908.98813,51144.76806
2025-08-10,118893.82,82532.3161,41317.57059,96618.23695,107496.87,36950.02,51608.71,154826.13,113688.6306,110250.4344,99657.24875,90073.90563,51190.46553
2025-08-11,118782.25,83405.34684,41325.847,96707.88667,107733.78,36968.28,51666.97,155000.91,114045.7878,110415.8091,99730.7784,90238.07739,51234.54029
2025-08-12,120155.92,81712.40099,41326.24059,96797.60477,107943.66,36928.18,51731.11,155193.33,114344.799,110600.4574,99807.7495,90402.08736,51280.26929
2025-08-13,123130.99,82309.42318,41376.61104,96887.39129,108200.68,36889.51,51810.65,155431.95,114688.5728,110817.987,99899.65045,90578.56179,51327.16304
2025-08-14,118700.16,82327.45184,41454.63166,96977.24628,108405.8,36864.46,51891.5,155674.5,114918.6714,110986.405,99975.5576,90746.59832,51370.88799
2025-08-15,117452.88,81819.53605,41526.9513,97067.16976,108551.33,36825.24,51929.44,155788.32,115125.0154,111143.8538,100053.2761,90907.43124,51411.02435
2025-08-16,117480.26,82546.2229,41528.36514,97157.16179,108691.79,36879.13,52098.35,156295.05,115331.5986,111273.4251,100135.1994,91066.67503,51451.4302
2025-08-17,117582.68,82083.90584,41549.86458,97247.22241,108770.04,36907.4,52114.09,156342.27,115539.3688,111405.9059,100204.5537,91227.63827,51491.71994
2025-08-18,116263.96,84073.67957,41566.95402,97337.35165,108760.32,36932.54,52115.22,156345.66,115697.3244,111509.8989,100261.7241,91384.80016,51530.67404
2025-08-19,113320.59,83105.47188,41611.97553,97427.54956,108771.9,36886.56,52173.76,156521.28,115820.4598,111552.0187,100317.1685,91533.77997,51565.69064
2025-08-20,114355.02,81888.50237,41612.50311,97517.81618,108758.01,36859.44,52198.5,156595.5,115991.6664,111589.7307,100386.5055,91680.11783,51600.17157
2025-08-21,112215.59,82529.11482,41640.40972,97608.15154,108749.96,36841.22,52221.27,156663.81,116061.0788,111640.5538,100461.4323,91822.75181,51635.75469
2025-08-22,116461.36,82627.62555,41677.43067,97698.5557,109024.04,36862.08,52296.06,156888.18,116196.6776,111732.8192,100536.7086,91966.5158,51675.52018
2025-08-23,114969.28,82218.47305,41660.01574,97789.02869,109079.41,36847.13,52318.75,156956.25,116330.3704,111805.4934,100626.7957,92106.95865,51714.04976
2025-08-24,113519.27,82325.98982,41662.74283,97879.57055,109112.97,36871.34,52330.73,156992.19,116433.5778,111849.4733,100711.3988,92241.4867,51751.60274
2025-08-25,109885.57,82742.92358,41691.32289,97970.18132,109156.14,36932.74,52345.35,157036.05,116445.2984,111858.2442,100777.8562,92370.07016,51785.05775
2025-08-26,112118.16,82680.40359,41697.54139,98060.86104,109242.68,36938.54,52362.25,157086.75,116521.469,111907.8928,100858.5849,92514.52258,51822.06912
2025-08-27,111049.64,82052.3948,41715.97675,98151.60977,109252.18,36904.93,52387.86,157163.58,116570.9008,111965.1417,100930.781,92657.59854,51859.56481
2025-08-28,112240.32,82661.57016,41783.4378,98242.42752,109322.99,36822.39,52445.22,157335.66,116594.6242,112059.7531,101013.2798,92803.01997,51896.54792
2025-08-29,108393.1,82134.37594,41849.71626,98333.31436,109214.81,36680.97,52667.15,158001.45,116442.7634,112100.6712,101067.8689,92938.68725,51929.43513
2025-08-30,108423.49,83193.16268,41930.94488,98424.27032,109346.49,36740.08,52678.78,158036.34,116260.601,112129.5839,101131.6335,93074.77838,51962.83166
2025-08-31,108563.81,82097.45747,41961.83255,98515.29543,109471.66,36816.33,52688.21,158064.63,116082.2382,112159.989,101185.7294,93215.06027,51996.46514
2025-09-01,108596.61,80328.92192,41942.11342,98606.38975,109614.12,36861.76,52710.59,158131.77,115878.2098,112191.059,101245.828,93351.19918,52030.48438
2025-09-02,110959.69,81543.24455,41962.40062,98697.55331,109664.78,36863.27,52735.84,158207.52,115694.4834,112260.2003,101312.8899,93497.86104,52064.72739
2025-09-03,111908.97,80654.00639,41956.40068,98788.78615,109722.76,36844.86,52760.17,158280.51,115581.7932,112377.5042,101383.9121,93645.50212,52099.6362
2025-09-04,110898.63,81515.91927,41943.29825,98880.08832,109866.18,36859.47,52803.15,158409.45,115418.6608,112447.4801,101455.6405,93795.88797,52134.96021
2025-09-05,110870.46,84728.68771,41903.94617,98971.45985,110014.9,36800.06,52917.34,158752.02,115236.843,112503.1471,101531.9779,93952.89321,52170.61057
2025-09-06,109938.37,85771.99931,41964.45199,99062.90079,110129.45,36807.97,52931.84,158795.52,115082.6476,112548.2201,101604.3116,94106.83085,52205.21357
2025-09-07,111045.26,85264.19464,42008.24978,99154.41118,110273.35,36855.53,52951.23,158853.69,114951.06,112562.122,101676.4787,94261.10154,52239.50844
2025-09-08,112168.92,86754.11534,41980.25432,99245.99106,110413.66,36887.86,52985.87,158957.61,114845.0234,112589.0674,101746.2667,94412.28206,52272.33004
2025-09-09,111107.56,85084.42016,41971.0386,99337.64048,110428.95,36858.59,53012.29,159036.87,114717.296,112618.86,101823.7019,94559.36854,52303.59968
2025-09-10,113629.8,85189.81496,42024.69033,99429.35946,110523.27,36826.72,53052.28,159156.84,114591.9594,112704.1334,101908.8397,94713.5767,52338.60189
2025-09-11,114992.93,86252.15287,42090.07257,99521.14806,110652.83,36808.17,53102.1,159306.3,114517.3744,112805.3751,102005.589,94869.61423,52374.19169
2025-09-12,116147.96,86863.03452,42140.27065,99613.00632,110774.16,36766.07,53150.17,159450.51,114467.8104,112925.6587,102124.4202,95022.94854,52411.51518
2025-09-13,116081.21,85014.8791,42163.72357,99704.93427,110884.22,36764.36,53182.6,159547.8,114440.2428,113046.476,102260.1537,95176.61953,52448.37861
2025-09-14,115795.59,85836.18717,42226.11747,99796.93196,111033.75,36815.65,53201.72,159605.16,114401.4168,113139.0683,102418.5428,95332.36632,52484.84239
2025-09-15,115030.35,85100.02131,42179.39828,99888.99943,111066.31,36820.04,53250.49,159751.47,114320.0202,113254.0966,102572.8784,95488.69387,52521.39816
2025-09-16,116733.15,86190.15358,42164.30778,99981.13672,111153.5,36779.68,53297.33,159891.99,114299.5758,113387.3671,102735.964,95643.89236,52561.51679
2025-09-17,116295.84,84880.56906,42169.99286,100073.3439,111259.6,36750.25,53370.31,160110.93,114272.666,113516.1139,102887.6091,95796.6144,52601.69066
2025-09-18,117041.03,90276.6003,42185.58426,100165.6209,111443.09,36745.31,53423.43,160270.29,114263.5846,113667.4217,103000.9637,95944.93157,52644.70049
2025-09-19,115674.14,89189.7088,42176.77685,100257.9679,111599.7,36791.11,53519.98,160559.94,114254.6596,113826.8033,103148.2829,96089.34959,52685.94359
2025-09-20,116022.99,89783.22348,42289.1929,100350.3849,111760.82,36868.17,53544.25,160632.75,114305.5442,113994.5656,103292.4397,96234.58857,52726.23951
2025-09-21,115089.38,90386.36987,42247.14783,100442.872,111842.29,36917.9,53564.23,160692.69,114360.5492,114104.388,103416.7271,96375.96588,52766.26741
2025-09-22,112392.4,89764.58513,42182.99816,100535.4291,111830.21,37003.51,53559.47,160678.41,114325.752,114176.0558,103527.4126,96511.22003,52806.29452
2025-09-23,112161.17,89259.83004,42198.8573,100628.0563,111830.68,36989.01,53612.76,160838.28,114269.332,114231.2329,103656.5305,96642.26412,52845.30342
2025-09-24,113418.36,89276.45676,42178.86212,100720.7536,111852.15,36968.93,53667.86,161003.58,114263.9608,114301.0404,103792.9581,96780.53195,52885.61133
2025-09-25,109589.7,92311.89201,42195.02388,100813.5212,111830.76,36958.02,53715.22,161145.66,114159.1564,114328.136,103938.2385,96903.14841,52921.80557
2025-09-26,109619.8,92308.70254,42241.86379,100906.359,111813.19,36981.32,53735.83,161207.49,114002.4888,114355.0874,104089.7346,97023.25154,52961.52874
2025-09-27,109629.89,89340.61529,42254.3862,100999.267,111817.55,36967.68,53747.6,161242.8,113860.9098,114369.1287,104223.4089,97144.16332,53000.78897
2025-09-28,112055.14,89433.13129,42232.96884,101092.2454,111883.65,37033.66,53762.64,161287.92,113777.0684,114423.4767,104367.3032,97271.89036,53039.99356
2025-09-29,114011.67,90409.39884,42170.61801,101185.2942,112038.37,37108.97,53809.01,161427.03,113679.4254,114514.7764,104531.0887,97410.99239,53079.87941
2025-09-30,113699.81,89253.5929,42175.351,101278.4133,112190.58,37147.81,53888.31,161664.93,113577.7766,114569.8302,104678.8404,97556.00893,53120.06351
2025-10-01,117739.73,92070.18802,42029.4054,101371.603,112406.65,37059.98,54075.15,162225.45,113529.4528,114659.367,104846.7257,97712.37338,53163.48144
2025-10-02,120226.87,90094.16315,42043.9122,101464.863,112702.93,37015.31,54187.08,162561.24,113471.3704,114792.0584,105036.3216,97875.31008,53208.78373
2025-10-03,122425.66,90483.57644,42110.36067,101558.1937,113100.56,36981.66,54303.58,162910.74,113545.8804,114948.3558,105228.0367,98040.72124,53257.90846
2025-10-04,122032.05,90117.85104,42090.14665,101651.5949,113266.64,36980.92,54364.42,163093.26,113637.4638,115089.8281,105426.2186,98206.01865,53310.04174
2025-10-05,123155.12,91055.8089,42077.45853,101745.0667,113394.86,37026.26,54413.48,163240.44,113750.961,115254.778,105609.7972,98372.3747,53362.88483
2025-10-06,124672.41,90670.37674,42103.26309,101838.6091,113639.44,37069.35,54499.81,163499.43,113892.7556,115433.6042,105812.5209,98542.09206,53415.77167
2025-10-07,121697.21,92086.0898,42071.79686,101932.2223,113784.02,37032.57,54692.79,164078.37,114001.4206,115551.8604,106000.2697,98705.3058,53466.62491
2025-10-08,123101.91,90312.12086,42066.85633,102025.9062,113983.32,37013.93,54790.69,164372.07,114197.047,115630.9246,106195.9021,98876.55951,53518.411
2025-10-09,121587.9,92311.67128,42093.37687,102119.6608,114089.68,37031.56,54888.88,164666.64,114341.7046,115675.9944,106376.8645,99045.0547,53571.0144
2025-10-10,113729.1,90091.83916,42195.74033,102213.4863,114054.12,37057.72,54904.37,164713.11,114371.9748,115634.2961,106509.6518,99186.09286,53618.32371
2025-10-11,110944.48,90264.65844,42219.51329,102307.3827,113913.96,37081.99,54898.56,164695.68,114261.6372,115547.0344,106626.1625,99317.58052,53662.52435
2025-10-12,114915.63,91109.04456,42156.254,102401.35,113957.82,37149.2,54914.81,164744.43,114260.5642,115488.9191,106765.8979,99461.22462,53708.79816
2025-10-13,115284.24,90425.48373,42149.99339,102495.3882,113994.71,37206.7,54929.98,164789.94,114295.8636,115463.8164,106906.5669,99596.44552,53757.73678
2025-10-14,113449.13,91575.38204,42162.75893,102589.4974,113726.64,37064.28,55016.12,165048.36,114367.1348,115401.5262,107053.1875,99724.62618,53804.2548
2025-10-15,110936.1,90375.90572,42214.5656,102683.6776,113661.09,37045.18,55214.58,165643.74,114343.4936,115301.2457,107196.3036,99843.62912,53848.55193
2025-10-16,108281.67,88477.18575,42239.82462,102777.9289,113501.94,37108.76,55195.74,165587.22,114288.1342,115197.1738,107326.5289,99956.00797,53891.71267
2025-10-17,106995.08,88387.84984,42276.85617,102872.2514,113335.71,37176.27,55222.7,165668.1,114183.2294,115079.0676,107450.0475,100062.0836,53935.05068
2025-10-18,107176.07,88582.50988,42350.09023,102966.645,113329.09,37252.55,55236.39,165709.17,114158.8888,114964.6822,107560.2844,100168.6338,53978.18269
2025-10-19,108648.11,88032.77943,42375.80189,103061.1097,113310.4,37395.15,55242.57,165727.71,114163.3812,114866.3953,107691.2139,100277.1976,54022.32176
2025-10-20,110893.6,87931.61912,42380.01658,103155.6458,113344.77,37560.64,55261.86,165785.58,114209.977,114766.3617,107831.3719,100396.1466,54068.06981
2025-10-21,108853.53,88517.50581,42403.53835,103250.2531,113352.28,37543.01,55311.29,165933.87,114215.1154,114656.71,107955.8366,100509.4259,54110.8186
2025-10-22,107230.61,88527.27536,42404.95421,103344.9317,113190.48,37527.11,55397.31,166191.93,114140.5338,114530.0928,108076.1557,100621.3813,54152.63349
2025-10-23,109786.95,87953.47445,42442.75745,103439.6817,113122.53,37544.56,55439.55,166318.65,114098.0934,114444.8412,108236.7668,100735.6681,54194.8299
2025-10-24,110911.51,88519.66259,42475.43903,103534.5032,113082.45,37624.3,55466.83,166400.49,114098.351,114369.0037,108393.3584,100857.79,54237.80851
2025-10-25,111414.33,88102.71796,42525.89208,103629.396,113094.59,37669.02,55486.15,166458.45,114109.2284,114283.6053,108568.083,100980.199,54281.19353
2025-10-26,114719.77,89293.02458,42571.47815,103724.3604,113161.21,37745.07,55533.23,166599.69,114204.8564,114249.8764,108726.3716,101109.0082,54326.90728
2025-10-27,113826.07,88543.18906,42508.20518,103819.3963,113268.38,37838.36,55600.1,166800.3,114260.4726,114207.4847,108898.0687,101229.5501,54371.9483
2025-10-28,113186.28,88517.96524,42519.89896,103914.5038,113296.9,37784.8,55708.83,167126.49,114280.8198,114159.6089,109047.8514,101341.2802,54418.70256
2025-10-29,110824.46,93433.97409,42552.8716,104009.6829,113249.57,37713.27,55782.65,167347.95,114275.1578,114100.7652,109176.2101,101446.7214,54464.10231
2025-10-30,107571.52,93531.62202,42594.46974,104104.9337,113115.45,37680.9,55858.7,167576.1,114153.9922,114035.1292,109297.5907,101549.4027,54507.20561
2025-10-31,109678.04,93993.79573,42654.28619,104200.2561,113242.08,38237.99,55885.11,167655.33,114047.6944,114005.5616,109423.7043,101660.4639,54552.49061
2025-11-01,109769.88,95616.4908,42671.45603,104295.6504,113256.71,38285.34,55922.4,167767.2,113920.1328,113957.0907,109553.3412,101771.8553,54597.08894
2025-11-02,109877.2,95062.12382,42716.32338,104391.1164,113267.78,38321.15,55933.38,167800.14,113796.0526,113900.3688,109681.8881,101885.3264,54641.78071
2025-11-03,106150.4,95472.07272,42702.26116,104486.6542,113117.77,38340.93,55960.59,167881.77,113603.1488,113816.6297,109787.4422,101991.2065,54684.57341
2025-11-04,101110.55,96002.10707,42736.74481,104582.264,112699.58,38247.7,55934.48,167803.44,113324.7528,113664.1922,109871.7662,102078.2139,54723.79638
2025-11-05,103609.3,94554.8355,42748.61594,104677.9456,112473.2,38148.28,55925.25,167775.75,113062.2758,113510.3713,109964.2388,102154.5696,54766.74669
2025-11-06,101173.02,95428.03315,42743.90511,104773.6992,112278.65,38083.09,55924.73,167774.19,112759.8194,113337.7511,110044.8062,102224.0954,54808.19014
2025-11-07,103569.46,94751.74183,42772.08806,104869.5248,111942,38080.16,56077.49,168232.47,112490.388,113196.8872,110127.0638,102298.1424,54852.42886
2025-11-08,102316.64,96392.36642,42796.20684,104965.4225,111893.39,38165.78,56096.66,168289.98,112223.238,113012.6963,110172.1768,102368.4477,54895.68582
2025-11-09,104653.43,94977.47643,42837.25331,105061.3922,111924.35,38231.18,56109.11,168327.33,111995.8468,112855.7094,110228.3633,102435.2833,54940.59856
2025-11-10,105902.71,94637.15942,42790.40728,105157.4341,111942.27,38240.39,56151.43,168454.29,111812.1134,112697.3404,110290.7075,102481.7721,54986.45441
2025-11-11,102899.12,94937.99457,42763.69834,105253.5481,111845.52,38176.2,56172.3,168516.9,111622.2478,112472.5419,110332.107,102522.171,55029.46007
2025-11-12,101722.09,93315.05408,42773.64617,105349.7344,111758.72,38130.91,56193.28,168579.84,111413.4662,112283.8967,110368.2574,102554.246,55070.78879
2025-11-13,99770.43,93855.78951,42807.46976,105445.9929,111459.75,38133.76,56176.78,168530.34,111140.5076,112087.425,110398.8515,102588.2185,55111.58154
2025-11-14,94642.01,93142.41854,42808.90871,105542.3237,110970.96,38070.09,56112.76,168338.28,110841.5538,111833.6667,110397.9254,102597.6901,55148.36314
2025-11-15,95521.78,92673.97773,42697.76761,105638.7269,110930.41,38127.78,56117.32,168351.96,110559.5934,111588.5456,110403.8498,102611.6079,55185.75948
2025-11-16,94140.65,92719.74498,42717.38386,105735.2024,110809.55,38153.88,56107.01,168321.03,110249.8086,111342.731,110402.7885,102624.8458,55222.17581
2025-11-17,92102.6,92885.15462,42714.37369,105831.7504,110390.55,38136.17,56081.05,168243.15,109850.7578,111106.9756,110380.4681,102628.6259,55257.86431
2025-11-18,93121.55,93767.35877,42584.70632,105928.3708,109785.74,37985.77,56106.69,168320.07,109432.9554,110871.0481,110363.016,102631.2912,55294.01627
2025-11-19,91077.39,92487.05729,42550.13129,106025.0638,109436.55,37936.4,56053.43,168160.29,108980.507,110636.1792,110338.3678,102622.5373,55329.26408
2025-11-20,87186.46,92489.34337,42571.45989,106121.8293,109078.1,37914.5,56025.69,168077.07,108369.4416,110310.9026,110300.7663,102591.0861,55362.4003
2025-11-21,84887.42,93105.65923,42600.15133,106218.6674,108256.69,37924.81,55866.07,167598.21,107662.6526,109976.6597,110251.555,102552.6362,55396.98509
2025-11-22,84929.48,92595.57635,42611.75145,106315.5781,105386.07,36650.28,56002.92,168008.76,106912.729,109658.9953,110194.0181,102517.5645,55432.61601
2025-11-23,87097.56,92721.42721,42622.58375,106412.5616,104782.72,36656.31,56358.48,169075.44,106214.0392,109405.7952,110144.6049,102488.2111,55469.46676
2025-11-24,88304.02,93318.59985,42632.06279,106509.6177,104657.42,36732.78,56356.28,169068.84,105517.0172,109141.1937,110072.4367,102473.7176,55506.36618
2025-11-25,87274.96,93202.54375,42643.49515,106606.7467,104504.88,36749.2,56348.2,169044.6,104769.0682,108877.0306,109995.5132,102460.8872,55542.43733
2025-11-26,90216.29,93247.51346,42665.41457,106703.9484,104293.26,36663.73,56413.38,169240.14,104139.4498,108632.3191,109927.5776,102444.9554,55580.62519
2025-11-27,91225.54,90794.54945,42700.598,106801.223,104202.54,36826.42,56407.82,169223.46,103501.9224,108441.5684,109865.3573,102433.1498,55619.5005
2025-11-28,91130.77,91437.70842,42734.27735,106898.5705,104096.63,36862.27,56394.55,169183.65,102892.7798,108249.4271,109807.4402,102415.4519,55657.68524
2025-11-29,90937.76,90914.47561,42764.59995,106995.9909,104062.73,36907.06,56392.92,169178.76,102436.953,108053.5821,109742.6363,102399.9905,55695.47475
2025-11-30,90942.54,91016.21632,42785.58359,107093.4843,103992.32,37005.26,56387.17,169161.51,102036.9142,107857.4258,109679.6611,102382.1777,55733.2939
2025-12-01,86355.57,93326.30024,42774.41738,107191.0508,103679.51,37005.91,56350.01,169050.03,101465.713,107584.0467,109593.6723,102357.031,55767.50421
2025-12-02,91462.29,93329.77011,42788.25069,107288.6903,103527.35,37002.27,56321.69,168965.07,100989.274,107356.8613,109533.2711,102345.2982,55805.15204
2025-12-03,93402.58,94147.46296,42807.62853,107386.4029,103392.86,36897.13,56344.1,169032.3,100588.343,107162.4608,109483.8716,102330.4911,55845.46492
2025-12-04,92254.55,93515.42747,42851.64403,107484.1887,103345.83,36912.69,56348.87,169046.61,100214.712,106955.6173,109416.0501,102318.3767,55884.92429
2025-12-05,89153.45,94134.68497,42873.29085,107582.0477,103042.06,36995.66,56297.53,168892.59,99832.1476,106724.6738,109333.5203,102287.8022,55919.58211
2025-12-06,89133.05,95530.46666,42896.43177,107679.9799,102974.16,37120.71,56298.17,168894.51,99474.907,106481.2048,109244.6626,102258.0269,55953.49468
2025-12-07,90059.71,93873.23816,42936.52823,107777.9854,102904.21,37174.21,56295.22,168885.66,99132.5798,106235.5469,109147.3121,102229.9721,55987.92647
2025-12-08,90944.19,94351.30866,42934.4718,107876.0642,102583.64,37336.9,56286.12,168858.36,98778.5014,106011.5094,109047.2284,102212.5609,56021.4991
2025-12-09,92566.41,93555.37391,42928.66636,107974.2164,102476.17,37325.66,56295.93,168887.79,98411.9576,105777.4718,108971.8528,102201.1382,56056.0873
2025-12-10,92240.13,93726.64685,42932.17822,108072.442,102346.72,37235.82,56370.67,169112.01,98079.6896,105524.6629,108892.2661,102176.5725,56090.19049
2025-12-11,92365.71,93637.82171,42984.33245,108170.7411,102133.61,37398.39,56364.99,169094.97,97782.3916,105260.4157,108811.9517,102155.3127,56124.93665
2025-12-12,90173.44,93607.93703,42918.12706,108269.1137,101920.13,37495.01,56347.33,169041.99,97390.1214,104972.5516,108715.0135,102125.1042,56159.10332
2025-12-13,90169.92,93093.42319,42965.03461,108367.5598,101801.22,37606.25,56348.53,169045.59,96975.2896,104687.8219,108620.3822,102094.9419,56193.39332
2025-12-14,88143.26,93826.9709,42990.51297,108466.0795,101636,37827.75,56343.19,169029.57,96509.8682,104389.0764,108522.8495,102050.215,56226.21489
2025-12-15,86143.47,93625.80111,42999.09546,108564.6728,101257.37,38031.04,56283.78,168851.34,95938.3422,104049.1911,108424.0806,101995.949,56257.2988
2025-12-16,87847.79,95528.56695,42978.5774,108663.3398,101069.4,37957.42,56273.65,168820.95,95418.7766,103733.1017,108344.6931,101946.1556,56288.50463
2025-12-17,86104.66,94289.68761,42991.67565,108762.0805,100912.78,37867.46,56250.81,168752.43,94877.1442,103389.3642,108251.6641,101905.1144,56318.48358
2025-12-18,85235.69,92982.43669,42956.44551,108860.8949,100755.84,38011.37,56244.03,168732.09,94365.3688,103051.1592,108148.7358,101870.8262,56350.27936
2025-12-19,88104.27,92876.42429,42968.42366,108959.7832,100536.98,38160.78,56238.34,168715.02,93976.0238,102740.9512,108060.1204,101844.594,56384.6891
2025-12-20,88121.37,93105.34778,43024.01937,109058.7453,100367.1,38013.49,56205.48,168616.44,93544.8904,102441.3067,107971.7257,101820.7417,56419.0738
2025-12-21,88204.43,93817.99057,43056.5062,109157.7813,100328,38053.26,56210.92,168632.76,93113.5814,102172.5514,107889.063,101801.3846,56454.55598
2025-12-22,88258.11,94341.12705,43062.95633,109256.8912,100227.31,38161.47,56216.21,168648.63,92681.1996,101906.9619,107823.5954,101783.9854,56490.87036
2025-12-23,87170.1,93025.05816,43093.42545,109356.0751,100072.89,38112.85,56211.52,168634.56,92301.5936,101615.3146,107736.4419,101751.9726,56525.96605
2025-12-24,87693.35,93036.50728,43120.14623,109455.333,99955.52,38125.77,56190.07,168570.21,92033.2496,101372.0218,107645.6065,101721.3398,56561.91257
2025-12-25,87341.58,94487.72166,43155.86043,109554.665,99898.36,38204.85,56195.45,168586.35,91707.8952,101124.486,107552.9055,101698.9523,56596.96529
2025-12-26,87217.98,94927.88655,43214.14955,109654.0711,99638.08,38311.69,56149.55,168448.65,91428.7944,100875.4648,107440.0249,101679.2502,56631.19141
2025-12-27,87685.77,93124.56489,43267.65215,109753.5513,99558.76,38394.11,56148.53,168445.59,91111.1206,100604.694,107329.7346,101658.7747,56665.82453
2025-12-28,87609.64,94380.03464,43305.55563,109853.1057,99452.68,38461.32,56138.89,168416.67,90816.9806,100311.3381,107225.6516,101642.9922,56701.54886
2025-12-29,87108.55,93058.03436,43318.62604,109952.7343,99337.93,38514.84,56133.01,168399.03,90466.083,100015.8797,107131.4185,101628.6062,56732.94659
2025-12-30,88154.53,92846.58273,43299.84743,110052.4373,99208.55,38476.08,56111.94,168335.82,90111.1194,99687.15522,107042.7852,101614.2683,56764.56849
2025-12-31,87291.86,92883.65056,43347.01735,110152.2145,99052.76,38353.01,56082.69,168248.07,89798.9742,99321.21067,106952.6323,101594.5734,56795.42942
2026-01-01,88448.95,91015.79582,43365.30929,110252.0661,98939.88,38388.96,56079.75,168239.25,89533.5114,98943.69167,106868.8388,101572.1434,56828.23468
2026-01-02,90145.35,90933.23479,43386.46283,110351.9921,98883.51,38452.48,56082.01,168246.03,89341.0098,98589.395,106782.2542,101550.6832,56864.8093
2026-01-03,90300.85,90356.39432,43391.58499,110451.9926,98764.35,38664.2,56085.17,168255.51,89254.1866,98224.34756,106710.3693,101529.4579,56901.20007
2026-01-04,91231.13,90367.31472,43402.17105,110552.0675,98703.37,38768.33,56092.48,168277.44,89168.3736,97852.77778,106642.831,101508.9203,56938.87319
2026-01-05,94208.64,92286.22596,43394.09877,110652.217,98715.08,38819.3,56123.53,168370.59,89169.7334,97547.34922,106590.331,101486.7644,56978.91995
2026-01-06,93321.48,90231.19574,43398.62572,110752.4411,98724.98,38839.68,56140.34,168421.02,89194.111,97216.45556,106539.8218,101477.4351,57018.06341
2026-01-07,91171.67,90334.12216,43423.19639,110852.7398,98602.3,38690.36,56154.47,168463.41,89155.1134,96878.49744,106489.0312,101467.473,57053.25961
2026-01-08,91163.02,89880.12624,43462.32107,110953.1131,98481.26,38729.73,56142.65,168427.95,89156.826,96627.76322,106440.2244,101464.3849,57090.24496
2026-01-09,90265.31,89854.2475,43495.32904,111053.5612,98363.86,38726.45,56125.01,168375.03,89218.403,96397.99467,106365.5241,101452.6892,57126.94221
2026-01-10,90197.47,89943.23347,43525.68402,111154.084,98229.49,38804.77,56124.92,168374.76,89324.604,96123.34844,106286.8,101440.8927,57163.53752
2026-01-11,90396.55,89301.19039,43556.25529,111254.6817,98024.31,39009.83,56113.56,168340.68,89433.9454,95846.81856,106202.8065,101430.1668,57201.17684
2026-01-12,91201.01,91788.13209,43549.12895,111355.3541,97859.11,39121.81,56110.37,168331.11,89516.0144,95599.61722,106123.1332,101421.3154,57238.03689
2026-01-13,95474.68,89127.37861,43536.93189,111456.1015,97875.62,39112.75,56149.94,168449.82,89659.4276,95427.82367,106064.7511,101418.2022,57278.10709
2026-01-14,97089.48,89044.77311,43498.15474,111556.9238,97933.06,39156.17,56196.84,168590.52,89855.718,95303.466,106014.2277,101410.3496,57318.12565
2026-01-15,95514.28,90365.68774,43466.08103,111657.821,97962.63,39168.18,56224.8,168674.4,89961.6778,95175.90156,105949.9682,101398.3563,57357.18312
2026-01-16,95491.29,89023.88876,43484.47691,111758.7933,97902.56,39283.68,56234.24,168702.72,90046.9928,95046.07067,105891.6055,101373.3289,57395.59216
2026-01-17,95169.12,89302.26378,43521.66051,111859.8406,97867.73,39382.84,56251.17,168753.51,90127.7598,94896.30411,105838.4777,101348.0609,57433.47058
2026-01-18,95341.62,91285.15619,43553.85254,111960.9631,97794.54,39517.3,56259.19,168777.57,90215.837,94723.50433,105771.4609,101332.2887,57472.11254
2026-01-19,92417.62,89315.95658,43541.33472,112062.1607,97675.79,39641.22,56257.24,168771.72,90245.3386,94540.88311,105685.1419,101302.9418,57508.73099
2026-01-20,88416.01,93185.02487,43540.96076,112163.4334,97466.42,39692.2,56221.45,168664.35,90286.5474,94331.832,105585.7988,101254.7209,57541.47742
2026-01-21,89853.94,89191.42623,43480.87948,112264.7815,97311.08,39733.81,56196.75,168590.25,90254.3804,94110.35411,105493.274,101216.5271,57575.24578
2026-01-22,89207.28,86414.2321,43524.37445,112366.2047,97183.01,39764.96,56188.15,168564.45,90170.4744,93869.196,105392.8127,101175.6781,57607.53599
2026-01-23,89223.4,86311.0566,43548.38545,112467.7034,96314.25,39831.26,55962.1,167886.3,90109.8514,93622.63011,105297.3815,101132.9904,57639.68178
2026-01-24,89142.15,91519.38298,43574.58399,112569.2773,96235.9,39916.56,55959.39,167878.17,90109.6254,93338.43433,105200.202,101090.1095,57671.55819
2026-01-25,86150.55,86313.91862,43596.24227,112670.9267,96132.8,39993.09,55949.71,167849.13,90049.9754,93030.92856,105075.684,101042.3948,57699.71285
2026-01-26,88089.04,86277.71941,43574.75169,112772.6516,95979.56,40178.06,55942.23,167826.69,90010.562,92752.07033,104936.1985,101004.4273,57728.81869
2026-01-27,89138.78,86285.49723,43615.55943,112874.4519,95906.71,40278.37,55944.6,167833.8,89974.4538,92511.11833,104794.2343,100971.5789,57758.69429
2026-01-28,89106.74,86087.98679,43636.34381,112976.3278,95878.39,40258.78,55942.36,167827.08,89905.2604,92305.95411,104652.3583,100931.4551,57788.67581
2026-01-29,84162.46,88237.13389,43684.43319,113078.2793,95672.54,40367.21,55909.97,167729.91,89743.707,92022.44767,104479.1804,100874.6765,57816.14577
2026-01-30,84086.21,86102.24788,43731.95046,113180.3064,95397.39,40448.59,55864.83,167594.49,89578.117,91737.07356,104298.8815,100824.8262,57843.18467
2026-01-31,78489.63,86199.19529,43736.07476,113282.4092,95116.53,40526.63,55819.35,167458.05,89344.4408,91388.32278,104103.6122,100764.3921,57866.26466
2026-02-01,76840.37,89485.65693,43763.17007,113384.5877,94885.87,40638.34,55792.74,167378.22,89077.8498,91062.65578,103892.5378,100708.3761,57888.03234
2026-02-02,78564.03,87094.01675,43747.26208,113486.8419,94577.81,40670.27,55743.1,167229.3,88886.2652,90812.13889,103685.5512,100645.6231,57910.77337
2026-02-03,75827.62,86471.8525,43759.53959,113589.172,94141.68,40686.46,55645.39,166936.17,88679.9482,90503.45356,103476.4486,100587.5895,57932.27081
2026-02-04,72896.27,86535.14088,43744.05036,113691.5779,93715.41,40657.42,55541.53,166624.59,88380.9178,90189.26744,103252.8068,100522.473,57953.22232
2026-02-05,63960.69,87304.92362,43782.1637,113794.0597,92655.51,40556.84,55281.22,165843.66,87938.0384,89749.17,102985.2565,100432.8209,57967.75388
2026-02-06,70866.09,85978.4288,43800.9127,113896.6175,92228.55,40549.67,55198.65,165595.95,87650.6464,89399.71944,102752.1173,100363.8474,57988.23331
2026-02-07,69184.54,77028.34301,43831.48269,113999.2512,91885.58,40619.87,55128.18,165384.54,87272.2518,89005.62067,102498.5568,100288.5016,58007.19974
2026-02-08,70716.78,77115.33206,43869.8897,114101.9609,91783.92,40736.4,55135.45,165406.35,86924.16,88614.66589,102258.5298,100219.7549,58027.57595
2026-02-09,70130.11,78414.55552,43816.80749,114204.7468,91509.93,40798.89,55085.82,165257.46,86562.6736,88250.56578,102016.0495,100144.6309,58049.26975
2026-02-10,68463.88,76995.17286,43856.40081,114307.6087,91214.35,40834.29,55040.72,165122.16,86166.789,87881.03011,101771.071,100069.8872,58069.65969
2026-02-11,67223.2,77469.03574,43859.16579,114410.5468,90970.88,40800.98,54978.61,164935.83,85767.851,87519.39422,101518.5025,99986.03709,58088.24094
2026-02-12,66120,77083.72895,43892.71224,114513.5611,90639.79,40870.07,54914.59,164743.77,85336.384,87202.483,101253.6016,99902.36431,58107.02478
2026-02-13,68914.41,78008.01377,43927.40829,114616.6517,90361.23,40939.31,54874.9,164624.7,84967.8406,86906.84556,101009.3969,99823.7025,58127.42895
2026-02-14,69929,77579.35601,43940.02252,114719.8185,90176.53,41139.26,54878.37,164635.11,84622.061,86637.82722,100770.8352,99747.39613,58148.55826
2026-02-15,68530.75,77990.97689,43975.30338,114823.0617,90025.41,41277.18,54876.23,164628.69,84238.9606,86375.91778,100526.0135,99670.41203,58169.11217
2026-02-16,68504.29,77126.77119,43932.30633,114926.3813,89820.94,41363.84,54847.27,164541.81,83856.8536,86102.39267,100287.933,99595.96511,58188.93084
2026-02-17,67584.7,77096.90276,43948.83276,115029.7772,89608.67,41458.39,54822.49,164467.47,83466.3766,85841.36278,100058.4627,99519.35264,58207.69754
2026-02-18,66229.12,77571.2927,43959.51846,115133.2497,89396.88,41443.56,54781.81,164345.43,83027.8684,85608.50344,99827.9126,99435.88365,58225.43239
2026-02-19,66844.32,88422.8389,44005.25477,115236.7987,89141.94,41607.84,54762.55,164287.65,82618.9176,85408.02456,99591.4729,99349.71055,58244.37759
2026-02-20,67718.23,90241.81001,44022.856,115340.4242,88844.15,41680.67,54706.68,164120.04,82204.3032,85216.78844,99355.1532,99273.05593,58264.3406
2026-02-21,68148.25,88329.47064,44021.48672,115444.1263,88726.4,41790.8,54708.05,164124.15,81764.3612,85006.24056,99127.45985,99194.88563,58284.57965
2026-02-22,67588.61,88517.88534,44045.73285,115547.9051,88582.81,41920.62,54703.27,164109.81,81310.1164,84776.06933,98891.2533,99117.81294,58304.68099
2026-02-23,64652.66,90135.63898,43975.53763,115651.7605,88267.46,42032.79,54654.15,163962.45,80778.547,84524.71044,98627.2507,99041.6342,58322.05321
2026-02-24,63948.94,88380.4011,44018.83899,115755.6927,87923.82,42068.84,54584.05,163752.15,80173.353,84232.851,98363.4512,98972.99253,58340.50506
2026-02-25,68319.15,88880.58399,44041.94424,115859.7017,87841.43,42076.31,54572.97,163718.91,79673.3064,83978.33556,98123.8109,98929.58973,58361.31213
2026-02-26,67588.75,88151.16088,44049.24652,115963.7875,87709.26,42137.4,54565.68,163697.04,79201.648,83716.75756,97867.28555,98884.05547,58381.16343
2026-02-27,65560.05,89490.15622,44099.22743,116067.9502,87509.45,42189.45,54532.51,163597.53,78689.5886,83434.783,97601.17455,98833.07745,58400.48514
2026-02-28,66909.88,88960.55212,44110.96471,116172.1897,87398.01,42247.78,54522.53,163567.59,78222.48,83167.75344,97334.94435,98780.72321,58421.35361
2026-03-01,65676.54,90137.35842,44122.31834,116276.5063,87246.68,42344.64,54514.84,163544.52,77732.0614,82937.98644,97047.6721,98701.89478,58440.80361
2026-03-02,69115.81,90730.33672,44122.31,116380.8998,86996.85,42517.02,54509.29,163527.87,77306.4466,82689.69222,96799.75035,98654.93187,58462.66573
2026-03-03,68399.4,90721.84873,44129.37249,116485.3704,86844.02,42590.81,54498.84,163496.52,76850.4144,82411.87911,96554.48295,98603.30486,58484.64786
2026-03-04,72812.18,91344.43685,44118.29697,116589.9181,86813.44,42623.08,54508.24,163524.72,76397.1644,82195.85278,96331.14255,98555.44849,58508.32791
2026-03-05,71031.6,90554.81311,44140.20173,116694.5429,86687.31,42649.06,54493.67,163481.01,75876.0068,81994.49889,96098.38715,98502.63615,58533.10343
2026-03-06,68374.58,90455.30087,44173.60868,116799.2449,86348.24,42716.39,54442.28,163326.84,75333.2128,81763.84922,95858.94025,98453.28723,58556.27074
2026-03-07,67389.65,90550.05759,44220.37529,116904.0241,86140.1,42836.51,54431.24,163293.72,74771.18,81511.95967,95629.28555,98401.79492,58579.11375
2026-03-08,66183.95,91286.78074,44241.44333,117008.8806,85882.62,43008.54,54425.81,163277.43,74191.4766,81236.84589,95388.4302,98362.37275,58601.99412
2026-03-09,68527.58,91163.27159,44263.11782,117113.8144,85708.48,43085.51,54415.99,163247.97,73655.1958,80969.74778,95169.99015,98332.72168,58628.73436
2026-03-10,69808.73,92436.49037,44249.29496,117218.8255,85622.63,43151.71,54416.72,163250.16,73203.018,80720.51,94936.727,98296.7703,58656.50608
2026-03-11,70331.35,90452.77522,44278.6888,117323.9141,85482.61,43067.66,54358.47,163075.41,72841.3248,80475.68378,94713.53735,98261.20728,58686.18481
2026-03-12,70233.42,91132.67307,44320.15079,117429.0801,85342.53,43072.8,54341.19,163023.57,72448.9144,80254.128,94497.1081,98230.9294,58715.61484
2026-03-13,70846.75,90236.96958,44356.60245,117534.3236,85186.28,43205.98,54348.89,163046.67,72081.7038,80039.42611,94301.914,98194.38346,58745.20799
2026-03-14,70905.33,91278.07597,44405.31947,117639.6446,84854.52,43435.88,54331.87,162995.61,71715.3424,79847.89356,94095.84985,98157.9622,58774.40676
2026-03-15,72473.79,92028.34096,44421.72667,117745.0432,84740.48,43551.33,54337.29,163011.87,71381.9752,79696.00822,93902.9706,98130.94602,58803.93696
2026-03-16,74380.82,92617.54899,44360.7528,117850.5195,84672,43627.43,54355.85,163067.55,71146.5806,79546.37522,93713.6731,98104.29264,58835.67928
2026-03-17,74135.37,90334.79199,44311.28221,117956.0734,84612.13,43654.13,54356.57,163069.71,70867.5072,79413.38311,93542.38445,98081.59951,58866.86144
2026-03-18,71029.13,91792.31022,44329.90647,118061.705,84480.16,43674.33,54330.83,162992.49,70505.3142,79255.53244,93355.41265,98039.2636,58896.94281
2026-03-19,69992.9,90398.8606,44374.73108,118167.4144,84354.73,43682.32,54307.31,162921.93,70123.0374,79054.295,93162.5581,98000.43179,58925.37279
2026-03-20,70671.39,85300.51458,44388.84679,118273.2016,84235.31,43712.83,54294.41,162883.23,69853.216,78860.40633,92972.932,97963.4097,58954.99911
2026-03-21,70072.02,84665.2904,44430.32323,118379.0667,84067.06,43862.16,54294.62,162883.86,69572.9322,78658.93511,92768.49365,97925.21346,58984.02293
2026-03-22,68245.78,83632.49076,44433.07961,118485.0096,83817.19,44011.97,54314.93,162944.79,69368.0552,78436.57589,92550.1777,97878.09912,59011.18473
2026-03-23,70770.52,83565.60789,44438.84759,118591.0305,83683,44083.45,54313.83,162941.49,69246.6582,78254.35833,92349.53715,97833.04107,59040.90547
2026-03-24,70175.03,87446.30691,44467.65504,118697.1294,83417.44,44139.88,54270.67,162812.01,69078.8782,78059.71033,92146.06,97785.05396,59069.94746
2026-03-25,71250.8,83511.89028,44481.56598,118803.3063,83309.9,44173.3,54257.76,162773.28,68987.3418,77880.92389,91952.62215,97741.87335,59099.70587
2026-03-26,68554.36,83591.2425,44534.94021,118909.5613,83154.41,44229.74,54243.2,162729.6,68900.5036,77673.55033,91740.16765,97690.78516,59127.63917
2026-03-27,66066.39,85702.68238,44583.72413,119015.8944,82739.01,44376.03,54190.65,162571.95,68942.6176,77433.335,91509.655,97641.1736,59154.29852
2026-03-28,66343.27,83688.17581,44616.03523,119122.3056,82464.98,44526.01,54174.85,162524.55,68852.1612,77197.042,91285.83355,97597.30102,59181.03931
2026-03-29,66119.59,84252.34037,44646.48533,119228.7951,82220.18,44693.01,54168.95,162506.85,68790.8622,76963.83133,91048.2825,97553.02354,59207.31806
2026-03-30,66745.09,84097.97434,44606.65796,119335.3629,82064.99,44693.95,54134.67,162404.01,68711.4284,76725.94867,90807.0433,97510.31398,59232.4003
2026-03-31,68266.98,84103.40941,44635.79415,119442.0089,81873.97,44734.9,54127.16,162381.48,68674.1658,76514.56111,90567.6384,97463.9906,59258.46296
2026-04-01,68256.91,80892.47307,44628.77484,119548.7333,81834.43,44747.32,54126.66,162379.98,68670.0264,76290.20511,90328.5169,97424.96505,59285.91626
2026-04-02,66860.33,79375.89186,44639.66225,119655.5361,81635.56,44784.21,54093.85,162281.55,68662.769,76031.48267,90083.8406,97381.00445,59311.87931
2026-04-03,66834.57,82386.55305,44691.16264,119762.4173,81414.46,44928.59,54083.65,162250.95,68677.0604,75770.74622,89842.8617,97333.95492,59338.48181
2026-04-04,67389.54,82458.09727,44719.72372,119869.377,81239.11,45074.57,54081.74,162245.22,68646.563,75505.83967,89596.14365,97290.61082,59365.30655
2026-04-05,68732.22,84199.83059,44742.80735,119976.4152,81069.93,45214.12,54094.63,162283.89,68622.6274,75222.76833,89358.32555,97266.07099,59393.04845
2026-04-06,68655.94,82460.23169,44730.81146,120083.532,80938.97,45331.41,54098.69,162296.07,68625.1312,74948.70678,89116.4001,97236.0236,59419.74667
2026-04-07,71900.42,83054.84763,44741.3314,120190.7274,80858.15,45352.17,54091.21,162273.63,68693.0538,74734.58178,88897.5315,97223.4714,59448.78791
2026-04-08,70931.44,82473.04097,44750.79108,120298.0014,80917.72,45347.45,54108,162324,68759.9886,74509.78644,88672.07375,97190.14552,59477.87094
2026-04-09,71708.04,83614.34968,44805.48394,120405.3542,80789.8,45428.52,54108.82,162326.46,68869.567,74303.59456,88455.16705,97168.77571,59507.64188
2026-04-10,72927.82,84980.40463,44827.06742,120512.7857,80694.54,45523.14,54120.14,162360.42,68991.237,74111.70956,88257.84415,97140.47376,59538.90953
2026-04-11,73285.01,82483.84652,44848.34899,120620.2961,80636.74,45603.92,54133.5,162400.5,69102.5726,73921.58133,88063.46335,97107.87014,59571.00325
2026-04-12,70775.86,82608.08383,44860.39916,120727.8852,80495.09,45690.62,54129.25,162387.75,69155.1248,73694.63522,87850.25085,97073.47582,59602.25021
2026-04-13,74701.15,83053.29609,44839.67797,120835.5533,80410.53,45799.32,54142.26,162426.78,69297.3756,73463.81822,87675.8081,97046.67865,59639.63639
2026-04-14,74136.2,82502.32684,44826.80953,120943.3003,80511.78,45715.74,54150.2,162450.6,69487.0464,73208.78178,87498.3901,97020.01302,59676.78881
2026-04-15,74948.73,86290.29882,44824.44169,121051.1262,80510.84,45694.68,54145.22,162435.66,69707.0422,72980.27567,87324.9843,96994.68582,59714.28266
2026-04-16,74969.38,82458.83468,44854.08006,121159.0312,80423.86,45776.16,54152.06,162456.18,69840.0468,72752.25444,87139.5555,96967.02044,59753.31386
2026-04-17,76942.51,80260.62569,44907.21303,121267.0153,80395.76,45934.91,54176.74,162530.22,70027.122,72549.73656,86954.2097,96946.95659,59793.6641
2026-04-18,75865.56,81068.6268,44944.61126,121375.0785,80318,46023,54176.24,162528.72,70233.2322,72333.33589,86765.03845,96921.54665,59834.251
2026-04-19,74094.84,81119.67718,44956.44359,121483.2208,80231.14,46093.1,54170.51,162511.53,70376.9314,72129.74944,86546.814,96891.42385,59872.55817
2026-04-20,75866.85,80376.21948,44951.38787,121591.4424,80159.71,46226.32,54158.28,162474.84,70580.7376,71990.31433,86325.0139,96860.51426,59912.16454
2026-04-21,75902.11,80428.26863,44977.53357,121699.7431,79449.09,47690.08,54163.19,162489.57,70716.4636,71835.294,86092.39615,96812.7342,59951.48568
2026-04-22,78511.47,80862.71475,44985.25125,121808.1232,79345.68,47979.95,54155.34,162466.02,70918.705,71716.45167,85874.79325,96771.78734,59993.28804
2026-04-23,78314.95,80974.09641,45010.57248,121916.5827,79308.34,48001.96,54155.34,162466.02,71028.7604,71595.24667,85650.5924,96730.2519,60034.14949
2026-04-24,77600.6,81010.43617,45018.53526,122025.1215,78838.27,48001.57,54085.32,162255.96,71160.1404,71467.00722,85415.23335,96683.49742,60074.32272
2026-04-25,77617.92,82259.23898,45047.57507,122133.7398,78805.04,48032.61,54086.4,162259.2,71345.0072,71372.20022,85194.8369,96637.14005,60114.48145
2026-04-26,78470.63,81133.69264,45078.72587,122242.4375,78796.32,48053.12,54093.16,162279.48,71566.6268,71265.329,84971.6805,96595.43404,60155.43997
2026-04-27,76843.9,80468.53455,45065.0983,122351.2148,78795.19,48067.31,54096.98,162290.94,71779.8258,71128.71922,84747.9605,96546.02931,60195.51016
2026-04-28,76083.58,80406.47952,45056.64183,122460.0716,78759.79,48062.46,54092,162276,71930.9458,70984.01744,84559.7329,96495.8828,60235.37628
2026-04-29,75861.2,81577.93272,45068.80036,122569.008,78733.26,48012.61,54072.35,162217.05,72051.9952,70891.78122,84384.3165,96445.08137,60275.17261
2026-04-30,76106.22,80169.17485,45094.48063,122678.0241,78683.16,48008.6,54057.47,162172.41,72167.4926,70803.11467,84190.26945,96388.87132,60315.95047
2026-05-01,78106.54,85613.31161,45088.17174,122787.12,78714.52,48036.44,54083.23,162249.69,72324.955,70798.85811,84004.38095,96338.03225,60357.94829
2026-05-02,78574.23,83203.40959,45092.32197,122896.2955,78669.51,48087.36,54087.84,162263.52,72479.5046,70818.12322,83830.00645,96290.13995,60400.30263
2026-05-03,78657.11,84421.89167,45063.05891,123005.5509,78595.41,48158.38,54099.32,162297.96,72634.5402,70819.15744,83668.6115,96246.0475,60442.72101
2026-05-04,79845.98,84340.30946,45003.97894,123114.8861,78553.72,48291.73,54154.41,162463.23,72781.984,70863.80589,83526.43305,96205.15824,60485.35648
2026-05-05,81189.14,83167.59277,44919.37609,123224.3012,78687.48,48285.55,54180.6,162541.8,72918.1504,70955.94889,83397.40335,96163.2689,60528.86156
2026-05-06,81298.61,84917.69595,44835.05974,123333.7962,78755.79,48280.72,54196.34,162589.02,73061.4152,71148.59244,83268.01605,96120.18758,60572.31208
2026-05-07,79802.42,83099.75175,44677.74253,123443.3713,78663.05,48359.51,54198.5,162595.5,73236.881,71247.885,83123.7876,96057.17865,60613.86524
2026-05-08,80312.72,84277.79086,44659.42807,123553.0263,78611.21,48406.41,54200.5,162601.5,73443.2774,71371.53144,82970.8832,95995.78599,60655.62854
2026-05-09,80467.24,82567.10116,44729.27052,123662.7614,78492.15,48509.35,54206.07,162618.21,73639.1944,71479.86989,82828.95175,95931.6756,60697.66529
2026-05-10,82152.52,86064.33883,44763.23672,123772.5767,78479.75,48534.07,54215.21,162645.63,73880.8044,71613.45222,82703.5613,95872.56277,60741.45315
2026-05-11,81630.4,84791.69437,44749.90588,123882.4721,78450.3,48592,54226.42,162679.26,74148.4968,71759.74689,82562.77855,95814.64025,60785.48722
2026-05-12,80394.05,83116.25692,44755.60804,123992.4477,78434.86,48608.18,54230.49,162691.47,74340.9674,71906.08967,82410.19125,95750.0675,60829.10782
2026-05-13,79419.31,83776.61278,44764.79237,124102.5035,78430.54,48597.27,54231.56,162694.68,74525.853,72053.85978,82250.21615,95683.80854,60871.63294
2026-05-14,81280.42,83213.57278,44813.77935,124212.6397,78408.84,48648.77,54231.83,162695.49,74726.4454,72191.25989,82083.0194,95622.61923,60915.04724
2026-05-15,79136.63,86280.43127,44833.39554,124322.8562,78376.25,48665.56,54227.6,162682.8,74938.0908,72293.56689,81909.5722,95555.57003,60956.64977
2026-05-16,78286.58,86434.5489,44856.0521,124433.1532,78314.59,48694.11,54224.16,162672.48,75182.4946,72401.965,81735.0737,95486.89995,60997.46261
2026-05-17,77709.76,88336.55913,44803.08368,124543.5305,78294.03,48708.05,54224.59,162673.77,75409.8244,72504.248,81569.5002,95409.6772,61038.04614
2026-05-18,76815.1,85794.03593,44795.12324,124653.9883,78193.28,48713.42,54207.69,162623.07,75623.7346,72606.808,81415.7181,95330.43459,61077.43986
2026-05-19,76739.61,85795.31215,44773.68775,124764.5267,78101.33,48710.63,54186.03,162558.09,75823.625,72723.59122,81251.02595,95247.56376,61115.51005
2026-05-20,77422.36,86411.0666,44770.30272,124875.1457,78100.49,48693.95,54180.53,162541.59,76006.7326,72841.125,81089.28835,95159.35648,61154.17874
2026-05-21,77633.48,85696.89989,44777.54599,124985.8452,78052.28,48700.95,54175.7,162527.1,76194.264,72951.29444,80928.06975,95067.79753,61193.10011
2026-05-22,75824.23,86934.24424,44823.96218,125096.6255,77922.59,48723.76,54156.11,162468.33,76373.542,73036.58311,80776.4389,94980.38742,61231.07127
2026-05-23,76685.06,85896.79713,44856.10269,125207.4864,77756.1,48839.98,54150.11,162450.33,76570.5518,73137.65478,80654.31145,94893.92475,61269.8332
2026-05-24,76775.73,85839.19483,44889.56675,125318.4282,77762.51,48833.53,54151.43,162454.29,76758.2756,73272.35556,80520.1436,94806.96632,61308.48096
2026-05-25,77122.36,86865.49462,44838.49392,125429.4507,77728.24,48878.69,54158.38,162475.14,76926.0784,73418.72689,80399.8903,94717.84896,61348.11063
2026-05-26,75867.67,85611.5528,44813.07056,125540.5541,77655.47,48871.62,54143.94,162431.82,77070.313,73502.59933,80261.38135,94626.56181,61387.20855
2026-05-27,74171.78,85700.11401,44848.15175,125651.7384,77560.43,48868.09,54125.82,162377.46,77115.7402,73575.74411,80120.65705,94534.58926,61423.87864
2026-05-28,73333.27,86754.47131,44876.77292,125763.0036,77230.24,48849.71,54054.27,162162.81,77163.7768,73662.11322,79964.05625,94445.1278,61459.19631
2026-05-29,73303.61,86997.76693,44918.6059,125874.3498,76930.22,48906.89,54014.18,162042.54,77195.6882,73733.15467,79801.06075,94361.55176,61494.43088
2026-05-30,73766.08,87181.57662,44949.07728,125985.7771,76765.18,48980.68,54004.3,162012.9,77212.4534,73823.03844,79655.39555,94276.5397,61530.20756
2026-05-31,73844.88,88455.24441,44943.22905,126097.2854,76651.37,49052.81,54002.82,162008.46,77223.6508,73875.58367,79516.0095,94188.69225,61566.31251
2026-06-01,71338.33,83256.89496,44901.18806,126208.8749,76427.43,49056.28,53964.87,161894.61,77234.9002,73908.23844,79373.849,94093.9422,61600.64453
2026-06-02,66853.7,83001.49293,44947.76479,126320.5456,75979.9,48983.56,53862.71,161588.13,77077.9512,73842.03311,79234.90745,93986.94602,61631.92404
2026-06-03,64751.85,83660.99462,44988.32557,126432.2975,75547.22,48936.89,53767.23,161301.69,76890.2642,73772.25811,79081.0578,93877.09679,61661.82039
2026-06-04,63257.25,84354.79218,45001.34171,126544.1306,75104.49,48950.24,53693.25,161079.75,76656.4346,73715.39889,78926.6408,93772.44192,61690.83811
2026-06-05,61526.79,83188.55266,45059.60047,126656.0451,74571.57,48992.33,53618.96,160856.88,76387.5828,73650.256,78773.76175,93654.10673,61718.23516
2026-06-06,60758.81,83325.83222,45031.27212,126768.0409,73917.71,49232.85,53587.2,160761.6,76063.9088,73589.97667,78611.94805,93530.20118,61745.20116
2026-06-07,63065.98,83426.64146,45049.14687,126880.1182,73852.96,49254.07,53590.2,160770.6,75807.9172,73529.29222,78471.891,93412.5753,61773.70067
2026-06-08,63227.95,85975.10743,45056.10819,126992.2769,73669.31,49310.37,53576.55,160729.65,75590.5794,73456.17244,78352.09845,93284.64635,61801.87756
2026-06-09,61679.38,83968.09045,45087.79384,127104.5171,73288.13,49402.18,53544.09,160632.27,75306.83,73360.03944,78236.05825,93152.60115,61829.39332
2026-06-10,61344.37,83325.94305,45114.88436,127216.8388,72928.8,49440.2,53498.24,160494.72,75015.6752,73261.27222,78118.1327,93023.25538,61856.11615
2026-06-11,63259.61,83262.99455,45176.04615,127329.2422,72678.07,49476.29,53468.32,160404.96,74710.638,73176.97067,77998.94295,92905.95984,61884.11418
2026-06-12,63328.99,83277.93051,45141.46516,127441.7272,72510.51,49521.82,53459.36,160378.08,74410.9188,73092.78911,77874.0678,92789.05821,61912.00261
2026-06-13,64483.5,84573.51701,45181.2539,127554.2938,72351.03,49580.88,53458.56,160375.68,74148.5768,73004.00811,77760.1105,92676.86332,61940.59566
2026-06-14,65365.32,76081.90048,45188.93653,127666.9422,72176,49645.76,53460.3,160380.9,73903.5248,72903.83589,77635.85565,92567.40637,61969.9493
2026-06-15,66095.44,74896.73062,45179.43441,127779.6724,71979.54,49695.54,53450.84,160352.52,73656.021,72814.50333,77510.20515,92453.76121,62000.01965
2026-06-16,65449.5,74999.47108,45170.46027,127892.4845,71790.32,49720.46,53437.28,160311.84,73428.133,72752.50744,77381.7988,92345.99113,62029.7091
2026-06-17,64464.53,75451.67303,45188.13863,128005.3783,71707.38,49723.82,53427.31,160281.93,73195.752,72691.08111,77249.43265,92235.34753,62059.05846
2026-06-18,62818.8,74987.83738,45219.37723,128118.3542,71520.14,49728.39,53399.12,160197.36,72934.904,72603.83011,77108.81395,92120.26558,62087.31463
2026-06-19,63112.66,75469.55825,45258.20233,128231.4119,71285.87,49776.05,53379.52,160138.56,72675.0328,72526.50389,76992.5994,92009.52198,62117.45078
2026-06-20,64281.67,76528.53674,45297.27612,128344.5517,71168.61,49825.75,53379.59,160138.77,72398.5354,72482.45822,76856.6963,91907.74143,62148.27795
2026-06-21,63362.23,75052.88438,45260.13369,128457.7736,71028.91,49892.57,53412.81,160238.43,72094.2954,72400.14389,76706.49455,91804.54868,62178.11373
2026-06-22,63865.03,75500.28946,45270.54923,128571.0775,70917.59,49926.83,53409.11,160227.33,71798.4538,72330.03278,76564.54695,91690.97635,62208.61372
2026-06-23,62398.06,75476.19446,45272.32852,128684.4637,70719.63,49904.27,53372.97,160118.91,71449.4954,72231.669,76430.77,91571.34931,62237.80591
2026-06-24,60910.59,75448.82498,45309.79112,128797.932,70564.42,49890.39,53342.03,160026.09,71043.9244,72146.73822,76289.6577,91444.19371,62265.98576
2026-06-25,59849.13,75015.538,45348.64035,128911.4825,70127.04,49910.7,53275.62,159826.86,70614.9348,72077.65756,76138.6048,91314.2856,62293.29711
2026-06-26,59794.77,75442.68483,45409.9324,129025.1154,69828.57,49892.48,53218.49,159655.47,70214.7818,72004.89644,75982.8577,91184.1858,62321.56433
2026-06-27,60116.95,80466.97168,45425.28349,129138.8306,69770.89,49906.34,53217.61,159652.83,69810.8664,71938.20044,75820.6104,91054.85277,62350.22847
2026-06-28,59467,80435.36283,45469.40078,129252.6282,69675.18,49921.84,53209.99,159629.97,69390.8616,71857.33278,75656.74475,90920.51437,62378.61551
2026-06-29,60254.51,82120.93337,45479.4644,129366.5082,69386.77,49930.86,53160.27,159480.81,68952.9014,71768.30533,75496.18875,90791.64264,62407.23356
2026-06-30,58366.8,80192.55018,45519.18769,129480.4707,69114.99,49878.69,53087.91,159263.73,68487.6294,71658.41522,75337.15555,90661.34624,62434.78251
2026-07-01,60246.33,81388.44518,45480.61811,129594.5157,69021.26,49866.56,53069.79,159209.37,68084.675,71584.92633,75187.5376,90528.10821,62463.51253
2026-07-02,61496.99,80113.58289,45478.33147,129708.6433,68908.93,49862.41,53057.21,159171.63,67726.2286,71525.61989,75054.30625,90395.73341,62493.11264
2026-07-03,62424.98,80338.63812,45491.36441,129822.8535,68854.67,49887.91,53057.44,159172.32,67349.1198,71470.45811,74935.7138,90269.74533,62523.45039
2026-07-04,63076.36,81026.05189,45516.86287,129937.1464,68840.91,49905.19,53059.18,159177.54,67027.9144,71407.61522,74811.85665,90145.34275,62554.40241
2026-07-05,63575.39,81085.89983,45546.12985,130051.522,68851.45,49954.16,53059.14,159177.42,66733.6906,71351.16467,74699.2103,90019.72695,62585.59869
2026-07-06,63869.77,82176.75438,45573.39548,130165.9804,68895.47,49977.53,53055.21,159165.63,66456.8908,71261.93522,74592.3807,89897.63942,62617.11923
2026-07-07,63508.84,80240.89929,45566.83108,130280.5216,68875.55,49977.16,53050.47,159151.41,66190.7656,71179.46189,74469.40355,89773.82291,62649.01988
2026-07-08,62333.14,81623.72926,45583.28048,130395.1456,68792.59,49978.79,53034.9,159104.7,65902.6362,71075.29633,74340.4624,89639.97398,62679.77217
2026-07-09,63094.04,80341.01878,45602.31515,130509.8525,68778.26,49991.81,53029.08,159087.24,65616.0698,70966.03211,74214.91045,89494.66602,62711.06954
2026-07-10,63908.97,80293.26613,45647.54116,130624.6424,68609.71,49978.6,52985.1,158955.3,65341.5796,70861.85389,74093.16475,89347.35107,62741.45992
2026-07-11,63865.61,77016.14386,45673.22829,130739.5153,68623.48,49988.04,52986.63,158959.89,65102.4072,70785.07333,73976.6423,89200.05343,62771.61546
2026-07-12,63819.99,77035.45926,45695.89057,130854.4712,68593.92,50020.77,52986.85,158960.55,64845.1058,70664.17156,73857.2755,89049.01486,62801.74912
2026-07-13,62157.15,76416.55213,45670.35633,130969.5102,68031.01,50031.49,52896.09,158688.27,64552.7342,70531.071,73731.35335,88889.70481,62830.16924
2026-07-14,64594.36,80876.39191,45631.87505,131084.6324,68036.96,49984.49,52872.44,158617.32,64302.1742,70416.02244,73618.23525,88744.24019,62861.89662
2026-07-15,64648.57,76222.98666,45655.75816,131199.8377,68052.79,49951.1,52858.53,158575.59,64077.7922,70301.34678,73503.04925,88594.77129,62893.64171
2026-07-16,63902.48,79991.81752,45670.78419,131315.1263,68000.6,49963.5,52857.52,158572.56,63872.4062,70156.45756,73384.51345,88440.76341,62925.19976
2026-07-17,63846.17,76198.09547,45715.16994,131430.4982,67946.31,49960.34,52843.53,158530.59,63682.6642,70022.90878,73268.20155,88292.9558,62956.72028
2026-07-18,64590.78,76479.65975,45717.23659,131545.9533,67946.61,49977.61,52840.79,158522.37,63508.4076,69917.30811,73150.3828,88147.25838,62988.4598
2026-07-19,64572.22,77910.83133,45711.72636,131661.4919,67956.99,49986.77,52846.99,158540.97,63324.5304,69791.81222,73036.7846,88001.93275,63020.6817
2026-07-20,65260.24,76375.07436,45700.67397,131777.1138,67963.78,49991.74,52855.35,158566.05,63152.8376,69673.56922,72920.84105,87858.4336,63053.36299
2026-07-21,66154.98,76325.00332,45685.74217,131892.8193,68091.25,49991.71,52875.77,158627.31,63049.1706,69536.27489,72800.8892,87710.7917,63087.15561
2026-07-22,66037.6,76939.93478,45692.65003,132008.6082,68085.03,49977.88,52870.07,158610.21,63032.8486,69399.85989,72679.57295,87566.05385,63121.13539
2026-07-23,65248.23,76911.64228,45691.21819,132124.4808,68056.91,49981.29,52863.21,158589.63,63042.7762,69262.61133,72549.65845,87419.41118,63153.93781
2026-07-24,63939.7,76359.06374,45728.8163,132240.4369,68035.89,49972.65,52846.85,158540.55,63056.4252,69110.63111,72398.31375,87272.37852,63185.83775
2026-07-25,64400.22,75895.92677,45775.11006,132356.4767,68020.08,50004.36,52868.36,158605.08,63113.8938,68954.29322,72253.70745,87125.8492,63218.37126
2026-07-26,65296.7,76432.94014,45772.53301,132472.6001,68026.68,50012.69,52868.67,158606.01,63204.6516,68825.991,72124.3326,86978.03745,63251.5697
2026-07-27,63932.13,76327.86725,45780.20655,132588.8074,68031.47,50010.52,52862.67,158588.01,63221.9746,68690.97489,71988.17815,86830.1714,63283.56177
2026-07-28,63765.92,75728.63042,45811.24673,132705.0984,67956.52,50006.66,52851.74,158555.22,63232.734,68556.58289,71855.6812,86682.16203,63315.49375
2026-07-29,63856.58,75720.88849,45840.36836,132821.4733,67984.8,49994.07,52850.12,158550.36,63276.278,68420.47578,71723.97675,86534.80346,63347.17886
2026-07-30,64626.28,75791.62957,45873.17117,132937.9321,67975.79,49967.46,52845.29,158535.87,63341.9162,68270.69511,71595.1254,86393.33613,63379.41324
2026-07-31,63009.37,75893.99268,45652.1141,133054.4748,67786.13,49926.85,52829.37,158488.11,63336.9114,68097.75222,71454.1672,86254.68396,63410.55068
2026-08-01,62583.8,80189.82256,45503.13915,133171.1015,67612.96,49845.5,52778.08,158334.24,63322.0076,67919.15989,71289.7128,86117.99349,63441.48036
2026-08-02,63193.43,80807.79181,45451.66166,133287.8122,67553.49,49847.37,52774.24,158322.72,63296.2062,67734.13156,71120.23255,85978.05165,63473.02499
2026-08-03,63456.08,80640.85005,45413.0542,133404.6071,67467.17,49796.95,52745.68,158237.04,63258.0214,67537.09756,70959.94155,85836.49646,63504.37962
2026-08-04,64022.83,80173.61287,45430.21076,133521.486,67434.58,49763.81,52738.42,158215.26,63216.5692,67345.14444,70802.59925,85700.05665,63535.61352
2026-08-05,64573.41,80672.00087,45374.33205,133638.4492,67413.42,49719.53,52720.89,158162.67,63199.0474,67175.93322,70649.6207,85561.98931,63567.34216
2026-08-06,64230.79,80039.22315,45402.70932,133755.4965,67416.43,49714.3,52725.72,158177.16,63194.3726,66997.24511,70494.06655,85415.77396,63598.97149
2026-08-07,64685.74,80635.19488,45404.47656,133872.6281,67379.94,49709.25,52714.97,158144.91,63231.7114,66821.89511,70355.40715,85272.85335,63631.2431
2026-08-08,64662.45,81667.25316,45386.43671,133989.8441,67403.28,49718.46,52721.9,158165.7,63262.7072,66627.561,70236.63935,85131.13698,63663.56399
2026-08-09,64785,81171.00486,45414.7764,134107.1444,67384.89,49727.24,52717.99,158153.97,63272.7738,66440.38989,70111.29465,84982.48637,63695.96101
2026-08-10,63848.38,81585.87968,45420.93227,134224.5292,67337.38,49729.19,52710.67,158132.01,63282.4968,66256.54911,69984.50015,84831.56915,63727.92346
2026-08-11,63690.28,81627.64422,45456.71491,134341.9984,67287.98,49717.15,52699.59,158098.77,63279.0018,66081.78211,69856.83455,84676.44376,63759.81122
2026-08-12,63208.3,80648.07188,45480.61048,134459.5521,67224.11,49688.98,52678.75,158036.25,63295.2066,65880.98078,69727.1653,84511.82099,63791.30536
2026-08-13,63283.51,81559.80358,45479.1016,134577.1903,67165.03,49706.48,52675.03,158025.09,63342.665,65704.835,69612.8301,84359.57745,63822.70096
2026-08-14,62953.07,81022.78376,45516.09599,134694.9132,67025.91,49743.53,52661.98,157985.94,63404.7438,65534.46267,69487.15025,84209.85269,63854.00924
2026-08-15,63052.88,81153.74696,45544.661,134812.7207,66995.37,49757.59,52660.81,157982.43,63469.906,65371.60844,69356.72075,84060.32692,63885.43473
2026-08-16,62812.01,81721.51176,45548.61897,134930.613,66964,49750.25,52647.11,157941.33,63523.8072,65216.01856,69225.2471,83909.85805,63916.53915
2026-08-17,64439.34,81116.54763,45498.94265,135048.59,66967.2,49740.78,52643.18,157929.54,63623.254,65079.34889,69126.6315,83767.48272,63948.63134
2026-08-18,64572.95,81064.71237,45499.44063,135166.6517,66967.79,49710.01,52631.09,157893.27,63709.6228,64936.57767,69029.0652,83633.56063,63980.97304
2026-08-19,69216.29,82208.11205,45521.12103,135284.7984,67104.82,49677.34,52634.19,157902.57,63926.6126,64843.05333,68982.6985,83509.55313,64016.77951
2026-08-20,72603.77,81363.73898,45496.10513,135403.0299,67539.11,49626.69,52678.62,158035.86,64173.7614,64807.27044,68961.5155,83400.72945,64055.03644
2026-08-21,78456.69,80655.63611,45483.187,135521.3463,68103.44,49606.69,52764.04,158292.12,64512.9554,64826.95522,68960.9788,83296.32102,64097.39903
2026-08-22,76838.23,82674.23577,45464.95544,135639.7478,68231.05,49619.51,52794.46,158383.38,64801.2204,64827.64967,68966.03185,83191.56538,64138.57078
2026-08-23,77625.38,80061.42891,45486.43556,135758.2343,68292.3,49640.76,52806.96,158420.88,65092.2008,64833.23878,68989.6774,83092.9558,64180.07786
2026-08-24,78662.62,79938.56695,45463.11461,135876.8058,68801.04,49622.4,52885.7,158657.1,65393.9454,64864.29378,69063.18705,83007.17846,64222.47234
2026-08-25,78581.06,80497.56795,45466.06372,135995.4625,69149.05,49583,52932.06,158796.18,65688.1712,64913.28578,69101.7619,82915.04357,64264.24447
2026-08-26,78547.73,82629.84078,45477.3883,136114.2044,69421.9,49546.09,52964.92,158894.76,65988.949,64971.22422,69148.57785,82825.75261,64305.47068
2026-08-27,80272.57,79932.89739,45509.80164,136233.0315,69743.42,49497.01,52998.23,158994.69,66347.7376,65048.65711,69196.3568,82737.92912,64348.36219
2026-08-28,77606.01,80440.7598,45504.02979,136351.9439,69965.54,49463.57,53019.78,159059.34,66637.977,65091.323,69233.7363,82653.3492,64389.04636
2026-08-29,78290.81,80076.25401,45533.5076,136470.9416,69990.12,49460.18,53020.1,159060.3,66925.6138,65140.72222,69282.87095,82570.56712,64430.14786
2026-08-30,78493.48,82635.28236,45543.58458,136590.0247,70041.7,49460.51,53029.53,159088.59,67218.1712,65220.22389,69339.22235,82487.95632,64471.47461
2026-08-31,78543.99,80002.21051,45526.21107,136709.1932,70175.66,49445.3,53047.03,159141.09,67512.6512,65350.116,69401.3423,82405.39418,64512.98564
2026-09-01,77225.02,83336.76655,45525.18884,136828.4471,70276.16,49422.25,53057.32,159171.96,67814.0086,65488.70678,69442.89535,82312.71651,64553.55083
2026-09-02,76882.88,79943.19191,45527.5004,136947.7866,70347.84,49401.76,53061.72,159185.16,68059.779,65640.10267,69477.66475,82216.49099,64594.05884
2026-09-03,81260.99,79983.4262,45538.45001,137067.2117,70562.6,49388.37,53095.2,159285.6,68392.0274,65859.37156,69541.31595,82135.0689,64637.683
2026-09-04,79475.3,82126.11345,45548.51782,137186.7223,70749.33,49351.81,53113.49,159340.47,68703.4838,66067.33256,69596.171,82048.81846,64679.35474
2026-09-05,79582.73,81112.20928,45574.31724,137306.3186,70805.25,49354.84,53132.46,159397.38,69018.215,66250.852,69656.16115,81965.42385,64720.95819
2026-09-06,80259.15,81212.782,45578.88943,137426.0007,70856.13,49364.66,53145.91,159437.73,69331.5824,66440.08756,69726.3113,81880.84662,64763.22523
2026-09-07,79159.83,81666.46611,45595.81684,137545.7684,70889.83,49370.38,53153.2,159459.6,69623.3346,66634.31478,69787.88885,81790.16231,64805.05026
2026-09-08,78533.44,83421.80831,45606.18579,137665.622,70931.73,49369.82,53162.64,159487.92,69888.7986,66825.30444,69841.9649,81700.67297,64847.89973
2026-09-09,77991.03,81018.74291,45627.82957,137785.5615,71042.61,49342.87,53171.23,159513.69,70125.5196,66988.98689,69891.1788,81602.76426,64892.37261
2026-09-10,76779.86,80988.21141,45660.83143,137905.5868,71089.28,49341.59,53182.06,159546.18,70340.3648,67138.441,69937.13505,81497.7833,64934.5542
2026-09-11,76888.74,81551.6235,45641.60819,138025.6981,71100.41,49371.63,53184.37,159553.11,70573.175,67276.277,69998.31545,81389.9283,64977.45231
2026-09-12,77279.34,81183.74767,45673.20653,138145.8954,71095.13,49389.21,53188.23,159564.69,70839.9678,67408.655,70064.96745,81283.32975,65020.66599
2026-09-13,76769.03,83344.50934,45691.7071,138266.1787,71100.14,49401.83,53190.92,159572.76,71087.344,67527.25044,70107.21685,81176.11393,65063.80064
2026-09-14,78519.3,82705.04509,45637.29681,138386.5481,71149.17,49421.14,53201.36,159604.08,71351.796,67672.47044,70161.8696,81075.80885,65108.15296
2026-09-15,75785.6,81092.81696,45666.25264,138507.0037,71119.82,49416.27,53196.87,159590.61,71588.8654,67798.26011,70212.99735,80963.31558,65150.28091
2026-09-16,75839.85,82789.36019,45707.20727,138627.5454,71234.64,49357.13,53187.84,159563.52,71830.344,67942.93844,70257.6472,80852.17275,65192.59476
2026-09-17,76435.43,81043.24413,45731.04406,138748.1734,71285.77,49343.52,53186.96,159560.88,72081.921,68090.96922,70311.44165,80740.6189,65235.2999
2026-09-18,81089.62,81007.92879,45768.00554,138868.8877,71505.47,49335.57,53217.42,159652.26,72411.1878,68277.72422,70371.3107,80645.60648,65281.35907
2026-09-19,81270.08,85095.19248,45799.42274,138989.6883,71583.49,49382,53242.91,159728.73,72776.402,68476.70033,70435.6641,80550.13146,65327.45699
2026-09-20,81244.29,84577.54151,45815.21369,139110.5753,71579.58,49410.31,53248.67,159746.01,73149.6118,68669.80322,70477.82465,80457.15044,65373.90156
2026-09-21,86200.24,84875.83348,45815.56345,139231.5488,72041.5,49444.25,53333.16,159999.48,73609.748,68934.27189,70553.66785,80385.19396,65424.23647
2026-09-22,86137.29,87973.2783,45821.13586,139352.6087,72532.28,49427.3,53443.65,160330.95,74063.3722,69214.56856,70642.4814,80313.69978,65474.25785
2026-09-23,84271.28,84342.30565,45860.65732,139473.7551,72589.58,49424.24,53463.31,160389.93,74468.3412,69485.92578,70726.88955,80233.62538,65522.62179
2026-09-24,84176.45,85434.12241,45892.98078,139594.9881,72700.11,49408.43,53477.26,160431.78,74860.402,69756.83333,70816.85205,80163.80876,65570.90106
2026-09-25,84074.17,84177.93546,45952.70469,139716.3078,72849.84,49406.12,53506.05,160518.15,75257.2696,70023.02467,70894.585,80093.62846,65619.15837
2026-09-26,84146.38,85600.19118,45964.95276,139837.7141,72874.19,49432.77,53515,160545,75646.4824,70297.24,70966.27325,80023.61882,65667.53532
2026-09-27,84221.15,84552.77601,45977.63189,139959.2071,72879.9,49480.79,53522.46,160567.38,76037.6564,70563.536,71035.72225,79947.15181,65715.94798
2026-09-28,83280.28,84386.9674,45937.07429,140080.7869,73070.11,49433.53,53553.01,160659.03,76407.562,70840.35244,71100.95655,79862.72492,65763.85188
2026-09-29,83550.41,85484.26941,45970.45189,140202.4536,73224.57,49401.49,53580.8,160742.4,76801.6026,71099.28667,71164.47485,79779.8969,65811.80249
2026-09-30,83346.51,84222.1797,45991.05756,140324.2071,73340.53,49363.14,53587.12,160761.36,77194.7272,71342.05911,71226.68075,79685.41003,65859.08997
2026-10-01,84571.87,86581.27918,45998.59989,140446.0475,73443.95,49378.54,53609.92,160829.76,77621.9986,71588.13567,71287.17115,79587.45673,65907.37462
2026-10-02,84334.15,85405.91206,46007.58758,140567.9749,73687.78,49402.33,53659.3,160977.9,78043.0114,71824.33333,71336.9378,79482.80973,65955.47284
2026-10-03,84835.29,84278.40666,46022.10424,140689.9893,73700.07,49428.17,53668.23,161004.69,78480.6558,72060.55444,71390.4374,79380.62082,66003.97699
